# q=5 conrey=3 order=4 chi(2)=-I
4.1329037052128515950019193315655495660
9.4429311297285091171002621243109985512
11.282896441581600133225480792490362380
14.115464266569646175360666318342935090
16.995903942590284446647934277687236770
19.729054786311626058308135983747832739
21.283047157777869948676350628439777025
22.965576434791480380860127772360023035
26.472788914813368327958490475729160706
27.812470221793074958110512081685908875
29.702781034797290440763601567732009804
31.714038216978378088676011094547407101
33.307745520924509444868515352403191455
36.096526537253649352312835205367970415
37.847618416246994978448360466402060861
39.091615863992709113295577390959943608
40.508934445122041603749872022008462574
43.125434885674738309057263663371014579
45.085822649620743268822428815568364942
46.266413813464564492586349893727254257
48.477659918783169561608962361956332407
49.520112183172184283635246190559828672
51.089988046337212675649426944323783947
53.756673088354245888044566650933503953
55.532550639177143311776358855622968953
56.184382961896362519865533304220960980
57.976452736619158586517800368076194852
59.651544771330938151605588011333328184
61.704025871674999628152325957618795913
63.122750720006182446856312605002399061
65.065142413657025366873137917497891235
66.293640082885152258140993634474777457
67.604662341082377583059615554180210814
68.811702601324472223472388281397903330
71.706995104634593444649107317667568699
72.669228590146172023433493662068515010
74.134956662799280094392284509480496007
75.314161728470760546623962921725625365
77.252277916862688565187940136140213885
78.315916388037976969510299167520682249
80.296096961039715154264712151343952801
82.128199016397201462544726070012131497
83.381802518614584132912783112069040883
84.831648085657220161494569009120487154
85.402385728309568179112117490400792813
87.579818360417668138861718269358208872
89.651547732389279823818762788920426860
90.802998804207217683321104388422132904
91.895871227243100870404037021955084518
93.719886451806344691562622726066212586
94.924039045758017385702841188863512888
95.976916789349437322143436978412103441
97.860787304169569888202032210179825817
100.02679709263780222519424175978895504
100.91124035269508581936172951011324567
102.05396172070845292912834909212017351
103.30305089265676471711771087278733966
104.76526138139475337121523268564926521
106.73652438896907956993014756444309449
108.01080653013166545518604032667793584
109.33174348134499247421422926930187562
110.99587083194580356865853878032404871
111.97714005666077301154051606129710436
113.43141561184294801036691801167916201
114.15713144561307993965415987706258986
116.89401701849081071325654575161119212
117.87280673396345400641945293763102311
119.34365107290449202851447520769958577
119.99901362231019855626890807832832660
121.66633545003201862521743932433652243
123.14402423853704055591694961106244517
124.34974591625655103268424333730697991
126.17171963203128246046195529927280344
127.36530371489061720873557659147991611
129.14381723929798868948082772684271589
129.76598162595162568869407601932989736
130.94459738090318150136545794960627905
132.25458780661732413219654899436748295
134.39723605003410408039928950105695114
135.89253324640470779860779164182527532
136.60481638615847281746954958520888020
137.88881748389529375785713504135921910
139.58625658294176477574009462325356233
140.44577300612752191669297534982800499
141.83573043732288906061019236728895291
143.28582222865697751864513690484164503
145.28892400958351651113770870999616998
146.26521661210439676220486417039163504
147.27258192150166653145817070689222244
148.49306633608149550599262265616996823
149.46743403049823973867682384455954631
151.36815925131333345830225108067595497
153.08704952272285450244955120448562979
153.77994293597655938901274979542121354
155.43065932744666409935051422218972809
156.44374716345001094274757990809971922
158.12771900951074180299094438875052636
158.62717642954046678020891897178058630
159.95899945265680815276966166591374469
162.14113163010356504992389133208526624
163.44963258432286338588314603276864727
164.36887393957455962448998818727264681
165.57735350552820924256451730875202154
166.36484469494534767753057827545015807
168.28392834527755519175253886885635648
169.16007074772036079364181511365963104
171.08498774966638983149843267771587378
171.90770421384585801069685298827014896
173.54467326473785986330771326748733454
174.83762228675139606949789473475191354
175.59872936525067536574101210371929349
176.70244305823108217403116087189976919
177.96861210488378643551131306657271865
180.08927518940844766914320641553004218
181.37988487784175096049098099237143605
182.07139108939399579734289168135010367
183.22225949763366575457529061855544829
184.73097564643666600570056284478382503
185.73559499166785714800067609779742064
187.11593069199846447951433272915808500
188.25753065409416409098611471084047278
189.98965948220523161071587426833078724
191.37006694073606074399807958397634183
192.27305630478311135346997373806687217
193.36051520001364451040480378737327986
194.36760037999212972163861837149951123
195.45860488333480377933313939169313357
197.70984245839809724607928755513365864
198.44267972097930661304342579236669771
200.06266643093283282566555091724477418
200.58848834199645049746767631050976645
202.30054825001311915224685531443110447
203.39276944998440339692126729229094060
204.38030350297967542493396638340192719
205.37681581605212563516150150848660548
207.42585711502724619136474939007154164
208.67469861452365290328810308343529782
209.80712176659654320562363681368931042
210.79414674610834203592384741154553065
211.46585773441996807861436454871700855
213.13569538816663020377440732459532578
214.27571757096908972216865896791161272
215.91535760440540905423606502668928417
217.07660296670482111535859369179119012
217.97932004836605763052119875252274121
219.75484210678797293979150640994168893
220.43585044458901708206027828267456096
221.66152381012589840418255504840635454
222.46694266677652874382226714225654212
223.94507501043228264783323959448955404
226.08359804828515267537002627453429313
226.84184732167651048035475092252335683
227.69870256140197376911227338299587421
228.99525294099795551201651740287680517
229.94040065366705811175420786347622774
231.44852159763333577961960814137580912
232.44982276183226483911898374190222112
233.86061581835295268930975149346899561
235.09934447676328356814254355567910957
236.75511843926353848998596574652935576
237.37719167883470478713153738934437628
238.76432035448006010896770200751467518
239.61197940399173193021596652529367894
240.35329639218462547102830676031259802
242.39007982580404381431373977918509057
243.83218819001109787509057256798124719
244.78393651614926182691257178794905698
245.81834767505149740969078688586467058
246.79953298276433525570306486086458176
248.26119917716324510938254040870243692
249.49587233671162834460642900755950252
249.98386567321877274402007606337032776
251.69137502172405252581410763499184919
253.20133900083369918357127634270452008
254.46091013810694162218668647908963351
255.74701242790458625265209941548040488
256.05271267784286395480989501522054838
257.40719719707843359785377069733861898
258.53364839784064635271042830906282679
259.97498608423778738534172201600453512
261.58532047168588095696043544057837301
262.47701415681853407614072024240990455
263.44967635814848029697025910111024624
264.88358225524841345488647221888904617
266.20044882571698855912090900637634762
266.60915571053470746508209867601315556
268.23935144714353465787822760528564524
268.77663592061995611809344110532095458
271.25294965680534448627843183707450227
271.91174628965904492131407047667861038
273.17903923629452237121141277407069270
273.87635494966185189287592788769374130
275.06845441653458427282344614514148582
276.17821199451070351455199010575725254
277.59359092419579034468803477777561946
278.73097714346413276320968352073592734
279.95152694061867602564703683029890733
281.34349677185738234887745352735477719
282.27564882306013900728597441461279344
283.75343034991657182588156643113040849
284.32691163893151254960693104970614471
285.38353628871176562110959018355903181
286.35187408974646677191804417547445837
288.38404937684936657059476243143433428
289.49771205339365016677779911320687821
290.60293555815568042045911621648194108
291.39939870640530130469161097131533208
292.36706300118081501831023130691343582
293.93565628430566157405346490549186719
294.86008520686004221619128757026084966
295.71375183872083786524721257921252888
297.35092754175964671889920334710056446
298.41713130824174578501805863391043868
300.16276016122696153920441968410452545
300.68975772427416821606822386965915517
301.82275359617143305977922106203316831
302.67348700463416443895666568657173588
303.74957583514569597012168794680210255
305.14838419749241849998748252139962064
306.84348720004944713018867056436511558
307.88797739115753822329277192190539528
308.43260900366820799528488259713798725
310.01228248578782966394759864086578138
310.98810202630356089432450295719408575
312.05387357531247149218576584271361927
313.28652069570086897783911754193543512
313.76995439786181257258462195673957247
315.62084579875238820771951814468703056
317.34581008956098918923940989499009913
317.87613176339982797973202522213829820
318.93703587453332402009297089596810509
320.20562344848773359960060113216167404
320.59300239703667359457648587007159580
322.29092596772549772018194713577626816
323.50443435230390618983426132238832562
324.64919713302739183525326686814727777
326.04367692589087939361220825569569500
326.75737362084352387012684689797049055
328.26332693975673396955794619561999332
329.20348100978167413118370820724948432
330.27729748434353002111233812540822297
330.83096337637396792469521657659229946
332.16145595327835470383286456319508540
333.99040080945811817517780067217530562
335.14432713340382633540365002419799066
336.11829061891929951412220590211785905
336.98007528435719964102942214984323460
337.72965069118928398523461139940960162
339.53596058756587122992493067695287353
339.98716907558906142126739204314977428
341.44444634353998161444859987507195579
342.61088755221819567150443423911032360
343.82857258871054027350639264628194862
345.13521967867169895334924675736318659
346.38596720313552886184261802032601552
346.94157733566107166139264306589794763
347.97921182710506162877392031507121627
349.07945142689730715869114507390664628
349.99412442275012451101753858691813735
352.23519495433052742212183296346815262
352.70154950186669075299466264012409862
353.93981736081365157668515543321672930
354.82674811493937064514801719367058460
355.96951247020597679699699993304274721
357.20404589205809964312793477567264710
358.11779689514565595523218746019138832
359.13359705592006489060101938444198049
360.13232814257508410423693875492416661
362.08267784174527184289594673864999396
362.87851908843955276482134779441047800
364.02557257013048658542370297776698644
364.92201501857591516706594058163676840
365.76549116229664009764376190913442862
366.64543602164194553630360413201135764
368.26955869990068363928417988405234504
369.31642394567544604645658946098747344
370.81454609069374231753430653726592287
371.53426336614303888671268087086449189
372.61236456126566700121997119624345539
373.89890263871382918452253158161726558
375.01360877999842735478564587728028356
375.79422847063586043711516346807748244
376.55778168370180449223720143005113395
377.93484190991135770379858775957881556
379.54688797378358989868830556158596738
380.85259527612528321327432183827138839
381.75620603250691263450627827313908463
382.19596496940383700282797631319487195
383.61935806064188261757739947211285192
384.45971620743133996951343261247890993
385.92740017627314908422583378057243669
386.66258307380804754904368642288994503
388.47261778693979664280847277784563761
388.85010721285170375176166694217900083
390.55181146188197945540600862841456011
391.67799157864067964728988717186986270
392.23624935372971307655998928231570781
393.53814652221828493331851608920625750
394.25812283779086309627294657059819990
395.16035149728480918722181921065985982
397.19895829491107797439842676645596579
398.25188972289915688996159122476599125
399.07465448440272094924069028741732612
400.04687309692834843818451049824026259
401.06531417203530417089202178054643920
402.10913507355033050160225968065524716
403.46455506202553810612755160748444591
404.18548779193338186889147841100424073
405.20442118808733867870569986657982662
406.77606556622993097813423492729530918
408.02246457214891019023307230830809030
408.92101738879240586239686997603615499
410.23391034803292408420150472924181943
410.64001369375100160450236075772888532
411.64427967728299054161495111760268261
412.82596384413783562907528572800159343
414.20298714924096863084221130257029309
415.62173783929529004761267716024313292
416.49458107823426747841580872697210553
417.66017817895369877894318143637995994
418.18433093975834340449356610041766587
420.09066317939158790004167883684049961
420.48067546542612667263916426871068836
421.51073718885412916953096166481867503
422.59060192819726906863534352206910999
423.69535703540347912740664450742284917
425.50399945384908259997888902374624533
426.45956267302062946289487582752953845
427.21589646379603763842381664978050460
428.26208219603107596809083332543921861
428.91462071218640666850512181371120344
430.39469818701333873702896553365512775
431.13331934944242828928406666953809534
432.79780923918833964605103040602961303
433.64729055301261084082595053175178094
434.74379701987512964146490336666596619
435.93416332431355662637629551214314025
437.06730179043006629563709844177090521
437.90702271752629292747372105708210861
438.96827602549598896368782964668073897
439.77545091590641159865592405059156327
440.56870525360337725267877974689010711
442.53550273873419806760132067803202348
443.88952638127536196591900389743472553
444.22795895781915775533138192414624383
445.71678497674723382759858677713880098
446.16466775381896447904859212149507935
447.37067184619394313713105349653396539
448.74531423001798381034640321371420612
449.57693993621668725106712414722641373
450.45901012005909141049440745687121772
452.14967312927612081829667818919871170
452.85335803725817178305426275608695186
454.45194492543077778962775632180092681
455.09673115940757575728057158683355984
456.11811919949516412819725851565375138
456.92376264600874827327013238969059073
457.72872070123982352076725912256503994
459.25093294088102053255596230843265300
460.53837961745682009430718967565204983
462.06565212611890471880092028159900125
462.37251754795937407439940463866278068
463.35413642395238379846483969277557082
464.75301171986113419379890538717501788
465.70212729068577507808193316071123990
466.64785753894582881080117635995580579
467.57237146610946106076670753310223453
468.58408754492124889245248735698198596
470.01056112919787545419677722331933808
471.47400799510522442993566971179401661
472.43225801387307213104592232686218517
472.93120873438045175621576714712712592
474.11409150641043693954139669039683054
475.01033301526608177240853257938620734
475.88456216698338445867379688156000832
477.40363736409863706275387168387792297
478.59105159752629000880563358910227045
479.58865632468073225537248984576073286
480.52439073822489799265174921906202798
481.72457145635590537459093995015563273
482.63398539343918099910656462768583883
483.92177188792407212309101776684407824
484.46142202550258195064098032675639213
485.50896621443751150057630360376643173
486.36996840199686815754265570987029240
488.55889623230630580757676717850466706
489.00294132522716715017199235524383840
490.31531876689088996354651972498137982
491.18060372520726610280238608376202706
491.74505835093847044838192803415207026
492.94305958884040029345883628530845110
494.48023226879051275092801235756766805
494.83722843509837123466939561385568314
496.41091857717746064786218741386444904
497.43572246214949819244691991245700647
498.54817484411579874937030755721566078
499.63727853398042985240721279397467617
500.82095059460493449756985134644605448
501.73245933523757272847342390164401272
502.00936689840896113155335846978761367
503.54174009514384088074879290387823868
504.28282840741725765825149778477267000
506.22281839462768076378145041865103091
507.14373378586881675637322921808261459
507.98318661845257761642516987009884468
508.75739730070080250517598714604940190
509.87589034086843725001372017775437559
511.06047021254947672951106916684731484
511.96012383966165971267203163003202834
512.87952198243179394292381827878783658
514.00377481502227049637934402745126700
515.05131609938346891105529331320567165
516.72881590190854195327025814546535560
517.47877420448887444729571787236214499
518.43693746045362448631645717738839412
519.21712946380708666230487982682070194
520.48303999659413959644532063173435633
520.73039654991004146855469800856369570
522.42663719895083260624730032198576870
523.78554949577818536652215433068328195
524.70039124527038396114584411102225815
525.82083429716757079631072118236633144
526.51839959039894314484410320663016498
527.79925437075208665703487701492415195
528.73134010290979362717851711056601759
529.85607374892635707105694884433962264
530.64159905493238398538161124920464643
531.20432650922772277709977962121454202
533.08069110986387256853382253451973566
534.17818150193650910563709227777397355
535.45701594125653270829493344869301816
535.99785658884177596152724448553803511
536.99233154664556629265574237524823658
537.73895466325479159620694151234524870
538.92983279000697750254279522593304564
540.19059170125235991620610971972339124
540.97171975404229735259119693351844951
542.47727981294248881544490060703432531
543.39878928614463147010352579271475128
544.12119425956181780215662407701926940
545.87007545909719498751194841845404800
546.31105166626653471342006243471546478
547.19262402259261476987749535387105127
548.41824701367567647093767844461694318
548.85505719924433514497688742905924473
550.36346560028449601543164132955341839
552.13344556676807608776234566548361000
552.78498593446704582023587354732536428
553.60391556739293967505876583239059400
554.57136793216172778395256464855390336
555.47688300539617700822938504079395225
556.71911060542150361890396598519703696
557.51691518947841816239073795551204133
558.76707247690038193949196909277732917
559.53761962568715852232075015764118667
560.84884037660255331137880563946461494
562.23324325760670339363667644191149137
563.01483957393751198676053669467109264
564.01985316604346088073929290326419419
564.97539333648683324882972331097502903
565.66111848268211241896629360529656373
566.51261408185266266298487842532391480
567.85583146012435601864454978577856156
569.45713639819823977793044837544717939
570.19220512406202059882463964714898468
571.18921853511002113958949222487059614
572.38707763167607132781532956087073064
572.69513091182932048961168601402553337
574.51073813856221534099596906869548134
575.12526459824066375090160987513658423
575.89871788301100883871520944217679762
576.94873093678954308177706954498668951
578.22246513958803619376128702121316968
579.68275912924711427122761050486100203
580.61354130849592134728469484338805034
581.52511314472925077304786401313548026
582.49764358529358631972750906210875754
582.86655031962561853444463672812097808
584.27495383714567950103351265165414945
585.29340495344609418587114067703885319
586.35592237485212461434662766756391178
587.91642014603220143331010421115502266
588.47798819735324607706089105024728080
589.45086332718415257300497678301058926
590.77047610169323565806459236301521891
591.71122278446251504087062960633702820
592.55950182825810005024679077227198179
593.37971700637810718613238100032304505
594.42325537352341866371290402063539381
595.15556692120542679606547961763131309
597.16867734838918546752212486405384316
597.98592822255275332363720226787248995
599.03640374187298807963762008939978368
599.44780911253243785373111057079013726
600.83734943082947907681488654642464194
601.43508467632844193223883412918091144
602.64682205196044259691394743537039300
604.03545937501028070210386676826021419
604.40567007669866443694743335288931273
606.02726666377093800790625460242479399
606.86936815020308780297690732569550211
608.17481357244896388479866355167311327
608.99644414018719086253530946263231801
610.04461159592316130156539448499040734
610.74279858101929566223397542874325987
611.69217743565222759225141038094295933
612.35147902490821111224663255807778010
614.29096001393749795758774245369807493
615.06966715716254572303474252428399240
616.50068675464912319060895554116731929
616.98025207494506256889506434072996841
617.76409519667801241238273716599291429
619.04739765531228133003877251902484713
620.06866608435262309442117051110173278
621.14310749048835332335829213963651747
621.60895410842093956005682624485619754
622.96820358700677871652901080658443939
624.18492609830644917162507457123815717
625.33704730544289220392896399896399425
626.66493716424200785005628083348877496
627.07545354160515743290025301085416565
628.04349166137031859670649168456197888
628.84906121381133377020455185410942973
629.97329024575134998030751892203221348
630.88148983898729483402225851422852241
632.41892834629131903116033725253986331
633.54065499787307106337038554986130293
634.15370848117581166530226898032974510
635.19871494376369743916861299393076434
636.32869541904591430848267043740255180
637.33855316328148059965902780260873961
638.20149019089742603672642115148738306
639.06322767962293977398344395208947627
639.99121996073326973210983461697162994
640.86399498429006767671032269462709549
642.84102270742104493906612703186988931
643.62576886175244078556344335617925010
644.23246141068340778694251781412498491
645.51997338110854217596627036750162582
646.11652035325199585416864629865654619
646.87077705902123273507075135609045417
648.41327271384128279137732500439132191
649.09704757604961451172561371892081813
650.44647991502372322485224169093478882
651.28635852437898690829904820485517953
652.59256448822306301948418723498563878
653.32772582126906805978848521950383187
654.56314228544353142594592764626708673
655.46492841297091634499272137274313620
656.43315983742508225172842029519998681
656.76225785799472272557975916115457252
658.03054256939935549580841640254402740
659.33825534788690935406315101956229429
660.88961022127571738891558272087617264
661.53458803070279924391282238821506478
662.55118606458248421825324972260815238
663.23572932076696717320901897715706734
664.10736515459394544016401591288608611
665.58909078308882255099026585755054206
666.20305135665670226079689051015887510
667.15266536521385887397632531155608260
668.30357670960933132008593467654942925
669.43613750736335842483039254387203092
670.46636061410475759981697030642450517
671.94745697794055586039070806836992866
672.46456766855165095573338756309248448
673.17070597624191886462555144148276581
674.40286544001262223554220104287027632
674.96298907738854306101901120604939425
676.02369514702788265867797146897903657
677.55512269967819666991644915305083879
678.81593460288028690954999909196977328
679.40376289074943295856800483911960705
680.42322811038523998915348408455383140
681.26159821139581450875623557011552042
682.67392040990247620028123222260228732
683.07786616567552040084397982678999175
684.53184719632671568389460305060297921
685.08755514713420610947335227578845188
685.84593569795574280394473714323096123
687.66538790093464115875182297055263664
688.67471157079849936767084651059089757
689.58915282182262182516335020531470809
690.55583475560914672955774364368377070
691.12705305637465223921474838048903316
692.26286035366830439964928592992215422
692.84580759981227043370545299264079852
694.45824338384655576239487099940908206
695.22305959262644416843381366789002920
696.41390714788566760270823427430530017
697.72796752997095375138653651503605188
698.06377719130944629888716005613487261
699.41510385519572499525580002632604276
700.56003881760717147443349726515082609
701.33768083654868363604530869992735546
701.96553614193694098107805292886755829
702.98206544100028041541397365216990702
703.91272781170444738188863676858635695
705.51578145110372519748277254623386689
706.72530936677301358777520852324326490
707.41221430035814328868184184995971923
708.39508552627572634998586255147833841
708.86762011780075657460182182205149784
710.15223904775608043689081875370837232
711.18531051132590880295943132499663426
712.08257519240027277140721033305818997
712.99561354260071276284081729814068219
714.54976074557701531728883947600804204
714.81353348860254211056375067280260067
716.65104265724552522007584224474264773
717.23920525366657866050957192381496174
718.29120237161580730419159906966221064
719.14308413033936752237952848478483775
719.81592943188002694098519524647447937
720.86620273592252805257965094442284638
721.66986755173738931954474979530624288
723.54692977950918458841793000025458383
724.40278491772155210611308956979539618
725.05031196391986731542408014459588550
726.13651191503908947018064987420198224
727.05198350176602714398391432698861097
727.80149047847843380871968119613458592
729.29041121568531308724885020642066393
729.82849990824025318396900285826222289
730.67038737468164300931528361120779771
731.78901747459240823555409649051421423
733.11713726565748366365777612411025957
734.52339218457297904793791868079134955
734.86594771991576082194106970943687628
736.28792720031025115330997328457651510
736.78104805261198022173394567589669830
737.51102044850933427714293712504566366
738.58334299811420570078006325922204154
739.85809603351831636724493851971634692
740.83455683730610701614742161533486326
742.12394426461645971720566489932885246
743.11513335495122208451442481991704308
743.58152111051163345703500114505777405
744.83410783972867849892043057540551076
746.06985788926042120518013033982163466
746.70201921287457891110166612846481692
747.54056597274545757350180801791167509
748.46312778009992409936017407215354576
749.34840963900836286787459905160060754
750.88535394989422308523515335080198678
752.11401393969599084737248940231247089
753.06724695570275348516823874531409151
753.52481450757063521312015985622930252
754.44119984584368325007254987974493456
755.52231411462793531461744214695668832
756.39999454193516377220683473644928839
757.40677347896116185247836406057127948
758.66152930139678624360852855408331907
759.43952507765445965227226654014209531
760.72226353466139973540786389555482238
761.43689057824837323970079007793946708
762.82957714007185194733369288112066088
763.63506061944536208820741609425846656
764.21100933616822571166104567550671746
765.57808255081636709279426924553248359
765.93251635393441139045154469232740924
766.82595715549506519320456792001183109
768.77374088058115445799861298557530437
769.56417729360650900961304130418713570
770.54328616431808125161166808086133251
771.35438550580274577971615510616226485
772.24113891231296123818832676233785915
772.96082135021946498926202156335782086
774.38352633689525676657900178652587278
775.06858332462219841269138409175348658
776.12482374622319305148885603361337358
776.78003367481974648345738621438066097
778.39808278389942839742594744129807254
779.19163288539703413994699769210895153
780.40631670919928705996767876722336956
781.33766763008269152373631130074229044
781.97846694383302769295257764341963157
782.90857062477043576847322632456448117
783.48528263200434446804715101398783700
784.90238972017476616782553869337424532
785.79355443280533454345032392357479571
787.46593438290149244023401534201670101
787.93354931264466265671275445803910547
788.99828635626535694682618483312738816
789.67499243607581791534857717576013762
790.91780001869223077346300021856792773
791.98914908452301328569117969315719921
792.65325186843106630283597300110464548
793.42452641588358463884687571138420927
794.59253868478031777724447111835702214
795.42387747054602204389022347504027640
797.12291267942749178766605233059379045
798.22317672472133183303749807160891395
798.47164176381224470612181734901415598
799.60325486245977862241193583573699617
800.59973815549311320225227218558200795
801.06337556408128774560844606083341345
802.46315299250034560527256748236207938
803.32725078880733545415298080858347330
804.65682521104626006746306908776312056
805.54437250744081717329321919564729317
806.32625193490369165276772380132362345
807.68000177394912411538340727552872396
808.31862959539679741897104665065989618
809.45941015153426168021315553980451124
810.31770010745785627825450487574870563
811.13482223553766555703990065308726988
811.65870742917825220693209963413321670
812.97808829092069562877570603298575548
814.74942149465199459919698840636563155
815.21772555507559736464392739512219102
816.43556014637641381497005761919147640
817.09574212263945456366568288575692508
817.86030531117023294060167628185238887
818.81575086317376670625770132027310252
819.98922599770778753105866151082533888
821.18382146377784597834882596161810958
821.40188879843599486710464428635029725
823.01155839486437048583071984593245250
823.98244412553118929267808134854357936
824.88414608388111115073142224754831377
826.15640061206714001697243160919278808
827.04251302487148087226487339510530650
827.59728321759541623202084508893112598
828.40915805277114899288827791167995846
829.53939815630394360135810845090109374
830.17098825831583112194572472053365680
831.86503321077187595528918849582906590
832.83506674930700452233980111124369304
833.96224398459270480369421538745687811
834.41535897437859905789228084685781667
835.22406825788452480148865278669359908
836.78495364493237842960792838162824135
837.20782012263515482586064299129364290
838.30443755564082579949630305159237079
839.29752101491013532242339437183512160
839.95249659650328849288804947439110533
841.18210533224897881242250829986149519
842.75326008204049026832849927714962949
843.37173175931184578135145575148059629
844.46709791941111373928879549083905672
845.01921991945418262429375079925875384
845.95811437095343559503180919845363518
846.93921129455855326715947624597297795
847.54969842339896437490401384613457566
849.17674027533642799109230459763815995
850.03655373094767476806145806661876113
851.08066831802442798192972380525071848
852.00744205102654698588425976652602047
852.87887547392308801421056121231002135
853.82348409626210223511584109090028656
854.97882351309590327773603070612773414
855.72621544586974571293462649856907599
856.63259461905592707897452744580946718
857.11642741483670578267871586380822835
858.42923264407086807337003475790735722
859.95582777231191198043511052858874466
860.88906932161280164156056335084448554
861.71787668919735127530665130834109981
862.59160745475834102095416980744041142
863.37567906421352932065567328258338204
863.96197858899688789598171662719759858
865.47193292525554431958638363319225884
866.26737536543789689811429759094825277
866.99823478835852802784269074284116244
868.54668132599625513812696724961075345
869.17632410995212580539980509660142452
870.17209315112696682631879334527576198
871.52810400934752018533161629256399324
872.14798919671112179369641517352608245
873.20997503138878727274794516201194769
873.71226154203864609019124593771909401
874.71349600141777940245954376253857629
875.58357091199817002363714852592601611
876.81627741626743484275311687221339078
878.53053363766731271425083978077919089
879.04793466538860750783424650956732435
879.53900423733064098356613674210241188
880.96081698281299552637059348795787590
881.38948094162252975245459105535914078
882.70984783298999269392070058367289017
883.53401664533819838347133588117070295
884.48083741121905109314785254960911895
885.31793479768669296701860836612654360
886.33531580989620170121754344131581720
887.66065789844368467523286394381925590
888.77708428275794929245038567248526790
889.56597390356779487978229132008292449
890.23147226262452137309618026851703938
891.47797874837770426208815722397871137
891.83148656552769713394676438819071329
892.71991655060325573238399709931817465
894.10119536757385678094784561339097086
895.29884486858420070358649429578883868
896.22193013111454944342705575827935510
897.19654440629645691816217932031901463
898.06747180802333104513013079974419753
898.71831177194173969383922370849220129
900.01939701372851310118374895413199371
901.10514776368589950759753846348753511
901.42339234216164398696620663689273627
902.75607924513853958938094247992945746
903.07027476538617117541139896280252248
904.92093499421128782578395212781684717
905.77850383271357753842470935167953400
907.00824845392226556746161198591045229
907.71803465555147750022598012736709770
908.36846562054307153001061048117021838
909.10525704613766648039847320424710226
910.30357921182781899264569559957870624
911.16318516217759632675006863388185749
912.19401984911343822058710233407238552
913.33948502979911501859209659584912982
914.35248214224210644818594855667563231
915.25141382568985431773588549344130935
915.99369159101131361384757988688545192
917.55629775090682104920431751363453125
917.96881845850933979685586487071873950
918.83573309792843075595820415634910406
919.73536858960931648922297195617334459
920.76080864512825709804548372403117819
921.20260426173112864929600027763225502
923.32479557715976098704732838933439973
923.93550013645300755881308806810017330
924.94879451902225144682434640959480697
925.56293428237479836028966409412820946
926.52528272569737794968085857001026334
927.40417308252655681654783554861865795
928.34513875067961594602174795102770134
929.49681839492789678052637682610007266
930.23210946434198953723521683944485045
931.18205227470961146969304271185793042
932.31735700726419534456769288149199391
933.45825412036057873917629741580581641
934.52794478300699456724987165094016723
935.11138149172464329837169447290125311
936.40617672763345713190303561991508400
936.83973042944316256211736027923448325
937.58663491145509825032823890651207032
938.57717545990298407231147012391467035
939.88334739264577116232128562969509769
941.11891866965226331684082912620699994
942.01176208162799339742642541029898318
943.02355977260769717045151476507326314
943.47832965727049022543118017932338071
944.62011393987008957050427428655852467
945.51407066806607305665324893906159338
946.93696385668556315469335218725433631
947.14865725476742116938007514836400309
947.96880533497385936595338393293802062
949.43193924658093615154763821581297903
950.18340687235282233326029703592730726
951.83735311703744993570308580245232382
952.38004278057800671086312529066890083
953.38905800923778760054879507450184744
953.94095636307211207120753697787344345
954.91011994681431506784550624585060579
955.69114212788554613901042688023292387
956.87430802576926240553434725170364861
957.75212016651766180745469976126379851
959.14119486656974731594253658697223213
960.06934422127358340049352984959639716
960.54077162265638952367673539258362113
961.77241485149774403694104739948446999
962.99353330222370256147751657990282822
963.38605375632158179630362303509215948
964.67962747177365142286830727537947713
965.20048764258140945236776078843515064
966.14505131588383682011040782288410904
966.93157574098833908998318228743676153
968.79183033257361672878318785565648860
969.59819452949524867057236972926551915
970.29147424151538824568034453479635687
971.26990801176725543662401238213161122
971.97860608201851568415225269282174190
972.83421747102450067954353345064103113
973.78247835136061188920825835023948211
974.96249405576907546359735075700006299
975.83185332905545867778612390488754195
976.62397974150719696106471721315012364
977.92830344383327225618846708143014280
978.88224051326846504332151742977018663
979.63862737801105532555786264898881425
980.94920927003734105508959141115847935
981.66301443124432161053216462197920243
982.17546128063947138158456941281339926
983.39583383919654889195533469557696838
983.72364744619550740078293209448827509
985.26024272349292540370704944413249029
986.60398552372320038246618345669455822
987.37621073098309625576052393138339947
988.43582232917675608842887913125263367
989.13092804872517572034721993500046741
989.59785583989335079776833255523623434
991.10296930319403015026088017804709267
992.08136335767098750561973435400383747
992.43455715337462216595096084921105084
993.78824176381697520773213701203081010
994.42312412306539924894806913917140403
995.75547951205554439153595247040428095
996.79619079587854093930387350206979331
997.96344573059621351651177030930648199
998.72573518911978395548018068909548848
999.23243406682423862612189932729852837
1000.2472550515325102475521333434983575
1001.1136134697534846458570455113795013
1001.8863314854866334498996425339927015
1003.1088002654031166131861115108232444
1004.4895786720757330928937423924266436
1005.3217585630411001295767179855684987
1005.8598121331414970345852492056605784
1007.1620134449516335475100277237646571
1007.7579114500441400237466409355862060
1009.0822863618349272511514204637034511
1009.5981073714011901888497644927691559
1010.8011020085413212551862898150900749
1011.2770668939735197735875839674409416
1012.1505016953687723345027850439587131
1013.7165847713333521401263918389086287
1014.9732205224863801736582011519868338
1015.5627479550496226105176193688037372
1016.3692295752792483454451714913764067
1017.3958201989201327160738034988687393
1018.0892413298781648024431119576709987
1018.6322935139752068897696310345162342
1020.3522123111460906320050463807459435
1020.7774453017717879459949514559699091
1021.8982784786917646460363780691124690
1023.2874693125338002308083198332990712
1023.7048625697779203047622111617164104
1024.8994547283540410509506324612339086
1025.8802549660387340456576012820492028
1026.8110683433453647207052528849073744
1027.6966609022185152279537815798468206
1028.2291956855914825420709715951655907
1029.0449214566455146887151364404495968
1030.1844470731127219762624298931739661
1031.4224042823428477200965405491350516
1032.7502165854520022930362177194648130
1033.5867998147507217609133036641935476
1034.0182928343761744279379368287028029
1035.0071871862710147727140491207151640
1035.8697300522595664797559422446774121
1036.9622367102604173948282514184876400
1037.8701692335844328432801045691929981
1038.6314153838821065587214443830606353
1039.6315945045270818692752533967876388
1040.7877019094239115573761509094885929
1041.5394116557088140588654793281928165
1043.0953205143292440806557066189262485
1043.5956780628948140234274896401375096
1044.5401289310208765623118041764849717
1045.2612460263041980737310966282946952
1046.1330568564797644838372411662593040
1047.0066845687234275866554672179220337
1047.6883955667765671542476932824331498
1049.5555550450960476216873062140898160
1050.1388025554643365270676367942556503
1051.1769492929748665682591944977632256
1051.9855992990340502369604254775999579
1052.7431250641691498243382730495861466
1053.7876079580519487393488013075467173
1054.7544217186473366146428583327231190
1055.6291439582517481941718249142590922
1056.5269178425126245064203374728453638
1057.0834427965690331220285673103320646
1058.2112121282592266159636489164552358
1059.9991118176250294579423588336242155
1060.2655842992222117830749860829550818
1061.5329479930845761219043959759851084
1062.4240887581000038623102806833975100
1062.9202396280429729343450351503185710
1063.6493809475988859117275261535824513
1064.8685258469409982134651651407129900
1065.6903922143277150319338344200195335
1066.9685006410432952036015583590270531
1067.7157059451416457269929348245343742
1069.1500321688326465056057199372294060
1069.4880057337251650843632094916465543
1070.4773786340603930640319691705930734
1071.7639394535272030783242976819456146
1072.5820907377441654732187459964648825
1073.2420171548642134495063238698817835
1073.9222873003753943213218039108670331
1075.0831780442886143241917281956698049
1075.7244668853779713796166396539226419
1077.4279826806422899327439631110206191
1078.4639799217291581329966578863574293
1079.0506412969086102471563032592054389
1079.9820194025529206700372527101850526
1080.5193751351170346689124534096628728
1081.6779823719227239498050423182813301
1082.4941971570014561816778527938966929
1083.5691664461279327867443858359315352
1084.3267343571866175967772636781636964
1085.5317557456992404682781665924324481
1086.3214142865015706420688828129270996
1087.3491525995815935076548096460307081
1088.5770185077406486127541559836054910
1089.3943698689406865741752505054202615
1089.9367070945781517208509801603801896
1091.1868378936182436539172450943439600
1091.7351583411412250888451857895696106
1092.3115433320994986703475625681083613
1093.5966691661420932446545617393843379
1095.0395953117455953025704196500855680
1095.9779939939518493345113044531744935
1096.7619562314231218860338756700121164
1097.4242709269610030893946363262039178
1098.6799137006475390708933414988702930
1098.9765217857356707424259468016892510
1100.3686889883407204248936521980015860
1101.4043353455389773028172550646020650
1101.8677619906285603437451216197871458
1102.6851079950105801332406237604229864
1104.0950736377770417747206994620469544
1105.0559862504919859932555345415950887
1106.1302973290584030733880691309967864
1107.2550526287111388005742168137021463
1107.5420783897165676667901804905470956
1108.7179396863341956939286857796186758
1109.2299966486124426744401148244064671
1110.0803245604289103905259214982291129
1111.5545345294299340032980977205171870
1112.0772324247054680232642477069379344
1113.8450312702318312552951000159236704
1114.1264051563975405098250600853168393
1115.2542462294442983390709270697193158
1115.8255936240358068616857500004941392
1117.2283438253306726227353829532125308
1118.0514323242789869301248436085236153
1118.5926159849794920168742306860367568
1119.6259129732595950640969860561287593
1120.4245747638204072005359224746273200
1121.2237899405143699302474328676809182
1122.8243923928798682389753297129669847
1123.8998299981680117640183532095091051
1124.5823621750978039283425211920191392
1125.2863365040399475411432082354408146
1126.1141741295512415600355115209766587
1127.0024023125141128578216737855096763
1127.8725602571282179879091535152196279
1128.8454842902258146740926023918169971
1129.8913532665247072694205654871881514
1131.0258203954459397878445157080006797
1131.5810095276221714078306788851357802
1132.9676640559331240064801800833928129
1133.6339839007528916282867164441421654
1134.6667776190622378594624417751261672
1135.7662802511694619816089997677874402
1136.1488803891388943904721015094230422
1137.2350091232724125600642807928606734
1137.8781394428387051269203413648935908
1138.6519972480731178775910705163709260
1140.5033866040014995339411608322896520
1141.2334300208740798139499625575709874
1142.0231024930799761204471146958024879
1143.1480488424921543910545031910646016
1143.6625186634343932573066674528491840
1144.3069898615029273020768363866129077
1145.7500468835200914297966586752837889
1146.4772966587626795889354745364618481
1147.3556739047377141850899910298970198
1148.0602725864435384366637678171194246
1149.3493648921857528170685268210437062
1150.2732267264143866829780075459692493
1151.3670382493526507109882842219540533
1152.2822671132064848760454015352379912
1153.2896097520042510789700843395358851
1153.7813183315946302444602552883512466
1154.4820511778627571590119937079962941
1155.5468807881937020580792530842273294
1156.3601174127778285777537801598691436
1157.5276344594726701595045167918535882
1158.8772785013090285058927723201408460
1159.6705568825128529708549500924941355
1160.4308101507183733898598923504891376
1161.0132310911025839540806382781329778
1162.3943811206510333844988519685043974
1163.0491024479746627766654071529664259
1164.0461427335907918893407018711792591
1164.8630367177735671386822697067835567
1165.5579340141307925773480408343509136
1166.5362336040034322549589048645802123
1167.6549256625028799627754625203018843
1169.1697251230331813559825904106440709
1169.9160363068252616625116451426979461
1170.2798889104772153923358249219776515
1171.5277842988087359545142386956308167
1172.1166164261107459068540221551971483
1172.9788003512259575463985011294587652
1173.7730006302685884002054390773846437
1175.3483231427980659470800489334986978
1175.7144899026665492015000569531408888
1177.1790286180486257918926119254870487
1177.8509459291038799787381494841337686
1178.6722574439591376694442280029729243
1179.9683031242101077285614142628163239
1180.4347234672608517843211435842607835
1181.6651517915947954062158167894543590
1182.4281802102335081577233946383401447
1182.8838943584765032800421475789223427
1183.7652873403880673208484903664122998
1185.1725995723631716592677926319078617
1186.4573212368653734388771248197138252
1187.1777552061478686039688810682216972
1188.2866125579780751154473799742964606
1188.6766078988802181756593429192996895
1189.5943809831797457526547112880277707
1190.3987734600718570569694689233116199
1191.6682187026799008774062027082874772
1192.3936557876684389224951453139532067
1193.1884680180813439981848366211870623
1194.2620940139986007403973644263346670
1195.5290508498897864348719768591813073
1195.9619502871404497183186999180917725
1197.4285251594479575499954126600244257
1198.1727341254524981804243910457394702
1199.1050418442892425723256059304735337
1199.4857330735612988504148409619525445
1200.5306108880127645070238969315595008
1201.4556416886878949083451960443706234
1202.1170013705176949940360789378266817
1203.8266864136907953633535720610653581
1204.7968063233527912667161421515364430
1205.3234177496292567365045134143168157
1206.3026360269440881993209560468409608
1207.0172663047483086313533931025754544
1207.9805476228801115826127128446220929
1209.2423450428423022053251655137159410
1209.5490458904505671259128168586723828
1210.7444145609042389571106791048008981
1211.6349966956053035965982748099755413
1212.1798928028139241699171847148386544
1213.9730992742651224345747068843820859
1214.6640926246605849854320041381399571
1215.5775604520617915482091841077365446
1216.3781905788078880577394139173898215
1217.1991018392889975439224813552226116
1217.9131792089009971594746089027611293
1218.6155388967904084551770363982628228
1219.7863163407321064187473220100874661
1220.8569494871457460580084379060748283
1222.0670859289774016217706884509367525
1222.6160636163718711844142054987600458
1223.8937700035795751141135304826572407
1224.4170519380331941697824743364821615
1225.3175513690406199056470190590808794
1226.6119769836955166552526920867776456
1227.3186892714714430580072797052573451
1227.8564729654183929937091343356503800
1228.8420421652133887664392687813847298
1229.5572651351173390593247592182396861
1231.0472274658808442701359751635587652
1232.0957983497010874099386788841436869
1233.0626415610738753372893361779791132
1233.9572036256488559096914301385359337
1234.2178515042512158296163543919376568
1235.5031420667669556787174189355763255
1235.9119246047780783548007018120360758
1237.5003000768704286470977258765842327
1237.8793588968836737026424350288015488
1238.9811673660263966646000021839732037
1240.2759190902552507509923776248991435
1240.9065477105730377854722437669190189
1241.7606822117369405881777862610115886
1243.0833284781960102398137501839619259
1243.9375437476458020343221080602854235
1244.3690052133192263146372214613760864
1245.4227582687082878367759719129790298
1246.3847508218910134271520278878000529
1246.6540578054434271925134063684085893
1248.0426418452381071527420536930057794
1249.4592598801878308555245015599011763
1250.4929229269898792766763422285524813
1251.0024170664151104979624442646592064
1251.7311854058549979632564985609524688
1252.7759960744410901525692170222153586
1253.6446604143247815596086972691976931
1254.3237736432202244738112590580096729
1255.7471394756421061061718252155871861
1256.1517904756481168291219434026877784
1257.0148763382874169617550802646853873
1258.2033557705531737092720453503573134
1259.3066514680726288008062601050078017
1260.3098837767343317870738640944659719
1261.1832513492108903171969831294483214
1261.8785395769936561255618759156814393
1262.8138133920620826337652184231139319
1263.5213428003204266529054571236837248
1264.0605199095035262282870677986626714
1265.3069345782476756845833468349342182
1266.5450799189809563683226047552564416
1267.4143610920686088808386318487799022
1268.4975010323159212545613871865155977
1269.3052709380964530297171113902485040
1269.8467954806946979760193046867167704
1270.8591579287831020585343338669350506
1272.1322160320612366200111241449828393
1272.6782669631009907417229107060894166
1273.5882600492399034327169307350741680
1274.1583392727730840318544323697500142
1275.3208341845216031154818103439367172
1276.3107293014836436116508707889647896
1277.9081588026965546122671849829087780
1278.2136206149627330202449105174268178
1279.4633665579781577304430983571097604
1280.0462839169557823028513393826579614
1280.4702135168108534146751499427336749
1281.7704504402641483938207601681972680
1282.6027632577505823127055579652416207
1283.3888429007907354373819260219200204
1284.6861326691499300515445270863266805
1285.6332923409538692724330600878201096
1286.3491802145240577877778629643572785
1287.3077734512512801439132277183474928
1288.3015324634677592919768188382182994
1289.3029033118049695041243153433029098
1289.9788724433274668042498515101640531
1290.8796065688885025379678208950710689
1291.4869102213348878848894334009406511
1292.5989355064424094302416319595758225
1293.0364138147134063779592684189146412
1295.1529473558169802423245790838096814
1295.6469503588648094653362362954609480
1296.3320226023402020557341805115959168
1297.4546058212635068468697674028664215
1298.0893111671239487750660582596448594
1298.7284971128013147113243816972177938
1299.9322478256350764071196661726832644
1300.7742328665164463893565571067161935
1301.8866719987869522760930305574959283
1302.2708170000047991514902841257673984
1303.6658811288247965976541306801413306
1304.5384798541287957729277717801043885
1305.6347763765671320934731523893411076
1306.3915463877640938553945661048930719
1307.4375711099050987909121729787656763
1308.0927557777040177141446282016329547
1308.8491037749153820682316822440496374
1309.4533585575524048763856432365640976
1310.5198199239464093567300323354490874
1311.7683593058957695312429852232277538
1312.7685435655374559858479855677517914
1314.0414082706773163502236837322856517
1314.3803037622945560813437105065051295
1315.2919469076628586918923291978661477
1316.0420871864070724848870908239634590
1317.2883070005415874822565888880007146
1318.0224243672692084943866546011359743
1318.9021015014154999272173884907557823
1319.5540580958962808050824684088152758
1320.4951136274878016876379156462014337
1321.7047254128452006659730777944263611
1322.6022744770127780455637440640795720
1324.1069266797249811295328375862764290
1324.4682389471658914126579646959022350
1325.1282305417715052617573748894727152
1326.0467739913797168583495050986298926
1327.1614189141401510831551191566318168
1327.3756573230696688699996107617644905
1328.8066522657232579392790611451973653
1329.7637477737008468227687392689988118
1330.9196329625634607222005934392365290
1331.7980513977136294608681303592903942
1332.3148592462494414406172011900620610
1333.4891808220162696153560278469390896
1334.4248309512013629311901789863099221
1335.2082865786534554109824682976008551
1336.0534108520577774766830976931653578
1336.9268210159445140372357198758863109
1337.7296924183179142032064205724826534
1338.1303969487044185979420528972804253
1340.0499819722355020978037547049249208
1340.8128016353090118316822632966956353
1341.9542275966029756755822457687755585
1342.2731343501195409630805349797060515
1343.4378049163896595543091857900950514
1344.0371702569750589276210059857161927
1344.7109277360694682035209477746778063
1346.0690429335311326902775063953793878
1346.8460333002110940755822604504375048
1347.6218029061737706578269027188127567
1348.7456666950122696824218156228869340
1349.6846717245733450658949780850199721
1350.7097350617773677858402102837836608
1351.3214229551461157564755760737981116
1352.7466382545019432567100887783704160
1353.1895260155905896523275066874288271
1354.0447512372674421029138787915238272
1354.5700076270322300127789653032273982
1355.7249839604813319743869057079750928
1356.4425645079653305102880797336360828
1357.9790743577182810468660156655243146
1358.9797885634570445390097335290368549
1359.6631049517764640385300180961125564
1360.4668820583999519094090276311160759
1361.1604218221455938443197248339674504
1362.0001254255026248340355920601757176
1363.2792859380177272678407539708376258
1364.0305867121679141424547084958589010
1364.4475383690844297250570776693117160
1365.9679278006105878305996238760051194
1366.3375554460051986266883584050473755
1367.6313724835043761293880536820792465
1368.8889854113421471061347147619627937
1369.6606895078556264620473549771990629
1370.2751497911614073087958655151510005
1371.3948665689111980359663322472469309
1371.6938912426644148493375041883818373
1372.8793339565216706654134738029699549
1373.4492660194174283108858766193416283
1374.6495452488432786197439242683011120
1376.1255767830033371153525002426405057
1376.5905355013600248555210393766281097
1377.5653780979350246559233390071407050
1378.4219795093595759426328801869736334
1379.2287932649305105539631059797341828
1380.2220519853129648760583981459621988
1381.0216849597349680623939280758945541
1382.2353372579471108460063714277162969
1382.4424577260982328556019232139128350
1383.3525618630597086077183885990580630
1384.4605289313431847679142390156107359
1385.9459741806423715630345677659111710
1386.6546155248235392390060567864311637
1387.5768665435513136977001091940402092
1388.3682192859484413216371784146788627
1389.0563682012114664480196683494832987
1389.7880116989077942376265740702787209
1390.6140518474543781631464585766771362
1391.8257793206271478670461144365407246
1392.7336473455802299142947161742009304
1393.4016116024494412582302329321612676
1394.8317557462350624378067107138449591
1395.6580568301577113288790105368677333
1395.9264856868456782091389599655920623
1397.6459535732416628659492345273832344
1398.1199085944624164675178127552297895
1398.9787353373481044108379004583905565
1399.8356840527678837373787815243549519
1400.4228117406948197259385294234409591
1401.3284618878624842609856655836813935
1402.4289880802622326779265693879756725
1403.8255724613823545956942481246337478
1404.7379206866881312830960354288296632
1405.4619724696813125324361259551862427
1406.0941539462462435981977290356067335
1406.7643103055073916754481238124555158
1408.1849918651189460348691600600311577
1408.4728189574838667313143175931524322
1409.7361703176615954402164024743847573
1410.5735288636257182194406572202270208
1411.3004792956911069728336504369704161
1412.4876976821463022994861114257417164
1413.2788653633340741542666257597321208
1414.5638636175483313481045373002503391
1415.3458164053323223926181814863581837
1415.9758456810472552877161610798698116
1416.8865320667100865554226831392667217
1417.6934207175977226558667829454917437
1418.3586939581328348601219266810021446
1419.0983936770219061797093703528143958
1420.5365096297073454450780420940688401
1421.8650162579071706324310979046107242
1422.1730919015698432580061868681287024
1423.3250967892840035053198964931722495
1424.1461804045216129917577415257818078
1424.7035150573381199724268473509770987
1425.8003890248502569155540105884232840
1426.9199121932212928637406749224656633
1427.4923783663058416785907798266918606
1428.2650392435877023822741960829220649
1429.0730935274380589985737031766282582
1430.2036418071706631159248581047595073
1431.5502825553064445491129376380944267
1432.2548804989549721202352031698117779
1433.1813421148176939945675487430468732
1434.0713027923688655489464743800459456
1434.6875301921063698954504283323927106
1435.1976396996137967836969092780146978
1436.3393872988754268686894008811750783
1437.4757904386742038362590126893979191
1438.0208453367720530940665764901545808
1439.5122003102779355523713382537263125
1440.3073967204304830387017304901682920
1440.8995633971325819348963135998225358
1442.0171685112979605652654734186834571
1442.6838284603922920792796255959146663
1444.1248263838778719371299351862751364
1444.4763988831515254138750471967223737
1445.0984754691129966493815003943380615
1446.3429625322983864845710360939042220
1446.7809023672468300314117537229676813
1447.9286527987542253730773293077352506
1449.5687189344205081319597641981166041
1450.1895831354888711429635122480717139
1450.9507745183199321687129067377632522
1451.5722253307346295528987851688211116
1452.6377859117491140669811733684152522
1453.2057997289976887782346962471857164
1454.2220088924892632608224500198270925
1455.2698982761810736924070913723158308
1455.9732847370438823075196251900345699
1457.1309145311524244713015836336780934
1457.8137528126078809723465205602852546
1458.9557496751221128048413160476347051
1459.8807658082257829985733686659121082
1460.8211279564980388252971001217329405
1461.5341171777245571684092837239293223
1462.4198659162186047117878119351921220
1463.1303281663787420289067294439417098
1464.0031570793902467624963460269099675
1464.3650789508891891305328865307930844
1466.2303284003592724203582923139983843
1466.9127151813233480849304863480911554
1468.1407272436541394271152874193569167
1468.6619732206110360446464133074648715
1469.5050674135800116016259443360072248
1470.2567433495977248937244349400969566
1471.1362506543961016111116096852505883
1472.3333908330994653829312008121260863
1472.9329045158960423138704895666839510
1473.9419888592609398073300816307871396
1474.3027396071398963085007520076689439
1475.9588807390237733807017061719324293
1476.5857600676410983649895998902767945
1477.7433994891110576136884070819565427
1478.8285113221806377441023292339808806
1479.3643078625635554002766445850826138
1479.8987900483265518247783891421582123
1480.9824107804471877050907227372392083
1481.5964474324635073716092724113771025
1482.6015373247304384834016758583261330
1483.6997008173203304757729635755365363
1484.7711501552478360687961188563759528
1485.8055438248562175426999079087952603
1486.6026960698932894799223020011156726
1486.9122861539343192387195961194507334
1488.3268458548529172882282323705410761
1489.1980985814408430275969083827460003
1489.8782377857098863007756515198195274
1490.6970729035760002624790245442945364
1491.6263784774297338607119644867064581
1492.2246847237758487260984107158864819
1493.2095867318058473224464110932468837
1494.8250515230304888102341105933593469
1495.6095037853603678830750754370373965
1496.2767937865038183978340305847674782
1497.0005808575500316673210120616901478
1498.1032192135603518709777695780093501
1498.3761935748577850589073438192186897
1499.5672967093819063569227668249706237
1500.3846008096946012166720786750387499
1501.5373570480149302702960223684616406
1502.3274416278868228212612304354597148
1503.2749761220324046149605481997892179
1504.2411070455212471189133156340561894
1505.0981592830172522888253900835891739
1506.0758153824135962360978166088119417
1506.7617421411353924013083444916246331
1508.0576362884937203934678054092459782
1508.3385605741738795712167425365669797
1508.9775053258765315829029724820218591
1510.0808651983798345808377685257149900
1510.9713334194302018425945890716730081
1512.6692635557117899333205781774952854
1513.0757757155488070439507923876286547
1514.0382660212907143611447126727727805
1515.0162530327388187448052007914382112
1515.4297883736761957393500903937783911
1516.2061177830970422063827336601929349
1517.5771849648101447449710692695388521
1518.3381537644270210641800125626639251
1518.8831627810364922804034417751011180
1519.8978578428901223668654371563494681
1521.1240662340713024308737784722383502
1521.7110422885214416381607197809432191
1522.9798506533597149579124747580530996
1523.9450163759098989328056399881164120
1524.6110995413759957226700885007616475
1525.3764443255149599550870348841558734
1526.1465814842651996687238237949654311
1526.7571261392848600265262081336933311
1527.9473116199059959118718168377514301
1528.5399655900064739127999239800084226
1530.2072841489812168656929518821086315
1530.9103153540341689488585723208606052
1531.7607418567208403412462068406138939
1532.3306267334683146214887051509500560
1533.3077889781545675808558192840846451
1534.3533442806179458830950545167986914
1535.0476523321353567719454898323201884
1535.9604717084282959413756962221900223
1536.8434645883315591186746066627071282
1537.4819460591317124798643007497379394
1538.2828296435649780520996235189200394
1539.7452582357581241001727616329394620
1540.7936591553155794035535444039233148
1541.5097640797917133681866890218601202
1542.3457941605969242557736284211094786
1542.9248467442621466048795928131293673
1544.0147647746751838128932268034638728
1544.4751983685346145566262080746627650
1545.3319447793728765465726533264983155
1546.8564632700069460003493424524891957
1547.2858413713308258208462796657253083
1548.5039733892195965389144928528551593
1549.3868152054818653155931130486887470
1550.3483054894895122621451129307341720
1550.7460566209663084614357864321386617
1552.2454951649115144354433806769645787
1552.7802294037968634342997483256748867
1553.6093468939231218522525061545377042
1554.5001014314278565217670905580738550
1554.9414112568021413357385394468401371
1555.9540987808096971109175028393760252
1557.5200962383000496835907896122002137
1558.1612075010722010291981160964597792
1559.4807453141482079666316801234054623
1559.9581982405417213326333956702203504
1560.4961046059230274017238147567466270
1561.4643619463595826679577936801975973
1562.3170853582861942431604883789975259
1563.3957545333422374447337567189776498
1564.1377675471672071661372527509395029
1564.9053735929346891807575997792298288
1566.1304070440218055323846467201834507
1566.8792316087540599828607179339659352
1567.7957799819509328238843976640554464
1568.8645596151064035080376473636037443
1569.8164308378118529374143390051031197
1570.6229422903795637989009652411558220
1570.9468348016158717639995680088763518
1572.1429496433666210642864740581470723
1572.8050121728568352777724331985785742
1573.4502576591850827140136041399276460
1574.8778432375838024970416015310183730
1576.3024049217536545502871577321313466
1576.6611578315966059080362973780542593
1577.3833870744642815147338068098327184
1578.4835676088287121895911634450387274
1579.1002588623146290942907008226804157
1579.9734662766050593842942631944967249
1581.0996443776435858439988021005769243
1581.8120718020393624579362998069365508
1582.4989408185622961205016249832100404
1583.4740260252709774460220582124205849
1584.2792159907395991753182848695043798
1585.7548411658151617579286713504162147
1586.6035678657220402605207701852595652
1587.1247209717912068455471300430341207
1588.2597237519401931171580977074819095
1588.9224513253855112990952898396592923
1589.5341170949661616511805889098091612
1590.1975110824497259376032186368517543
1591.4941115882887998749510981742185163
1592.3468206600114134555408302557948121
1593.4088039874078331473946324460408261
1594.5875893358001897335380330050052884
1594.9157016496562055139766739748844858
1596.1848554897514432212438231299788563
1596.5455298880521812251992224620661486
1597.8805389129997065998436863552195825
1598.7267416811003136531615175843478815
1599.4420302956170883139309002519051601
1599.8860695346913217312722157736736629
1600.9894619184327838437393691050764931
1601.8965415794165258964311687676753280
1603.1176929165758075240585863239693620
1604.4602187369181376328163981302083498
1604.7553613548132689322899603331203064
1605.7707349293612690635034442310835061
1606.3668700150676169313275991025047436
1607.0662228230542254087227906906672793
1608.2327569707727334789686101376260243
1608.8980503550870652298064562441204102
1609.9423048756977254708322597989878140
1610.8269579789958891832588873087451177
1611.8753431529489898557952633187014548
1612.7819416778322765051989071564209316
1613.3219232281183589827178066309548918
1614.8137063230665718824898161128623874
1615.3371229015888228268427527372763452
1616.1277547896184692514348762997162988
1616.9072380923791232155646695163349869
1617.9378011980541399234449685897698396
1618.2827165509178642288754571637770370
1619.2169646543176060265610381469835088
1620.9119422766919161543928973871175879
1621.7540371261456354127750121503675748
1622.3227637774254317267607115279871323
1623.5359635978529182507594603868395982
1623.7259412249481427683305422066274533
1624.8445142498597712141600437178706782
1625.7363904619848100031271055979331875
1626.5248236657018337101816113001477907
1627.6736256219475950540667885010208447
1628.3146219536430424110615601433186977
1628.8384262654073368386779579811203792
1630.5671416672584514245118069037934526
1630.9577276970768621465257251925102264
1632.2293162902273070413085546995906722
1633.0126769924623652858303896140571868
1633.7517026464989160335967730673634439
1634.6525270843843787188991383858638321
1634.9857462562798397546367414442120882
1636.0677496930649519127860926973037045
1636.8821137070566596181119625358295689
1638.2216078344778363793146634361704043
1639.0317085409077950718101200150995698
1640.1414917321360942870893761575676047
1640.8631291388415076436793693753829979
1641.4027264419357071549096598103170276
1642.2817244392503016962506883544739048
1643.6430196208148910906362006781100214
1644.0944732220533048280536781435486838
1645.0130761080824352511901486680247943
1645.6315016925757299191680961834378295
1646.6405270810294143432311534989904801
1647.4968115957818939746060340550325215
1648.7528864525426861400709201794982768
1650.0729869415156473211520728081003554
1650.3001682652300534203797834534722427
1651.3567712453661460270550560938304441
1651.8610730058266672842515915329022711
1652.9014644983652346450485244368378250
1653.4370077367579501130153482359818718
1654.7322917323228173602732012780576302
1655.2550980735662791013637607248098203
1656.7278788453448512038464217511372746
1657.4119414852307001631712667376832053
1658.1374133699057969655541034169254086
1659.1062773196741457627971079826535613
1660.2866341383808695487505330014662918
1660.6400207861134453623382102179478649
1661.9161454544464253864938229658493295
1662.4907373611296386215954260380828668
1663.1869254505422585163614389536404018
1664.0256895638549799655243694930081765
1664.7578117367569886327057315824189674
1666.3994195684441447446488925726819578
1667.3543095887988642319088159450887771
1667.9109572194964624871343636172118896
1668.7045279093254462034999400781224692
1669.6815387159732392548367516110029347
1670.3117062265300518694543094921557581
1670.8581005401945402173804159873001031
1672.4690262838907439653799958834646132
1672.9079396313831493282822074798544681
1673.6090464886644104952868735016849538
1674.8642205547010985213053856315360595
1675.6682137330584160650498315030181050
1676.7219473288071156141025468134249808
1677.4876071192801415254222338788537798
1678.5554254971965853949908606218907478
1679.4077443994915587081694540458311223
1679.8005776630561511401060404968644200
1680.7830255754395181863062411145373629
1681.3464441479978566430005005815395728
1682.4277381522221893437500011225873412
1683.5268643315627815030251327023549004
1684.6845476518213091921942914678364735
1685.6166616004207889342781136702216793
1686.3363642478220261002612636502164358
1686.7439712174900579932938248632425771
1687.8356173782626075691647463144108284
1688.8030300258016237537987691842191180
1689.7591160220595302361842084505496875
1690.2645688595668694810941948507942077
1691.2703044246533494382623709538226647
1692.0634567264168192864256743380316355
1692.8955571637383008276136963476551205
1694.2362972692419470949364444678489892
1695.1118778579338854696468513018282977
1696.1197629310366169123037564133730499
1696.7367121076958881261628174941127306
1697.1592361216674550899559111464750551
1698.3907992048041878244233136963848618
1699.0275050867954930688033820992081666
1699.6061330237411307026186205456981626
1701.0127309283154258263451793776236923
1702.0446877892508436553528803975688743
1702.7464645457595200365873792132193931
1703.7571132416985333214553593752782552
1704.4758040745715739995274309801094858
1705.2597945211516207798042453074321091
1706.3631594811114318972943287470143923
1707.1066969364883690083503546571068745
1707.8427129162167323482762031326656755
1708.9343293983848343535452616164874292
1709.1495519604143830794948356516479976
1710.1195302255247432839265030712197157
1711.7287346180518154937316714743569356
1712.6210160160336394064394203058322789
1713.2569045293147958493896891033079753
1714.3439436912696087954384495498629932
1714.9256626402938894700403963007364245
1715.4605647915726173377721116652481304
1716.4387523818753722708959884609545393
1717.4061580374501707392452380327400493
1718.4803864354916673538095732143208719
1718.9936767834291375351265795052403175
1720.1078749628165826001993129997036624
1721.2688620245698098168435583890507867
1721.7819553450665635719998087548016213
1722.7730176962100643088435957953135708
1723.8955492975423889124841848901629623
1724.6154659038750112970537633635525341
1725.3021108290842590681951966407018189
1726.0805505706202960153573024358119274
1726.6307140127300584547833631742043830
1727.8432733532035085507337853811664160
1728.4928778888731712925531812421611047
1730.2092234439980911178031127540691074
1730.8370372341734957015501612250977886
1731.5170004494641284044309419765027796
1732.2361401407413179971661865651556333
1733.1398761163462231367961860604850515
1733.8374045572092052923491381448685929
1735.1221561098475694212346420317534089
1735.4818449477446667379536198813473151
1736.7471992399516719981608739375955232
1737.1068871409870544375733239224857164
1738.5518090661079193434591437025619112
1738.9714009825143109852370710410025587
1740.6260206062474941890292022946418554
1741.3235215729252321447449498229100061
1741.6547421101991518838826615244310052
1742.9233722033270283565225833727700664
1743.5353499434981458722693602822555094
1744.1033785596315643941406578971272230
1744.9610196421984188360873400438042050
1746.0630887793412725161853296214236565
1747.1922374288865750112443168684900915
1748.4005405135437157174736692745561220
1748.6368513346485220821989161320337350
1749.9004192379526485232754002039694887
1750.4347238701421529867374458473635913
1751.3680659396195372083723393090055385
1752.2939768352678896127996537553269412
1753.2726987575788395954248191428373244
1753.9888900696261506753428089393357138
1754.4749544842176909485474675668943074
1755.3820607678535245884243209169482249
1756.6736221358607108763037908351691779
1757.7332849023128819879506561227162840
1758.6334037057741847242813384534964462
1759.4655373845438062326609391475210933
1760.1140455935633488342970699789365603
1760.9651885798294278104013956274069106
1761.3627272375653172186410180791212879
1762.5948500929419563548623987656471389
1763.4150488616024177032041218226766819
1764.3805922956194906600133520631458432
1765.2126171981047545397485237046505659
1766.4314002265937049338645903061705172
1767.1249562533136516957455056436465840
1767.7174719655757346853651195078668493
1768.8727117630407967467821501552748517
1770.0188471342234199019778781602719502
1770.4543250684886079992855874533920527
1771.0169394594942657726120895568783499
1772.2509140716404819874479216596635994
1772.7295711024933207925518666344223518
1773.4853167294792643392831913913148840
1775.2185398500419191743461699499013618
1775.8938845868355482311727067067931330
1777.0282182943075572274658025326162609
1777.2796512526475583811310901610040917
1778.1773962871920651451597612507585139
1779.0456579567010288832305862104498456
1779.9621005549369813383276665422976942
1780.7299004902580290940243277203541587
1781.6665774773982990086014183843656727
1782.6534437210695190295052472669406178
1783.2541390012667418722572500878689010
1784.2988481563314317426526845085904712
1785.5256013943460936190990859835278536
1786.1092341118153778627171011620160588
1787.2673269243367584712420929015936238
1787.7882001767093377366482363489595714
1788.7238735891405506787538607898527414
1789.2762063321966888041984637329337248
1790.2849401009531783504530100286016133
1790.6382368662432027667685844524024389
1792.3551917548161172712765993186233870
1793.1433377596806851284181120640880713
1794.1037019555955528459145692182753999
1794.8877964624324806816319225046275326
1795.5747387770193700409238360079105121
1796.4204727402969331164227968653162240
1797.1014337959975572105107944637766059
1798.4253338801827168052063865500735984
1799.1786199871652757894839771276430631
1799.4510575236191159346918918369236413
1800.5847648313907366394333955420445714
1801.4736854074921297864532763869078135
1802.6455662651003472702124525682620624
1803.5929567605873521078758130601875678
1804.6166872768604221005036262869883637
1805.2200491071842095877748735236689408
1805.9239342444534149082547590453907238
1806.7526652297193995360420078654082715
1807.2855471167236182605149147981420003
1808.4194576291557950513633906381646040
1809.3848276600675442278414210760350006
1810.0774759304242695136375032583162954
1811.6820266063738959584504407824628700
1812.0318937283509662566040989929206051
1812.7200915624923491227904417402829089
1813.7953633660690012776230789602153333
1814.8208800505634853036684731407041665
1815.4325078481008735554235456544991398
1816.4389850894645550543368907554975305
1817.0251140088849032804723165512328414
1817.7804232224948342864800372111022020
1818.6603433545429881776975640150134600
1819.5066528509471421574146639699297833
1821.1972789364355097916938713385537418
1821.7838797254975881067394723774598478
1822.5352745473783533415580462034453781
1823.1122083451358365989652951125092477
1824.2086678606763898131781957300530405
1824.7843791162765676465286080050063452
1825.4815184435910893018038218825901170
1826.7726560828709413446954130224227817
1827.4409255509619670534402358957664606
1828.3636825152353484041368841766431187
1829.2187349189131603709511563114436072
1830.3309845048872800826046344061772892
1830.9902761047063859068299417395483896
1832.1476913926390122284915180286417048
1832.7729296537612071113427271351560296
1833.6869122812180309797928932555272338
1834.5488313497573119491332720232737089
1834.9699227112507824436645770911227446
1835.7735206560285742380678417389631226
1836.7472250182761771212376300519810475
1838.1334190756293608611345964381690073
1839.0451552656330726771876080545397364
1839.7593390595631253258023358960330330
1840.7758029186446676213636323870906632
1841.4266395435182714711473394298547599
1841.6955763931193394824701212360728862
1843.3372977427141910857394406862673446
1843.7788945134237884008001223237616664
1844.7977542354692508692385581460640228
1845.4578597670069644246908084878040367
1846.2590318079321051681132246696714203
1847.4277383630811341928555322390223842
1848.3405114792751012353475271858047782
1849.2610565178973324345780969829836273
1850.4712828275188291033904989796231807
1850.8323437174826903666962941122983749
1851.6229587508912873760629244362496345
1852.2598660258620887569599827903297469
1853.3157051668318049983280613323113824
1853.9707492500219095756709396994248234
1854.8651702093197491806924830968792716
1856.4418542262091631938454893455475935
1856.8874079325845381407147472902935924
1857.8544828859129603655380045199223956
1858.7317810163362630932067025480899443
1859.1481796951445326588074328942961731
1860.6097671951470141362987989470049594
1861.1093952136131094427440379881376913
1861.9199189257550994878114216642539958
1862.8049012225441214290380448816599527
1863.7747859057771985319731041756208418
1863.9384780270070748685805854535127349
1865.4788274129144460896052292972314756
1866.9451617625491492271628298676408066
1867.2536353617731154349323975694921920
1868.1212429165459683277242175057332414
1869.0853577546430576922550804841809281
1869.6090643833304179138798399965944447
1870.4360758264284969666589336914740517
1871.1432389089382325856449707682834420
1872.3729310065045480034743253009024644
1873.1608240937801648547216876569191756
1873.9967271508534752387742306007078713
1875.0912116231935087185513179576775990
1875.8242223087388938556914424660921958
1876.7421463392139415378623737241660556
1877.5256763864110768699844661675110758
1878.5383117875598167671279139037523158
1879.3346267150720395940366245717118702
1880.0862910846788058998264389988962307
1880.5895391045085169727952749227167357
1881.3693105191840608434760208380574068
1882.5232237807221706491715770068072351
1883.6110590236420440277192335370326707
1884.7856444731282545760885463602764809
1885.5981072839731449828729805893243647
1886.0093101654273799198447121333202480
1886.9779674986879979533991575454508428
1887.6069513762651799934909684988808413
1888.5189758693689730241263300256178404
1889.6185015997188747179232683182615212
1890.5340773898135376520443228266009890
1890.6937359427753198016191461354151630
1892.2330652656295664935529485036417059
1892.9877434220337796521222149910973487
1893.6952071835539053124288890955343347
1895.1468150382424402644824885889283674
1895.6873048471346431709275572791196960
1896.5141182596048108550516518712089517
1897.1443851553523626533331970862236034
1897.9926822819734415093751931781707978
1898.8372079897122711684406254166698652
1899.3216852019596706732835321477458916
1900.6335674653112727283212408271146421
1901.7832994385929707951885232119861873
1902.8496119599369484332701089787440960
1903.2908499989534505613487640502551381
1903.9533647199444051312955006460399821
1905.2325721304939899958068826896949577
1905.6064169423999038402885533274183218
1906.7400682453215998931894682287716141
1907.6243167714174057006388452565634377
1908.2236380420695079747055844838958242
1909.2746077019689378007025460403127977
1909.5636081690479383552727056653468753
1911.0934640815863417284753086846250526
1912.3230747663748780950074591327902163
1912.7291343251265325279540282427171426
1913.8045809774228639062159854040255365
1914.6168227920306973073162260038691041
1914.9758292258553269168153280587759804
1916.0915785074230598991407366772269023
1916.5158158007324520365147818567869207
1917.7876864628849351269634455360375411
1918.7535059714360286474078810876399726
1919.5331901460466405618340882821041597
1920.5921700971417338177853716756265331
1921.4899785504348045467140454443759907
1922.0760590175790309817648021559913942
1922.8677313434091877286748050971279882
1924.1392660045412310589298447088265015
1924.9078222229178322938183960920546418
1925.2851116678774426855515114655812283
1926.1348499111953109090160499992960709
1927.2201111587141900673270235427580712
1927.5814981004685915023738122862865533
1929.3431775674097961376120245155358416
1930.0044294789606865308463187475902112
1931.1494390770890909521157532022115677
1931.5804454886371994937656693133772047
1932.4235134138300891550281406040755950
1932.9109326768070736700988334232759340
1934.0791825077164922521712908613502255
1935.0491616168284734163078566531008538
1935.4837482329643940660330482397912439
1936.7638756579644380499327847518360122
1937.4480868261048059249915261614137360
1938.5136530177033509025893617209319184
1939.1881605579950208321390555336112057
1940.3311175165636042845671868061280231
1941.2354926662695958439215891544930045
1941.9065878432877017832645366659690586
1942.6105998858687356992385757786466621
1943.4594071302939359971688363282091257
1944.1915124424944196809712269902502747
1944.8191372786410499412174209146243260
1945.8349096802114685272728827613246474
1947.5609057519019939459082419514719427
1947.8696632117514060127862969659117041
1948.8163845683016412765440569218660943
1949.5485128557674314945651522182794861
1950.4049181659042389816686719754351897
1951.0842578845763807305019538003980801
1951.9890093358480269332481085721662831
1953.0297033325465068726809549368492389
1953.8556526060400375413145111598312842
1954.2987617720215208345653451674527866
1955.2318877038419339607258432513637218
1956.5387575569474247369270984534311019
1957.2503688200655404911965220324894715
1958.6403489100114617828094859065014381
1958.8613599401029380555298753339668915
1959.8504941842345832552799256168053090
1960.8659658727251637140614476350198115
1961.1345579387694512231921561556891210
1961.8299264557986139621923783672980089
1963.2594110125784507707628279093189627
1963.8670647165491226813287988023347576
1965.0242274271599749633184654352208064
1966.0601929850023152174295236294379239
1966.8517737897220299621167821663144174
1967.2772086226311516739934899415769968
1968.2574350756912575275367023700792010
1969.4182393867490059438520225046112747
1970.0041816526284426438480388352111263
1970.9220575769555091262174010661012398
1971.6143260229592272914127405273362196
1972.1322859843370741705777053751079277
1973.3609702864948915576023594970906130
1974.1735769559853956605296289165863779
1975.6071362699030751784420879422654697
1976.3934782552048516238681760380313167
1976.9699480098478191799280685958301357
1977.5631856957008823908541589219158200
1978.5863856902225504881381145806967652
1979.1614129662770890650790951513519793
1980.1397613698944895925705742928546847
1980.9895974596558890885487787934815542
1981.9294541064081916891395670249146249
1982.9343211256542680191211616161429710
1983.7393876256463459957796576465464094
1984.5551581410107148347486017019366485
1985.4867678585957995236853747892330658
1986.4001875178383664406809406418448007
1987.4244342318306963116558804145346152
1987.7153169781942836309650666276033049
1988.9593730712448102852681196885133143
1989.3580351353182891753298430236389221
1990.2145691606131217161198625214982246
1990.8915885634516347826975996625441688
1992.7058686793156824368070694391889473
1993.2792326757174255957616824150611575
1994.0064829519774325852361946658257891
1995.0456585539508775906588266886554055
1995.6032209473918369243510231117088581
1996.2443632932950786638894305490977955
1997.1845157218788772128803797495811289
1998.2963542497929582712059607041872840
1998.9575557573588427254804188435723736
1999.7456620920157241502288276500893693
2000.5558560859525042128656767795352512
2001.5353880931318775339031704644981170
2002.7923998157296125488157901020210106
2003.2820536871600381971152052754748480
2004.3473321534087293834955145631615086
2005.4233081366518919388316863966132090
2005.8438136183766268466340148955877252
2006.2448796727261409119694721481700215
2007.5315416075515815043715907282904381
2007.9770945708131397723182556571532409
2009.1416038712192713574058197117254093
2010.2421176758757081245255855311964647
2011.3229366847908919659236642834233238
2011.9652324327125212682587508875599962
2012.7336946841255398527590090018365422
2013.3741788982284094337555738664103407
2014.2902224708479276968045399643746586
2015.6170194955388837264204088540120200
2015.8358202635207601465755532305693867
2016.8272445340593459186683860584883196
2017.5160120573295652333737739478470365
2018.5879589813903184697762299578214713
2019.1112036046841552789815427382019808
2020.7867240981336863020326894868384327
2021.3844365815083473742587136018634225
2022.4449024386569718252284681352669855
2022.7501863229788676588770970430172564
2023.6343194834814577940248019336659140
2024.6148105455602947529600918559927808
2025.0703144132445112730153539410660035
2026.0198043369088870575030105682032466
2027.2459342598924190728680625605339007
2027.8836000807335883114850763289475252
2029.2458918837520636581030973050212908
2029.5494990170217039032898585971869656
2030.5362827028772703627268420656769317
2031.6518169610562105318351160413663477
2032.1872371699181629838048478202187180
2033.1555313170621277355810375022541151
2034.0891947554379216289699451531889198
2034.6244636446202434736359408389331042
2035.3702342627548309854533832184191539
2035.9629984102069679089795437952865892
2037.4841764157967530214453340913110017
2038.4333499125597230954274911109994568
2039.4987327289401782657055005561148679
2039.8852816705982491160482105746272622
2040.8878272269357349557673292964723030
2041.4671017143495146451021510518297044
2042.2552686529434887207789101558681726
2043.0480412008763703690217731530273856
2044.3597344385761945315944787522918026
2044.9163488226481800300139033920588556
2045.4380820150652560885428185355594518
2046.9184078541606434701065266978732292
2047.6346228287176696086306197749283773
2048.2777385419363403247148305188272504
2049.5484220652113052171684541833592182
2050.3682032567163102496330688203930178
2050.8960762974375323534596589395501153
2051.8388390894467737625782444671282874
2052.2885960537991825282767555594397774
2053.2524229970285172072506623878138775
2054.0173969446962810607904206740014175
2055.1485327411982371390468744383735071
2056.4193308094277164095069866268902056
2057.2060095644969108970385380506415062
2057.7906317600103861291298998963840433
2058.5106108842840528166377115177636209
2059.3038830813405751526334729588046859
2060.2965021194455607290339860916177834
2061.3586888343310456155019595041648040
2061.6032540218009745911539302617445933
2062.9192670578667564335368747091823919
2063.4064395634574161947268943675296957
2064.2788151547568750712930010393894432
2065.4263674008883917242843908111379472
2066.5650430278030629024655480549092845
2067.4565167240005646733366059287192628
2067.8473524458004348767200758751923858
2068.8952814718856979735174322829620979
2069.5709337570020552073137807808165092
2070.1145148814419338903780447965937961
2071.1666541223648544132962794163416022
2071.7840701453912572284409899512910003
2073.1724081741189431123312431397433101
2074.2233917171958019778214080525725654
2074.4808503054024602292410829352335741
2075.9022414167113088814925114807908855
2076.3716584813207684520741497228240534
2077.0848279840463643258604650525499190
2078.2381075480346114583077385324917053
2079.1662034670172583909663959195795083
2079.5797913409988318098482865790417717
2080.5646899665552643333931338582496275
2081.0729472972215918713753242456245330
2082.0286272084396904808364433640663330
2083.4403000300043418378381940245011664
2084.3670767905499205237160745710084184
2085.0230121991834362365970548419218089
2085.9262329820501701249017347957693758
2086.8411194497268476180298362921780883
2086.9688673036750219969206175248194028
2087.9579757544487022641070257847655085
2089.2686670802605157855971086385735538
2089.7352209362655869880197145469741803
2090.6676472666868113438980668975579098
2091.7330073883379012723109536071611520
2092.5752695600644847498792594052070743
2093.5612573486507485741995909695422959
2093.9698610900274528041573375385552491
2095.4997788359607282500619804684070365
2095.8982121013363980872414345348061796
2096.8128620494828356814770596084986499
2097.4245183937838348130032674650013497
2098.1705683827030332957982995979845676
2099.0875639637135802802317379429626076
2099.7027881479672632814421488925368519
2101.1604299966612762653239473987633164
2102.3383974694393705749123000465076436
2102.8272010554149346134205565681138058
2103.5111013851759419239388889217693520
2104.2127192196664812692617495305939299
2105.3255974349041922147021855750039107
2105.8021863473791432850141567884320728
2106.8601287611437998237714184040031397
2107.7670978093017916270992970812321903
2108.4684973298290592194148440007137889
2109.1815948270768530086721284229793464
2110.2878143070494742702979182702380298
2111.1440085957914229558950836188759972
2112.3621384718189615024920750990916925
2112.9788347464260452655305773874369065
2113.7889611138889217811160570798241584
2114.4020801772655400366760023051964529
2115.5431112550394237143749300942917222
2115.8518670597368729675634119328877867
2116.4676615544147269780368578726078547
2117.9526484734700756391148841459992285
2118.8072834628483710167429126112321056
2119.7434336875237007044668187643794979
2120.7517431946983724091023930455237919
2121.3103721929098903899310177937956056
2121.9659002523605054262997281756520510
2123.0772035086875799809143727040878187
2123.6575384761188839585457515790189774
2125.0260620078921213632018069063308934
2125.3006069406703717635027493635183528
2126.0353648941446579982230102307668374
2126.8912051669203961176566271030671976
2127.9319785038001535066804068549707679
2129.1327830921784408756626584688140930
2129.8944881712410019012266114476973449
2131.0346109031393770934206562942336687
2131.4906699402616223083803256865267089
2132.1599083052924940539373611486218922
2132.8667080020833938231774357845579639
2133.8267361627406801114579254282689501
2134.5506804777632780584932390789360986
2135.6942592226116858870414285593609356
2136.2524897986036626920810853740699786
2137.7042455749376828848317664773950480
2138.1844639658984574939000022568564852
2138.9938136044428137894572641244470787
2139.8916294589752098486702154552488348
2140.8572889585542549900777718697261061
2141.8110364792728359653438390493836642
2142.3302798029955999625214568696741193
2143.0085986724957047695195092349273439
2143.9911101948072263709216413444686351
2144.7057464727156347818102593587367851
2145.2619988458576795274751421264167320
2147.1980738982969080140574050331767263
2147.7298990866891010242532407020517216
2148.3137667995265271063828023875857597
2149.5290054514571294886645921384590479
2149.6853319387430137319263947377898408
2150.8319980340167664040840963436641484
2151.4082268216899897044267256965148702
2152.5848943220668929238481394595527326
2153.2161181052435635039072525805456380
2154.2145854203221183034261832819457788
2154.9326863053798039170579232925474484
2155.8198885727579552270233910670676277
2156.9619228853726291241651223130910685
2157.8641804272138726140869537176850351
2158.3600387521429014067650643846418842
2159.7306235286489983462761679621458592
2159.9580233600748268028668659685065680
2160.9006189190900579528005891372762413
2161.4153030421690284358137395983283313
2162.3336370477195168113283620674090695
2163.3216975892453274122013875872874943
2164.6317877944552416790427641059865915
2165.3837996456386501516492283673952647
2166.1883845986665082664084611691387682
2167.0318779874975129540990414159654607
2167.6861170988805891601993277681803033
2168.2169972225413609357166996418341605
2169.6501885954254956236434723064856198
2170.1887697012968150914701811549612399
2171.0419236993352189497522754786868731
2171.6341349253062650535143806226811639
2172.5112501137707253744707206099220521
2173.7066196028912088827782571887639147
2174.3893819665019831078202932226494034
2175.7665682477014911248550865596055246
2176.3660760334823257803810083510346946
2177.0839966616991557951155900033074749
2177.7014295966910319498817059076453707
2178.5637867277937490654754074865246148
2179.2298380106225214307301999636221632
2180.1361158502465351003634942844406598
2181.0654969246568035311464824859292157
2182.0381013496731431746944179840188224
2183.2602102619883265664077269880596389
2183.7598288879161412714135670924891264
2184.5608217994755532634144500310819153
2185.2898862302777178024693785931918530
2186.5743916494233031985252574580161617
2187.0928003942844731584329462192403504
2187.7511460831454747693396208676342173
2188.9160574865138154186351117460381037
2189.5434757913445950303788677962740824
2189.7888108633999675073671239296545102
2191.1819209314464871917321944751646316
2192.3982484595946472853137517844837265
2193.4388809497054405099205038242015005
2194.0138854072242181296457622076258891
2194.5661356575779048997751446116206743
2195.6078006552930929931241173803963263
2196.2848140585728063705295870544894625
2196.8030440366128255742594949685252701
2197.9399706293167270026069688644312569
2198.9020052837313014913717167533750916
2199.7533207081742702118858478311992024
2200.2566692201658600399608216630766223
2201.8456681092968310692439276829045953
2202.0637731531251964627940805975689158
2203.1696965724327536187173413848424782
2204.0961706260877147789112524465588338
2204.9458908084214231301758726911649064
2205.6305960243579002652763951491537185
2206.3323907411595097323370685414240686
2207.0117963772640162063765004926629176
2207.6826601163040477346142505561193527
2208.8576060617395733624119203950194159
2209.9906434581528862577331817483852390
2210.9828814664819342615589204476508211
2211.7249298267247330004605037973237292
2212.4027573346387156184744879614713655
2213.1944961113451186593219596663894060
2213.6422442497046114892897322847261213
2214.9603667801935806113336320436382681
2215.7950227988482832338069805224399694
2216.3124848162480113550994353543702640
2217.1621306414298529145099605825845767
2218.2127647751316768052007892380404033
2218.8932209849442220401931325099452881
2219.9884470515442733721107522119468447
2221.0357513654892098435145836493773166
2221.8296628408219893535920450506161607
2222.5554773819850291910561961528192000
2223.2446108590654004840041402449793206
2223.8750757338916474877155584380720353
2224.7093827311572765764868498750840816
2225.7000090968414953122627274967359117
2226.1252495441623172341699669332128645
2227.7988987764100487830629139715519794
2228.4669395910857809303127271294309030
2229.3957928249440004915181740646545540
2229.7662168683513390465727634064309232
2231.1527791512465377527728159239365877
2231.3782330408979103244349139824399969
2232.5558226881568287257956642781986502
2233.4970301889037150933220341232720583
2234.0267475444347423954631567942745169
2234.7955592131357366807310602874679854
2235.7588473062960092726966218336270573
2236.1904008689583351766235193620568936
2237.9737897560822841595907138602005548
2238.6760749752268856311578732872181209
2239.2544083822899961313749428518075322
2240.3203370835073343047758790043171522
2240.8740115427281506080666831539709837
2241.6166129323246493595381717806309905
2242.2349810897490807165109755379035029
2243.1738453861824278102109824746730856
2244.4650463059204433896863806186769408
2244.8068117239035784450548542440563574
2245.9727885933049228533067055901648152
2246.9964467527089507662769246735097455
2247.6496720488417537796425871718739846
2248.3909990038710831688798152032053654
2249.4113851540047052411791306839943919
2250.2644286968279505101468071301630940
2251.1573625619444220548401077947456109
2251.6348551661299970094207605330283053
2252.3039358751652051398121734322603762
2253.2429683535226353899035260772684009
2253.9813467227665701901378441965767392
2255.3713536810805290911367481543445806
2256.2171719449949731466290918610098271
2257.3064927013603980456525102076451482
2257.8718343889674054837687686705467034
2258.1191052935663284540388823366624985
2259.3272240617624688877429534205131197
2260.1152907043999342766785165682589779
2260.8665195455001126852904409134060233
2261.9462493595698336209467873746944587
2262.4801759542924880078602468558078310
2263.3973438411706532466852440204671847
2264.5177279614162085254515971882250684
2265.1175229054304274179955149121716041
2266.1639776075237756108088296735571079
2267.4562220613814491190670317138606071
2267.6997035673569790880910470149997136
2268.4340674586285726186538190851003927
2269.4057901056655618617871074055034978
2270.2261931670664427049825705470082323
2270.5742869366838167715665314586975804
2271.5499611809720434953333496257956468
2273.0129099823330690462407419597437124
2273.7828582735641053531592349391258744
2274.7294509275414632179199520634646019
2275.2357364601426519002562829197997821
2276.1898773481255580836633397428679544
2276.7845796354699670436130034823978134
2277.8702253667371967261002915912629573
2278.4763979708424761184698373850005511
2279.6019022320506411651162712713360797
2280.2298819085696832424526702824306221
2280.7035629223508235739467428006640564
2281.7254337155875184067822585731058823
2283.0133133344938251693302045862457683
2283.8601496427407264663409433753992767
2284.7324795561552090497750442229834144
2285.4606148156172768774467294403808832
2286.3204012212757417616606392322402000
2286.8565804123905994161630715239778232
2287.5288987086505667981070905163719389
2288.3301284244001837907979570196769901
2289.6469196708647499973286234023898167
2290.0090371969941737114022428292010791
2291.4781587236511966486276897626756974
2292.0011895590253881511123635985114023
2293.1284980808260941854369378607523818
2293.6381058223374718307035623807494912
2294.3523284172924493149921692330414886
2295.6474574852774029559867861845856452
2296.3214307650310769006932135087428907
2296.9651235144599408280999204960628247
2297.5585765977877761955199389232050925
2298.5376136709182062763327470370440977
2299.2509034511923409846511635261071239
2300.2108446307886925589841975700610031
2301.7517275665176426815062168750722272
2302.4171793043967890200081322324053828
2302.8050234553440349864408183073500242
2303.8863274942120997409070186563003565
2304.4778603248413033061106507837703501
2305.0369132232083746650494050085665033
2306.3251057168565922532751407955963815
2306.8722985632260426035082661974845074
2307.7389078433171697468495030223037784
2308.7992362353686793269533834027371461
2309.6707713259467383955865021882437480
2310.2268139372071558595951107125909544
2311.5053379632875377754846143434017042
2312.1629145301909145502948109408588946
2313.2125042319722939868316464207768536
2313.6673461660777670384188474309905504
2314.6746460397264006168152316171569068
2315.3009050751988611213921547134253539
2315.9505917583359989306132205214328336
2316.6535251177332198356044983621217323
2317.8449296535539419938104562914062705
2319.3236870063229090050689009917674812
2319.6634746996392376570577694060850804
2320.5464507017209225614415209906957395
2321.3904125226093630917672240398662691
2322.1297483626163255650333797584909285
2322.6625847362330525802455424303350781
2323.7641575683893507999762589527272395
2324.7153343602500157947642311392445432
2325.4056048942928804786099791567856092
2326.0529980506717692931531565160247341
2326.7885482142457605683267724757346304
2328.2081438403695500796479477340074998
2328.7510863406279141219315446096235386
2329.9097194283682808653889068954556595
2330.7128438708576888551277569299669400
2331.4608392796551908316135329893279449
2332.0810786529453684394899100217586002
2332.6970228364323585522197505994234053
2333.6786719260291051856932115687722024
2334.1822970349841490049658233239907652
2335.6159392454830934132552601710835684
2336.1456285532283653445955394138649079
2337.4673514505567937623994925964609077
2338.3250225574449317195467976545129082
2338.6976282346725184571500905612277199
2339.4221436919030074888588337536217141
2340.6672636880591000034371340030746507
2341.4322638006858357154002785507608386
2342.0863166359205808202218334766102017
2342.8451421220935208806070445293211180
2343.7553799789862004491573253054925165
2344.2609622035778322039806371673968918
2345.2556348735541618971112652767303134
2346.5458985920189223816433793986631115
2347.5162296284980757903937106225172859
2348.3050758934713727862633073467519317
2348.8967637342339886381082958807758051
2349.4600582722090618807037140723276021
2350.4194505248294585500958902726159326
2351.3790912146618383796774403313132790
2351.6277012985885452654206277490609605
2353.0308300102758275853543666248203493
2353.8431052134366483502551854917530873
2354.5896903991538262757639000919755507
2355.7428597260855107962294064679564070
2356.1934169526958811953068721151322936
2357.3325248230615554630476016215204899
2358.1316423313484721908704074482088285
2358.8120100836987526249513246776855586
2359.9815530383447754491207398509896218
2360.2357711557167834214546863155256884
2361.1581742830742643691265285684684461
2361.8551039475721336101657089770375951
2362.5296362581029474063679793689770023
2364.1996459279625260797647747186261289
2364.9065762859615725899149350480876474
2365.6079398582458043654125389390786326
2366.6925116653513948961524992674674945
2366.9782120354939458026852681011876539
2368.0956600113937255533872780593242621
2368.3252880972489028257356088694581302
2369.8722423972251692653274153044095718
2370.4611435019442511999709806359244217
2371.0956466851947966674841913458079868
2371.9469039716745481383559863998675643
2373.1409262384921375232128800054644048
2373.7202473961372916638820624015994206
2374.8809674310145234924058191538300067
2375.6733523550971792683508110675709220
2376.4801331231542553061401795493001221
2377.4721284100103094741405431458157779
2377.7707908702489285055932039260223187
2378.4090260984609773011478137427860320
2379.5597825691556228318627031440984035
2380.1935950180537299668606819939695439
2381.1430484460144369764300300147962665
2382.6371871594452773053912633294543979
2383.1610284652171617475322196857136305
2383.8768218091421241589246848761124311
2384.6236027233876408546431162144770172
2385.4001682456835743610736525859815649
2386.3436279872733046315833575096259042
2387.1719513239169823666310169469061537
2388.1642643962024885545672142729523348
2388.3829355276573729119372465285331587
2389.6823166031012946544023710198843647
2390.0979051832828402400315139040985921
2391.1690662715704489949035067503960230
2392.5448756761011199255682066083735068
2393.2885104456720148493479467906163612
2393.9949858649355352343203760528534570
2394.5008235620448440522005816286705694
2395.6602517873657717929437013961717934
2396.0664049094024108897309762165843023
2396.7618200816520637404242136866078345
2397.7908563222870000939122706717402295
2398.7253817824929919027929022476246086
2399.8290092461372908806228094950423798
2400.3930542556888552341788213141635258
2401.5267980581978412743184985380551477
2402.1355387386333815224350825766949371
2402.9345538033083421112132974924194601
2403.8496427004734133023072024531302878
2404.8479147824009806870385284950266056
2405.2925315880663180350523890592804658
2406.4420708493471143426522935118082383
2406.7941554567557506602733103359499582
2407.3507049612965989987376441692855882
2408.7675717741069723282755909586916526
2409.8570957235598773597677379548547827
2410.6414142174045517679063078304700126
2411.6362929373925501042566283474676809
2412.2029052716490703778663939669305990
2412.7834075236425088228867701055649081
2413.5933632823163250046860665340470398
2414.3881820972933652805867427471399918
2415.4595386501327823924887131593682503
2416.1534553181123910454262884473001028
2416.9752141561037543429219149437418429
2417.7780786706293561729357857966138243
2418.9099627530294146747610081526037603
2419.8125554559480165120126145758745051
2420.1107386894744943005027092224854659
2421.8402009921894997136774360809124603
2422.1889928672042112246746837149322536
2422.6458051606446061579716556098872320
2423.7393313262240194930368913184645265
2424.3450523252901373156943719105055304
2425.0958179271014806834023474679265134
2425.8489545198762168041416628356350637
2427.1691575189086090586578137120719603
2428.3857905182997892828930235154656838
2428.8088364170096528796679919597279968
2429.6466762424640633906988502340312969
2430.2880267140556048369780220919314775
2431.1101802706337403535594744731435830
2432.0528870199956777792475946545223412
2432.8458476411021043702620539588313281
2433.5662396260418455067733137666990475
2434.5723425090721892011079183810830244
2435.0886690140704185496994696410697709
2435.9516737600624469920393905755180615
2437.0346658463933142627258170133184014
2438.3137144180096758792847975334220922
2438.7508016640726580921271645162387395
2439.6847503228928286551744963058529073
2440.3680394655787317228644840935965753
2441.1816153494166274893807948641834527
2441.8323603157553556235897378590242540
2442.3428394847067035434551602056594315
2443.5269823012028808733563470218476045
2444.4424403009444023654130480750459564
2445.4890646979616211541500923932705273
2446.3484028422946043234279470188780866
2446.9717246400129106027220130324789182
2448.0024111032043136082534495328382054
2448.5305880467011129186830375228098451
2449.3413556319094274553125024408140024
2450.5721378512055579385839140100121106
2451.1703970796902518235520679656013103
2451.7863906135034150092015673502246309
2452.3169860409399553931254704962359834
2453.5267105376432421866260592796342049
2454.1809205251854102004586900990251336
2455.6872051157333296205066569343418637
2456.3168902726459345196330837788524351
2457.1294551645388513361894143380682049
2457.9302244834904830230880257511251136
2458.4771367781932314641218487082862641
2459.1277559555989177879924661899061196
2460.0520876722130041439426620012786181
2461.0684376490973796963278904804594403
2461.8173483682986446060420373554758315
2462.4761166168125464560470227573122056
2463.8853059566762918928486722164610816
2464.4440576978151624140433836787556627
2465.0182352537243453297877420260241712
2466.2676309695908123199234360495875737
2467.0234873104837078478896834708476075
2467.8086074137572175740192391184772984
2468.6311197815180967387820086950765371
2469.0893778156937445497855331786894261
2470.0508580853735572141299260998719439
2470.7912600452718157819052359901193806
2471.3380791612658412837188055732595034
2473.0277710210313697451859201339591642
2473.8153412342967427563591734712973828
2474.5979309661437637207977689110429994
2475.0952581544069610708353757782689168
2476.0278507382309614154369761736724176
2476.6471861723781759965918134172760151
2477.7040517005431058102990253582239777
2478.1558562286766252261414857583705074
2479.4574790475816625270272549409627408
2480.0865334644836616814020813913298186
2480.5905905051592942911561008997956043
2481.7480516800619357728391317457615658
2482.6983376197372162478694146728723775
2483.6811508312564099009592106591384459
2484.3757737157734830312802580973157004
2485.3639040605762747533776113827259458
2485.9493948646638454314021617593372562
2486.6374168657988626707075265389414107
2487.4721409478785985639444864560569877
2487.9945327471661392624834623918127412
2488.8718211237669109456231321027670016
2490.4099554099349821166729759481007394
2490.7731487400406677238151015581383350
2491.9815620629231864630564797812916258
2492.9453686330249792738043458039010168
2493.1866153963609008417376033674003517
2493.9934741229802923596177420190227559
2495.0756802843259730222781755516844773
2496.0611984612497278706181551133160277
2496.5621511830805339201069420815938094
2497.3724771797695372056448959383755016
2498.1690706788985158566661661949634024
2498.7634140871611044766730285247398217
2500.1161011431144157028985374533900073
2500.8624573979860682920571739710700866
2502.1267574005308247240013177626264510
2502.6214673842119333704677553172851947
2503.4783700062285443314232590010226766
2503.8885383600922574251777862936470238
2504.7582772950492799639933715610682649
2505.6683190382581010323760721229407973
2506.3729050249659859013842753307575666
2507.2901815669121057146235717868603100
2508.2928600426530494902214521736052158
2509.3514180702893327378791284563300796
2509.9135576167382375105188701478916418
2510.7512139003703393863388890454086745
2511.5702454560243353277415247223448410
2512.5667112811887050818251107422751619
2513.4245553262412519411835311197381532
2513.8497263125925048279404502585968599
2515.0303889902359703357607751621696892
2515.3197698443977973882362695164179222
2516.3176729482266590678401308323581741
2516.8882171902829197997385083247715030
2518.4925032141009276430526818884617182
2519.4711937810939722402388502975889005
2520.0046698956507148499932239162688437
2520.5124500416565940179199951336745230
2521.7491513723239488379320438251172941
2522.2868726778011973321578170923122050
2522.6050614576416533160531426276248476
2524.0406898269831813194384685281886066
2524.7958919508652935298357314787635180
2525.4124202723134005343129988838160385
2526.4096512131025902028771897300913404
2527.1607331390161768950525467307072774
2528.3206763361100472903595173404549813
2528.8957096830842906069856440696166173
2530.1070166205290822305988529054927766
2530.4884581378309097446271006213215550
2531.7381237981189316480904629736888564
2532.0881259326564971231465794230081750
2532.8479007739988699979542137891881149
2533.3578702401942452910583670076945291
2534.6357776211602865059828079243567034
2535.3503370898855186941474788508127797
2536.6633791151948859145721130868347051
2537.6118134913308735398869328589003473
2537.9284115267484003387278984714247188
2539.0065384785296202164580915487709722
2539.4302088364764216775388533020646477
2540.3432831841892933752000795951528027
2541.4453471043837431917521694374359354
2542.3066960973608907909338751608878154
2542.5503740011797970723175628447483314
2543.6673166389780569164696195759442616
2544.4106645038461534678202888386695399
2545.4086804649484883119730890207228862
2546.3106336374315566041999938975854108
2547.5323928585906102618151065341572515
2548.1362752137932734071246726515106111
2548.7994725052905895496613062345764420
2549.3666794384531177916413870892610526
2550.4000342564372314469784907677530102
2550.9060861278133775952959286926955706
2551.7602399799458618885563776082973005
2552.6650066843314962295994220159660390
2553.8511353115525316666608295317532172
2554.7182603910631206012315604787212175
2555.3907442267779285521779694510854003
2556.2916503354119287739263503851602869
2556.8277089632719801267572571487156963
2557.9562592692273041474341327197227702
2558.7564345961235536220532070001708826
2559.3123694454606945331108961975294865
2560.4073390093098714039825083426121615
2560.8711213707605271285553595270978424
2561.7233390782554579900196822433560759
2562.2006770971544306667222710553917625
2564.1102859772958504534441439725606943
2564.4533431036664860245283117387883003
2565.4818914454361511681484581357000909
2566.2590835306374002208050897396971347
2566.9499167925371713515382204469055813
2567.4234850750017518741931503998381190
2568.4886777527554555733558976997436351
2568.9949107077710680064369833996227048
2570.1863492769708287667432540501439082
2571.1347849218110195717147975059134885
2571.4973091246041587505457210268506295
2572.7398292074747995197687156958698984
2573.7796065348892886421219992592766661
2574.1473610882510551406901096288828801
2575.1735256438317237382304425190319967
2576.1756359672511231523830208696332876
2577.0828867190178352740755389288306261
2577.3526769983123523377296122376131493
2578.1961862648459009491123002488192957
2579.0362539895491872072713492727298903
2579.6865235223841202368363649296598066
2580.7376768389801495462405416655208471
2582.1555237624915398132099006355070416
2582.6278497284333699242077541399581719
2583.7629147072585571633152101224692613
2584.2356206072912861585802203756196452
2584.6407942160417266370792710796431769
2585.8588370072602047223038528432393053
2586.5643211261263517221517328685701530
2587.4886724589929778661444621579540093
2588.2762235064829274063799024707295476
2588.7793661791140053403087118164105768
2590.0509231288378536632749629742917412
2590.5835710520135451881747088853403002
2591.5738905549513423154608480287638992
2592.9883362134893529737334454726121665
2593.2499683356256861212253413900021943
2594.1448449407372869206339079289238608
2594.9634647082844326664326290895801250
2595.5394067212175352823656984735352888
2596.3634611536979347359280299034738580
2597.0002546204279433461476454328440199
2597.9083210886100177106629310961681246
2599.1093622159880256011053426543657176
2600.1740324765068292967940070967503812
2600.8110533975114782750155364351364736
2601.3545711576468529853478239920718272
2602.4336596201917670371045535759977723
2603.1295398880265596676126156851307567
2603.7686154336867030215657451334211160
2604.8838603717137017194676393674781169
2605.6605854533239153674464752920137910
2606.3545335193290780633307059144102433
2606.7022907148051907856129933529512951
2607.9047076541176305215160849149872029
2608.8058053026478522606165292941527424
2610.2252097826121620568813437164116611
2610.6066526762487223307218458304695756
2611.4780183869261787891291419216495146
2612.3427625077862579287390461720343868
2612.9215929082428611105893693836599910
2613.5908742612781454892634845934343104
2614.2083003498957527067920643587934428
2615.5893355314022194144726331454438650
2616.1109316622494782207208015652119925
2616.9684247918321092479503889591535719
2618.1648047883903827073114921924260535
2618.8726022034779280040212307829714610
2619.5673475987536321031119020727327399
2620.2952200556535206958913096597508762
2621.4147393197977929300176206743304311
2622.2661893485250588189817694102378789
2622.7954765448658709728189752998991541
2623.4626445077780895140828806939868872
2624.3909259000453636495031178817714330
2624.8994445965887113064879368978979092
2625.9272298729970436172429411623878148
2627.1032358960790944490628984746684046
2628.3059269716696394455722867076557925
2628.7769261075643905001666211184575080
2629.4833995460342339655761526452677166
2630.1805367504629735791869491446258073
2630.8943370626461539425913808444462847
2631.8212846450328344236022020842246314
2632.7697036074731979548374762864289809
2633.2079681231342676254845883774758871
2634.5148216870375571416888285646663060
2634.9919848898975089070306064472392101
2635.8762674185159506768591527469664919
2637.0051744187306920864987910944566667
2637.6611282319453920112694812690745182
2638.7511243093112940264258976264587079
2639.5297236356457030252915940453250867
2640.0448460711141457576590042910626008
2640.7974957487549153181190508533322843
2641.8443025873866079099539587774911398
2642.1800202282555898738737400191445940
2642.8547168646053232914400295865824457
2644.3396765146294460699212274684775016
2645.4177467739187342424668640705290045
2645.8728161187615787323976341655410962
2646.8825037987795965336944086682012202
2647.5847661950827544389393873373969708
2648.2945623918545725206765096133800035
2648.8414420198267996010598443186429522
2650.2913122855231163928937948611189197
2650.5721035008625150504690020914093511
2651.5681859519034153403907690679499024
2652.4243220513512582453679827916572535
2652.6774024126163517936979699937353231
2654.1300450872305074348442236852301537
2655.1366369022133041431243519737901520
2655.7701448213159040324680491901150103
2657.0123587204708256034543299550370358
2657.3302693704629459978341658116356634
2658.2069086008103527092400405964753329
2658.8474473634950402621480501229165902
2659.3924791873640283998371393011672083
2660.5546641770950388444030896568894359
2661.2914259433905278059000943489467386
2662.2025313517423992459571302161689229
2663.2737982913614312483552160307523928
2664.2889871798051790437599371607479558
2664.6062150208502063345338336730018832
2665.4862204440086905740004136509755086
2666.4246905394716828671495182924342767
2667.3484549223809293800922394366196984
2668.1050057248610811703313844361440668
2668.7962928921388162812742690914361237
2669.3210767742430980490631025054389165
2670.3987576558196671381289623602373568
2670.8972263965350157308201804359047333
2672.0097054425123257697814067358239011
2673.4471234234216675763801047908682033
2674.1578904734563337472519802841679486
2674.5140596757962438031307417554231932
2675.3833562166698628733962358438492663
2676.2123477688855845451837975307335600
2676.9396959190243665610477522771659111
2677.5114241876373350011670188871604972
2678.6698611000556057504590051112676065
2679.4754576611637724466044323264841822
2680.1247794477763155888195908532891468
2681.3386635647099019333210282323849059
2681.8553203817298764844942339907149020
2682.7760101473848536498143251303454848
2683.9331356195221955384048079500364196
2684.4761413513573561820903509943001114
2685.1764468663996096306667368252143948
2686.3041354959856497142590348802639572
2686.8365410618094529808416093257271074
2687.1967179348610703413227300369840089
2688.2262349636469694421022560076772190
2689.0204368885227602631684310201829987
2690.6004304351891534540885642597083395
2690.9989096034098207092478696770108294
2692.1173360232316052505855444071335596
2692.7111118710548695043051510880156990
2693.3142386528837331653673032783137449
2694.2470210961088040946673663175292710
2694.7632218152465274613385949471012621
2696.0390620495914325524021811581401728
2696.7035344128055474776845456377907672
2697.4036266431705143505327480865857619
2697.9259419514460315353276842958102007
2699.2743333288979167929791267543297365
2699.9177224739277010924564768842862071
2700.9909154316721944677254369382970689
2701.7874847567472354234573840732250071
2702.8558459056419225642355173483428997
2703.1965510031210944017562523500141637
2704.0099095953177141148286872175296834
2704.5154114323852900524579628664409143
2705.7788374685746014909654820697624856
2706.0058904377315215239344860614858414
2707.2887630007447633768572227039916377
2708.3638635228185163532280122314932995
2709.1970482216702864557670806388540881
2709.9813987642801901392294492361939874
2710.7492154154260933258762594109151493
2711.0741248405796759431663247895391220
2712.5228871290941223871676724147822427
2713.1208801066643983992674788022902081
2713.7905449102897962013620895307548650
2714.6228771920940079667185109190994412
2715.3964757371543515762709457351798598
2716.1937090340614865116780231216955412
2716.6846860120656629012598727866170518
2718.4335355273978286928308112387448466
2719.0089006806111449727380110278765583
2719.8457079331378949897358068428586383
2720.5925291203299225624966415491049388
2721.2082165259552667202828784115585497
2721.9103234019932586991681893878239057
2722.8251218804856098954469575351519213
2723.3648290104693934367453892341991675
2724.4064923865941895870870114176075619
2725.4590727277948797216588527248360138
2726.1499024263964410416661865989150418
2726.9647193478076531917431953449122170
2727.9675199090477937344863213872246557
2728.7635201385932106338943193551470544
2729.2998334299112180707030316285731802
2730.5684982978984331260076723732424192
2731.0324069685450718372659385457313270
2732.0149035476695848713027821409272485
2732.4620198656103083284857978133169943
2733.2434722312235081859275070823538300
2733.8962123178138348834485196891789098
2735.1747184149336329393424106354994834
2736.2940307009514895569270831720455178
2737.0412213709049022379941751371748436
2737.8271522721334647903769448874100252
2738.4685849139146945952258232304527961
2739.3737570730089189044668365842191917
2739.6120192421989888269062868479724524
2740.8130027058864240309871728480937417
2741.8554246688417725479579143020207388
2742.3972493794040056723548029445524209
2743.0288175715145966003322836221310803
2744.1314333375011286825573065804944320
2745.1233547732945206922092609157600894
2745.6575493564442710545346405872669240
2746.7697467709959383422581918190605578
2747.7789578554174679413139025327198285
2748.4172604362797860287864218973475474
2748.8857333869628011283855218097968939
2749.8964048456952428363883471186834346
2750.4612644684585629360199927675552255
2751.0777028252472357896652865890346462
2752.2447097815202750488462607272856930
2752.9271176378741970013704316016076434
2754.5193113954984127914634260465045069
2755.0932560873669203690407400211751881
2755.3446201863780164812125074885994374
2756.4521335634716378251491513151569139
2757.2219317017490725859060501535659361
2757.9948539469929901614296146833807441
2758.8332969846416762514672087735157295
2759.7143027928085496800430564841195597
2760.3696663836432030419083659204180302
2761.1697980699115431165020267759204824
2761.7473139038501598229736304630288870
2762.9149954237751979447298680159923888
2763.9674420609290442415533921557166086
2765.0660370983318659597002825155842170
2765.4527117409599555815186379043980706
2766.1217218632652322749486918844140469
2767.3027151982186012274117177410861849
2767.5554755016744098442213273345086745
2768.3560609872310941689908374794830692
2769.1082593083748129632661605802929606
2770.4872298289359008376013680487127642
2770.9028711072515733974727162337938689
2772.1240057905531656118694630576003720
2772.8082537509668899012292922702036162
2773.6815039004229851738250871243700197
2774.4108512090768659231504218916102006
2775.0207993243446863358663896002263464
2776.2896147926055707232853985781086872
2776.8536357929293632484721281130020405
2777.5498460927399845444619739670502887
2778.2693931006201346801272428326832136
2778.9226254691115070053098174045016736
2779.7353895679740748808671798783652806
2781.0270693644406346726038201925139299
2782.0112081010608237224872894370874560
2782.7276123016503367708214838331693717
2783.6438544996079933049408370330830890
2784.3529547694625540888426371851946954
2784.5282526583892130105640913235705040
2785.6380510594449033246044747840496497
2786.5762543584027929775413560911460733
2787.3579445408563080664550236845524635
2788.0132654973937883554503155833917594
2789.1069587934528558505512716435031623
2789.7525186322118461392557679251929366
2790.9847773310663135846600688648466969
2791.2718903822604159534260287661151635
2792.5142787220155418860850549605880613
2793.3243727613351773351556383382958507
2794.1628355287184748476432819561895775
2794.7302715667137636257445319439386025
2795.2284111590489965965058624890032039
2796.4144052648642555596320632634398035
2796.9388894790625008845819715844841943
2797.4320083308008510977083937040467215
2799.3416005943327521279536055848966340
2799.7602641914830013475732466151788283
2800.7327255397117841984169531985992103
2801.2519491851962847605208457865822519
2802.2268363192454292720200579102124827
2802.6427489511123470163237737246692202
2803.8019525438358527664571862156551539
2804.3666013533622985862693935246980053
2805.4208943681844519261263979063787852
2806.0976633198251763590205828389661174
2806.7429495412742056396117008158051492
2807.5711073577423946897639816987408090
2808.6493715272680153929122761047272071
2809.7305924467506229646594820094270372
2810.4872375656128114350517429557330574
2811.0712805905277876445466484809486796
2812.1102305341874141795735684432050573
2812.7077298038426910973162668401504113
2813.1974965288520687917583130637022842
2814.0145000036904223884114846187690175
2814.8376848994943276873214223579555259
2815.9662996054146311496022309220953963
2816.8051633546075458003130965636883829
2817.6920268814744011907018215885528271
2818.9001037838609915324096824528707955
2818.9808766611269089325656328805366332
2819.9098823242986274756656996586002928
2820.9192062347369468016485596939125498
2821.5809510719007534838880633832486281
2822.7726822570172745421117587239193091
2823.1501768511437924709353478786840124
2823.7087964900993266182071675666614246
2824.6205010515912704878650401557212796
2825.6316526039880363704617025667680830
2826.4477014258713965127218064032636475
2827.7669065117822287338007901329266041
2828.4900689056606507818356751303525634
2829.1276332385253518745310198855071166
2829.6409185882008052539704490394091985
2830.5734855813206938152987917470679442
2831.2152495062987653434869124070319775
2831.9619841665701169294992559705612727
2833.1008397754571342042682455639297127
2833.6163287552751110065600108097702497
2834.6726511869619328444218059673933240
2835.6750862653106229535362758369874053
2836.4675390333638166431819576789119526
2836.8174530807052034675798315234385600
2838.2413708842572390638441253438138334
2838.8875590605296585898203430118047054
2839.5373528003441889676667835232903686
2840.3293142135934591431561576289198708
2841.2159641300801024652112810254690462
2841.7270622799653393082906630290607595
2842.3784241125670961189673325880084830
2843.3241119123865179765631978369234595
2844.7944959212608422236333003806675765
2845.5698479847393371784414155835079878
2846.2215011081786129826539360627915427
2846.8673912453247009433852123910130936
2847.7624072820887542532950297925578876
2848.4018252025328464644774057421782835
2849.0688503842037814682026866213993706
2850.0637513314583764554440461051509563
2851.0838928635075939813507993197180665
2851.5089870173076567054169887800658419
2852.5098229339310051375347447510120587
2853.0921804630763926588300955929143952
2854.5186800382901461222390844488940291
2855.0233713552672813919558548975847119
2855.8947735546661862533678392629342787
2857.0423401796587059515325377460690382
2857.4170347873744220545350280740420270
2858.2164378864228775566656824885143760
2858.9108629319226603401447579420891827
2859.4757864994819777032332961983853247
2860.4773262091711203658676783324644516
2861.3596202088080823382567134110227666
2862.5803221677245871987336784342022905
2863.2816781397235202553760940990676314
2864.1759732388722182006490007728134652
2864.8602742319607218224998546780811136
2865.4970934544718144808366611658769837
2866.0738445409377266935346656243270303
2867.6426199384262458608477901664631772
2867.9510400024780911927120799942225760
2868.4765542810354000267874296061818309
2869.5977304365109317559399911620095413
2870.2462283617526639692061368012324682
2870.9535699741647538225802781164021612
2872.1931374871791332014400503504056077
2873.2071465429574503658460308212450080
2873.9190847331978362174292589607298275
2874.8531068202409287243749795963214186
2875.1574889714997789047311044202096203
2875.9368965552083217483205531745410824
2876.9369215849336004078413540289104309
2877.3907213316196764070937218468050817
2878.4679705554502445708632616017415382
2879.1680048266446255390508540594195965
2880.5109604620811582611679870028764336
2881.0681290326664316304666271039492091
2881.7423113556481820700440291780622961
2882.8375616364689531653820635399280814
2883.3279599624010538244595369713182040
2884.4638348300420281532727307955642739
2885.0607286859886467020410124291598192
2885.8978396662254817326678540910474229
2886.6154599943287763538920356941494573
2887.4131449328596628902942559746231163
2887.7694661340889397501819247200969777
2888.8706226366834124255089763742603226
2890.3237941187737113791317187539190727
2890.9951592056747760409335585484551465
2891.7764933613640662167873187318905071
2892.4082700005940738781680548087322441
2893.2156316579940781917203539701668217
2894.0624747702867766869847392559202598
2894.3356709710340174532130729605605861
2895.5189021995113380059392688499982037
2896.5627595790798784342547105416747183
2897.2154026178962736978203356736767135
2897.6248091171847325365640648624396494
2899.1950158681432227315339218942602410
2899.5878896512425613280952102811953568
2900.4932651860408591020826343593395641
2901.5207652274124033325069221179221504
2902.2502515656218072973167451463327158
2903.1133549220945807881186350422567104
2903.6005594873593064955263801286718684
2904.6299668613666304977909893109176476
2904.7284782104181605560686005472550066
2905.9541872721344810915206919670971160
2906.8464528790351046107977337959668245
2907.8901413755174420611591332705069760
2909.0321883612354234180060682186997621
2909.6573354787462931987587963948300184
2910.1826373056151440677791055105602176
2910.8359107339032239042454990204423986
2911.8168193513851619480047965308598107
2912.7232826106536890835405059749975130
2913.3118000818649881080713717753153939
2914.4630338810760633252590491986813234
2914.7332936834301853693660074095535589
2915.6654096874779139196959487431109457
2916.7698342013634623875350701435876706
2917.3092455407973647651173102816433252
2918.7023744954545782317991428969411088
2919.5726180740139711103255477142838536
2919.8601032721897285741035287844322121
2920.8934897491530255873980032126895045
2921.4067648069520974335637117325860681
2922.2365483094984143541138145030481970
2923.0670907448708603166753473223787842
2923.4972982080486951711575184796475544
2924.8638447422203404320665099729822158
2925.8495847562050544955309316337861953
2926.4724660258166262476182006922264004
2927.4577973334808535190295128917725703
2927.9944905783014079445941408968944178
2928.9164318868544792399293732730106937
2929.6401193512062783012068951997700227
2930.5456135313221895516253317474351176
2931.3945552181358502424553962294536757
2932.0106072185411281274915447716224178
2932.7447095311857174679397354233150217
2933.3736319630731300925818994858644184
2934.1943818596887240991234479796762418
2935.6939895119093943373750987354617084
2936.5105265316272954956093004000020905
2936.9373587511868856035198561519238191
2938.1214112863294257597733633951778215
2938.6678877905465435196784798077656848
2939.1869767383900708915600743379859029
2939.8006680137629954993689961703434275
2941.1579694628488055131130267251768122
2941.5083184827539392109150630396696421
2942.7610117918351956145060392031795780
2943.1894970864096096634111499314857183
2944.4693099677369473972732174216469023
2945.0671185475101756499345041274115072
2946.0617607933602891538853628766362140
2946.5077150216151906645818023745431370
2947.8084918670096784623032963145103711
2948.4712882338870242470243440710644108
2949.1604567165507119077552274816477362
2949.5432860433882345795455474466222777
2950.5581645139434367318129300259956193
2951.3892524100230143110886650333574372
2951.8907077179217814442558775687041305
2953.4596966049086179312836326350339655
2954.3419444320113683700910199936694378
2954.9804983940501218753178986692837916
2955.6428379845416713432773160082028028
2956.3113497441876378531745636758745250
2957.1137930139825341015757317822056864
2957.8668526287424334541762119187347775
2958.9908177664855064311139723583985533
2959.3797944962263417003485234521198188
2960.3501762435694411372451617022842887
2961.2625421849611002316254183497454350
2961.8026448807284836051646939511236292
2962.9521087227474126450035247777067723
2963.7543145767745462314313468827254633
2965.0604693256910543222119553664692898
2965.2205217247171935614085137406549378
2966.1019743449322532725396926163714698
2966.9673829398993650134185670469599383
2967.6505845032863815826696680963695780
2968.2406222277782567033384710589508430
2968.8424094077859123770815591963944282
2970.2221058023706064766117567224080700
2970.9959517452326083795468513576425688
2972.2195141122637335891750159620972193
2972.5298850586636360327172613173687957
2973.4689098965335083561017390782245456
2974.2155059138331948786065279521437932
2974.9352808467811160374632627276025156
2975.7305485987960230255690174676369334
2976.7849653235496494498710965104983141
2977.3998902081031083088451261119919519
2978.2517072019748905911839422634019185
2978.4620236693458735738044031868511871
2979.6884122906396908726037241276144074
2980.9175893176861987918512241083713805
2981.4739758634963495273574953541826911
2982.7510660699147408317035566515246319
2983.3832930119872373451680921421091056
2983.6642348229782154567201254456550249
2984.7917454881194474270440285715673464
2985.3445270134461083051374871435094987
2985.8491294023623915540418781639108185
2987.2505770159218928358461016849690719
2987.7714800543776088995258914545531379
2988.6095577405036644429451277336068497
2989.8536543689016800796432381446928198
2990.5021275814092415508336476410543669
2991.1498924017962097187080225785890493
2991.8319833656246331981984186857445270
2993.0910970194312329183720216841485010
2993.7084346786406355893017888741452724
2994.3882898661730842564512266175143129
2995.0580037179101358180163322101780661
2995.8751854368625254568092632955558780
2996.6185093775825765158467101708314165
2997.1852606291233905931766618405663302
2998.5422221808436334867176445833168874
2999.7869065355698830739280054946037033
