# q=5 conrey=2 order=4 chi(2)=I
6.1835781954508539143775173097086925259
8.4572291744232307216053528627475187735
12.674946417011355780482299145083092145
14.825025570328428251430252174047964647
17.337802106853039690914510142416566988
18.998588041686144928724525011929935314
22.487584583028750025055672909258486937
24.365279775402298056519095757451135569
25.531186800433429601457551452466566748
27.982756935693594324451001091893735496
30.463640688403661127970044841912943394
32.195159688892272026544832306389443042
34.457228785278397584057563010042045758
35.490893178851393497908951298169014945
37.271950574556050087245099155574909462
40.396114851752590034837488721820863639
41.536456757929696659693855249011878313
42.992085442751538545824297897558479843
44.826175970810923631196664783559086741
46.590161017764738818310449643404762058
48.477846644221874013284794579240171882
50.664210390805750372997544212319159009
51.977053467572707629124054585044247243
53.442232173354543204000399997353645781
54.485442388764679114700399179793670322
57.297931753572074059929033559960540527
58.893672955709345703668510681011947330
60.028486647436198384396659481014669447
61.699283267386430652015905307411613735
63.519620294341898168981743646159724091
64.347461951148567701469130401238403189
66.768713986639271739159214128090183753
68.678953342210498425386769391828356179
69.882707483255790249201429492162361261
70.866530397758757012800595442454011754
72.432090425102023231044885765088785501
74.396614137672900395352901565901866811
76.426419555787482353227675417473009427
77.191991669056565458312261281700801024
79.266158024304741573167519535537035158
80.410013191443560658907591593467420682
81.660321275113100471056339705624940079
82.996677293814619698874598696436047604
85.660014861032374152167899006994858697
86.680966320021070084884948807045245987
87.881636094952979956560418409566340283
89.124093194988821908522101727366756432
90.681024569426522945597329327834561121
92.365709830113522138499893324701142958
93.818575173765424237163983034184039682
95.549930192246575455789579995363091197
96.872205795107369358273472400317816337
98.384069232398363656590490253089572429
99.079661745132592075542338236794217127
100.51424555517144412641096810586382393
102.99710961573540962857176472295022740
104.10907811042348657865195908225345696
105.51746452641011089189026519843197296
106.28869549773303482125613645378365180
108.43728563488717439466986940950567123
109.08824496393441147660462897466462601
110.80204551786231888065501493624973593
112.52993780870316727966384604142008325
114.20682708920565074969777005769150898
115.33923822644214142947226627851954752
116.22921584364470788610454678948897505
117.48761183843220024271111165020827577
119.08095695258716157895824334173857527
121.23976256109344868209361050981687710
122.07872730953483716360097108587552469
123.34688344564273801499617636510099965
124.98239929061834557233315598971318363
126.03431039981871410384911155328870109
127.35101948893607521625023595353880634
128.35857841924194846860979738376381534
130.67812356071093928078548072079498435
132.15258692230330460559108735151884643
132.73190651265675626341867862412068138
134.33819237201079036619040174955322576
135.03914512446711287655310450255362310
136.99462121197169439978975396280951957
138.29448366999360173202036909188693380
139.88250806873546284203669212012178678
140.96627514608643671838419741731107579
142.58288053994478185565635958029908564
143.61260900796232265929319580072988891
144.83203724064574592175239145639961239
145.53632635836092569270382254748250166
147.88420563660537122581689261006457351
149.34681574873999596109077821703598125
150.54589374692554997846507228179024906
151.15969123424125683390572194120630000
152.71677244268167723528668762497347627
154.19069654220948084302443225376287323
155.12854410379384706595210912532659775
156.84368907709451995443649826433577718
158.12634935444573953898191626055963196
159.82491023939506067555383614108504123
160.80023354964399324885248107661563863
161.69116986125307799984578566869840528
162.92168978686886989095265005785361359
164.09943502165860121745388703204193596
166.39949818515241792667287748963069564
167.25998481480508805357264382871734136
168.38268550593931482819248843496380351
169.61798482294686383285284455369469581
170.98331615430286580227942108987011529
172.17008851874698386060362186600257654
173.17219013106860563437305118180020392
174.53007758423853159798916566655981834
176.84062696264845732974067124333951194
177.22953217159112976348941616543538531
178.98840638198299653287267022385055093
179.45137156326393409270189278658113287
180.69509987550119153874530100054964300
182.29803424104686372174678336933098011
183.80962486170092928134960105061772969
185.12528365692792664259324294543424563
186.21358203762315329786787629759760389
187.41794539953367614852492576679419390
188.97158782195677916693434301801238107
189.78508949778220140604037387311110147
190.62456741493013388498327837857418916
192.21588831783844557628617884343866755
194.18657892657898755776081937428331318
195.26119134932840498256635648414306245
196.31121309399494895411814545629315456
197.02558989018168802623156583560990625
198.55248915317267845957303256729801349
199.77160559500381879285570875502305619
200.98640563793905880876051903545144121
202.60503205702034412861782275351607035
203.50673117360807592711384281295410708
205.33619390077629061746418734466211875
206.11488979162624212570934573945138095
207.14142886608592558008381549289167807
208.40488272122986546792942595064666751
209.08288573319259918851110148617906351
211.39687813931595726066366230455345674
212.63748347532592965661190823322802442
213.44805293372534732818565334165632256
214.58140829875401575247669657038607000
215.81839576931646019296812121787951301
217.00026186181915006701684207960998386
218.43825787890171892454875048101160398
218.97972056154027950552178586824050646
221.00744271924605224989796780090318834
222.24279197659703612346360224454166564
223.56416609392226930652245795950680588
224.31294862656019750875847033676506682
225.49956282311351659194214957311549925
226.21483485314296221789540374757528419
228.03419380823057312944462096683533389
229.42102116596145237787778294301147992
230.82460676724742132330229141406442206
231.56232734435093172604582179023937953
232.74703092127050629644180217817479596
234.48566325963524167548615683950892610
234.91975672109584686582435804892829570
236.17182331161339007581682748179734437
237.29725537445775245473195693698761204
239.12701984348356591626148117895250456
240.70810553083621784694879168120965856
241.18560477331280280400760261092633143
242.41523081235781819488364858910683851
243.25335405440794264319553808746440074
244.75669738494118048963901818367141067
245.76381733834751792562258915827671546
247.60723583680160781220813741600834037
248.20734421290316091074221871366348670
249.80452216171400882015939477818912089
250.94785510369580202957945662530306530
252.05166773217396268441768187039976146
253.02715590505101886963616263899088362
253.95178945911722490492479721042057950
255.02858461138334619538118973898086078
257.31730355472170588316243358191058005
258.08092958552838970010968444762476915
259.07692218349775331512151620260280958
260.38785903086997675301377710441177985
260.91793490070469375896094917410592704
262.78754981581475082104296233877524054
263.49594542460739947311745260657533098
264.73842569586949942455269585682285939
266.22147340457707548788670827673046375
267.52630732491108552650996007676536885
268.70779559100665258496320646059169075
269.81010977345053823327512555978362286
270.62482502110403773590491224152068624
271.43918746666407088020185221491245871
272.88250961558054108997919105544532987
274.50026710011505652629722309267650353
275.86123379959019309070498905677191672
276.83936380531060866174492080160544471
277.45435355123820344896088174915959980
279.14954841967453664047163585896337385
280.08229668887444114286734014898824644
281.13840432608809583029263653705802683
282.07320375126768623484242594981699886
283.48814293635035241752126708444753578
285.14236137745422159180864755994957073
286.42674948341487426761499564398648380
287.04187791592479954041211887121529791
287.99899006674315885581233499205064031
289.29733983460610775027026627659734666
290.05591922906211580397161845451724752
291.86133037300451523948723915468819599
292.95210867464405936338738923182255382
294.21972540979301229403415606125909507
295.03792324973750696618483584506554664
296.67112518087110648215253312600482067
297.28741885290970676466995635695813236
298.74778642042454611955369086859534584
299.30098523612140973030551282538574193
300.37992761523926839593115684245408290
302.61621394240388852146735673173455562
303.34637301857305188827817638381731867
304.65197968970924602279186636404039775
305.39720843085574209450566373743106816
306.29115115143592572127693154873487470
307.64928669706990282378885567413471658
308.97042924980308736039687893304444221
309.74530273658733113622974075471038114
311.40022711422815082190498473387216866
312.35887946524385893663834392452675750
313.69025069690058312007966358673948766
314.88282275230527448613591760266404779
315.77978186242245596372037851031370871
316.43056190265307647068553669829303074
317.65644541000426420723938492888237188
318.96996284675072946459072586586314428
320.91844308928533084949648117239700202
321.52436092954352451640386199149064146
322.60874122076842779437794876282637970
323.47487574610303638678630910682787812
324.84464889473127607651382992506725265
326.02616770153536056238246443007298448
326.70146833515223807794341764811009177
328.12969467624593571670120453496882512
329.16023392688158704830853371284672480
331.02924184231118121014577666375840600
331.80415728257745193936561629671913397
332.67730668219376108973068719599041772
333.92625283085733242172746028249113617
334.47119315652771374445431438086662822
335.76530086640594120617934757327430258
337.27883309021852754154458941595579733
338.83844420013791454039315230808767277
339.28235584376829904705260138418736221
340.81844405188037891436320338266878957
341.55293507556617048974692960543342103
343.01181215087876629002154867728226603
343.89634952224323195847903517641866886
344.83509940828255388349710269965950456
345.61695877766033642744671891625937305
347.59477243280169481010449328396199426
348.77857823472359902928148314824106558
349.81701086987464060803874448051676065
350.69327563024771323068959132547489733
351.51143274814692272917589470368376160
352.54675376733725088761380975650333944
354.07202060047563933724031646507400163
354.87145010366864681461563850741181011
356.37354607242248665165124922212312527
357.55757540425684369905672420029266464
358.30095375972907000237747695061954941
359.98043424263579229419874203257323780
360.81052865728296017689835053256733489
361.38747083894284956605761084980399235
362.87567349944292231358298773363493495
363.30812560037081473720748544441030850
365.37035674021990947192949143572611248
366.68016062143808678265044767193561097
367.58613598901712746356086317471885419
368.18120238584332447343537123051616263
369.43712188703643634684700200676921060
370.64043054842255958656567651401243402
371.52256510210117318544610277689077244
372.87712024880991070113834947507377626
373.65120194545914489525085826171284610
375.16813888362473229788980476378242890
376.47721891565032093571140531186817107
377.53395212465930368922535445423904617
378.35014177980395754470036322939479084
379.38375360918399598861930917626156625
380.24042246066439497774349557828730648
381.13870013673462192876643893618956980
383.04838353930852387256212219545501882
384.06819195558748506258088302501536328
385.12984189928463318294264728205942901
386.10342630267707748955860451612432991
386.97950132037492098161293313124815922
388.31366967453163375417446053115459425
389.57705663627800648931038879948386167
389.93644010151414204765737425933357844
391.18696636935246000602353496497279528
392.68067953867980700089640843678744096
394.18071638015964797743310111444188617
394.99906697530361213387984949064767615
396.10880718113183025263041655877044122
396.82091898996035657700223430606329211
397.60988114546843464931935956233754394
399.19375269407624514352739713675985382
400.00006600888454205885357681595590411
401.59192067142373167925732232541891908
402.77258680170731274825188255888841543
403.24555881547619489542425406325798045
404.95894969144307561478250167978842918
405.69344570090544368347981390136932925
407.02688404160939647644109662721040449
407.39792166740872300020051909940476166
408.69499575195566461702522715504455685
409.72380459621108076013209520155741418
411.88750998224910931609681478319403600
412.35203057335491169414971991508511918
413.33241217471224326527845538061817057
414.36317214455313648238399855662426322
415.26811935897674870160844496350878825
416.38309466060830848015352591558853444
417.66436989682274923286279669243826792
418.54902536555025581616959747813153612
419.81431412714847648042291602807964754
420.98113849622432439330865769035953673
422.28804157653355259125110851521045688
423.16893023715762676773519210225282922
424.16601579976800713781861551607413137
425.26398033410915778923445225023268804
425.64978324318635097015534528424624435
427.01444429015572192022655193151309847
428.86755469455671931243016938741567226
429.61034806821080398132869978304186725
431.11363118532271044497357172214904488
431.38359622893605883108803719437280004
432.56142446662279859937435923842174994
433.96906050879645126012399908055456645
434.82683630846397543627327946580351364
435.77026467965703408605084856505304966
436.68571486765790851450983011166833059
438.29542187610408949115318460316784046
439.36577345168639295317750909688314894
440.71579911768764668496399787362686383
441.58694010031347412403541394302807234
441.96517165569860114690572226114711380
443.35543250332302177926784024979631039
444.17666786958287169141535944260588346
445.50684221367722020974897589329871206
446.99947764592806020116939150143439898
447.94902187779754105708003486781738931
448.83923731249926594719078892040854950
449.79452629029133449326844863857475493
451.41877873217570956783546711026944017
451.75982921325322660346739766039267371
452.99222935007652064721989494886463822
454.01217895086591506008235829479389168
454.66907476856027369569259033111863704
456.77968231364748062792951255060344670
457.71988613116993773698462548332899347
458.57798476134358450993227365225164160
459.42624174073536803971295545206976609
460.55711126148894286610753315557432850
461.15689986329821425634879813937218359
462.74268958267802780911628773252691566
463.60247023771333851896249038194774126
464.89790919579517005107704043813164183
465.89148147665305282563247042095024055
467.18197991200296243772834374510508880
468.02589312754334591632117736436698461
469.33963527968566758306686602271421618
470.06872083061714907660835036236744689
470.98008641134856876649580552393366816
471.63254716800143322743161768731203930
473.26927763919415911371438927308276059
474.70529892809610348101339515215661939
475.91759039709461925687095735220285794
476.34649940296070644955603816014060598
477.64438680865197929553370384534141839
478.19111918628396980095087829353493172
479.84334915084040361571218395276365425
480.64479898828479139766213246058759873
481.33043835670098879398128929086945795
482.97107907200461724921710912383839276
483.74043448672398643423043412002259187
485.34265973652477808590094016536265039
486.29520551927404411393846830090781376
487.02530676150508208087879741000766348
487.95962194138887720926738088556436612
488.86815696810334582412167419340049067
489.81708756106021066312145872735045890
491.18098881046312314500394559326537392
492.82987603153756678416306308381984322
493.45018786462385557474509870477777016
494.33552518425360741052833163754380761
495.48965155135308816159031509647585569
496.58866818934938180553876286110729371
497.50103080273686556050422447752060460
498.61187849700209537675075908505840062
499.34977344916457283608628363190209138
500.30383448967701365772236095666738595
502.14350676328470605332868205947909730
503.22138637834110934321819020013107184
503.91185789199164963655645742504315390
505.13982013552459540971178032425535913
505.63006600499689204023167809285081166
506.73479864280970362609832403243768934
507.78863758648548900016196600862839773
509.30706223408219337520608024642114825
509.97101272231688958601017313301572484
511.56536201089521775332810601789344108
512.18109725177894258669114397132197421
513.25420745151068899087510320879461662
514.72940885174498838140297428817882136
515.25087908560068043913839818149167947
516.25388713840369063172286495314443169
517.03428551818555372416959875025429834
518.16460703877380179120670136552518924
519.97223569509607573777159655085718563
520.80781416770570543144257633183424762
522.05506763060613004729891705080272061
522.54329723553234116746553437927174758
523.32757325175697220454105477926814987
524.91255732947190661803384983434457159
525.53733206081460886293384762102460006
526.74563363933917505271343635060112569
527.78212388259392820159656722392070690
529.02200933094597028105532158584166540
529.94360843875905845879165654267357841
531.59829940750439160063795521782150462
531.92142176923522341779746556923480897
533.17537350016564659972636828066473108
533.78052153648442755962837287225341858
534.94454307848478087334448395780422835
535.68195984351324149129273822860089238
537.63885865729916207751222473315110737
538.60876457108211077934678578421591364
539.28156193211642418995597962738524051
540.38058437211245309896642266198287813
541.30532357470131935092147230892097075
542.31742820807743952761221547124938078
543.53696708882787806957227087843525564
544.36756620342288032963105814788400271
545.07404184350557243580542680445930772
546.48479739700697993750656822304379676
547.92139305990924978971694863829099198
549.00453159941891318842873018015327187
549.63418978742208078385227794208749636
550.86458607168131414327158948907489827
551.51635312166650127586647810730502155
552.15936191815612728776438875445704342
553.85441350661114868884347451352581531
554.65009671357713783535647194570715312
556.16676744903377312393426629111993081
557.05423038195373781054402443125967890
557.78992851188353180350182849594625648
558.99235469851518817408328860328227169
560.09560162428136339029527143327011071
561.19970470276031545098475685477027910
561.61917163035896049585481754078882536
562.69774794440961675307950740903380768
563.85863775965211173688133329493906986
565.36197220768545894636466065851195936
566.71092698781287293182946600554010625
567.30830309858143945702795556273663398
568.00139605689242799176161300220928492
569.16193510073832104342683770352128270
569.96057717525506040543864499376167548
571.29676774900132183073729483467030379
572.04765349154286159239408099995092271
573.52014197121840194808197322711180515
574.29621253705829524891947871256327675
575.46690067144357993215779584690197655
576.63458062529104995793285993749531797
577.72366696872991531294462195940370275
578.29692287916024515253907092133027599
579.37291677920047130395788713197196701
580.38254650318242447604991423066970308
580.81512411992877679757911645752897248
582.98476041731419654936134593358255878
583.85716874101204557985372093212850219
584.72138900118052653828252078115801602
585.78298066038445959937777094460987918
586.41035172559077735408101077022042524
587.55309244152664778007727539962329485
588.75004578073811682153683361187068545
589.60901498837369955280067861062329482
590.51222009027213279016677645328383476
591.51497865480220454616744458554279411
593.25211753433050724949801884261123986
593.74079162822595612654213123871074086
595.25548798012329174935644174740751828
595.92767226057884394171968087333638904
596.58165123375325311472679602225362958
597.57530235612742405454002073949007551
598.55978511053703028668397139755314014
599.87947222084061054552513683163770401
601.19277201541043251911618673353706565
602.17470832517582141915573395670227204
603.17831637992903423354577024775814318
603.66691092626385703761913421378694137
605.13668625227522078430678028337805738
606.32168173939416664019086381247313115
606.65151710233444561043772831630491466
607.89332185908060253065107411259332387
608.72677375672807995684789929561827188
610.00667908860257256785613917129914602
611.73391944438290686930148386727206208
612.24943964848942630059341036027288529
613.29395469781198081948451531199323663
613.93172737667789118896284425580498815
615.04677948012811220430750561709744558
615.85170595156212933074610343707912252
617.09612054775297359933376626497263208
618.18373436188097793634472780779179395
619.48066009519628840204293712278233163
620.14161873988688205484346753792356494
621.31753269518942550512903004777763695
622.62531081048653433823586882970723321
623.09202767537028132001472195142300475
624.43756169302066659794139767464087948
625.24779876300334938569965373311387701
625.62198841110405423288622042766446153
627.08448595772910537681532362521673089
628.74223780006404089594763275269647086
629.72379482746884529187691821835103635
630.33941779064487187931895970283137700
631.55638588507675218668000423694074996
632.08604419820951697429815304847892266
633.14313531364473377467819613363652919
634.48293608542920863025845518976759183
635.40334346696022543969014219062002689
635.94607828652428662747547119601572883
637.81691672222598256207197413386113130
638.20285961707070921383358992605709900
639.82928907367085835641794112457491589
640.57444008430944845639891031578827340
641.60987573143918149496983529753285189
642.25625637084547334025705940398279751
643.06122114908945935923938090917951986
644.17469847873883327696977895396120263
645.39328551761568414614043978966513503
646.92070698145509951074268848438639002
647.69913520158691968099859240636079981
648.63448726959184858120488216166120942
649.19711610728595872555548918451296427
650.62001169568496967624861968502512745
651.62286076986133915580917510091496023
652.25169986200085939196468175121805841
653.48761340166759191363018537320234576
654.14641855715028667967368878795499554
655.47131095984741229893551662886118676
657.03196483536034289613420591521080180
657.75972798524270092677180071507144829
658.68968785692130177831248526665055142
659.43872660505324747201954133114499894
660.35586587035361474847150981433037986
661.29846371676352805887795426041808759
662.21476074178680660063618707798626721
663.83856889874514992744312836739029873
664.59612200195070056257171894320193666
665.64597316747962880426393002064547703
666.74605259126221068670613392387986674
667.44255810138438891345489648865757835
668.75580004906099238792104758224835630
669.68556875354103590558576836540199975
670.27935681575955723802835138402073155
671.45191711309281387941360381930322761
671.93138687748678111748606082088994682
674.03916625170166258486647454391996168
674.73008238052330086683003880623087113
675.87575698051985138890499621394802288
676.67747710934577194487401686962830746
677.42815190465725535418549959324407563
678.16091680686056425890495894399322376
679.66063324806100638465872972092012690
680.40888412380876167585385360387275811
681.36964663983039019124512148541799622
682.71363376415309575481540256799298401
683.59766665536435456387575925451179218
684.60676421496408269202166844985454519
685.79242597136726314073608153129018933
687.02502775468875922111130004173793012
687.10743103797666799968588009559841363
688.38412223150010113809379516455504207
689.15088917974752228161706501392923587
690.22741343359149679598114549783282868
691.79562142665198465050619822439051904
693.08990399461341961132605246732481650
693.55771144879313607177888561540567785
694.28470329351099574467271268840769836
695.65191472981577567878419213013332531
696.24442628206303256176406819368447166
697.66402067251589650335521538746168422
698.22603994181304435100080096529970559
699.33988738612323394447518522766825033
700.29000242762248242425866428908548237
701.58051442832295972402142098112020015
702.93738295034117046698143914910614214
703.66531040317005641997055157097954611
704.32252249165366529913395352422529724
705.58289559440935141178309663055621021
706.14611730527776316379305887213855078
706.86121374439957715041072391269564272
708.50599362491829036526996199872682304
709.47941098902908905724162032349943754
710.77742486543695205920045142555924092
711.36128502263955522491932684868055227
712.42682090475195491166526329324006123
713.33736212390860858115813443826259913
714.42159841213329253936633303199118271
715.49530018921903451862986521923158665
716.19754413150533302362301908549032311
716.78396990446933395525954211419105616
718.20026980545882225376837239610553703
719.63632036761376509792284644646780409
720.56123523631145964920849935204037695
721.74301056586038408624076637955484700
722.13808703433945536803662383051097542
723.13218098954606868857531134994316414
723.91095646313235457551621790945214551
725.26818224883127129539476063687776860
726.02240408668141861279405358094949890
727.24029824328688485054143012179087543
728.42956100665658658974959606917583674
729.25367275161108434123285316840967375
730.10526507735703110677292375266873761
731.58563475729717043340840990592070463
732.19796332901293525189355421484189867
733.04183777368599615721166286947682849
733.86211594731348720686545629683292586
734.94438621572097427987805157764713398
735.59936054042076840384243747234181245
737.76113509376250222054415177409655285
738.22376048145300439024694561848189906
739.15144969785301075033562312902401397
740.26179270814695573361006022567824425
740.61727387243697505174206613046191300
742.12195681965216545127378834729394409
742.76947856406223645407259192507943898
743.97621634976278583182934607687601437
744.88138864101299046008179418917007735
745.73736412801603818548083068246662137
747.14474082019608054716069625152911291
748.22486071508284086462721167956091982
749.00287540049012671088816289766833083
750.08048476825407209836577420485520687
750.85614855375949632398112900004486105
751.51870034625116229536181076176007347
752.42702560417750227859167564047501495
753.62744763071973545414680693392866209
755.24079629266236793386566087497196867
755.82033134844267774393453771747483007
757.03249597318131751991097037444405031
757.82762441538685025204206728094159740
758.40170794045107185056569091549372168
759.92695273602527021738889929948979340
760.64645031418301899393697863488434021
761.74097142018451924467238847532005094
762.06132954043442392270341863092438346
763.56930356999919464717240987460308800
764.67470233396396475653671815232121061
765.99932047943942291510072245440129830
766.91709042421568407778269287046093386
767.54058523154838175566134842579295238
768.44650605160966491319758757163571044
769.19826257761761718937410919128116870
770.26931620500234015856002988309420514
771.37819245639866790085846750867962893
772.36670009560104221901212116239497277
773.91165137697574626019815009576488783
774.33133991391348924866528536837827473
775.24828050098293830177399161225452152
776.65063248784813316441674220806489336
777.43519540243756268655098470106580395
778.19237687111909502136654038101121438
779.32187663286211079667479857243330400
779.92684035909024015986409134187302319
780.75948471057881312190670102488676184
782.39924708889103794178395493234538077
783.80712188821167133715786176744583152
784.28772185370876352482569971741595105
785.10459481288369764856450834493090578
786.12286947718803068200881313740958892
787.00540254937540436012271315766453302
787.69525523634947804344911478446271405
789.37264860503341769564609113692499958
789.66333758828902611080368963603259945
790.96756157922260091260390293401527561
792.07888542884878378042130120889165461
793.08745615067034072519412156914555167
794.10048833197561682549917287997370996
795.08767074243402719292873809375952606
795.99241476054505790433034641155963271
796.64240301731085534479715024354369736
797.52415068500967154354849619425687461
798.30116518405103212400348690049087400
799.97711195059424436996314866443072854
800.93063422968141097698365887966247542
802.21285018235811663323645171733082492
802.58645439839857984038698830043305137
803.68657167204224094740203145860782087
804.30895461564843157795149941752548034
805.99219194090711620039756111954315062
806.33256640797475005338252536277151633
807.28664056802247540282407269787626443
808.40768320116455323894734862052415183
809.35651347535910621458003738490064571
810.71848984959365856804740122969583915
811.73305044767871222065994909007709003
812.67313954985145565171533118932921020
813.57665730093648317454270758416421919
813.85560959203558264671580567906836459
815.27448781125089972599098288544482767
815.90750763860926716365445967649488674
817.07470688469854443640146297332912538
818.65541118934792859787223840372739670
819.30567291542758050201098294028743094
820.16341292801788751310859477968221395
821.20356544147583226057166264663632167
822.09583382259701308017325726386007519
823.22495989602855285966936559872730598
824.05414618862660362936161472263702680
824.73160492005437454106456793050519410
826.00186580520379559566402876752297352
826.28131073485509707343882548901626254
828.40540040216160672424996106967144283
829.20100391658589115138332797551237162
829.96265070957735451931498529185781650
830.92883236102696962173092772058640565
831.84532584151051507685693222698852099
832.30289732170639054321902210448660426
833.56130548551668306339457462356590996
834.72784099155025364406705740116459407
835.54477584145194410323913092652301923
836.63312733493555772870076470226576443
837.87741950376555308292679320529867967
838.45241179280592741551349292883541338
839.72217641005920227815722236064792417
840.63567242119773349173497320775410565
841.56490799025290751884908819143766694
842.31170033489281455423021729911067055
842.89063939475922930866793020011321140
844.03690306546590282501015494049761215
845.37411397802848419501365790007873634
846.67228737527545008093563666107379999
847.58421504760922636263774305768946386
848.33729914142611486557709194480511512
848.89665145759500118172023970269152920
850.06945001727594501999245702714952493
851.06974608655159324265016083523447112
852.04116107894091955980475631262082081
852.88310814673992065060319107553425025
853.74286590416106932194484222813226623
855.21579777083706592942713991219068053
855.71849657358970784713904299865001919
857.44685968556878400581863927293276487
858.09122306480303908004365000566094579
858.56795485328253324477776379817975306
859.86839168871954621965560429116532786
860.44058391407740468398246434132253982
861.26118056183522094837010914961294920
862.48737805208360740404641562000582671
864.08745843314126881498227294144687315
864.64559750531650353826356710831567186
865.81200629717267001607538407846750624
866.29258056138124314101480264475951285
867.56390846331872003163450772569052750
868.40795700228495006004527025602106070
869.32804269246340186180878399723431831
870.59474008050962908847154048039843243
870.76429237860795822165749554396412674
871.91770606920945427423837518520527569
873.46520100125276856452331881012469866
874.58570761737038400712519474482495832
875.29891493576379583043337903005869943
876.25281397437002510679886205781653451
877.22832048844497194840884574025584991
877.54590392985297881078422077139085848
878.72117637922559319220880884994690913
879.91632924412455337298480303503789978
880.81992710527781581528463473602786038
882.01901893855929915857911889901677855
882.93117879675614041886205673076483794
884.02777109689260682143449119645047966
884.49822016713213509831279913380725586
885.98264392563343885313814535749644553
886.87669412556881155621436593577021701
887.38765326751218153000218815643165861
888.24087518349902864641613334134925260
889.30073346433119465740114270305311646
890.18447888225915635810571267354808399
892.04829346468642447222876779311892836
892.52609825716060690251489742270669885
893.69883334356818130201763338372890782
894.16767536743393511155995425551941209
895.07755246591645076034651671171183306
896.06808381441392433471276314046298422
897.39079580093299673004673260444265166
897.69739553791553191088898020087643617
899.17363387927791817843105315827167218
900.05647478868011130423732541867767402
900.90153602848794055404659314616555638
902.36051760512531475754756337041979844
902.98419052199463709184834615277645609
904.18109562583154972371711267403172031
904.62959550640972056328632789409133117
905.69175285316732122313791066451775655
906.47291976474535833453174001612262732
907.15997586356646723632289636303021104
908.89498979541029224475282700015314586
910.02658540338369146136114355935643347
910.62175443920800491029780198993059373
911.56147092244407936080486546309971480
912.51704101379838002524098856572786428
913.21459152541098253155365986591828640
914.36553004178833396015606958780112103
915.50311402455578777929313771709196602
916.02036776063436484390732125820337650
916.85778711637241581463714948089794487
918.15962872302100035605309372593079935
919.44731866771847529412244046104479271
920.23506273817327141526017438202245409
921.53321570251388696852513403304745127
921.84854122265905967519182619092343668
922.87293133147965168471154698922436922
923.63724411405928086418374237161987168
924.42133159466349819832883325182858238
925.99175450382788682937974709760887366
926.54086924231730488444854583409891187
928.15352916108075224771348756250937179
928.85474775380410506998851962849585091
929.33534377426920845105514683338667843
930.63845138790256972331299145739142229
931.75374102753624861538612235263139092
932.41926012730290879168459456677791931
933.24639556251795026283314793583494113
934.18845018677164295149937797430440630
934.86581976107468041021299738224171160
936.28891594247368645675065764025130749
937.61095772275224142539395525122995081
938.62523500008124979275697092637936259
939.14036723748673564269450049798917769
939.85670497107363029830086182313260424
940.98956062772920362828742715028614555
941.72995520032494987927708668071043607
942.70437099330836563530447398473731777
943.90390995775294741769885366173967350
944.72880507536984320333195402641407736
945.91595238540095593631619636799575185
946.64048431381198404679457435846121671
947.87671492726456472702760012227243555
948.77804669221682873300287203987197903
949.61344327912388112104592751158633799
950.49590289565639961695972749974387103
951.33378958851441076617784146010959723
951.97009977961388880644628807689158749
952.91029818817553000179391875654787271
954.68054025188826021613707436379051384
955.59339927949672236095616466851080539
956.17696998472317040645514436189994895
957.44758873178169428407725685938169581
957.90903865418250020892377729206061634
958.69028348862713437009662247693526545
960.16046481325392145927402181544500552
960.81937311505380386521590869061485984
961.68777108835227256432170782133648399
962.56055994594014652335351400298654855
963.82898133816018836159785237723247253
964.83247804736802841648290920254034456
965.92528611504115233021016012826640136
966.77670849319756181143298216972827444
967.70317069362830490013738556591069873
968.52556776639795278107625652904989584
968.74558758093422851385933646489234359
970.43816350298423408450912848297945735
970.86486477881085881850506855881905792
972.55062107333050957547343978716427204
973.56975852485589355797659372754144887
974.14946502735852768889645791093749552
975.16887744072378625233623839416864664
975.83468320256353370231131008923153120
977.24252423372065779021349290098400887
977.91432967944305920997132224504989814
978.66748142402603372460767615584779914
979.66864274979756269491578710582467948
980.44973304903204245970186207299927878
981.56366661148986183474417506690021444
983.17830738839311033227892853387055357
983.93226554007361121166263949667532966
984.48639039010929462214897517869256612
985.52008341681782956164888631847560986
986.31913563263412665553702961999226787
987.03132581139189257205787262570521119
988.09252614440556054402504014672728424
989.20454154972196355218808555056308181
990.33560392734737330847297321533003716
991.11160645622841043516201182285954630
992.32238350232695715599834678168572941
992.87694012042044747632569142178179313
994.28829960826586832421674232672888064
994.80042636702546940418674524857428098
995.95379057600972637878761816060366299
996.74665302159670539888252649309030922
997.27367410797804195832241432266011271
998.17737780833231629450137956499757977
999.93574803655479800622640492225731162
1000.7050248872419975756379009016774590
1001.9392850865078051616499708408380931
1002.4349854036678204725173025149158015
1003.2889195433246856456845506432788712
1004.0906652162289164735283362572801488
1005.0909466695861423428107504527625172
1006.2624963069629488921514383470664283
1007.0419899133348028744022509806863585
1007.7285840673269394873708582919368655
1009.2580920477468806288480861326815688
1009.9225306172560051673582265585043119
1010.9277364359354844111012158619169589
1012.3982747103882276377731951406905511
1012.7205621114058071388654451299094947
1013.5081646124917994841401317107003713
1014.5250782247724012428480796296189297
1015.2311820894365486753166037119717247
1016.1532426073301975354561611616975198
1017.6077789527475135805586675581068695
1018.7529563267061293700586393124052707
1019.6856811817591287084128480402830954
1020.0911072003213734226442773910962107
1021.0918357221487450975993265878607481
1022.2472448256057909731707565900313652
1022.9876769569518778547214538868649901
1024.0969906533770793890581006196604034
1024.6418858450589274193275381370616040
1025.8805346804348165450860215637021013
1026.4080543262658613941397789381557130
1028.1317319148175015554929499355070677
1029.0659852604901542722975684318901761
1029.7129303813611906655473736997291212
1030.7707995580936434549285110193350072
1031.3145817831117724422449995225664247
1032.3995732099552903326180633093259224
1032.8543339753538399774530629074495475
1034.2639792290312188905569327837211535
1035.2888066414778151953733123627795198
1036.5006812453228214181922925046795838
1037.0584252190246398092350405433049772
1038.2656693690850237366176791393276395
1038.9824904058175111486566355589280048
1039.8392166740125551247967853895737895
1041.3284366122257986428472122854548701
1041.5878408050756680581905046609743440
1042.3874176888538514366024393046453038
1043.3745670042670154493493011625023675
1044.3594535455517491962305543491941417
1045.9935921224954152680097694192531039
1046.6963886170701129100489259368649291
1047.6206193157293428622356713758364781
1048.5526718558937164717698732729819811
1049.0056484647299839705159892067958368
1049.8949498020069738464484171718929896
1051.1579302492021500370409774199053677
1052.0984553587575769760299926630607665
1052.6571831476539798159468072238526011
1054.2624776636795050728909220342634359
1054.8024719033349028572037135908635336
1055.8276711951179765693818017559274354
1056.9483753736584143445482097627740452
1057.9850126583670154585798545790469825
1058.5984761957510113855423296515815421
1059.3922151819397390518489184609533193
1060.2815421661532660633462119617346125
1061.0599193085005949615895066698296899
1062.0202382045020749037165175991081122
1063.7159780870758676338916451893960750
1064.5809088036996779242354915346551403
1065.1786957990805938294590999964704196
1066.0592500056930013041503098044771360
1066.8883067663443690815509358565088144
1067.9438850033866366022694755188616689
1068.7201988728674891158398001345267295
1069.7741143579340879672456302808233701
1070.8304942843191861230339323656030018
1071.1265930441978286769644680639010107
1072.7345454850992104066813196362926802
1073.6213391285992044274181584170982231
1074.9936897529151504000627110336829939
1075.2922139613681507810914902085641542
1076.4970320601401640623533805672859685
1077.0399121841906405406508563917829814
1078.2033192436254705140267387130295540
1078.3692937945547895621766928530696622
1080.0956949210109514808492583430877219
1081.0976542362284155427450332623067827
1082.0215899957784661899869595575604870
1083.1367718683727194807717282186503782
1083.7875616769638133990191307812856981
1084.3835615140938223585728363904349716
1085.9667609524376125569676570630120695
1086.3895027684774026974244963564058881
1087.5112810060780325448918512392920407
1088.1833802778942333591691336022999846
1088.8212061169194381893673368405849491
1090.3419249006675258154607323670003415
1091.3272265198345364847582265878891178
1092.6143631105721481525362788665576328
1093.1855359296019112187976154301961392
1094.0118456854665693828975645203697111
1094.6671451515657289349283404027292302
1095.5614669089511692190836823730070929
1096.7421188430517826357165661124667300
1097.4060899948578778952725697522049025
1098.6629321226467832077233112453988005
1099.6633006090776482636061425045368906
1100.6663611746288959671713453300898512
1101.2073041538518496895694071430123448
1102.5716998845447364733254934351208505
1103.3912161200144238854386254886639866
1104.2655623708623172019963277819312874
1104.8728321037681826388292272595855878
1105.9799986042319771582193339777885994
1106.4862950006428887497774899317580946
1107.5648066074153119494148200975583453
1109.3771063114109327301622524283030135
1110.0640975001247594811484954136992023
1110.5918098598069374023548906391336491
1111.6888595336760716522286709881214965
1112.5707502957192490391698576992247826
1113.0210940041941056197424955779626881
1114.4150824937506666517415022452575598
1115.2578400335587191944189140254125921
1116.0265768635135513543231474267635170
1117.0649539798840916299911322517212260
1118.0079691874905354978312632901092561
1119.2397798832279246283582684511991053
1120.1641864137106224072064989511457379
1120.8521993061512302549634175424646086
1122.0823809938472752143937481320673551
1122.5988398936185285644047855006883950
1123.1718611094078146819006892652786687
1124.2018573311901778951524945617103957
1125.3123291924758901940132564146499023
1126.5694777094901094093195217714597406
1127.6213529747768182317813938370192715
1128.4659440914954736818985585805340855
1129.1058550225292477304074080293062403
1130.0255412936434284212788167620364577
1130.8513769166056752017725251318301610
1132.2571689893465815471937222010497575
1132.7339088160558734677698774643087588
1133.3901074774131251654559348432901591
1134.5773756473233327447436944215408294
1135.4566344140680571633629575792214449
1136.7388916986141099466308340184555044
1137.8380015278071319935695129571234581
1138.7258073805000072455434921841609042
1139.3199223439804620578241996159707343
1139.9762136731484261146034123210146147
1141.1344594293060183871589409255378304
1141.7055128474388651174097891971216881
1142.8295478712774279822583995232397202
1143.9829774846032169288324288319713458
1145.0138283344151986489128728991762085
1146.1640932416447074510292446044728879
1146.3733199593152152034467689661133569
1147.7498917801931218903404893243015920
1148.6980889344856863972317641756500816
1149.5019644733466052884271598921813783
1150.2400077968704120657267404731994840
1151.3740647421554137029997137240870825
1151.7828213614078920496447360582819861
1152.6607372438541132457881447548449547
1154.7425127244352755716928543836138015
1154.9338188056759818699183272338027794
1156.3422808216750676594101675301115788
1156.8041909486871505302349994897182704
1157.5911776501458919286576008928912192
1158.6837611862973332883941289269939906
1159.1728342145069131246915086402694136
1160.5726075076146687076669786510074970
1161.4514701095357380673665464781174013
1162.0799864085971044581421918323730320
1163.3799225743834939095873367045594438
1164.4531501348341089574165112541206998
1164.9753016000252276005391981546983777
1166.3891932896086697332041265208518877
1167.0238631036422884196541404461054981
1167.9561949127181629556006656698564714
1168.4447062398413290887097571517261978
1169.4202535750849755492004350726548662
1170.2398824953869147828904029310491050
1171.6680718621052348404008998917662992
1172.7849567259170217740677116605661827
1173.6624933157912841594537573616476323
1174.4672841115249316001567871434890660
1175.0338404081948453270538193682971391
1175.9352482129040854293530390899583028
1177.2356487649280222326061844390670440
1177.8853307875147348650560224426950580
1178.7427526043890761167953126962006034
1179.5599364031009264002084684814240503
1180.7435485976174363752319177782602304
1181.4960573634464683530543411199994923
1182.9830980510871742722174499350355200
1183.7586256334722677702531282639265466
1184.5101905850311280581337812510849037
1185.2061304687245668841983671623620396
1186.3153311882224626224828685559448889
1186.6155402609419706654011134987610553
1187.9357531392599955341826495609565296
1188.7079937097910226934211749602777195
1190.4817012439523831634600187814116649
1190.7905525089594915988813205673043204
1191.7192773694722010795436995454298346
1192.7883938851865098715976987593761831
1193.5145358440971135431761927779887515
1194.5177710855445811930843572665628390
1195.4435274783191005469458833640132505
1196.3887945856316167663357477470741293
1196.8722866017096834491564704303694079
1197.7519807144774401538154838094429939
1198.9942233939125272599999320610269859
1200.4521630365343442595708566679985738
1201.2280628350938072124977211820057816
1201.7367391160573013006813485814420205
1203.0113543218463100907315272022734372
1203.5443983779763005075262556056310619
1204.0324422232787201404365361266733268
1205.4157881555632501847069054264709392
1206.4270475487620428706785898733599508
1207.0843393799480903260452100605719676
1208.3503035240507688752883072806537794
1209.2964973194541825190711504979447979
1210.0787911410835516486355276785875796
1210.9090363864197499382362695388970515
1212.3367627741355688901514466761848566
1212.6852777833609280987934575091386132
1213.6951057919997733144438132838339109
1214.3256023212629426596053953793046076
1215.1564950486032576173830474722690553
1216.2137787696637020800677502564398540
1217.5509675223866539599955989631187293
1218.8067204410679146583859783294276583
1219.2750235426404684455582327960817514
1220.2913899033362651836485538737442577
1220.6496774593644936200099982348976143
1221.8901372945044319893227808945529635
1222.9011699394754259746718532065803557
1223.4926624530169891739514532739880418
1224.7274156858807329097957651126361762
1225.3351633616462824823956131443691876
1226.4849536270435572447309623282978194
1227.4682457146216284298799030477050168
1228.5351746801657132466444798186719111
1229.6562712314707170607359081143641436
1230.1101669697978324542442162337755334
1230.9292725440191735576584478229508814
1231.8798818821880629159786965133172850
1232.7961184293970560900143089727616287
1233.0789253942057706956285680237155493
1235.0082381196360549468345211662025417
1235.7760233376900105428632549369940488
1236.7320899385169593023868675639692063
1237.5601182851388182027832291584842964
1238.3010976809696888956412173353698684
1239.1776264028236412917656493013636332
1240.1938774079252510512131159552663275
1241.1675967478990458756082702884866133
1241.8771611080204122439958286113380754
1242.7553447741980711248735278864424431
1243.3307526515743257453409807315435470
1244.9133336618199834070990071490183159
1245.9603899036369738312161429610567828
1246.6861481934650325476180623591327311
1247.8145736260052513999345081802970131
1248.3724679693715271169654631839924532
1249.0175606204289704002165978051310760
1249.9225267976012183970921670937364129
1250.8735309923000658333455381011135275
1252.0942300335329820176044869627240773
1252.7146237892435815045574061770828807
1254.2606349497272761856485784795504154
1254.7509422728008152986050370220682526
1255.5887006686261965608630110279227797
1256.6189745247836567679570159767119777
1257.6172838197986927478441243524603245
1258.5674687588876900100470885051182305
1259.2201507639207414420351976719051123
1259.7275832341709010684298612381218611
1261.1259551944004145916542158822544118
1261.4891571422046843787496470188133219
1263.2693075301027407078973746217194478
1264.3152159039799286453550842633958917
1264.9495155215293182816815079518851201
1265.4781525827385948042440864954005008
1266.6533375783171336703158557515028494
1267.1993050152431408028191319689008064
1268.2177491559365679609411623400025335
1269.3585103954177180492310174203394801
1269.9352125260327735762840942277646742
1271.1492627783401240379245205363533181
1272.0772997027474499062693754004581878
1272.7792647322612013011673468586883689
1274.3922964017442439692225124675806648
1274.6527953105311663762208696343529664
1275.6980655096887880809770279180040444
1276.7570927051245636983410860769873381
1277.1687962750604936628738886128494089
1278.0629424675552658785548453432727795
1278.8053521159509654808147767029796756
1280.2898424361524438315767605248451657
1281.5600600421566742189450076962910752
1282.0176678294054189361980099376523142
1283.1244154606688534955958883107036837
1283.7445069420986455364794986448162864
1284.6081352507340544581986379750206464
1285.4546512897421311328388859933942345
1286.7950941106947825040500431930869763
1287.2539509505415711630746470009628101
1288.0796936625217228676773539750195661
1288.9655332923019874244326699848266340
1290.3483233787694947117108208809966324
1291.1318529639521621221579870152405730
1292.2795852555772018281763168421775506
1293.2321294250116755543385945565287538
1293.6560738596771249830743104812528985
1294.6373475044494635435151395388868846
1295.1757888398245678243241644677526438
1296.3429766093205073567530154262728321
1297.1626786084261262721864596102270713
1298.4311236479291415732794327544852735
1299.4126718784473159469069108285623105
1300.3575671646704758589679096748602695
1301.0671488487773459075613240993789855
1301.6290706475771484357348764998681622
1303.2712283761251538125531895453420830
1303.6872568838685671305494645032575666
1304.4004114862516655749283734633759385
1305.5646638744126538646232123628910606
1306.1442245764024327928541876051377331
1306.9238545972449951810281257323128690
1308.5148133328453909369314503921288098
1309.6051700427849770471298060324875841
1310.2592377214444129162205460155852838
1311.0589603053400594407602887989335786
1311.7405532254118856852513313280591278
1312.6686466646186512079344775254163848
1313.4736217616852234965438676396920377
1314.3775420993755507913705836453829573
1315.4628062494357049957778182012373274
1316.5808904944514663881641983567740139
1317.0648375945156358181475590999441509
1318.5504221117027924929979210790262342
1318.9920777423730548868645793774663428
1320.1889325162119863372236456907194117
1321.0966367982537089355801912424749710
1321.7514059024414156316144887183772819
1322.7981538039450563260752496628521779
1323.2514398037898884264370427381335742
1324.0084428525126324296708989076913974
1325.3620923084613221682943082899819427
1326.7865015527376371572759239447973323
1327.3652953755295957112390440032108832
1328.3250020222300176374172764763473972
1329.1639150780055547441225425625434990
1329.7400709961755757192903781981812186
1330.5667936077075120583669706508017889
1331.8691308519876900484685346569662753
1332.7437906751058348165814510583402996
1333.1261171287060607419780236677928993
1334.3208492338924492607552344976640385
1335.4894506051019855636938697757457548
1336.1679595126512386965047589733300396
1337.4972012698331541467568902452409371
1338.2875452253642536606804863315328400
1339.0512293793083133437981781121466832
1339.8059316477656208998262813611382309
1340.5078539083077518568440511585774776
1341.2964807981246194421939451877201161
1342.4131117210135165277803836256090364
1343.2885988603293604609186379880387978
1344.8261486557513218201175974738274553
1345.6511772479937062146621858650107507
1345.8766447493083254604663550984650817
1347.0939748439839749237838620884219579
1347.9746746734730640463924440546569400
1348.8835460677451723065895549397067608
1349.7619885937792407412927432550275263
1350.6569182665657973529169877657493422
1351.2138333754322161546765649324697430
1352.2788403763153219212787638608784341
1353.1499260763938032914561569082440060
1354.9396194010635048480175884226933470
1355.2109109727567156663361854083732751
1356.2673518637004214902140444579367474
1356.8901653184441502783659804694065807
1357.8725372538582327932715396200430413
1358.5434626096198474973030974828361381
1359.2161026555695019697214947209560924
1360.6487246334641887059748125135036086
1361.4024439837274858204627970232142389
1362.4227349571013889648067203274860250
1363.4797780139541303804493063785471896
1364.1070261025230711657498604194731384
1365.1923170467376518507845904836265353
1365.9081142914239691422734533280343265
1367.1693997413711217828421540855851338
1367.6568504207888518559080586582858174
1368.4210842794377749566677401812354742
1369.2781933779521060709959294306149290
1369.9730874931104329444193699953029118
1371.6818337051537957214378943220937928
1372.4238506950499876220132473153384521
1373.4175527763910782488155865818444612
1374.4925813705998307191086590755861489
1374.6053548605078792704102691092715505
1375.5268893868840416366044302047376607
1376.7874101058064766462497547829535696
1377.4651611634255035752443871710581697
1378.5572667772266539672845853665114162
1379.1444277775265305495221896357307378
1380.4126391979147108714134342328305750
1381.2736328345034214834824847597366078
1382.1401210629698983874022256779628273
1383.2323730322024822202803864893293238
1384.2554371030906175418881522725385308
1384.9224706187531039478675823583689638
1385.2684617623637921099283483800257781
1386.6184047269255844006723144034587959
1387.1441766005154404868386553631590036
1387.9435617940207085830303001816830125
1389.7784412738239543714498737594599452
1390.2967976547659177997788314644099131
1391.4904907522884864185819820644759834
1391.7610696299567134228519701161662295
1392.8955758910848992675074610181859724
1393.6500473832695439153322335395852822
1394.8131877809543384632226671112593409
1395.3525785976831900177992767598806563
1396.5325860711795789361050890786312381
1397.0784867599562787115984704676093773
1397.9442998990881152684034943204567770
1399.2960516249008188509291804153083382
1400.4480918214497254984951773994530202
1401.1121273683911075054614269409217018
1401.8976297181563636689242800455550082
1402.8413095796117755189110326225117895
1403.5811576976695983379026832659003821
1404.0208443243993796680769673857612895
1405.1771190660013951810632754709564866
1406.3239880712230904157348604677052296
1407.2332997664802420480630629011973851
1408.3560295790783042681561166089106483
1409.0833642269645429142117435881597311
1409.9678132254440219688683337550771085
1410.6864248383586157324284379649258074
1411.7525152531673080265380219027968564
1412.7451763087360925364401747167916856
1413.4996408578092538005078614436125966
1414.0508301349223057292554787298251910
1414.8226467017337565427317447470314592
1416.0805091401990104377704377293502455
1417.0831195260050347938991177096500751
1418.4719914459590580641344125263907557
1419.1533686306267508042490755534047216
1419.5593192236793055109828402870061769
1420.8423160991601216065462453040412881
1421.0801982618709137281411572931316698
1422.1977752955728347390823412178679174
1423.5849969867101187941904876083672582
1423.7120478168727602456886652555529942
1425.1277248926186865340315230431118614
1426.1769375305976634080154066968523441
1426.8524004540401730561679179268272915
1427.6978797435409126486341214262213877
1429.1501003703462035834789285492048220
1429.5592145199571029912107336233079302
1430.3488106757206356495161955160895376
1431.4254450401287762995781750137303283
1431.9214986536969597244281149321318017
1432.7361589490004080403884086549058629
1433.7223506041830227228501457475828159
1435.3534561019348605926514733230243125
1436.1168978985918977896943303652289579
1436.8246407958857362143210986491816497
1437.4937891731492189141341358698066218
1438.7142203343091667609178572206297044
1438.9566664442408227552206465983647861
1440.3417598603082992581938359293162533
1441.0048994945754125455559036213383256
1442.1983324880478747157103491552467046
1442.5554075473463796423328437211816727
1443.6498309675142375059022250063265353
1445.0283556829184101811367265082420844
1445.6993476568830945613354150490443935
1446.7541469990331651289973489168972239
1447.5986746301145689933038206055753609
1448.3009410074211085876931419400764066
1449.0001891236858735302155809859486494
1449.7585790035260603488040505483822052
1450.6037501504161652032202794609345214
1451.8186164354895532442471526375853007
1452.9858561472828166780122264374627909
1453.7218105601579075743931314230040740
1454.8236784733748663843070975824258284
1455.5998016090761859856343144211531188
1455.8467746615961780118835414288500108
1457.4231612436127068081061492611937268
1458.1909857121524753914051003817717935
1458.9149004684136605301112044125799483
1459.5183888495919237935374895732866318
1460.7075960144656178863836075919530583
1461.2364049940915584617442011004103982
1462.8369116424194385938785586866360859
1463.6633759228837708798899029770526839
1464.6785879131002935203336531954249283
1465.4006643961312817274863094986807278
1465.8505679326835044535364403205287663
1466.7699659153299866831778964825860192
1467.8367640407179347796396988192364317
1468.4478775629356782643594193633860500
1469.5955225304436636093606207368548101
1470.6062679891231312697512182175875354
1471.7240720047747731883306933840498368
1472.1886402025852731547836873099535547
1473.2753810621805902169797678557950000
1474.2707272705737939606986825807263291
1475.1089827891505436695666647409983349
1475.9007676664003611577064726007348291
1476.7238093488760059177543948705885317
1477.4744685517219505100154613280675907
1478.1917608887740659740377178785101732
1479.0292143788167773570639249682387951
1480.8348851718468017650826098633701707
1481.4536601454531239564163442625586545
1482.2191076208007550160715588669050382
1483.1410942928629331859665957634902566
1483.7308490273576618142261390432927107
1484.8339326289459911480557260466331283
1485.1746367606934013585557152061012701
1486.7894660864327139789656394907262065
1487.3792677670811220668782408891076460
1487.8952483848094918092236047181552164
1489.4047246387175448102712055129049434
1490.0306583026705797190318690500519585
1491.1513357403420413099625354425703731
1492.1297481100111840397904369291745141
1492.8113022908573201942015809299926606
1493.8985772098709831260744339735287730
1494.3284635188341081310593633211021080
1495.0699482022787968146177025580828191
1495.9174854881860045859421129910841241
1497.1529749268224680440657469765425345
1498.1059123134090186989387261549485431
1499.4469830690374564860759734891267051
1500.0380241642102722609635003685796174
1500.6804786523268649082616326180645800
1501.4732120384812970062835328479373446
1502.5317121952380570112584558762657064
1503.4302674953849613536037245217144880
1504.3381723908912948173698539299505638
1504.9781055890776320217681510013446662
1505.7452034410653390825898434683297671
1506.9142269260391341299902066743484691
1507.7159884952846006656152059576768288
1509.1045569874586764442922924895732475
1510.0586180469452321517027870759153209
1510.4332372378961177966530411957887142
1511.4072806588387411057177500253299598
1512.0508049832065590505849479723131764
1513.0860372744976905495959887999904441
1513.5980551537633925182028800242348830
1514.8092126010396176887539453870606295
1515.9374448443218285654677506184743300
1516.9848500887470394239568035316192972
1517.4816236734345432799607175717900032
1518.6580837085326437664079475655131017
1519.2304288086815399148309741571840074
1520.3895931186134601295592986690329970
1521.2051576117992851655529418522829986
1521.8919910794863317278468293820247921
1522.8719779872826925051876599955585850
1523.5090120622606460954248656245587665
1524.0857610093982531481751574998396692
1525.8189779931923704077811275372471710
1526.8923852856766329234708955513060534
1527.3083358014365234968899890129793097
1528.4616441832055712880147959721256548
1529.1796984401488663269017158794472081
1529.6575966818645484931376519340336266
1530.5457213691401757147231491888885407
1531.9036621916266527477365289093310488
1532.3095856415417082881059873026486987
1533.6267105905789258187755526586696521
1534.1461068813099624639473766549807698
1535.5413465830627191999128322485956410
1536.2133987791121416081477680957210924
1536.9780858895908189979213617184534388
1538.2510744885273570450378226348618461
1539.0956027731320060649710426959686577
1539.4122751970312685360539113235208517
1540.3344897637959842701828654822665705
1541.2404035377799956109604851227439459
1541.9467641823447366142967068899086139
1543.2451575216408821968434337281750235
1544.5818599110243372062012361993252802
1545.2364022849635183124317650032995927
1545.8640826357856837624988417279645265
1546.8892810827236247032645270327433885
1547.2602043900139676202523914887845336
1548.6472412971377995936628090365709060
1549.4084310782069618590891413276505948
1550.0535858757796320359554547101773757
1551.1252708609256282090871543273852139
1551.8560137748087696237050758382699996
1552.8644207717871675121516095530746751
1553.9320518284458311506578137431259469
1555.1431916318502899787859592309113433
1555.8306633644865560549699690282852445
1556.2847486419396529105036523272406712
1557.4511161080039633986971600074991587
1558.1013366948998652416510914072937809
1558.6520760754589024814917645404594248
1559.7244235046566728653691514154301249
1560.9356275528869249515471005333396403
1562.0093188642225308442512236892324442
1562.8436946300732783152993352387411811
1563.5395927675082862896737534154183153
1564.3589394615156980019164973373748781
1565.4957988787837860205145223953080754
1565.8977884173523437281049150340158114
1567.3583252766492410936614188502046051
1567.7527407030284491938617591928625857
1568.7658269965100689922225209861675383
1569.0522585235367437116039735748782267
1570.5988652039953538672258305878362439
1571.6367052097820568232083740573358147
1572.7391879103137538700074713953368564
1573.3581639775620420832156141063538410
1574.2485160971412717458687818923844118
1574.8357465824275225384156706743752280
1575.7577939603904607599655770845423755
1576.2801532667515773060397023945470095
1577.7715082049376512952195814692008137
1578.3335819862394685755138476950869593
1579.2300322904240907045968935078919929
1580.7223942483062689115000929415414799
1581.0667100753691312888856300690656384
1581.8863024727927883016173951989408097
1583.1326346230348795014488939420038249
1583.9730334446336150706771078903693268
1584.6761140468290731207751034733153138
1585.4922638115540270094516957377579178
1586.0243142003090884137407323605402551
1587.2233211626416560150595976955074689
1587.6751782483778492464688885326298103
1589.4635735553019495325156256420487769
1590.2063803016241569993452108425646699
1591.1651714069312895052076214699843918
1591.6672236695111006309432882045449476
1592.3683315519465207152720662194229306
1593.4553504980329180718633044634464932
1594.2003958322586241970614225138983864
1595.1510886175352409285166145092253322
1595.9911126542768478882127725751175015
1596.9238580284169790573589844623157194
1597.7455237931083374027885144150080704
1598.6773410023797329451750683712397470
1599.9593462771419435288751294692546209
1600.6143625824043542502045350717737135
1601.5079567563469543331095352870078314
1602.4433002397895061123738880522845633
1602.8951197221778299169040025443132067
1603.8370131040735485934694201279321932
1604.5745236806559097927505081699076602
1605.3311851871161412343297834005094304
1607.1970344761186768218881064189971563
1607.4771439884520533841645869307382586
1608.5429426961452993461509522727170791
1609.5499346260586559503100028449852815
1610.0280371377712793038330054346870315
1610.8224158982404710770651047449844105
1612.0059210891433101159950560173129547
1612.9506859494709690440703665811916581
1613.4519074644882554935026760159657017
1614.2918052771362207016838212730597434
1615.1532140275990829170564506135537515
1616.2729766683875551710737457776220299
1617.6117971334728770536903897323101834
1618.0836311416996041771033777735210296
1619.3476206897763940471144076322268431
1619.8584814588325879411852720649273102
1620.4827370176161429780638312867028791
1621.2704519074352091761291476659016812
1622.2329074331930017976282169292051629
1623.2675423053829988265540242885298820
1623.9906162818762715665589542568577254
1625.3589347871972302185378510862538545
1626.0811068709515187756699120508528313
1626.9449124865672266823823649696948248
1627.5040725828864647989715745673966053
1628.7638153289237577172256130905894970
1629.7020389132527426900854580619199036
1630.1695286125846633953842794474121538
1631.1780627048735065968388160638794091
1631.8420410736157816746003577549842108
1632.6147509879776746543680039771838523
1633.5986938811272917465624644024231861
1635.0396141110236373149049773364164075
1636.1967978999247677999405888857519376
1636.4749835632166693119467294770956023
1637.2065157310395061540319041122015487
1638.3256832831827080181169440274112943
1638.9024798248036653200505390082267663
1639.7014511204789471886032554704857242
1640.7941380892751529378432592855178797
1641.8061800167035399902739245801609054
1642.3461216445231604308610843379528046
1643.5935707939518013731467886040543954
1644.3398882687263846725600784118286331
1645.3572159837790461354417088757746483
1646.3004258358262786880680386767544233
1647.2192861517031814667458797759858829
1647.6610812893575985644850177802274304
1648.9550078459354980696638886861834095
1649.4049913239361459788028173013319501
1649.7243335545307070374520992237704396
1651.3295451875805968785730092193891679
1652.3463960314805333393244246203440349
1653.4717917415566324386907482391925322
1654.1474370435297735317206189180971750
1654.9117878655777065951094624895840649
1655.7535998731008326572152413903971257
1656.2859950623219412450403296929968740
1657.5422255147003410750716231591120818
1658.4184394880317374339417004346003048
1659.1155008644988005573088883618654250
1659.8025535582632087353665704100074439
1660.7767289118904325461553131113676469
1662.0615781221409391234975434182397920
1662.6618506097026457760039021292800467
1664.0686750673024504908536211939115544
1664.6016873653237781115317879919031269
1665.4885784465996650056032493004783225
1665.9588583702510467909417120302405857
1666.8786523707342126903665143165021231
1667.7425344595727524883852228392615859
1668.5844378540882786496087516533808586
1669.6547860427380293714497971550555693
1671.0187457811044279266789784457322645
1671.5367550391883850915828915432277673
1672.3348055376122638622243571265337592
1673.2360222250916678533222346870462368
1673.9665021519942368801244507150008092
1675.3361365911842300008501879344512465
1675.6452842662487881145320055015120027
1676.5060806645386125714164268893151719
1677.5797139670216998721262326829441341
1678.0699539590360221718559366059349683
1678.9578108690631890896511520412303174
1680.8330873997208839342644292979529560
1681.1699713020488156497240830973271335
1682.1010991200456551016882211481607770
1682.8668954730390629794511227315120329
1683.8287350453245925708655113797955655
1684.1229780347558346216701340183496231
1685.2951280595418218334965627580012169
1686.0889239871232805229044171166576929
1687.2127253301606404080141946181013653
1688.0266371340258154564735034685339642
1688.9391860476047752440414619886595251
1689.8690978224656393303672563740353272
1690.8361974842284912618757705704861848
1691.5186644898990575537529550450647600
1692.4994866262362336500725088770677459
1693.6191831597449520890608441374523638
1693.9774144348677222979361907105001296
1694.6518558127649756236195647633313844
1695.6644494723711194482059053512244149
1696.3589377284612349332591438871501301
1697.9805535901614628911864605777368719
1698.6820213617749008402827271610770569
1699.7212845111146634039522719009873922
1700.3533453474605103788195467343563318
1701.0631499328515623216042677461218700
1701.7124391079892280129265089051484749
1702.8296756822145003872640213925091174
1703.7520911220557668579721599019346941
1704.6628845342609667493101362945787718
1705.0531878474368898467912623765659164
1706.3618269543034461768140578725380328
1707.3808660972361441447679915249176516
1707.9050509207560846145022898536910602
1709.5370146624886568465229046355281924
1709.8490230906493027838167208644458160
1710.8571120138764848387283570913077005
1711.4141314192064438564765010566005133
1712.2567802462891637743766812784133966
1713.1605281127198042455129591236050216
1713.7015796365985462094182338077192512
1715.1026276304420182426546476755324065
1716.1916814120464939345281676666110271
1717.1250869053940914286212817990922526
1717.8074815604254806772263664475103391
1718.2303488798292447285585782188746626
1719.6014816961187390623555038790464401
1720.2572692659405451292302445481704917
1720.9744975023538674966113686455923575
1722.2960525332181893933916529619738277
1722.5778825952429066932637606578985884
1723.4200928614376191844296042660032618
1724.3940906306952780853755996763935968
1725.7508983399433884304904729195405112
1726.6640270656854628387081672560947405
1727.5642359994779470248283900597204811
1728.0575657654532774629583926055089627
1729.0010846084021156001180478130815847
1729.8968642194529403315057022360919043
1730.2026991731028397536565925126514045
1731.3355973042393334489093553458346213
1732.5720324760149040804492301772783590
1733.2385840397413277929472989535064173
1734.2481747323949594892424690503930083
1735.4206927553302756594753607375240802
1735.8141865652380292733418157530101085
1736.7575035922732439543927888996730996
1737.7929898516885009185750499244608453
1738.7153596762936144369047534440789696
1739.4364321942778397196390155707400873
1739.9860303168057655386152752981173507
1740.8646666125027076978314300221589014
1741.6451451218200972785963541368289575
1742.9085282995542849422529840505844403
1744.1507174235509387840590109825677563
1744.8412279155596785418853323059236744
1745.7184326375014831874152089986774082
1746.3646228053586637898659290913902058
1746.9517328691100086736011493476231603
1747.8800052826315794995839009347781935
1749.0821688693165345774207844476040256
1749.6426833769229496820658818121192741
1750.4340841652107737444689371474499349
1751.9329556661252940722368223378180101
1752.0747214316485650716502117524320586
1753.4840454384534006223382694755757782
1754.1726843361603212896643234640804412
1755.4195514539634654473632904913070408
1755.9565412664985310317429455903012257
1756.7454194891940294712895367538864140
1757.4640378108372993391896834578917557
1758.3162249000683407098094775458184198
1759.0371113551624524685502353466610319
1759.8736113801200795088427532430635604
1761.6119755164495168181317697357028743
1762.3027288282238135627803018577598059
1762.7104006763354722256755248432501543
1763.8486599725053415804175493360598733
1764.6629471175404474613699841429623604
1765.0990606719914365812709377791445357
1766.4102279162149134938165638509200493
1767.1748277535467133609224348411979394
1767.8661051741420828328364603789819147
1768.8856300570067362682332121866015917
1769.3293771651771461137679050518393954
1770.7496099878006840850126148026018933
1771.8353715930562868306446301701670745
1772.5061712638864067255933950224578978
1773.4592465463477075091837996566358639
1774.1787669675520671944364195653644488
1774.9109474969825592971010850077841551
1775.6307246697123357786709460214240043
1776.1900316133515558929900328556331648
1777.6650231117493587860796510570742383
1778.2484857361713015856445318920317869
1779.5494125992897439441009822244981896
1780.3191207953473129179696372264606115
1781.2666287833470269489159723808732893
1781.7063674334782406546203624947755993
1782.7035609004159607258736857859666506
1783.9491532390482986643317047569720440
1784.4021415057973740592152065540666061
1785.3301950587999187844781205616488248
1785.9771536152217175502365567058564047
1786.6983318575371311712792726906125530
1787.8712848406827060365793507535829186
1788.9237557260446712534780522137833269
1790.1506882619397239341450719073558456
1790.8596607872639483615569610186226796
1791.4749486802248644684470552996931331
1792.0007616074377968915099638344044034
1793.1878247275478892198720535561832255
1793.7440999478025818834134277917294961
1794.6824425697751183105568423826911441
1795.8118594994746043675223683275596452
1796.4166354698067103701576848927788470
1797.6784415921852018159128142069025396
1798.4153390656343209962496286210845751
1799.0645506695916779173066727709485716
1800.3336817485417721960457386230642050
1801.2621517672322396176447847425156714
1801.5812341078279475148147009569598454
1802.7474329583088987803954963910622234
1803.3491375139972233632530014820496089
1804.2825144519556635427719234748854111
1804.5520659300349358864596248324924910
1806.3076546864007210671031427531463273
1807.4360954465691406921746496011729135
1807.9078243805043396725836881652043281
1808.9547265943985743132944139061369217
1809.4948212205205636727323975694529223
1810.3685340935635892232512492541008692
1811.1348945915427078168050893626885611
1812.0713534170012403109742407176154035
1813.1489234636254684701963886513051289
1813.8232276296581955956945717559205453
1814.3357447238856767061856561279129978
1815.7471304551782095333575964234616272
1816.4700339086454659608904508962240417
1817.7903799805390591885918225968520805
1818.1073582293906810236923671985120496
1819.5431214884525844319819959022621238
1819.8604697141341647693450937678746380
1820.5744247264291912871705621122454320
1821.3096925300230168281014503430094141
1822.3537673150876851190086965522141653
1823.1357810276036571129866830734353404
1824.4798131844100778255541704045540103
1825.3001475275682293825757539610807283
1826.2956329757908832750477031328379430
1826.8045201374504937074440356501094379
1827.5851317831661148236861162700511731
1828.4940583381404921562743542430620308
1829.6426272736659568874129655639457457
1830.4513122904555774443508777535108399
1830.7122190180859936140018178696026802
1831.8734308774348918322811876957088598
1832.7515995454320060799141959955567600
1833.4595839106215402733241086288194209
1835.0434244986291636248656857767532289
1835.9058209152195944804610761059171131
1836.2616633788228999008726854294564298
1837.4388140311037231720950500113597003
1837.8563278084738546926226712603566926
1838.6360506367128827971281751557450605
1839.7372583189057116951650143846129679
1840.2979487856845694112107351270398626
1841.4983181478081553974197911906089238
1842.5094678921001512192878879155767970
1843.4048945819376634321076292924324658
1843.9649342588959684202506102772665726
1845.1267189465581606330849910044778389
1845.8587724400012496627936272656036707
1846.7634760599637280317106728747974978
1847.5856471061518611455418166657840248
1848.4412522384682168765428614828123325
1849.0256121933262155478413322763955246
1849.7704532300424517838506926796859203
1850.5664026903329659803870113883675155
1852.1793220257847415365237650776652892
1853.0160907533436078003714687381128467
1853.7241293032067548408454957571983868
1854.6055523736209710628258504163999762
1855.2113413787767328659782445585561194
1856.1817592168276417754809744075539527
1856.5379472190878934473549040651191420
1858.0303153609046715716471516597670263
1858.6077274883693666290577945130776515
1859.5316714529081702400883945890008152
1860.1569911630722446852886575918788586
1861.7204963145195065785044082429684264
1862.0277197222602450447866021585674251
1863.0673921125697646149043665533549283
1864.4097674404287233034711322472609497
1864.7282205806008442514309807617788738
1865.5422974081467653498516384644816539
1866.3897589759249280021359511349156922
1867.0173750573561579673554989435931190
1867.7967765363668679766433329061498692
1869.0384887264071627737985573472458762
1870.0154386087528963387287578654040798
1871.2862783995798986138939631695664766
1871.7838659674943241612916896869864772
1872.3810595572454163230104339140634041
1873.2011254145156957668625253750551310
1874.2553262483905046799636995205002605
1875.1837547295879366671637775105876095
1875.7499625454339964244640754787154416
1876.7341917510004345182983627533405948
1877.5533696519592352927179926024080783
1878.1522344616478083253185565295441676
1879.4636073219760232452056882591815753
1880.3996532750466210870182745741452476
1881.5265613868097809040416408797088163
1882.3388663448830200773072635954632164
1882.4125110746397938073746231591478178
1883.7690716582483324888543203253344203
1884.4102618418432197573622308232033286
1884.9153982632040337244037006919549867
1886.0660596113252548848311992403024963
1887.1503703831596454760919701830867196
1888.2277962164344717579439918166538215
1888.8475106498743402941845031534650611
1889.7691462940275262170849215205012617
1890.6841358610621654849310828850640532
1891.2549470978023212767710068950315638
1892.4125033915204502316209089853432155
1893.1493631051843345293120469630282503
1894.0645146374198884735151789698684857
1894.5128975400234600209182036629471442
1895.3859339184591584944853024185641814
1896.2053785949286738829000169350305258
1897.7971120457670280929256545403768220
1898.4783382764007384136721431217513069
1899.3736361892547594484192869818132379
1900.0891862280363211349992930673981178
1901.0445669070675451643966339211922428
1901.3415115612775549373513948358957526
1902.2099387673630884034380477615934066
1903.6203209256411101741473361709964900
1904.0699896191569748529613748656420305
1904.9217999217537442582400211440181330
1906.1793767456975592348325024031465365
1906.8817302978273018765656512044206982
1907.7334370848388021284869366610343275
1908.6498592038266161218160841473312891
1909.5821733466958055641000632726826142
1910.5495532449755084674329349287489026
1911.1405147653810433333879741378826830
1911.6785793526269766360260789289171449
1912.5895489298855300460723479557534854
1913.5692041607217769299930748770971652
1914.1611764446035789275003542404981849
1915.9275589278387496413920910323639781
1916.6251241337696979161212948986202384
1917.1287249333171473969330368290871689
1918.1944972206890795313995537000625422
1918.5591450885591301023892893252417361
1919.7638537858314969830330969085123598
1920.4089125504241586787037890882936520
1921.4778376207013022027788448048839846
1922.1482872842621152972168128216678609
1922.9514175985877742264944564824481235
1923.9616649721859987961072346198119263
1924.6884123001419222713002684791790672
1926.0567289617991763649496480468831262
1926.8399778042953120366161812357248184
1927.5113696524957011127964560513455755
1928.3084537632216330633440937321731953
1929.2126857735141913474926262694252897
1929.7116056866662780846926060240438440
1930.5611995344473062387365016284485560
1931.2896857141721974438060106542181931
1932.8626592421253735522781426419956521
1933.4113963438701177377288636462944684
1934.5320349529556178902446815966485986
1935.2884343811928875708034966406629730
1935.9413247181821586953696143963506046
1936.7204268181128278872074978335077231
1937.8262285692121435152208667504093412
1938.4929567085295667173979673970721688
1939.5430644065530709575970129793286930
1940.1989442429270102782264056411038803
1940.5091332198819628672862670333200079
1941.8729046456855279194012906786576986
1942.9907589032327444680801042822929491
1943.9174422709975059221513226670261758
1944.8429006343671554416268394290879520
1945.6616191060820206139776277020224894
1946.2740024449279396613419900874429922
1946.6905102780417793750540078731124786
1948.0605160757502629757747175601426008
1948.3545815718594888171920430074405490
1949.7865488122776983219753702387076001
1950.3342661582851415791972228752415581
1951.4501982492762255642593981334634484
1952.6098348759391071426429388550244175
1953.0178587184965805648201893952339660
1953.7684882300967896726655695787479583
1955.2657044611152534435927761364107471
1955.6333941754872355156555187490045764
1956.5559571528970104518951080020542662
1957.1095434225367290297622377898622331
1958.3353212177526879892527580503248291
1958.4962429975095745004458799178952670
1959.6384094048003020679926028228031426
1961.1588036929878057994769800685211311
1962.0384037940800093165457241884773275
1962.6655032626905933668712632706629205
1963.2949931564477871888612678065542869
1964.2573379607224348132218715465474601
1964.8463496095904313934160642562951632
1965.8343616888963063841815013742558262
1966.6462130051942250435778770153170664
1967.6160827072037263561823296550507831
1968.3834058924185577048557565035265054
1969.2117883047425741177351428463365959
1970.1530855553509170789431885944605604
1971.2235361814229238946553201845765082
1972.1732093105617886648330142168283824
1972.7601145548793274091729244003668276
1973.8144997700441499841499566612483208
1974.4457006695537922202444045406958963
1975.1978191370345186909526457720612610
1975.7144295441821972436208582763625301
1976.6981931730575344871536311427502547
1977.8421502664786927435537010488512177
1978.9708991710257139875046599191811129
1980.0435721161456131437910270786080242
1980.2377298218196401552119332998996104
1981.5950306441903499838085059250929769
1981.9874659799895638000113867924648528
1982.6659624279344954860413663026048281
1984.1931445575108940286811715760033327
1984.7081179346721181845331254738532583
1985.1923155502742162772381269753286684
1986.2145338277808610734843985955251021
1987.0763328410210776006360441981242653
1988.1270611021212384962245420694261116
1989.1482190822618141328702930675326643
1990.2590376862729604214245059723605127
1990.7537363181971716777499225659803881
1991.5957823503281977698899228086902034
1992.2882514325777083328434931906041278
1992.9107409702299116184056422654804758
1993.8291385265195910827145241171910306
1994.9546945728621147398987435136649707
1995.4531339267104414399670488288987601
1997.0196524632468508429739143294600693
1997.6132467683742481793264707870239824
1998.3521926807618787719098671539780686
1999.1115663911390951770584097397251637
2000.1884717254843481313276520500520397
2000.9557446722321324372917970362943096
2001.9895199329225449163106621685311430
2002.2642388451951438165633569691400939
2003.4778347578487580091247505170537565
2004.0339381606159865914133215788317132
2004.6366259466785114701963810303517100
2006.2424746654243698053968873393719884
2007.2325914332795319790466313185307957
2008.0736491257671087683188147194326168
2008.5001999489195582352893206007138836
2009.4273896257959555238744509765905911
2010.2383759776291480477698431299846679
2010.8957576898023118789479107844950081
2011.7092084397688595514029510735629431
2012.8770537285591807207599216765152016
2013.6951944324356230064353665358662134
2014.3112187307121799548748667053058404
2015.4367734735521506830934007548955558
2016.5486805847353957638189334927811544
2016.8996403751256923252014943189683623
2018.2121767727144462036742545089963308
2018.9111812871879898754184271030867141
2019.6820388232861087590877944981295083
2020.3631539250939190943468055744554587
2021.2395311645713751228739563508993958
2021.6041968063789732715764483771636893
2022.8449764101959972257095526739048939
2024.3371608163766273520006502812584415
2024.6695979735391148900431784293170516
2026.1387158953216343837494981433635664
2026.5036519319959254252422368221578010
2027.0231309632292594286479143355511491
2028.0131471230355250822002756495215452
2029.0128936426522968868292602436881085
2029.8995137532567276896470754793352533
2030.5611760182416857500865057611490762
2031.3911228807932417427133981376819326
2032.1399261432281133863580284907475375
2033.3759648279753080908543041067186949
2034.0220527379585790664506523357694007
2035.2820758365717702771798782584502214
2036.1010612699760919905486883187887310
2036.7384382905898696163560359622635660
2037.4597287475135146706371385085511923
2038.0609399457393651019536821985719939
2039.1267818037331576924846965174650975
2039.6866382542198344763873337808406000
2040.6525996683088376460200852571978047
2042.0206728162616726730272950250666716
2042.8532068508626414021471728056622944
2043.5134078585887290898002450302961302
2044.3262549874460023781629163573236658
2045.0439930634325573029082476729995176
2046.2374939906259090885539057797781857
2046.6597022768037780073358111720029137
2047.8382635244637822038342095825475342
2048.4859997621196039421364844380480158
2049.0375022380584461942047811004109220
2050.0691369044532195815365413751220433
2050.7633567980623590417887987455105566
2052.5556609953223102650022451380000044
2052.9821648712348465407085743461854149
2053.6419714205946207373299946160965446
2054.6861285360218615547514107739393869
2055.3735625441854553203594551863052335
2055.9589688609523635654571381023707730
2056.6252107839538786917863835452960950
2057.9267356819447791615110163976500265
2058.6480173247157926889685687665765187
2059.4996498204921402349542403127659874
2060.5566086616403452151807437769208313
2061.4204306222112835061761447243088487
2062.1049170018041122524558113814520428
2063.1236091936581682845948640717551943
2063.8160830915261745632576518473311157
2064.9470266838192846691669856937183342
2065.5582096498091719191439645269854600
2066.1694621840015966578657077287347903
2066.7418686140134631860635648270405494
2067.9302205291967833849807401087602708
2068.6992787741004815298410118140227858
2070.2382535371079989936749581979818219
2070.7950473472790568175061062272308470
2071.8050735266703067312894698598667575
2072.1891529295810808640821010705393660
2073.0819548405948986506535021908897847
2073.7568307622782678848066749439949145
2074.9373801675401173327602400768873181
2075.6148883616964708602377841744895509
2076.4385686752899256074197983418120359
2077.1848876448153756620850385397365193
2078.3757203243786527458788761795708817
2078.9787121689890491871433372773915244
2080.0486000805071491221212167651321366
2081.0745354157161638552883924939533487
2082.0469161698206196950818851637651145
2082.3105769847468664740152046624867410
2083.1942590022543954949268872441271075
2084.2157694279022402301998356925912006
2084.6867871881400247433355422103604775
2085.3975827093043701200263912792319685
2086.7862599958629089552905803613028283
2087.9301744778764751170396952105376966
2088.6012883968624341845505950758523248
2089.3027102854756693925275659613825570
2090.2190026844470896861335649868147435
2090.7773317297942642694194042555727144
2091.8796646067380022907690231335034168
2092.6306613132355397199942449612183428
2093.4238742345484774915377862355226534
2094.4067660613189347754232561034782732
2094.9720926401929870387260643315488737
2095.5185304671336168020923827146671974
2097.2460058539411415991457021345628601
2097.8314077745807382255248507768007799
2098.8236072198680646325812504004665812
2099.7599973059405552301150780797322223
2100.2147980849086829356425930860508110
2101.0230338695744049123365007998474607
2101.8299016611132147250147617857655653
2102.3841619132211657850374990186967670
2103.6029626869743257879850221784289658
2104.5644690401150489381062952221753326
2105.2587818786686023716720405250431897
2106.5723133370767178730823093875676754
2107.0075862495003261666319337733519596
2108.1061757634930635186364956859898312
2108.4138618859334329710295309092840568
2109.9581257443025691744562118003340607
2110.6401742648368248498894799519769778
2110.9092751136553752197653402535343534
2112.1043621641627582124507687210380947
2112.5888191834358060926074937858291202
2113.5089603552208921023390583752287487
2114.6968957289185211658458442821800034
2115.9083219958707772029071118502018728
2116.6788361701963628407106498193016166
2117.3755627253443467305123609504101257
2117.8789298015830367772426870322013897
2118.8761205897563472788934776038109974
2119.4515805926118630275503587288591070
2120.5697347560947907486746317032810577
2121.3596527533718737030516030382867837
2122.0432756212454717097353541971857353
2123.2067542592254315737949582072747437
2124.0360104749227809369825559152228439
2124.6651579868071000625436146213706894
2125.8457409866655623036985016903440608
2126.8481919414872248611040873251867405
2127.2916602703791048937573051137042014
2128.2655339304979317875433965612806988
2129.1273677355010927364674381947568128
2129.4960724307876942456943610280597633
2130.5327672996568808261963296152859540
2131.0846397573048625279195576521592535
2132.5789936693018424229630354859927942
2133.7114747820852323929486033402630351
2134.2956825078896017360292027305737525
2134.8249961369386844342093176307756334
2136.0339274038073664183590911922020776
2136.5150287902526409743872347252278415
2137.2024589179373577663911069969335160
2138.4301159168410534749410925865574547
2139.2847434221645751164922307835254496
2139.8139047419005763102103078509336584
2140.4830327179092672464760572576483724
2141.7329482221353372140966264623552183
2142.5363795858447895831358916775077830
2143.7475566521094090015603070953949353
2144.3949787699060381096615978431048227
2145.2194073413484317276988737292588860
2146.0899900473198120151142689268552839
2146.7364537449830700353827032300407169
2147.1069714989109649360007869618281854
2148.2782287134667906990659674572688311
2149.1394534450742084407015651357871683
2150.1449336136902335633866750142275986
2151.1308106500047125108512678899627337
2152.1420230468771514016180006351957951
2152.9384805914330274361669381824258309
2153.1628431085455191881756055527311947
2154.3974334930892216594234599460070270
2155.4552162985024087495146900905273171
2155.9723325633601692518857173740789602
2156.9983195834059223100472767966508641
2157.3290097522683843603272683192038230
2158.5154866485053830031299498374822269
2159.0146981162817586066337581974563622
2160.3703679373388948651810613918408512
2161.5933480248690111577955042638445660
2162.1339669342076428137454245689841971
2163.0668314844237808738005114643119633
2163.4876854017515621879966065757207616
2164.2896923628895128230567682022529954
2165.3161256371963667062060845826513832
2165.9378471777477927497571703715130049
2166.7485405891147391288434682082097285
2168.1804751693167834154258105400462393
2168.4586110936869383740264833267805095
2169.6491832887822753385646851882910182
2170.5451455092087566602850925071482177
2171.1398490341193206068650690516262509
2172.3441953065612658098747237468606422
2173.0340329407522060381813988192577379
2173.7024581078825918321603569995090781
2174.6759263142091272941872549461849828
2175.1906357887614830769234067846970190
2176.0543437466601004505312350905107938
2176.5643886584520225186665744423795234
2178.4592902634962366972583400844052266
2178.9392308720989077703486976857888761
2179.8213822315887822419607817782630666
2180.7498077744157396167457862660814129
2181.4079737525016956281621923237331035
2181.8655847903294056958595234928378394
2182.9348447917368466258208444203536325
2183.8209511197477606922312380326008201
2184.8389477053415631376192516877986747
2185.3194830380410336492135678838685886
2186.1748574953710493392337283616425466
2187.2204886482798346278933820829548717
2188.3040303700094562971156998857707033
2188.8942981096559677050910304580508039
2190.0582713429128087985701692026260306
2190.8988120696463669809493465745623365
2191.3746633137123745340301937174567615
2192.3060940339879788264288583578943785
2192.6973804596897433457062427659764379
2193.7496324128053786701591118316701617
2194.6273526140275265466196401503597010
2195.5630563467877847468017070334703559
2196.9796638451018163783154298556647543
2197.4792219888982921380169322672375908
2198.2790661085675670811903850057731742
2198.8623868974469464498954972421844383
2199.9026259075428491810693899337550949
2200.6440954422792483930047044515489138
2201.8287729691366631147057318400653584
2202.1357931654075635602359489413425442
2203.0375123572049363508290309228779170
2203.9340225408015308217465783936919137
2204.6502660878340821013378828168620478
2205.7140975271653898079731899444645259
2207.1652743039000822853118741401405706
2207.6431027329879260069074587227051680
2208.3110317308936566786769773562232506
2209.0546119704147781782513620348858822
2210.0409054485809140246498593502610242
2210.6117259455610680536846114581067935
2211.1258454131736498880124300317698964
2212.7237701207257917803425032546214672
2212.9575103551544337323854012240286633
2214.5108110242042073724237731979556774
2215.0176702835207517190992117908888535
2215.7738031757005714951157559063790845
2216.9793598995618659881787545315634248
2217.3782830851991455366647182514457503
2218.5279278650459285038450791133453280
2219.1966249633018554481433158742168758
2220.2864975356021935523566950133420162
2220.5125715682167916453176791612819767
2221.3571687421072744632104059219232642
2222.2040920834891079979567981905148426
2223.6428537718810031555702590047521573
2224.4774141570925635197795267735966157
2225.4303421609226918662665614287658163
2226.0240736839604177989114704102983342
2226.8011618195385384056430549876654375
2227.5341724917401300126773799603744547
2228.0942288379150824355139946829722978
2229.2500283663027485902806192242943975
2230.3008248224021924050071114013794338
2230.6376654935053890425253535410962225
2231.6978847466516401606477243031055012
2232.7327356035639447747674962613144918
2233.6247800922175173366535156567539815
2234.2620184242699669952077715112973958
2235.3500501061147501101148323492243051
2236.3765133136699375690651970097228286
2237.0308860815382635898079732286011983
2237.2156390285464120889315665717205502
2238.5190816104125324287921769111647639
2239.0793379546093452528101267363434880
2239.7633230760145099038617926972244665
2241.0661233429933429186026465735919389
2242.3725452399407288272743348164788311
2242.7868902772584576475678098013324932
2243.8609710195943725024341615963888517
2244.2385126069847652143957377535988325
2245.0429570849041596422352203741073165
2246.2020625783724490328177838145186442
2246.9237334936290971234283720936585657
2247.5322528725849815662949677092588920
2248.6406379971409080909569106648758771
2249.2881324138350151444842555162395830
2249.9103743639860258408564075451259979
2251.1622290726344824362689777671316038
2252.3243789228499189733677518419096938
2252.9635317351070728625684969972990265
2253.7745518150346774858878095157852574
2254.6112352246461723358154204201549060
2255.1243147716735536710436956400446540
2256.0137279611103306145045445992462315
2256.7125568489062566226489385765234541
2257.4255974498877434860310972364306254
2258.8302204675096588578618599739818565
2259.6134160890171315121978070427929993
2260.3671627684554424423912431434032167
2261.4705345938320867700887111082718973
2261.9505043490617766442736859841597623
2262.7979654025085823639346506146201498
2263.6841838498339809520146282456990168
2264.7219149309123545653145917120698685
2265.3357710720791646205130096325925136
2266.1934512317460052643719264693653003
2266.5175859924984125204906245892988739
2267.6460124629490493995921594256075812
2268.6793313404700451351665664589774885
2269.9031284626923522243201224621737873
2270.6908709583818255474175527116636402
2271.3465229196368882552319639883001908
2272.2493177735256600875945621759537629
2272.8129758901601343300186851685897953
2273.3434340997584260562737979965722611
2274.5109656810250205270288034351916782
2275.3614727039475344216994704011087966
2276.1845011082323331301901611049769391
2276.8803978278493000884949349190553460
2278.2190515969480244126374752508722886
2278.9716585472846505758702453795519670
2279.2466624298736300655167489775951921
2280.8586347060151339224859601365432029
2281.3185207261612060807255802392942743
2282.2084219469653277514445853335742738
2282.9381141434777331008054331291120206
2283.6908132925949343235160212583629517
2284.2284799273616271550139177014191508
2285.2827412224381079262444157111117194
2285.9738767339559354631933836609155627
2287.6366625365463730545218921811427786
2288.2998952131669394621510067147214759
2288.9245357511039247729416468598711717
2289.5263276832513449101088145599139433
2290.5507926832505691862549091898480187
2291.2415575002394783207990788475170193
2291.9395843061599777773900733102161684
2293.0663510663042157189898533996305640
2293.7761570393048908129402796867907285
2294.5350028696812220817051138470551416
2295.2691803721274988753689167832059377
2296.4103405060931540900154083833731986
2297.2333586706086416526298634924784596
2298.4691425913602530544194269505898055
2298.8888163332853840207000883174056825
2299.7116507830833104948747326667361503
2300.8539241264173554457569474962163750
2300.9741472845960647354529987720865007
2301.9541306676089335016515447016851507
2302.5901892639169462980019208412582442
2303.8785483036638067553799396471613226
2304.8723591599818921400531558590677103
2305.6714607312975204516431386368823382
2306.6742329351707408481676400844626518
2307.2283102963435482862308826952194609
2308.0554212457520614509001482268357222
2308.6370408237523302764519096285083063
2310.0162420698878522895806279465605748
2310.5554431450643307491654540072865340
2311.2164342962433267324386329791848058
2312.0922324216050481523420621124361864
2312.7133898774849192721552877843893644
2313.7610257312387970838400332475717936
2315.0950896135603405774040966256848152
2315.6084376751261467799648912797350830
2316.9409361260646109525528597863372533
2317.3959433718577138644003650004300413
2317.7963991261623363273427938388355413
2318.8265912241870759345292783822373355
2319.4787277224775807241782104803041181
2320.5702867066137091550937592666672586
2321.1212580474565748016571178717864736
2322.2897757285124613747563129371443646
2323.3320727065874665953037604482712195
2323.9054971085404915292934266218604655
2324.9379033413283365178940311572868446
2325.4604089714242006695041759308892561
2326.5800155681933778608248242044087372
2327.5925628145845407857700695758983172
2328.0014541421262976381828066306825456
2328.6960395301525043258892890063276873
2329.8091981398442398336832567790487610
2330.3586493622205967522918569854788711
2330.8346202276728540843859984893902264
2332.7164747868606952130747052752363186
2333.3426590179236177260070636570914426
2334.2699834503646206732179570112959580
2334.7378261327013482801252409639505185
2335.6650099478358075965809928852234539
2336.4047102518789302400301500014469178
2337.0185710085390212881340782459913489
2337.9947424352061468031353229704359169
2339.1230353125604188793000504781000801
2339.5217322277373441165705210316956056
2340.6177604586569968025153527658945965
2341.3119724328558904603413721534423549
2342.4881387723263991263959757685991809
2343.2535904774434504078574462941716363
2344.0707212603523706145613418522463359
2345.0313616852138016666397995596562094
2345.6703073959349287559878701615348486
2346.4629992606211687982154495119840789
2347.1202522224633708703686815920812581
2347.5843555720204835278812474563757332
2348.8442130160734786921528528934491995
2349.7967333757273617228702868628685759
2350.8933769350777150831611957419919749
2351.8077450714379463786365588246447473
2352.4178009859778994665409725159280814
2353.0481864159506869123289191814345380
2353.9150170709965408003367169524083947
2354.6627498854199831040870504861382652
2355.7808074922533844633827931816605584
2356.5280105764683373415946796063794995
2357.1185896128661695674521191115131675
2357.7283472176364850862829024114285447
2359.1323595030212522358015534929363317
2359.5655787593550150983207083120100337
2360.8574092487772275998873233513962824
2361.9821742732918546447901192597517993
2362.4301447307793897994270224777409987
2363.0445632113491318641642401160291454
2363.9812017475057618859270170632531952
2364.6220390526865261365717425767091848
2365.3320378787584573482157382939049468
2366.2935925174407306087553816473727979
2367.1994956364961997863668423770015514
2368.2626038369412856022279938301888629
2369.4552135280653074124749893057478154
2369.6326247187680441235829296165148480
2370.6149714093071921854146979140884765
2371.4919837000618435967037507144132055
2372.6732178764620066022720203426572117
2372.8573904155557342822281228853088799
2374.0909079316254651330773799374239184
2374.7443437615012522793658494835520031
2375.3835243970036801869909147244186376
2376.0365369413859946054890847081054451
2377.1569010432177678159085487321703282
2378.6508171060481246033617699905645518
2379.2331156871366779573217590730650137
2379.7752288585268634583034300656854035
2381.0031637843093517997821648705846317
2381.2632024205971671970328625597822228
2382.0829144054702633519601603814229572
2382.9674909480709121927130529158564463
2383.7643707342977747643726362982374550
2384.9675980590965014407912734759422932
2385.4352027974775725701830558365380682
2386.3729717390946630112419295487143594
2387.4577472497140222363884248566583979
2388.3388823182614232598316437838132456
2388.7988093046029495078260992372233568
2390.0446976513127246655439321592642476
2390.7773599616133400600325859191508103
2391.6188678994660106572883786303700287
2391.9823022456829511486343332173325677
2392.8276342210944898221091014417285699
2393.7440466954692582770617266862132974
2394.4155805004192559050271321340690710
2395.9903642592029410400142287321305042
2396.6130562666952671594780507062177226
2397.5395729933776800650415861055846846
2398.2796441489606933454543134274842243
2398.9719674677574377562023749070150767
2399.2978388690623010612240147900482890
2400.8548792066981530508487129215700586
2401.3871468511004013298580747939673880
2402.0149376486919374320787177441862553
2403.1209719815348570246551956734234200
2403.6775912830587320712595309617891586
2404.7705018895215449350195327297151869
2405.5306180213505960608874493060973494
2406.7758237292367798583491127350594367
2407.4678267507359158862553874170185230
2408.2644707795178186377402288477840928
2408.9617903482119517591542589698889716
2409.4919209709655662528201781126100935
2410.5396630658399120825778583370259170
2411.0848538171317674084431616899930042
2411.8821131161577961732612263288963157
2413.1712113370421991570164320004563540
2414.3278112521930372613738107660780919
2414.7508489944243578045296809626218933
2415.6164958257277594482337133711771526
2416.4536431243105701185337539221692283
2417.1998118839238960973089256371117917
2418.0572260080625072630323227578960725
2418.8998908384997200423376979730767585
2419.8578364899020610241340784265688635
2420.3250831634294799710042583037712379
2421.1949053842456192167791690224695210
2421.7557612105604732045098121073073928
2423.2250190437775460839621186700418192
2424.1097534833503570772289965761569663
2425.1321923950675768142870942850748492
2425.5305798815842586240006202531134340
2426.4417982307055734625798580694560287
2427.2797571615695494597575463903583673
2427.7513600556913548554531001450948434
2428.4266346715024886399608123444904998
2429.7837178174541582376473978684084887
2430.5386518450625424444868661206063898
2431.0520949374941641809741572453169505
2432.6375974156105941569900363533391859
2432.9468264826350685595362450393019462
2433.8235287326081244718680997962946552
2434.6856617789871973272173826948215660
2435.7122581605072522561176126462781720
2436.4147308170545699343800874288135521
2437.3413520231867188277537212418526258
2437.6013230751260544373454697190588266
2438.6904631300812831502743786252887593
2439.1809429723327874048553418754785426
2440.4550826675267622330602252117274778
2441.4102086643213624265387461973814317
2442.8041772240781941799309338707069279
2443.0594211647246447483156398576278300
2443.7303267899181115871735057317377390
2444.4723530984312888665860682925062340
2445.5947404658111477845973665686252985
2445.9025662836107551138183110352419564
2447.3595185201505518341171772756844612
2447.6249078407879995882885079073398788
2448.7004889614777410973776287119838049
2449.5806863981736092832593308544257817
2450.4058217768724072294542274434272992
2451.2718797410703967778412872190672582
2452.3528106189510940322278993373147338
2453.1899729493555003404965574202521561
2453.8380955273543602811555674712702979
2454.5242323083458071454378093714963237
2455.3174579585432653657913992212821790
2456.2508114126066866974300878171900624
2456.5029996209684162899533075008077343
2457.5874728001550728616975500535226464
2459.0970702718741305150373262523672624
2459.7140545393492243680902037834228582
2460.5537064563378705414726785647866690
2461.2855525099010395786304285478669471
2462.1363844989911164798061586268145531
2462.7050706602536962309042029550942750
2463.5940955304414608545159375023536569
2464.7608680044670176954110747030816520
2465.2246927458007625566515987840984632
2466.0352102002457730241030379317491419
2466.8657915915902610737250119674694228
2467.4444719785893611704143787366278420
2468.9888535006122172870442849584745819
2469.6681954703463647364771869963457237
2470.4947752370309213820912153885266746
2471.4033055430600105654924476244878870
2472.2871923107677758257219890710668510
2472.4893628624362968060165728086477628
2473.3059180211006476821700226245708841
2474.3478501705316749154592601016170958
2475.1193485488327761956100334009092447
2476.0358570935436949834642040008943031
2477.1150661268996044934488591947162445
2477.9091678015727726242526110268399679
2478.8132464191096803574332624307843396
2479.4860303233193077417630409688416781
2480.0236610706600937562149328066422183
2481.4607465501967818611181350668480754
2481.9294087633823613640201608904045621
2482.8103131625983343798975340768186393
2483.2538118673248214516355893999150305
2484.2484884630235909854453372478997224
2485.0074092913618115772253349574428388
2485.7526346303157162776670167257495466
2487.4526600798221904025419131966751002
2487.9197790664469222138096855346145780
2488.7307607344162501588390063103751320
2489.5037656577582894364323651980844418
2489.9673323831598865439764774289784973
2491.0297253862249070134816737959333699
2491.5947548614609486848523842264217058
2492.6556662180624388970683739931024036
2493.3291851291103383403949335322874472
2494.4874751276439274615262007730518123
2494.9590145211737290486602271686084351
2496.3151017256190713944901201769230360
2496.5760220467479757558069339604118039
2497.9338377495933097839487348507849029
2498.7579479425227417196475664604430819
2499.1831514401966065714021012964394805
2500.2095034841359977280156315026808117
2501.1863225337307914455750205691202276
2501.3007470112328304844330234989911543
2502.1616420098041066571970094617330102
2503.2483505172715307274470033647564923
2504.4862651143498551669200302560557935
2505.5048823777399863690320811837510953
2505.9456469982383435643350022555457659
2507.0005882357443082613204922828726078
2507.4776304917380967109653637504294303
2508.2855407917092139551008696299567374
2509.1289847720558316023611245738332236
2509.9779015705088447380783365330009498
2511.2040403182214740699439427168809686
2511.4647359313123592031270153129044660
2512.0349253248922365803668854757549733
2513.5411064840668994369496073010632352
2514.1635807889991523763305048002605581
2515.1048881160178632572620318644325114
2516.2878997597033705014637201938989620
2516.7728732674548428763513224478107240
2517.5433477563974045341628720346709734
2518.2313602314379169781813173640717747
2518.9641493431064638858082897862280104
2519.5714724008282592721626611007073221
2520.7408074999138152444636683359566119
2521.4663594019002065078591297207886001
2522.6361742349511706237753658220964054
2523.6291698309642624694094168656812446
2524.2458721815721058089250908620476230
2524.7757064987159009274584603217958440
2525.6896420151769326816733904218390831
2526.7341872244823046575864814252176949
2527.5702281641561472511727917702761302
2528.0510999485703028097154550931117888
2528.9879248080631737116017131811346759
2529.7433434772771374927067764920685667
2530.3762189913051741651355433291525374
2531.3357613950739490382792044351144846
2532.7700843253780948230906822794744184
2533.5573280797212450273007004240217251
2534.1049645991066368528885805893139870
2534.9916575802895821518186326679718384
2535.5168034440205375461583291512875164
2536.4403776943107305213186873590100411
2537.0737021242997096565075195004538820
2537.9242747675138322317529295452179818
2538.9247300297131210029084773848823934
2539.8150474279448082279099879487274095
2540.7730234055488687150698111068574500
2541.3313782534117762491192174966709065
2542.4459936014068579904473407742855030
2543.3191429413609139217094093796846885
2543.7353686793281304401548398469413299
2545.1028644138726537408934468848797779
2545.6290056881706202048252537045143728
2546.1594960485957557295416178038647191
2547.1816917181412363457995787722277394
2547.6188967831944512543167938327991775
2548.4866126237169480204501422203611134
2550.0911277311031293500883262042927086
2550.7068040433990835964138735558689780
2551.5608173358082551325644768067193518
2552.3347335089990222734305394409625801
2553.1751705273697742947644178593220466
2553.5295578096315418431193265514916672
2554.3668204840026571267697368168230265
2555.6694005166900064979506082523050171
2556.2813376057688649556422610377363915
2556.8289551523764742396275949953046860
2557.8553512532333034107944201329880059
2558.7921548238743699275604757850018829
2559.5970248690670105217290627188907429
2560.5995360356863716874258758301536184
2561.3356353815686781908776136958613855
2562.6072370164313397246451373621626708
2562.7695008823707177438719128381813625
2563.6575703608387855460005394009086817
2564.2370128531643900699428764272033092
2565.3294545875658491443038630951434208
2565.7253953454832519958337402100935130
2566.9522829923060019492621674522860389
2568.0374365074100070704871763694969551
2569.1691644035235702954799682515869179
2569.5753161287252246088204398725856039
2570.0797820530469735214446907500713857
2571.2901481621598801063177198806398607
2571.8135933872273905438486359633249944
2572.9632321471852652623459870715579102
2573.4462989073326238828458804825271239
2574.4678190000362727571018888338900685
2575.0835276784947321323840982895233318
2575.7671908155058006114127280386668335
2576.7677767806141433901584081770653106
2577.9237282467991025417192826026841110
2578.9761904607401993181071784657592454
2579.6448571851226310462655251967212247
2580.1162305014798489657293910045210894
2581.0628506429557840880080899875534681
2581.8469447261058049943619688446288460
2582.4714341587031386233677640862074990
2582.9859441377741645409620302081798126
2584.4729472497363181380351581084063890
2585.0755244209485915578662619633918533
2586.0056547175492140381581351659598607
2586.9959618007629663091476596549538218
2587.8474707214435812711276957432066180
2588.1896519010570889071468240552688953
2589.5200978028515673345180250846258365
2590.0105887914796167774168404984743368
2591.0519930677687615314245557042983278
2591.7943665727858120741663913847497896
2592.3812676428372770204797485269261674
2592.9005100568043826925164205635106927
2593.9381817170622471614375857228896234
2595.1723762557642613049944689788839727
2596.0540270676592376750464689495319820
2597.0596494489598847652006375891532392
2597.6975032351462693951203771100311790
2598.2644843346838164212312879809466459
2599.1636249399810193445910418615781895
2599.5420573150633495400384219104718940
2600.9183452022437925424459153990060342
2601.3894095612683049922634346925520208
2602.4802619318692149283141933457460309
2602.9987537925744818458826409497275251
2604.1717310999580881766742568772961259
2605.1382936711589723852988363366089817
2605.5106306804725297270108170447450505
2606.7517940525548550531362382679981405
2607.7726017825207139036631574091692223
2608.1390437192480785380061549642177552
2609.0055361650780115960995754794507402
2609.7067643364290003836285375490599335
2610.3362579392338816602015091157507635
2611.5403543738514313641856262451366084
2611.6428206491053398916798540412331995
2613.6269385225747256344584781975679998
2614.2544325308475969536044342355078668
2614.7515030566903024395083248751829168
2615.7911322278472491969105192233683305
2616.3415047719090724424140357979817381
2617.0780602962077601861314685213342459
2618.1009736248995219806658861540055854
2618.8518292900252942785984304448006772
2619.6347818424862859045706421137246679
2620.4324627394006678091903391902990159
2621.2535418411455146173559482151540894
2621.8267725378896570703065985606184780
2623.1952497256258845832929844176708052
2624.1453917804876922917001019512641973
2624.8255630740830681474816210414693887
2625.4624020623172158090769771446886392
2626.6054939270057591738875486417355243
2626.9841893118852465920320776319914559
2627.5269274884546094167329823931366384
2628.5149353522130345914953596002059342
2629.3625280370546542065528345648357460
2630.3647447992967298511405546305529841
2631.5557285137589173544243552641523308
2631.9711434859277888134069100640746955
2633.1157610196933542129893785031172980
2633.7904620436423283631509632841082813
2634.2694421642430826673295716802173139
2635.3439504221892219774140301386742038
2636.3919633680689591778538011960930262
2636.9691634777296872557064227368811994
2637.5989290135034688394130022418069349
2638.2807266235736013886084282394296868
2639.2060701205445414545741184965657913
2640.1205034998632459055092184689887961
2641.3507181783377098780337239014813147
2642.1626543654155185350303211890320593
2643.1291828072163270873747839923043707
2643.4880943960542712119257520420965279
2644.2675334388088095335021897644513357
2645.0020981722608240686328032791598661
2645.8210679561492342153740387938701625
2646.6672662649046208717875258581473380
2647.7181951794379689003092133017606266
2648.1561350490397137117479919289029932
2649.5414584608110805861118681635605722
2650.1772061234714689161067613007722553
2650.8768595764049987556481577251654574
2651.7283323073794967836310328166304603
2652.9041606213821164634504861172014489
2653.5671720506225348417245819555318302
2654.0149244921530192681447811192414137
2655.0345224569914144231403357819496759
2655.8165371692524985013049893188258537
2656.2586048082336885833553573950426043
2657.0407458373609048332630243058108405
2658.5101950866705393973485076791332376
2659.4616665393042813445201635910939932
2660.2466890182164286685217246640853415
2660.9581541205660457803812078378930157
2661.3456725057167706303620008136046081
2662.5560667336387019006731514513332423
2663.0956143908911173572314869349290286
2663.7623359016289222619142812778330757
2665.0582815120313530594769567548833729
2665.6507941427056255728989390704538600
2666.2482109206923805164864398027480654
2667.1654438762417618860365860054939110
2668.3011017847069187573276502373621116
2669.0817947679743295022409577135878628
2669.9899844341323382376832262067145355
2670.7818067698263184940050026961824401
2671.7516215390676651984441510424702633
2672.0255617390625782182270622846999494
2673.0246038356911725111109769780049819
2673.6605950928004889395915688045038616
2674.1805979216547782510153758754223336
2675.7205156296060623040950452098838612
2676.2376395350192143031435537021555572
2677.5857073628213575919394746715249102
2678.0912991570738470501398357689422935
2678.9998409027703115234315135132117172
2679.4899614868267594703978438626217255
2680.2835339323648675810451134343371621
2681.4467175269136276456173962229458979
2682.1889005532473508189943350409955283
2682.8543219999313452017608550563116533
2683.3650842277111168721715861115602195
2684.5087069986599098078219139569275538
2685.0719551098039718461347389364016647
2686.2434848585937777827142575990521487
2687.4460835184096841773096843636597234
2687.9632396761191692878745887274066421
2689.1161298008226910371707436328216583
2689.2176566031214768011798231290807457
2690.2057458466351924822858232405235016
2690.8352800648604766696815214709351748
2691.8619466308148351983884640972708631
2692.4947356552589643476630938754305178
2693.4257073462258019469068677472890043
2694.6344724393189953407109761183205022
2695.3645662097145148660571047828500380
2695.9381395505218362870177581363036839
2696.8962053787523016494107582184679281
2697.8418404455751270655663735048461909
2698.4083003354040117368843097559253889
2699.6221696008863284649042866499270591
2699.9528640287698851401150148627316614
2700.7997262272687616864006876668810239
2701.6839075534682117837703392358139967
2702.1041707809566520773598475464605198
2703.1113189115351568540442348514087014
2704.7403729806707338492834008984869128
2705.4252230158492528625926705527769907
2705.6973743429323228897624038000301702
2706.8914036229513378120302534836073778
2707.6604944535362417168826527611027470
2707.9406003382215716262516239627167234
2708.8941159835814527214289666066297835
2709.9627187586098755771785546325341906
2710.7178134402096017300829803477706385
2711.5503908909593156432925044002982581
2712.1451164771580434612796822377918168
2713.3456277172736171210569748520202811
2714.1468585688093525848876902592767537
2714.8595842288668276017863203463624800
2715.9221296493068886008801087183696702
2716.6060646335937216871044123322212674
2717.4280796155623804027048144000425577
2718.2788998588740688111213614202199754
2718.4234116021303082379105450601556182
2719.4979344715694963875066896504563391
2720.3200555203024094910593227838321079
2721.3762163851264624299499449653718521
2722.4761874472211806650445979079652631
2723.3605191150892446835195225947443854
2724.0270391872118145499566928053662409
2724.7203101656291215008877005744335599
2725.1805315188780863641653465201838380
2726.3509349343346119870177952099790816
2727.2319054416873966465169044638515109
2727.7971997880672500803419646984461641
2728.7384405336529530581567279287618234
2729.4188132664226182616273299141480772
2730.0597601875966623983661572463574532
2731.4898497952742703381424899046581062
2731.7773810084946448510100424768775218
2733.5187183576737120831224263386889063
2733.7348367967212301476618147040854372
2734.5850446177602624050332642785721833
2735.1047872547978875733531763994389733
2736.2104708465493145768112779914995917
2736.6489527474121235942197800891129069
2737.4272773976625180660649303257514519
2738.3401139976185765319552251072421202
2739.6628753575814048244498291951094654
2740.1941315679014041799620527736409039
2741.3380495074300271444239240364544729
2741.8156123842623295650385280774059360
2742.5921948709711080616639364305739452
2743.5573683393062743095031557167854593
2744.4269251363316709221330250008828844
2745.0035325583273034482164611492832971
2745.9924476118373014641440917500107868
2746.7726877785256649262172248541813795
2747.1348010994704194554941916406026230
2747.9377988869297525794632153130847840
2749.3338757021308531464386453818128350
2750.4329499939248431475716673966561128
2750.9004479112787157930602444345808242
2752.0369906247808036275012405041782099
2752.3412089985082082664079043784140474
2753.4191292434217960264724622421183220
2753.7414395009333213367310564682062806
2754.6248840762134029431195762492947981
2755.8247115025999738351510747768040961
2756.4316801871507412296209509107684181
2757.2387529328936993567405805096970089
2758.2138675526322187050833978219353479
2759.1621810765509232248206122453704750
2759.8858447684657695594592814231161871
2760.5814404610175312200214786187016057
2761.6239303323275558002647032043378283
2762.4780821739763935269666931114100300
2763.2764296408284533266541525289430653
2763.5721675873647137975659082281162409
2764.3779340045263018497479313063519150
2765.5770657306811908445802702599618477
2765.7739709178865635680027263300966045
2767.3122035276071853482468751477261227
2768.4239307005002814539216435730457655
2769.0114131630591481077309475510416325
2769.6855220400619552051812084485404457
2770.3628788594661788473912806594194260
2771.1915829253378400789857476566767769
2771.8324620525177058143250762585080451
2773.0339315884250497415615267774576276
2773.6549332423546643657123013593653608
2774.1763011741440809523739381206965240
2775.3405966188088534989798049771506153
2776.1527227812719564966268216729219784
2776.6541480020627112396890633235327625
2778.2439457815817024147044029499755284
2778.6677468148550416040349731388631756
2779.5957342188689274259826829613218821
2780.3677262893433931277826069128062614
2780.8568872630178116772475610443040848
2781.9750956788980275834887611269926551
2782.1873958479662789615421245679060501
2783.1790001584743646991395173852022452
2784.1159007059555942095862593791576923
2785.4507578611361329593125450977104216
2786.0654652365150661948194740562410867
2786.9159791110356851403814416012310515
2787.5108825646494315597002041219356679
2788.5390247678974293979179430506294945
2789.0422385393498406354838749435556217
2789.9282487606227203480782736230723239
2791.0579621664148114822385576226785930
2791.5868050132648951325315775447027646
2792.2001239573834758321198954118387232
2792.9981099298120170454981312743293428
2793.7823524724613388437271202636034190
2795.1866786078753504094697701775615683
2795.8655596644195300204255062004268437
2796.7940020071310033255852842216735743
2797.6057609623588740286209319494770153
2798.2010915222307689473209562159909704
2798.7577056645994396995112557234924284
2799.7137329774509636610597037591065658
2800.1968841121679226780422413853220972
2801.4148515656083119023509584893128374
2802.2811666678513269640908896790054142
2802.8033245500313948249164387133022368
2804.2262607659634116582134327960622935
2804.7639098391956123896278706721392009
2805.4778154644151261898348643596885843
2806.1493762993848943076308047997620012
2807.5694483807633900328715712952498583
2807.9874220263956413394827888523795871
2808.5667139554424502913745529057320519
2809.5950359869325931642178637055918845
2810.1072821478898080222357024264421594
2810.8660176665295428645615540005823450
2811.7375328400310171964853190064767819
2813.0815030224360740591983697613402754
2813.9822744169680871874892880349815982
2814.8053913555395007786686229087631789
2815.2982598760294277866911021467036633
2815.9203308821613620392764058782073698
2816.7864082716979006819765524054117953
2817.7910800534121463719643319088897761
2818.2303469073081444235342245016008095
2819.2720375334953151156806462470411414
2820.2970427359809164390715299262105463
2820.6832737163586389519749993160409857
2821.7844812507356301763031200905237659
2822.6652221405839443047134049487471748
2823.4821223774640760139847292915585154
2824.5332695546919907187361433486515576
2825.2083276808417911034625442184873330
2825.7813474225516863656020558412877093
2826.7888518650234926782406843010897398
2827.3149453259859962180353337956002412
2827.9887049810999717538015609975003026
2828.6712415341927294884463309888900800
2829.8747056661027593590534082199862811
2831.1645683645814291546715738192645421
2831.6459653884077975086689534719727645
2832.4536513674588204561158241827593193
2833.4101545301266094713430960775444768
2833.9840201298516898814872957955540167
2834.4735801219035407380245193808720072
2835.7326923469666207214931837679061357
2836.5024769873615769195300044717224628
2837.2016095899346322369253478059575128
2837.8995520215413431750148452798228130
2838.4835271723700834304047889177563018
2839.7540562629262541900290671197363627
2840.4637188305118613196381573068061866
2841.7084986224309997337825177328742127
2842.3030792087530194363217636288919369
2843.0442051994901111987352143288440042
2844.1576151670718721196237065590529190
2844.2303246309819778274880832214914161
2844.9672983592282177661061342463433194
2846.0845302127346256746274274595675752
2846.9675841624276710366275708922617315
2847.5222386464546675924977947693342518
2848.8971612416172546031583469297081462
2849.7937321662001246270606969126219677
2850.1342020260279870604338372181036946
2851.1879974489856606056159837567197131
2851.7630283654260690685453584042415663
2852.8586820165112825285601013484743164
2853.7020527185724491044021722078486555
2854.2038291828541339635098416533853990
2855.1072244474769897989273727901124865
2855.6000312825015791566501703079665583
2856.7561098022202809895582759041936278
2857.0779094161447808000156344592186058
2858.7140381135306818444115994544336604
2859.7558977731087392623041588047009244
2860.1320293757003131967990693608835472
2860.6998236295678875182336006521822289
2861.9571283379218679105750042903394887
2862.1294048691701542627630564093263771
2863.0862816991186230653262896677314849
2863.9156359127941444170641491697164119
2864.8301688106473041094264262636172839
2865.7364782758552936039600671888534851
2866.4172281512756851543808341012973481
2867.3910951192538739647195994798610366
2868.2049530749572404938715556851864953
2869.0305569713344767920808815731134260
2869.9993984997580554035165743812147072
2870.5856496087608942927503156682512748
2871.6359769095417301255512440075830638
2872.0975405075720358459307377127030560
2872.9013486052378093859462941491889340
2873.6827755196660272392101131018778105
2873.9887397002955862233324213996388774
2875.6019514018316011327969261662147857
2876.4695683153497660150824774614063990
2877.2716428091544470238176943015770822
2878.2418247765738260596805452931482257
2878.7758882862847172265034488259766025
2879.3086871181401752900034026425107211
2880.2495591887421769671688252713064362
2881.0199629955017283686156645011689446
2882.0966077445950748369728254987752393
2882.6882834662223928748960886604820232
2883.3884836931128305590603398824940953
2884.1372959195914012316892158655825659
2885.2237580482239476254415137169463297
2886.2283984113578685146111515037813185
2886.7338820251285248201544858108209703
2888.1497053574692896903112486364838959
2888.6022196404637544075342054683285418
2889.2761657675077856425200508810834168
2889.7822677856447578336514430621494890
2890.8344381058031422250140048610599967
2891.4847056437817127182001678835528995
2892.0768437555454520909023103123041310
2893.4369954112905843004396859108368865
2894.1848056029589738124611363920457141
2895.3886840751847338605320850703536326
2895.8474985519910804301788877460283601
2896.3704127408960294081108137494094952
2897.3851164365984619690244087153752839
2898.2866842316715917817191967565290058
2899.0312636679500133369467397698773108
2899.8377476064195850567089291472577224
2900.4142343557639623603408143084371945
2901.4752880597654248714979658337579295
2901.8580340874536145993118445246756209
2902.7235914560457854597140502506759977
2904.3212228740786951755145969530295142
2904.8567011318869907933895076778615699
2905.8325049900083399878331235553076260
2906.2473657030889416237748781207116996
2907.2089462508943274148851474895854369
2907.7860864351975340514079185328632238
2908.6029825498290878653213665402296842
2909.1221162380350939228577951864330278
2910.5174569345869928223007459697143280
2910.9529274936731989343100570809555272
2912.1309750002842430803922894065802705
2912.7741043343793182910392539109470618
2913.7460054613500069293643143382397840
2914.4434403603613749264256561919317025
2915.3519495812346859433465636532302383
2915.9675966411924554082196728877513090
2917.1225992580784429316748727967405200
2917.7812133057076061943952269697974214
2918.1404518843942775842100664793707174
2918.9202923727556203202143106573412697
2919.8607440875988662907951885605616763
2920.6864764364770830442317437666070076
2922.0789045133751172656664606057573125
2922.7882575190375573968224770443128770
2923.5059258907580033702281326486390512
2924.2646623955426709102359213246643354
2924.9488347537919776703057406840814331
2925.5117221202644691280808916510785980
2926.3425173844396918743840947688645845
2927.7176204261635705136326958478551739
2927.9525900296108394561805319562064893
2928.7103686539210708131609462818502525
2929.8134029918163022446571308188132371
2930.7322050674366482033373223840346378
2931.3307111618376971701138732217796672
2932.3277207364035948427455077487704973
2933.5774471779765556628613298483553226
2933.8050868130935132955105397877998565
2934.7597446562230520948799934419709821
2935.4349433099233273051740864929414545
2936.0634741106839402982382346085452053
2936.8468075479060270826758310660697211
2937.6669170796799253599467188838831180
2938.4747054097111039884635236449059584
2940.0539981625150319907131695767832496
2940.5188321624172667038701783649622713
2941.1808514162225487788724732758432419
2942.0623200106247366137252950683840850
2942.6495861822235444779837291787660603
2943.5763951645284387786011645258823847
2944.4872188312650939230862121062534086
2945.0172269476389429910138588306721623
2946.1016369836068599436736338417871654
2946.8348831815579242996685316435766414
2947.1077871449996935319438636475324871
2948.3139375562831477211688775269879293
2949.4228253064098795105872437292553796
2950.4131119828071680803712042611266887
2951.0035337202111234317455601120962191
2951.9561044989586176119027799615078774
2952.3452041185558010895126509238718502
2953.4398645181952603378261433316681396
2953.7724145244413968075728234258639680
2954.5583872285902200972151772907657010
2955.5898648948474046163058589439083824
2956.6159407980506638413621424364537140
2957.4055495198463701233870998820027186
2958.1329220531861439403734140446372647
2959.4306430390146815327640867398365119
2959.7281531825860803261598750352474989
2960.2899069480813867690011743165432527
2961.6549839162462292751726127591568810
2962.3388792532364837969928858998416031
2962.9468031887107622480904589418740721
2963.7061608036145152396294785240033115
2964.5999378957034910222359025785035771
2964.8269968916366319621144922297024104
2966.1890834560899600192783681141363116
2967.2054959653944661090602576185912239
2968.1795909967340241528603791760455503
2968.9973028890863616787458580422116415
2969.5936207918815476068726188560930282
2970.4113654848613112133060861366277553
2970.6240191530473044723447155444583118
2971.9660135468159022518021021045705356
2972.5305519085341443933070922379031306
2973.4547879603178011778647439290959488
2974.2214807461804904601229138969514949
2975.0976032436429928254454074590063947
2976.0885385980546806735351410484989730
2976.7363177368222792148864225697207585
2977.5796030728756673867669467439202090
2978.5803793641708130601739652297722496
2979.4573618104849550345850586444974246
2980.0660193263462471229656952841385301
2980.6223995046077698740761861090984184
2981.6236950983988384885207459692980548
2982.1663951631494570565695093332262833
2982.8504071166889491771761515237703599
2983.7398441590082069076864303627185430
2985.3106922571760141791722992166234033
2985.8767460191028888125387381905418615
2986.6616306168781075694571110818750392
2987.1758706114147098291686281818434241
2988.1942803851946869838469672781710699
2988.8767427219004517882989074417947789
2989.3646180664295096327251783069938660
2990.6912846987392717040191431064071118
2991.2351023975784763628976975219124864
2992.0516405626303049871920099564464260
2992.6075930973254683225699604825539949
2993.6960514068480048174996069198668878
2994.4729406565835432933393714377929842
2995.8801699334184015391749748242047927
2996.1431811932047945616385681543098201
2997.0861171077173935160584687149480176
2998.0198499132219549677963505655737100
2998.5564791767513675603096099749370420
2999.1395294041234999976611361266813615
2999.8109185660677481280056624250396734
