# D=28 L0=0 L1=1.0464548847561669766445786417895517205 Lp0=2.7686593833135738327320014093837455199 h=1 w=2 reg=2.7686593833135738327320014093837455199 chi2=0
2.7772832420765923309420928401280515293
4.5267740870154761092869658714733981746
7.2908850670022793747852720679870704054
8.3951240728375512426305930817478573570
10.116306854731297791099024344636683358
12.022062038185953801352778210420802014
13.544286371829787414922340082154312266
15.068294961919043406532155298971303641
16.016261477150592808926930669206272533
18.200425275492624459310432310167916634
19.538616099899411451627397917207535716
20.393282854504332471527439847942818281
21.988898147605683133466988316010022139
23.691534626557196405383352007920532336
24.738866804898132850470338539578158397
26.381790668095421950168066583761880317
27.029574422594055729552628771918829758
28.720732006090031187764493086296979594
30.394490989884130640262295028053721521
31.365862976163839014409069436220839590
32.184175727883333033755618747177334867
33.849591836732886972765039184334619865
35.268334030341376930207529526020234722
36.360456021242276993961629436887102417
37.512179947842773084657930490390329885
38.753135029430310975240843379679563799
39.699232287065857685924672353636977144
41.701296277966416233394168706829533907
42.296591642974711379834437290357696733
43.615128805842404183617506714083472158
44.370866030439017169806539375158691167
46.294546369073924250529412482521964649
47.191964974603613004653645382999097663
48.275183738645442991791908999712350534
49.533969452608795668229171272512994493
50.420531317646407127831390792366110617
51.796866794287294391170683027590516197
53.206283126951358359329976155002023373
54.280135766622995382097047025327937964
54.998657727193515655904910787484962361
56.101522183464461053353535702601887411
57.832427527345588861018590655646322857
58.738226429747232572497678720849706632
59.740717856285867207795508111737421631
60.825624309163810685715563484507105590
61.943394095753435875433063906063058970
63.074349320510684043136580226086121753
64.411971503367342294845061233529283073
65.643853392728672175276511642573591203
66.265893522320919224754927888178051918
67.271103836629531329078826074857546503
68.705379998388664725650678001863627740
70.163999216255565196570735954814786365
70.790881355206109233192558870813940410
71.727312758060773384068327764828287427
73.169149041682862498114554604752462493
73.842528331859146947797349510050082549
75.480562124331496928822898452274399367
76.227396939565395640235175799625230007
77.702961737219209419833858653439331136
78.075847688352802277875046961440151920
79.207329749989239711260270512017230234
80.910155131712458815167030102672477645
81.785026055115657880897231242754010475
82.623708532622630401309643847110804826
83.665709794180887333993315423500977172
84.656928025706845113137043509250065495
86.083696703592741101516518948078090489
86.813604034880362119670043693702508138
88.346958327414621229273272849666698116
88.891955658766300662128856355384903031
90.010681504914519753683022665105833326
90.824531946477411465298009588997852885
92.531465585714748141166032323611351600
93.364720955396524129042031406487051658
94.254221007414069192589815412811749707
95.055637845584905582625755551803608066
96.280904658724474725155882471654839767
97.513360729783126155889931801182747052
98.394780633265890764526704894714164600
99.660719084972826203925150102392322159
100.36620725471612316669536661237669631
101.55481382945036661016502047449107474
102.13999620324252605091761701003180282
103.75931131954154857005241293517372538
105.00834801875534800305708279156882325
105.38344063259728101897142103239872620
106.48004000265321697447170213709922118
107.49285270067518393116107836634224217
108.68925967313015866939750446014583288
110.07658982420060721666447681806693652
110.38178438334419303644198918915201743
111.90899560294272949306454229324299035
112.66730584564720015031183593724584105
113.36236880680218086984747749322758730
114.83428955965955835456857150908888131
115.96685603525357936619921201471832150
116.83886806091182796602580799605669361
117.79238864382757280519091402499203985
118.25479630671614310342233979543274744
119.93991507544649779447449096268617122
120.77578161066730367441384543135315605
121.94038583856830222113683613513536133
122.61694832489655434780058530235523230
123.80590038821513144827581463821629839
124.59654610843760891883980783893528509
125.55622520913902616285535585681188920
126.87601866452711335709180911814107574
128.02885957747228375138853273471549140
128.64632457019780015530466736497684698
129.47410885357351185805812580413464859
130.46603632982295383081960726571175390
131.79221824405909818641380635412234154
132.97212157444830876870888232686364012
133.47211272350681017753753068186359399
134.60862361826754961860191906858572456
135.58276860404875466882611908519610556
136.43919832682886802755013563006750513
137.47804044078412874735026810138214325
138.75747974174543854653757555722384785
139.77436688046197966558499539311389100
140.27173492839451722723502955145625892
141.45914019927699106806232085641848768
142.03015325567606891779982157531042917
143.97346652465022896217586933933789053
144.27866795707582865752889160912263906
145.28602376916247209515020888223398696
146.40508238660316482057340334282627016
147.07541421615527557896950651762614440
148.26818504219792243638112308929346563
149.20571291817261307592441903413325648
150.33820373531557404437574202285055152
151.31411223367015806163012063562893209
152.34914182867503666049200337265276817
152.49964692062100991794249375473969685
154.03227240792913104674287315232333738
155.19497701849697881292840881357533614
156.19529981249441963249549391509863749
156.94450824512245962573849557993470514
157.59830433414187141789146767285770189
158.96405897912472355273018768880277607
159.64246023215504038234690811000200059
160.81357577241098310495052755309100678
161.90223871963567469643911824126390710
162.68192519303299618430707740399754377
163.79373349215379459806980965445654519
164.22313228709646068822005803019190851
165.32584905886636936190880971940763112
166.82491906613433576081307740498733462
167.56149538354276397389886194554300710
168.39514929592677619756887045056220660
169.10130088516613648493341177664269762
170.25641864362186221297195909237236664
171.13970697833685222057137204708821545
172.32898453259057134482878158999095039
173.11673495000120834924336247160732736
174.17937701373985526994772775063167416
175.03657089753334296349271009974602799
175.85308049462216774532677725866091046
176.50709220067652479410305395979602009
178.22381403309451707234761304658349464
178.79484220166042280901309959134511969
179.92903549645484709847303151847942012
180.38549235437990029908536106793505873
181.43806953775333326953501500575200805
182.47870110847563427428655010769826054
183.82890416756103668989354348148111854
184.14868386989506970200925413106792941
185.55981473694561026856188540381146887
186.32555024497094261215262551539045750
186.96144499581033286338213620374237947
188.08106176096505596521663798195547860
188.93975185142076030892921565270493392
190.48457126061060737860445215603699459
191.01053251435849843666001425863482505
191.62219041796496349117081602080818635
192.70432790803444288865693034618566256
193.58108550573913313838750400646254081
194.82219067996089777564274164072378746
195.72385032508940443104236086577068370
196.49007720331868757856251377108550375
197.41793460643421058689993791826207864
198.52998047840682521457219477042616597
198.97780368787785555219083377229239720
200.08416162236347896135877154618873151
201.47541296694840678966720168910811361
202.16019087858332064951772622879790403
203.00696978873546805648785767981847368
203.86199282190822123970625007481921717
204.43567925145483459762183698060175048
206.00896561049404949314209881341902090
206.69659475338592179061365034041592645
207.85427582829393106729115028490756772
208.26144007858740312128131679150899716
209.60450353486618887539083214434840419
210.20998309041933420459439906378724313
211.05550718520380485274100560090764797
212.33602298918319026626947559302791465
213.22428794929849101166543056508221195
214.22142513181994865373418474930145003
214.98922079279676159129694208060369663
215.40875533407562206689445457143795626
216.70218960149784520437617557642723931
217.94772180391859785851784331356136253
218.63933511237898429217655780987583377
219.58624721137108358842604815892002863
220.32839769123533251440877392193157819
221.23489272963032879605428470478791298
222.30745656086205736069896509531601761
222.94148738019449043714128218425760744
224.19258388669102476462168976319489888
225.33622148286367649816112720828695294
225.74428942319179057054797004574608872
226.74677664966364179410973898981278789
227.44118751266740783058258140255671990
228.49614233919328461791530005562521477
229.97094668527305581888438010109104488
230.45808210346560565012414511100613094
231.12097552215847910525485887432404718
232.27768454264163012419495936675912207
233.06954078309546768378945267494892375
233.87252463828607966166767446752032255
235.11132458349178966600168485566678806
235.81288156247820874666593639044919014
236.97260581113092441313955989610886377
237.74261827231091066978196720296611125
238.31849759504809629030091949425962628
239.17540065990526063126248511728906849
240.46520307834504041703655207438878282
241.57276973954165473016302785219371403
242.20376996248628773105228497408862629
242.90400963413663270413435838414089981
243.94001914689440790683857284823318437
244.66989296338494889702995244919773206
245.86900532202060412095807183320180372
246.61915560503160232734969153320980488
247.61360997478414654474445474567472402
248.72464335987180472575372421072146548
249.16418812318505966683119954001807166
250.21188912174292362027203367508065795
250.75624473606396167229603698114374397
252.26784646457080335656105684158539555
253.09187594427547103348629590154811398
253.91769461998228067919179228092512606
254.69160761964804487082243280325003558
255.22462873366502592434360692045448080
256.75576904358591486078207843480869689
257.13650512411387663791973780408764606
258.48157454999361327518227136475484160
259.20927220732242142178683241345787122
260.08350140671601648136672740234938140
260.94648448565140613731329042422142267
261.95030699994923885276773502457923004
262.17659856176503171141895549725003707
263.97832493886786370042796016831394243
264.63203495790548164819465093527261497
265.46210839173267015323440017501012452
266.17466326836176753480011271941241639
267.00398356090565519318144441361869531
267.92247841846397478864437969441473014
269.11121526244498974420732638909646588
270.01603381403539037106685349508548448
270.51488393272130183322659111221649135
271.89721637599723904416893325951511148
272.36293167654916523639435803324928430
273.16698810192599247490701727854991215
274.13590368213686142756817565525143580
275.20269165942005469912555721445051903
276.32991626548931374212800496970243825
277.03180206710145220068832413556919678
277.57260925519472579666527279879758861
278.49714641973380365357456184931094182
279.41586162209738990576795647528375694
280.69945988290101915226309816767665322
281.27790382280946734720603673611271276
282.35447285891222671474840451425212408
282.90951341729851071447838756138067488
284.24211421459873650515853322763071065
284.44739667065448120281377820498982683
285.65282934508216971847826632903788880
286.57526425982474799100842183892813238
287.79241031042771125424738099785795433
288.52650572657092839349770788716305907
288.98026431530051750478410152322177579
289.95010565503436416807580290654944234
290.82568198336327124589476496301480403
291.96432593399435309019710538570988984
293.03960076381980456207845935850113527
293.52295458921013021951636904593641138
294.36778797687149542953243277554304980
295.46296322106625431269545128841060953
296.14396627256511242232375868500115371
296.88100097760328785894990413095713540
298.05764733866993918406743509347991636
299.15418658401716003839586835031601662
299.65670048896411089753395524700914068
300.80005361641407778166380466626747792
301.20521807038827925602223373229896201
301.98489474688235641313720527611549936
303.53145548514232381415569660266964867
304.23741635932205468930360070018621370
304.85076843951674913610369420457018022
306.05764946313489057108701252725376270
306.40602321235606845133493761203846431
307.54701014213942636859804921986245468
308.46779101145703433181141577644564051
309.13187474521528048497285491286852434
310.50132975525867191683811459620165587
311.02764043664006422892018284026194100
312.20410855689865649363424556123202820
312.40426953676611412658917213023933732
313.41661712036771217502362362181862926
314.55202331690134836466317721162349619
315.62659288283957635423141046991135298
316.45233962304101481798779345173567790
316.97877013929794248219283013651127773
317.81979317828972812507889149378287538
318.97310581441303227741376012890554383
319.47853205460042196052804479328073986
320.69659541724739075914121244246431672
321.42705106566277678761467238986937458
322.52088228507556945469212761834916652
323.23213737928789115994753710993311051
323.93746311122522440244579125171293117
324.69069063226812552563288305841401660
325.57920789223058721396516012605409508
326.91886846823980265257379357927822970
327.77660993759044822939389334691147596
328.21644500350939703372287229734025339
329.04154882094161369938698151417930507
330.16283411633538796424839991792015447
330.68761068609389806932447945072963564
331.90251307935898687383490239778053268
332.80946811085434173709187984945112689
333.39618539571620229130555733877894654
334.67079469758040588979875982504772968
335.18028804240720827990141060535551875
335.89200973423721697996909607814737711
336.68161382634347164420796296013849772
338.06318865572367099702733104398802771
338.79740940496871285122385875286679878
339.64734420767773863373520657217007783
340.53165467032574270549255376016286640
340.78601548992304471483149811970824213
342.12983483977039421184852583088709120
343.00262237496489338129404655722052226
343.84779153773627613074737487131808166
344.75261947847859719195711017055724573
345.61633384933033735084219070839035405
346.41930840074844090172599189187297191
347.11841060505693514051959616881816508
348.02376639438224019377324165511373260
348.68845030290948855181510928868776566
350.36929036972209219751132363363144556
350.60535425708911635999852238819263598
351.50196736191727510685752395662830433
352.28619255830089641229581943285365118
353.00214534232744663450719965097585596
354.03869640424344218852699858045310536
355.17676814208909824221652783354312523
355.73371995872799925207218547075048620
356.74182569932758701153723182961718250
357.44070078086521181251503680977679302
358.38163361380029932679287212723335189
359.16513311984958537928918444818014839
359.68184189615063777588940350666819095
361.12054006484301684384919464424903998
361.92782663064636079005312592893487191
362.71340160327016118603337961355147255
363.36658736130957045236269768563185891
364.15422618006512758700064042839357900
364.88232970346530729231743977707586981
366.20480735259910138413258379359769672
366.97503185826588657460566494178968973
367.72452023949115752570610219596886076
368.46705331733194490548291278954344993
369.49669597239162701433688830701643977
370.22931647743378658576875208392940206
370.75601011285535794562735830414368539
372.12933219090992733545573334571004870
372.67186707272540650802814763679360864
374.01860148318721206701655299739192843
374.64284880693952159763500943378027863
374.93308203162394324557529619594610389
375.99500839930582475302142547600546346
377.00849663862632268286232570802932260
377.93865159453398025580682238426255557
379.06676500169612765112899155265987933
379.40074944121948860918706001554180240
380.31624733983418348566094957127054365
381.25642227925577746224094787927033973
382.08235690439771741796676489270933823
382.73531588709888161939930914337044515
383.78237760651154889150752076556862370
384.95634986654574822807658286413200575
385.45511526821145161737437405981209710
386.30119115183435984089545555377818570
387.23247263514921261156055996583305873
387.48480532339805198780907992993033726
388.95448425743741527841651750621048554
389.93970642176698950513363371383654194
390.66278785165576313080922381686166322
391.15413281895916509954194537964914542
392.32324644856068924710113136678747495
392.84183152004349003666798479682837852
393.91233999209876073936485926570836632
394.61643097078653310562489268854198959
395.68741278555168698965916581804039029
396.51663411995914794523925812182711940
397.40934289985786436575207005481065240
398.02994376293594768308747891926596902
398.78054971332116695835680668718739592
399.43621011683500760864552055886706422
400.89809184882033383286335591564681526
401.60141179952587919475600084549674975
402.33308830877535467742891434656887575
403.05820881242536531041257011684215016
403.91938159695307253320049692726360534
404.60179256282372857413372357242132629
405.77345504693516148809252474683816666
406.41450344590108599350066712175500245
407.31590648008467635998171610499790466
408.43097055633423553993746280246692382
409.01770410584727123400327741003145463
409.63966033979797017269243690532850598
410.61935314948875656234430612084203843
411.19683995844503018120613480551268380
412.63766286798537831475654694860880176
413.30588150903630461230012311290011745
414.24399251628565568034746787229156210
414.51543984546761869511671657492634700
415.53246997348587965089150275430390452
416.74751943847875343004476741784330772
416.99469138401304374747598033736867936
418.53119714413811494817799010382279240
418.93322398359637684740353011027037538
419.82691019191046677496093012226190934
420.89442576213299033503894042213072700
421.52190945928700777580988964706384460
421.89271320940482814627708291533209531
423.17885974402854522574363058771393071
424.29015536069756433761303390907575576
424.94352954017643040125254486918633146
425.83085391095351119786646642612463977
426.29005452867395003322400558073840167
427.18936474209810633892646013046184575
428.11917053097367751967676254371592949
429.09489211855604989120242398115020067
430.00820470483433473070477978371956309
430.57512969144333314702952736327512815
431.60400805204560947563805405552036232
432.50520872062530883222041863519212213
432.88035559843465034893897040397204893
433.88793128554730382180849264011986915
434.70340248722495705777304780728068262
435.98085892262042875800441384388486898
436.60867888529543420804251066117958572
437.32897818292177946704222244929379970
438.04340506846346593064670005709530650
438.70103524612117851123931490590447354
439.77734831485550613069904266222529670
440.93491547267346631360409540904730627
441.31136149758874892706185566566260697
442.46081108025541367764171030706361419
443.10559622582755761920559774180766741
443.82542615582640197973074899013232257
444.94482425414662525952180939594662747
445.25331456042094275981688172087323020
446.35207716409722378080097578385585920
447.60902230417693860384718844089182595
448.21846677904721780846541027113055746
448.83627974233375040839959120101451190
449.58982776194666885081588732401102364
450.46529446826740765823509421564788573
451.16496980428637043723279420733896294
452.62309748076428143870836151638584962
453.06450410567289902228079604157359860
453.74300557390314385798726618884233975
454.72645140223612727339428380260218849
455.57100870694323779308550269612041160
456.21989827153814415572901868106654666
456.94920721149826556619787457404330048
458.13171596885907371549969193361261464
458.83780182567205356198782152111191899
459.97156925146126758652493440719436739
460.35539464787318912066763202843618220
461.32088415635690830295444896486566819
461.63634865442191947061916020648559668
463.01505161466665502067325268499955925
463.96582239074138579117130638871376702
464.58970833429048972325724829544120060
465.67501222827376799828778048724791577
465.87783051983313998540605526390347870
467.14940245940856658554109142460552258
467.73346457023115444450580371529988179
468.63028033385023541165270616467962711
469.45097511336808867113861879107340804
470.61351891549300850524802082292303575
471.13933612118538277385729750762755390
472.26523443781788932017486861691904141
472.50681025860720128746791926884043291
473.29797684438332455079584528261391973
474.50319174856271594715505829342123254
475.35311520120611227482586417453173350
476.35006690365913050481689560073580615
477.01245604921407910175737449682507819
477.35116354503150890297725507857409947
478.69825394919832059266624790706367225
479.19128639271226281505760389211823415
480.12616136659911630236720451960717286
481.01579524812627522738078896593320732
481.93915213960203215175102863850313731
482.81648227666889820988969749388261226
483.38721674369830716523671146452379719
484.32072301787949174502530794709855798
484.80183141923879324488375291753756991
485.68682384902194670867206519188769154
487.23573008146103315185113119884536847
487.59751254325427206911384684388772343
488.20233329531526586180879875006857724
489.27289853414188588614775273542574723
489.84896824759635503518069468291555854
490.64490701431755178544688220419220285
491.74514222036777773848309044276846472
492.50791041762613586269363925637472395
493.18138273460679424547116572577917447
494.32359290870857683491524371118445958
495.03355915176252945711948886511118795
495.44799635201624611077638229148209752
496.43287546890830624157374770323887419
497.12629899429239027745654921796643897
498.42740192937527658519848784568468924
499.14400296085759316694270920710634871
499.86953861932130086828729163499256595
500.55941334915724401985883363933740687
501.11556757214416045598290562203884978
502.34015398667289508054538675471761162
502.93817683717597389537963501950374939
503.98677206839627948301513369090467578
504.74184670774222837415210389639969287
505.50905932129427123329812836967901835
506.41015914586911359861975057784933981
507.10018118427250293021666934379419546
507.72755156279058630257710419038787917
508.55273353004761366201762489605028741
509.68401427897205941102758333432577325
510.79844228659157496900733208428700581
511.08333629430165154368662311608054926
511.99292413019597088830299950234520309
512.58251861644195560947122561934816167
513.53227587300841851004776705878203615
514.45745655864693514229197911627717650
515.33126114907622505480919540534749135
516.24288528823164845517115215900759647
516.76715309389998948427121079159687117
517.69999860994464156186418410585805584
518.63461834177255588002676382913775043
519.17422113143110903909749887617144475
519.72673521807024753967880115559214548
521.30665057165315126775646080874886887
521.67846579399247131081282207217774775
522.83826777002300169308207304796559647
523.24745260257139487430397842062391001
524.14011906643684945087926135086869305
524.57474196176157700928977955509106451
525.96463013021338475918926120908287692
526.66390412496209810524046468776865868
527.54482109603809083850100648507250166
528.11050227088325737758408552319584625
529.22877961338239620160816263849004110
529.65720822660237456532589421860178694
530.60747612613202148347538415302136393
531.32581672789987608568766099388340429
532.19391930557539065885818354881476297
533.24089690530057072850921518628129574
534.24481174594212946773195489589266438
534.63679001769626041917645086441269348
535.16328849912324529239383843185918031
536.36080971217089020876316888837589054
536.81830448784784079102075364396506011
538.15248504363231558146433340198123608
539.09773341631988660657479394723132068
539.23814769554398315042900312563693916
540.37643224161345281129317299995540684
541.14865361140561550583863683345892276
541.86947696381412034404408929434717826
542.68029215967748591959503830319742342
543.44625374204271315419466397202197470
544.53377047942228812778127274304706782
545.46074840920955520122923954261856309
545.89610234620560861508407993641065581
546.81398424984653248901626648553622124
547.40234663177380105529420039334539532
548.10150980501360268460037308989372429
549.51001714325215463839280454364824646
550.07310771501763129336322103234515642
551.03720372401905484242997699477737308
551.37787972743912927135798723693975796
552.42534727374546698823801876102072888
553.29750414209147735998964828440146549
553.78544576061725682806041735820787009
554.88163077375880003883065192977383212
555.69823461119485157883712223887124751
556.53114933191610730342924781707612637
557.42522353012778769865399672286716848
558.10265738919391863747376161295169682
558.67609688329768904419133265353352000
559.27758436341041893977148379581260140
560.74301190776946396156793489075175633
561.27009254517410720792938955627281339
562.26801554697482378437690932359221845
562.99556089724528183021068221839926716
563.38350712607796013325767314404889648
564.43083182847479107682339696118232967
565.29170096353977578530439324004305836
566.06315715210771285507195808785143825
566.78977727297015251477649206711709480
567.96409852311027595049584720338787103
568.51787169145439853040193009096851671
569.28516058487258157718002854590571771
570.09662285671141388431180419224171852
570.64759339824821977885384192444636334
571.47991493420574142294308801499533302
572.80879924721682577854039663648791766
573.62803636261407082629097885369083892
573.87017015020408943476624428985000773
574.98820501336590946640671926987469400
575.41787252713599955886775263370498769
576.60537591741009281630656682127418004
577.09705251792399152696106320640535680
578.29517849975375674149933184802862756
578.92326092334338064428591485893250214
579.65383484507581308282826811955463098
580.78762280335850196339747729590379711
581.20420809611622355074844541574745401
581.83299032930359972367214336799056954
582.75396589579409845269548435314108365
583.70789565038916018907767477486446665
585.02268453969294868485994281095086351
585.15339513758977635348924416783124766
586.06753957841513379024119700545125661
586.76547328679106039305531308394173380
587.57112178823186534980273905875637827
588.37603304941894056500267169054543121
589.52808304130910563683731833319140716
590.08394278335303740523776095150067944
590.79009342835186738683630577748494399
591.94902078386014804444604436669281285
592.44166856235215695974325246983820830
593.06233193754581220647001795225151196
593.99058158129634957723483796138099838
594.71952457910594877269055211883541215
595.89962798027442128040019477923612603
596.65855995169780020285674224800061360
597.41651743183428090542427384795149164
597.79421076801179508946933398321735597
598.67881898080606312842854156734408742
599.57956277733318188452179156586001016
600.55878037904212837880186874365518904
601.24896916599043132503877431518700400
602.19817064448973500373358166192228124
602.86942310925867862047433975370562211
603.44785182624502472437304237918951806
604.73229508524802223348124709010359109
604.97192482572650231352259111215404480
605.66583114484919684494308154405857608
607.06167038632359277231941052565598784
607.82617969632953830850315131571735926
608.35529735263172241137386021557209528
609.42217694297523469051822508955433057
609.67528723943521771038218500940305902
610.56436539508076429467569849967169607
611.55393620217943759277819852527501082
612.67757063714883336100896008173397915
613.16087180177879197064693591678390624
613.92052609206706121648876076240664436
614.78776714849625210960697304760589660
615.57715772371811770713090818913555145
616.22528081490821724819409618225319283
617.01115918435731642515320112757832414
617.85442359767120302427589604172793590
618.91318354909961355960667092762102615
619.65909719270851297209740934375909970
620.42923873405116469616231858461216200
621.02311214216994867802312633265056501
621.60985278197302123139313152729613930
622.53289843622424340735072246014212340
623.64849723907064297871366455717958949
624.45388853737330147812694842976873387
625.06720354845588104393081688064230220
625.85637028462336119668277466427724644
626.56741478932206278300031067826944928
627.47056656982533337707492395514483400
628.06197835310763415709328375868517629
629.04492284438613063874329037159640819
629.71587996829526875512864411089278809
630.85714860997876830747724966543119898
631.55447222905212715830495852938322439
632.20800539611584120769651313054871615
632.70107931307922355012850547962679555
633.67741499675353617150648628924891072
634.40426300539797280879040518106082138
635.57472685062498682816744092242636323
636.38096064014252361490715907605279103
637.02306965097792723304914761522000623
637.35391949138842412693877596878095628
638.67597730928953581299966110747627692
639.27936987551668927091615278361025924
639.77915190799401386946747616533474203
641.20225896117194848700777837912769764
641.47330612864749077401961295458274456
642.71191348466998831920421588968337088
643.28475824321600599382204842631703916
643.99781218402727778168100323485915060
644.83802318105827320791593337032324766
645.11153796007217743341310210227231841
646.67297203386922980338383056370488825
647.36523866199962227202687823206376474
648.02899066313788848730046619310809951
648.73735868288643118898129288604777271
649.63436055576175062593278515330923162
650.00823305352253644352268716077363871
651.25827530399353239952230681367284773
651.87084127812871642913499809432519007
652.67656436944365126111857163785855473
653.63806017474929454492087007145861214
654.42063579062243698963454971801444093
655.03974465954605942410904411016091902
655.94967673969114522443440955570321089
656.29033047216319581265243179408116378
657.27716585608758150679074614798034053
658.50282079944118682313175710633334401
659.11517878786820010354189454526663303
659.95927223717991464160571157805565544
660.45755877589360320782195196894304543
661.21682698635186857729570677922510232
662.00872530119999894787225228116531324
663.22061037258420401379422627656636442
663.43692624832869491194292288898073900
664.86327550728318121526790366559297979
665.13303297209448301501804712557558698
666.23334734693991111743793565342123198
666.88322507082783775930990262495592455
667.52625630691642399592954053844853538
668.26539567197161603287319618638462374
669.07600385925505222112362842856003155
670.36694713886296264543487916083867114
671.04329146717302105994259432343910511
671.44014839166542834066009248771033332
672.25520790330770152514643734420365188
673.12480234422334148075082918435833585
673.73855405060331724734135444167038264
674.74725833097396205781251195037972353
675.83572013734814841965562237846545961
676.16135792477693455015548124842924722
677.00396933386174814802222818355428073
678.22850237005182929655690749078642171
678.41541916559498224220125752130566330
679.30132248156405845545104093349213584
679.95608345276958577263911414586567469
681.23955211605268071482175870379294581
681.75921982527098469073738179104493401
682.89306327373715495832789614629449521
683.40430229500523333089972338395257291
683.79656162878052266021568617655179046
684.74824685515959961811434484519514003
685.71363765358086323297796218110249640
686.53457645120001347424618641960858084
687.43732451188313343367412678261490798
688.01436050500467147108345123318667305
688.84260429117212413554544812025598190
689.63958873788817236950180250273104661
690.32042442270482981059252081484517093
691.11357328643882186418458421567341248
691.73357869182298455646270244423427334
692.85954126816363978202851330603996597
693.80486408218863859444389081259519170
694.37199063435191187548429041744536105
695.03713970951107382806212925365707920
695.67424532952968204646905943575062422
696.49510918313508974674432147065309464
697.33915690004769291548854486999943851
698.66081982789105889988726175462185348
698.82358269795514010953190778915042723
699.87367164397788487674073898174104144
700.45125514044959952520019541821477712
701.34849499981476327958183570543055177
702.06917517502721837767063075539090513
702.83842990274939030536925516926655199
703.44447553145035075219432395174332159
704.75863746761934063954382828038554222
705.43545660324731316086751589028066771
705.86557113093579868724757471990537681
707.01515107082004792906839651005253598
707.34846527133098079343610055712241945
707.95258127432281166876594212755058364
709.37741052371136369246488699520677608
710.10179740047398220829680347909153468
710.69403611064980716342168746085526148
711.47896736975563542606582290686760092
712.20756620527325645672497791564900320
713.02208381709208364639591182079928623
713.70704226449737713514262738740885782
714.48703486619438471508242813143927938
715.52294992991854140171977557282174210
716.02576139215260811935561008529058082
717.31269516411566604370892097634680151
717.73322746687055989131327344246705477
718.31991398626353180503419453772902376
719.02134299048403582992856909197373863
719.94752409814259871501375968698613199
720.88275778938040195805372587865032273
721.82094482031773950053926322660780666
722.55388311228305813649298097003477584
723.07908580279931000128428913512364413
723.66613432140789873901604005301922964
724.99174827275592428131847330568311991
725.18831287100920819958067912763402371
726.21554544492567090026368102760239611
727.15830002777432744104000636790723664
727.82553948297714643823042549899912216
728.83601707605459193223972906297225013
729.31213495894661767614718239114030804
730.15935653563835500486085124160931522
730.66078359833920899490018733794902837
731.49915042871421450737757547852524521
732.71575327848448181259934993802840039
733.52281051707713019165715006642109110
733.99212509524822387584328128631660111
734.81611198284443089792734012069525414
735.36596391081412299008120160960202107
736.43271092505578910613318925885114290
736.96613864738061406474170981388640423
737.98975081003203596481207084515063510
738.74310972729205921591382425699060745
739.54295815460652846689002836044107541
740.24002536456780174907528551697149404
741.25054975971376431318638758094063906
741.64465489211048087563301215444989938
742.22312383856742478352750381229131038
743.28077832847315844763645287532268503
744.34360516599089255799543540276700620
745.12080234384775543198795570713732752
745.63740184348148576431404032005938110
746.39145920834556119361567886008495387
747.21398645307592163381416357919916155
747.64283593334503292446749784327235939
748.97064544823966888031962776446661875
749.59742350301548511685721134189433594
750.18149689713727621143423556592180207
751.32872893507690043710156905215286400
751.86644600043770883167885440451180680
752.65247485665705940055482398167484544
753.22658140978437587445875700886933008
754.25020164798480007039952762557267728
754.59104808079990299074850860546153234
756.08294271139854805674705582559070763
756.73958022453744212699105757909898322
757.20546198609879397268945754932500099
758.01942388866869261626656166237189510
758.60472161975608640451379250532200743
759.55282589538236011226505040120199484
760.32454756488736433048572553785849223
761.30887533418487196087252719626954500
762.02013149113098161874116874810980957
762.64221993838559459998904226400605084
763.45599286768660115600665260118210858
764.34391238030023255091783725657938675
765.02230251421413515609896738304960852
765.37166491206714556266068960615248099
766.58596292604770495223644327903372689
767.60322924084180846543509902170932747
768.10110545774897591291747954294899326
769.10417863937833813401229038883425197
769.56561521562183172988233079991056275
770.02529670105209646317097860901991780
771.25294031064125735191756437665351293
771.81937501433870607979423520515391364
773.17728508875509516355016468778104517
773.37506103573083877997007992905416289
774.16988348448192211285724861291326348
775.14907931830884119168103646184971987
775.83890947652906942026702916002718219
776.43359379718966108830456086023878271
777.17718190458344476084483685567362420
778.18610693323284924614658025870040956
778.96079561760055413825298186848309110
779.92519373571425290786052132136056267
780.50749563862963612998921849920630542
781.13608328856830373765563062163383562
781.68629263905512029818500833272660485
782.60042006294493604518765943931068611
783.75448875692815377283412662722523580
784.27493447184932817008161080408129905
785.28041458513041225766075395385796682
785.75120475786617999636688029315931949
786.54329252700170699466533260492980106
787.30452584067285938891101827859210995
788.20892269252736294876579227024152142
788.72684781756549399533300511873719648
789.57667201480968490801922615218866195
790.69728497618579782445446437580397933
791.44730034012201121121055143687158389
791.89511082880134472865023121929047945
792.66342157683506820774242569062543072
793.65382660186654248290891885948612749
793.76616964870739989115240014824548707
795.24738167430633797024735471371299129
796.15459500553156402167896264014080338
796.57666493450400932550846544755847753
797.25121141314123798190936067365525680
798.12955109679938734541418955109370125
798.97173190229179564670300285859021268
799.44678873063264748870724437598307993
800.43082212021922755704697576403448538
801.28397751547434398358181751741592688
801.94246073932412210544981579303994051
803.01642211596474351527640068558237948
803.61218240842574197857826583026557938
804.06612223619288454567361382956232006
805.07141891537868622053215820826506546
805.39153733246977434424123861856687325
806.83813552532271696774027580922949625
807.52831450676493794211611910612874655
808.16500192706283771055269482605963773
808.87195910143555912229444473174917487
809.62141360211178838316744027952005377
810.20683225468485932660387031363067019
811.30881749707510042699333138780794482
811.80598558800499774290915750889674555
812.77946066468661427386836036255743065
813.56967727742312557076387044301603617
814.30652024016775025537691592345983037
815.27083462215380039241958414538725537
815.61630953025260947686059987473313642
816.34835337213872449313428137575670904
817.11119802325375465070268553326778305
818.25319916701612300481132893607404206
818.93530811714572000040969436611680752
819.91429431780962929497832494884194727
820.49786189514561251210635178313562404
820.66828713930322917628902745301112264
821.99906427186572813031728301608769136
822.62043250105259684652069308449018369
823.37194964928176651385156256123986312
824.25870361215204499550335632962996175
825.32327492090644774054037621732047628
825.47851592677944137104809396514116263
826.67938260344509415133157746071269816
827.31643946113994884701525975741558623
827.84196866829674698934473777925201866
828.49004725717227766922392250965374314
829.69916982714123483202600267021784282
830.59204919919228230343679410868794838
831.31572735599023841279051306209814461
831.62782757125600535202677805933347482
832.70424178108165329193716587536964719
833.18304574129502921219467635219371138
833.96613231972276656930048354674780613
835.15848188412399956288621148144230925
835.73638145149907791908505184957273261
836.33227872260889223672285844143933194
837.38920412588342455711559971360173192
838.02441670614230661008622824154595891
838.67426614916521207349912343878187920
839.38098681612262524314394351695097359
840.08828248947001919458094749927903947
840.99873993375601184695178563931568022
842.09174717003592958586229293631686546
842.71206971094850007654464330397166349
843.28688973805781292704467991341586386
844.04262345412325839373330292241455254
844.55561869937533081354700617003180536
845.59665483948585193815963032786280750
846.40385288776144161278853148018951598
847.30454354612319017276509313291757325
847.94419210381181744993362743369301332
848.56574525828595782873833571305199068
849.74809616664756984413601846574220412
849.88321118955202696018403273557075706
850.94820394738054282707067427078030762
851.57334713904614235265033833653126850
852.31636406910040617077024348679072416
853.62927876948763585617175512442840577
854.04817616636882988876513955362697011
854.86066520833051503071728583563330948
855.35398940396756193763389448240278002
856.10117393097152353228467624515789369
856.96645324377194480582353578722142243
857.76346047872580063406304922881504016
858.95699722988806093523810270165724960
859.26788823489807277794391111053469826
860.03668821981068127154235185781202929
860.81450793627437994707922085046234533
861.70872820740925162065300012188840702
862.36314215878177591362926465741077983
862.81548036999796895791951048530166452
863.93368651537394000692630381885434335
864.96237817446215742751663222541295987
865.34168466764821591086793745561981362
866.37017789279460015735781536552939002
867.05473202300244971972911982689101648
867.33120808635217132141587233240161137
868.17329374089372979513117788576985103
869.66991917486162942634910902638555698
869.81592424201379504386435925371494747
870.90484857868144827304522803653272284
871.57040202486168399353957108763027835
872.14195655934363341974637087669537143
872.94378069434836473066178281593040878
874.01253689192167510264742856066409219
874.16095953511985028477439084067974584
875.42839282703371031206927043341167873
875.99577061975749262704212394049894407
877.10348754088123257278858853112178832
877.77072012491660916261738570634746358
878.13787603790361444704475339011097627
878.98328584565143237326912874086403049
879.68761187109957319118685602578727658
880.52218693579697524624971767852004731
881.82321105556930233173370780300310078
882.08110251832054151428407162240568257
883.04932476064008426554713702979028560
883.39510016364773529521187847495022759
884.49488574285087200554407178771862100
885.06806462809203417996794111313171682
885.85758922620116775782713727136960058
886.74375362094168345377582860531571943
887.38823048737225290076282285366695151
888.54674562780571460539727512528094222
888.90830267567882016975872045764204649
889.81587997408635219893988707960708998
890.28264384415971573511130288554654036
891.15771689082278384373852865238925614
891.71732903891482329382146564525396857
893.27111555722670272386860872016730651
893.56095129282445707348355679132105910
894.19529645980451902573757563459517196
895.01829097346085864928621541252667188
895.70651442939841154581511628425555481
896.51401437724484105690490224133918547
897.15856143008712902052508072205555003
898.20983723286998575762663251463443593
898.84160703577294003781038399965821944
899.56179298352998266651686276775196491
900.52134687442938828206776492155439924
901.16602116884537351642543045051354390
901.86920682605511721436307742963682680
902.14636756627072120156172132593939894
903.39186440548316301810334586692552139
904.21165571270105705817131404406278658
905.08751357692865101611931822989980162
905.77608837053956954003227699929044489
906.39220259872577196740212709578496691
906.87827409857432230584176325093799792
907.83018135199926341357703216574394630
908.70165012032149040202056026606667519
909.43601173347870746394232097480574817
910.15707280617951738308184409898173493
911.07760210642995884157911933984733283
911.79281425734221618516832870544925259
912.33283111581245617793108003827851002
913.31301957697997776135998138306790977
913.85587986987697263678837823600960624
914.31747158721988064464618414877587018
915.68418200623157763781030743096643983
916.43192991537681885146484812940552281
917.09917997777454963912506610731955777
917.70538230816784394310011849639770824
918.38229837716813226846181188418315961
919.04643753604181446674640068030936175
919.98505645674269599263585163828849295
920.79374408214554855191725545318412008
921.61883016168477875982520240008733333
922.35685399535522874484326419962647954
922.97376950086321561893283137590331074
923.79646988450283406929651142951045729
924.72927965762157755637909651835056488
925.02890232690661915417767845701055677
925.79596346128946220812608651890854411
926.84142752292913898914454644344042215
927.79596298133731543075992562243368071
928.44522093905229842398598597843881339
929.06254381291786012626001828915051980
929.80488789232596626877032597305468792
930.30783313938093328697054801636308444
931.19952251473122694711951728981285775
932.12887307755673289513118954574491516
933.05439814377756493755741421091787466
933.71622457814593873782222583011887499
934.05846473703559177244577876923567192
935.49094556864884655041774076487929604
935.70348374350290932524943094584555587
936.29224941582117758488770953423574712
937.55826223751223401066437131096355108
937.80928043515101686471741764827727679
938.95686086747407245946241017595321703
939.97243268940349275151900231331789666
940.46289837807785673460426288474986849
940.91202496883357134493336535153290203
941.75508253602233077663371222167736727
942.44199978004762785371985158792349682
943.40425584127634569489747562864029889
944.24939840184319690196195347804077151
945.08467587494806776775389115965334399
945.67059913229948513617357415410892440
946.20871236972461792812302957746733393
947.25069541295043719818222443139440248
947.81251649074307592981415729719060802
948.69585408337792491745638662169068778
949.05119054877173462858704045984753397
950.53251740296988124344424017599388806
950.82940494869618726453421247374761602
951.93659531250190216155280624044687627
952.27892713592815680708743865796640576
953.21252797509416600587933581236752071
953.55173455713349672219178386229420316
954.53497504303715616359906851093780186
955.84282012619929700143064940809408234
956.10974307536496554998694289353903860
956.98891561800733262576133718681799051
957.69995878048782646342728506116468060
958.24485594837584413346345884321087581
959.32781921786256928880578787142008648
959.73812428227529787011984603296180428
960.58198972393958979205766421528435019
961.54444510385640038665934216854111012
962.21284188870140938254577794801606727
963.13615843314732739095478235491260137
963.74965660095729623180996413111869016
964.35823373048931032806168022425230351
965.02226725898636573224474525454438645
965.62545913791005341527773054491409939
966.97983937547262506975861457415030824
967.56914609622231948964889867965008198
968.19734782395967219425379228768529332
969.05700286314642029626640215972316162
969.58022551128519319018718075277373115
970.26115889926275001923515692969863154
971.24985225632096834224843897706729441
971.93090361637700044322527452930579908
972.59871610923634963111902898745236651
973.54946771937152074786713861164740808
974.35483813969844905241154373202060890
975.04333723714335780892364127310147225
975.63745141231551735535166860010938021
976.29815763219808078180497185043788181
977.01049164336968391013041274973243534
977.86240216136017915238223710772046063
978.91053796207119744794537964135369116
979.79262159283118369694603799289556480
980.19469892618289215168325064758216530
980.59925332522248610253249217333619497
981.77696936229807763175398187488150152
982.41959440151502226896799578878066057
982.96287645362043432297849752617971700
984.12050263307553166249413454418985086
984.78096420817483527060334465910262723
985.34470210666070917352430457617920254
986.35469664369226022634324299778430905
987.07150514614391100589308264313900390
987.54010162605790450659099803914810921
988.16721093727481485728489548403291450
989.07149901499554338342721187413482434
990.10789431433615641898545428363651768
990.91910178307445270045120949965002278
991.52384257055994823269572424978670195
992.06470522145529923839347264383544677
992.87998303368957570447404821313027275
993.48331783844440696777021406953053935
994.38159967075086996802835938484866905
995.29042491950854485639616530193859427
996.02326466251605005442798671457488129
996.54029770001583680757665675416327933
997.79998502298072038927689911538815248
997.93618476839473046120772413614804106
998.95851237852273293935682094550650337
999.60890389898604743316445973281438331
1000.0530159864957472082550538288168844
1001.2710077354996043869699862210702670
1002.1421422502156717139191843427172564
1002.7098151730228969590369674671275371
1003.5639096063920359867566151576256487
1004.0207546661565088357688772066880872
1004.5782142476577381147408377167948925
1005.6376745692865344265495218601999850
1006.5052037027205115601032394635439174
1007.0903383981739176241084927948930408
1008.0465330469817766684595298471764830
1008.6868107968392453810238879668359687
1009.2701985746748319208362332987521770
1010.2510381601768771331006396880704208
1010.7406004908282712204044923669636464
1011.5745196007850027540213569217616846
1012.0602552454116486854800750059969049
1013.4344739762598422053435093480616829
1014.0957102870761772442453319471998822
1014.5386551051839473878994127221156742
1015.3032926476282583897731232633421625
1016.1136284637248607174378277386846890
1016.5145465146935499368015477000910630
1017.5524703239503202277440294817791331
1018.5909743607787882247108427689545702
1019.1841375485913164012600241746664108
1019.7727240710221967041674950705753513
1020.5046111493748931486397420848764017
1021.5003417966404955094109558495043285
1022.0247031972448040410934587402344719
1022.5159232790445382465314439070770549
1023.6169612228405820040984652701935593
1024.2188456815556800286797705997750496
1025.3131201775720953719522629164245746
1025.8645351033256874074463573735635268
1026.6831446190505433265272835496843318
1027.2054703756735716177643098760669438
1027.6285179762097307250832862881702608
1028.8098909386192887967200413490031594
1029.5403576976990095533942060206184218
1030.4804941330753238018376847248884063
1031.1079397935314738607441203654176696
1031.6884730568370228398043229767723013
1032.4327236264948536552025786034339217
1033.2846795454992923863314757529400391
1033.9785471459864845916537495252432362
1034.4996740910340378996836976089710693
1035.6006570870515318003110346586891874
1036.1812451957224812045200853603403945
1037.2079701258233702814340329759840502
1037.9569072519008030414244256658424591
1038.2760961533427670250833451946325860
1038.9630215172335809973954193627764721
1039.9205568210535778366766259582886561
1040.5017302493868015223159861173052651
1041.7676900907034304567284423455600064
1042.3665524094528332699391976358345959
1042.7871121045457216237103923339263718
1043.7470739377705747711053471464576552
1044.1833299024493176995718029158755513
1045.3569984373997939851860098939370309
1045.6785623988496256388365816327418787
1046.5764302849645567161139378811718533
1047.4366482054252285927278901166396253
1048.3982429545192462913414566357239219
1048.8218664301293157040592589643314588
1049.7050844316165554853321644599510830
1050.3533195078686436263890108665178735
1050.9522686437395942445831116265662787
1051.4544696378264460237654281506602903
1053.0311632530642024483128230728382060
1053.4342621728194392619005875437962663
1053.9948193160242311607899570664102673
1054.9316542170006480939807263107342826
1055.5077455640041403114506320325247785
1056.1159283238065933334496229588927846
1057.0282756529349023406085334198342067
1057.8422972893991068902062860917152824
1058.5236363132822369658845845342912638
1059.2729986195472242501438107819146472
1060.2108533965045717074975710592951085
1060.9046630421158521094365099686831529
1061.3789470885347819672992335079361382
1062.2813427352301607752379635654503020
1062.5846572515465414881261171194200497
1063.8453141095286957437706787303464938
1064.5159461918349833174857705933717578
1065.6955580687377244792886120728471457
1065.8525477006476906971434868728308083
1066.5196857216574799028509128365994065
1067.3516709358566019522232270254673562
1068.1738482221288016568046679446482101
1068.8419761982884060370350667748776177
1069.7492994772492202365763264653167224
1070.4575240607046598096198336370146903
1071.2103318672354839257697285648744019
1071.9575273101586979041838903563111000
1072.7873071444451827349848545250519725
1073.1940639815496071748503420860025212
1074.1347322995770560242651942300808239
1074.4866526359093618325051679152999978
1075.8111032483020820396800076551203095
1076.5141805475761529356765713853989905
1077.2958246265613084596652076513544148
1077.8081203078766936988758582784194580
1078.3149997183152257842563745887324713
1079.2877728296426617050244487195459905
1079.9725146190190958266925636258528707
1080.7448168523801271660072166332242147
1081.7296744428482571927803952774597558
1082.4192996433569473462636958873453461
1082.8129455182620485520465621945619923
1083.8987299784284688962430644537315870
1084.7180783925713472882498404508047116
1084.9433554999703150275712628292916607
1085.7369351436275325082273806792510187
1086.7038192237584788576300241377526812
1087.7417340926577555448933834670995017
1088.1960021854880924675154543341395958
1089.2274096902670269089076128833626500
1089.5410075548344900698985006379240113
1090.2418148979093667307346857547447879
1090.9381546452878325576450551578518431
1091.9747386417754584749684724721109143
1092.8059225903069355322852568113364090
1093.3634727526323969687342891700661433
1094.1775107319980160267912075861015818
1094.8815040225650428227502295856958136
1095.7574069794436520703525087006483600
1096.0630729809885562580264287452888311
1097.1966616043319946461487757292956508
1097.5892027800468180741965682703087198
1098.4411530207714298088463610144453002
1099.7939904567085710849318591829762874
1100.0877288760546463847508584530249756
1100.6571663078654718354667354626122820
1101.4566449275396771992989951951666961
1102.2742489303380867203375532901602252
1102.5859833571680249639021924619857794
1104.1056000184704968348814848808911422
1104.3665626538645854084338984925278296
1105.5102248593660868819892406965564745
1105.7640331959453552620269498824285421
1106.6926010113142458593925219079928290
1107.4195693179736295202807227875891475
1108.2406265631661104623601853584789359
1108.6540755719083836658925952441100276
1109.5642679809256653583488322977934812
1110.5321899121625615299561194025470272
1111.3552437421604861782539896724311679
1111.8379911117171162835266501364411798
1112.7909241947887409799021667462752909
1113.0680448623491313187789671494101437
1113.8547760232221729791338857856029400
1114.7312194569637977089465900177867318
1115.7579985906286686148469469080202134
1116.5140584206755964873400501540334281
1116.9997768578651091559673354110891637
1117.6578486548692535366868443049550271
1118.5451240931477283167611356132840387
1119.2584341228945659490740141076865572
1119.8296450467836098206565777503081907
1120.6020022085776727171052958880275007
1121.6486960275067988808474838087315699
1122.1043497183567966645501023519309301
1123.1181667223623939586706710786039919
1123.9261079067765000535231652177473376
1124.3221353596523683986552578579956722
1124.7606610666973447987446749856436378
1125.8088364818957355063988411917786551
1126.6352162070310770378495489591324944
1127.5286332124105109289849996012036845
1128.2899408657252555773088371247057915
1128.8091161994327503729409386523293529
1129.5597547043888747421289248537979531
1130.0707533646807679337760753199548892
1131.1409503513897146894097794639408806
1131.8133435325213897616664455245966640
1132.2504579600654525279684315479748411
1133.4905921063677360600164870401708007
1134.0062873778827422441234629191791799
1134.8895344850840132888696836734623863
1135.4480762247510731608278877665505273
1136.1511701399497904633074524230133832
1136.8187963683257385270510575921680009
1137.3435795435114609155307198931526411
1138.6529887809422460068174655640670275
1139.3615888894152365834081416690753542
1139.9820820193526781578656867032882139
1140.5408144500544214243361515450252055
1141.2014520016591967469821780293359359
1142.2402151341688067458106444101656055
1142.5455527455985600199431660379407034
1143.5850076704039570634357899314575811
1144.5358285469211034749011162090943499
1144.8259905415142801958136039925024779
1145.9884893098733411466056031207286024
1146.6097331143847542507633122150558189
1147.1540897952110967239241584041941660
1148.0143046087657143724879346871767714
1148.3931699831869996167951581162952580
1149.3118561940461585941364846970287823
1150.5785972741117343199169796765913010
1150.9837410935529600656785375695620069
1151.6891169668239603604439868886928639
1152.3755532917982887473077662807172761
1153.0196265600715558200124977206239538
1153.7158515230775777223246182607479243
1154.5133921658439828248176620870370087
1155.6608097226247581532384322706586221
1155.8873634008726312071808661445563939
1156.7985859340010812408255094792904445
1157.8913206387637493959598342465346331
1158.0791478158351182811483322146195959
1159.0790328496530815525937870650101993
1159.5611802334637294501533295399583761
1160.2863357142491497276386224411261647
1161.2031567157984232156116192822344172
1162.1806772836645823675856636207562706
1162.8782948308011047414789013867028154
1163.4602647839098007678695216955694160
1164.1393955362008090879064291654618710
1164.4838101960301487390380009949503190
1165.8539513976788370913916591528035047
1166.1412003872488425894548925670497112
1167.1242526170760167717686897271913341
1168.1314788925869475091543024874101485
1168.5063392636002601718156977466738034
1169.1152854644982716016532449766223103
1170.3626750411726392789679233805909222
1170.6278526086978678612422762564965413
1171.2471157110995714043138452075862101
1172.0530225302427841588728102497019410
1173.1232903163935348725616161268126283
1173.9205308289250914761657157025271721
1174.4985396140846446399218515762821952
1175.1753770060422182001811180487642267
1175.9084676575839647265404521120655474
1176.3077537680164317385401782484571698
1177.2764464748887574990868031945907204
1178.2128717393916257786010377211668582
1179.0601372733527998597353362482129009
1179.4715087804610288120917539094237845
1180.3615839254780211722112043571141733
1181.0060490454238071627202952556464174
1181.8376796176097667490399160091238861
1182.4145353850517610519742051988587657
1183.0184313200251649933025178620632139
1183.9781908158260568541474592764249041
1184.6988258301731242763086288878127056
1185.8171790308448177675288449431987476
1186.1388478315539196699124933893032335
1186.8650491437503400401465963077627847
1187.6259995370597871278411503631857175
1187.9760682133188384792137411653988714
1189.1203120930753309872186158609926431
1189.9632509254169782246820538848403566
1190.7616527333702330316730590802070059
1191.2015928541041052537564749184174129
1192.1539381976818293428280384283045461
1192.6047796123669255347752840065979662
1193.5504777695058841910538588759815349
1194.0862038935365318138847465487894792
1194.9469168105360240336958872364067132
1195.5470781500162534573515380551167334
1196.5532193881859664945528471561162345
1197.4548564533167902656745668221662924
1198.0146559374594989930946774321664642
1198.3027821730327096266332922243704864
1199.4008179067681778909788145940461780
1199.8284880384601323721552480530787426
1200.6789778387768397920814934441418980
1201.8555652457684893322043758042250841
1202.6245066801285562154299500099694824
1202.7416833471966133048007892189813038
1203.6279326516899264060479886388086453
1204.7191832109058013118267587146223953
1204.9173828238193472519038514442958655
1205.9678857217059017368854648426970574
1206.4976206826673151890901317770566330
1207.4841843259916324022560503743910262
1208.3301736539103447646960696964418942
1208.7808508151272898655021792061520800
1209.8882773212689098375103946607961222
1210.2566249340116697056764742850092649
1210.7320200126155542755890323135685458
1211.5453667065934946642472848163991101
1212.7242419017259055162515309588017886
1213.4073890081335693235677968208324104
1213.9838210367331289156839088089050600
1214.9659002978105130568592407833612143
1215.1907451648737568055436527059465230
1216.0430706289634302110456866600652271
1216.9005138543349278658534887729900824
1217.6985477887897625713268047928809006
1218.1521686859493889602165021240415726
1219.3871005750087461413018692383843364
1219.6881488690419079329650875950159494
1220.8142916531237072172872913376931433
1221.2567389035344633929699211934607568
1221.9862806423615575975073198957411312
1222.4688874522863476571677931628848849
1223.3139696947422432278543408868580249
1224.3834646994313840469988719195857396
1225.0548830287246203016141764725644585
1225.9091735264609195148425109541933924
1226.3900242192614887621636966068442800
1226.8543862656341370043052207476017844
1227.8263983168588131103645885415985738
1228.6141148652523978398602940933362404
1229.1695791406664699318670247962524713
1230.2444555641099327113487364307421620
1230.6773474416125647989442727431843534
1231.6593152856570236696005305784169827
1232.3468285553428963673063160351764846
1232.8696039365277147404255460542142800
1233.6749137359136182450944041871209522
1234.4069202340180648616381704358430345
1234.7121247995537897189569059607912764
1236.3480231122927166813209412555307315
1236.6486904674925476776300528839113584
1237.4409622862657736929840617938732373
1237.9927915404654956079087146989114864
1238.6717076885287357059439350029785386
1239.5897869326273369938181494788386909
1239.9444914729309090543877986041010502
1241.1844976004331405817134534110121119
1241.8501138097805199098295991505000558
1242.3508592045559297565049285416461127
1243.1793712877878709107914391163362014
1244.1332400783891436461590010882395930
1244.6434499692680734273686206787329406
1245.0922938513367027120744383568015108
1245.9611982655754997223080718400188443
1246.7903510012762521292368213137932525
1247.6184973391497852488163292764953200
1248.6071547788143667759640193784889313
1249.0584579078193051005125938671957836
1249.6491460789311827268571264250841342
1250.3046062972129827849018226994492589
1250.9932915727580819372228633482300128
1251.9986138242100483220342444724974875
1252.6529607137837269910555267295635189
1253.5099946118340060734291194485320357
1254.1425104749342938018811577243910805
1254.8203657935550612609192337474660038
1255.5959508357249381850353713999398974
1256.2810655785392344604745270476482719
1256.9578809642033734099475171904590924
1257.5426961714014919052806172871171129
1258.3744103531167104871230058001755282
1259.4923202287925750440321667510402233
1260.0775918792773637787657839598376646
1260.7155768360991261246421842625547824
1261.2461545200148581997862506820574351
1262.1939653717758467770318779022968095
1262.3862500217091196045737218932395114
1263.7513772737503536828079677238442057
1264.3043523636657798603156375470940383
1265.1353353285411202322802826013661343
1265.9442231659151534079459323154841080
1266.2632661779516996108547287432387979
1267.1897537532170342610765179511972585
1268.0596356531830250118824867398574345
1268.6196308762976429479554877486164389
1268.9865790224931980484085269675416433
1270.3164518336696534203048285286915140
1270.9712912276876207562686527888327923
1271.6031761731752531815290515320654911
1272.4739663791248721142870335506383259
1272.9863700137440115521463580926553712
1273.4911403038976277105759391652718732
1274.2471355287240007642012015784614070
1275.2585391678141290117145370837660532
1276.3361366249996667510953804969476275
1276.5015820054024996905897092599059001
1277.4356963174921188082246246983766792
1278.0441123927725893038735903103698641
1278.9247122973976449145149588350576563
1279.4056761665893101092545290891361202
1280.1716940607198518169293552248018361
1281.1479305235884566652961258234966161
1281.5407165882628076383268911113092235
1282.6343694926603788883138889099398360
1283.5001445742569193698963070369294944
1283.9270125437515145375116520607988145
1284.4204463222443930381131371717195074
1285.2417970128202820305762616938642121
1285.9796540022448438319241669523220331
1286.7641216777877758044979867270280252
1287.8425057569418219632289093569212456
1288.5640564757600935806799898305995195
1288.7541937576829443755533577403873284
1289.6628487354113613676992599917587347
1290.4721215252639424733055074160143302
1291.0998897391693541458518737030910962
1291.8643794068421351654766627611191024
1292.5480163850775297226702091579120360
1293.4023052966365576584943950762374547
1294.2831510295622717570891544767708833
1294.8134912058348390781120224688019801
1295.6508966389784493157357368590169324
1296.2122489027140097816771226896565834
1296.7257456598316370206546297195939633
1297.5068623303679787335163123211678859
1298.5399071236020947405012142375575323
1299.4460997960143396581443614608095026
1299.9890608240973172783184256865206058
1300.5172685722376103690166739556494176
1301.2651212773216135335077433532935418
1301.9651081093756364123340657896129439
1302.8670616356889893928368991729496682
1303.2629844097554580732140565349835297
1304.4684541362568925711570005802114037
1304.8506975956338060210414288696301587
1305.8055862282452938605522662262182488
1306.4555848614440368705988207960391854
1307.3241903219520516807691249154096661
1307.6949308379574343050596602090334659
1308.3796723873792327868475588251993276
1309.0621335326194181800041270037146895
1310.2935551444526473501034477243915559
1310.9970442019985089542197136633985375
1311.3513874202409217961182666819779181
1312.4980148253802958695350109441734191
1312.7912123391208142815210401589521927
1313.2580751493414597744917044727795041
1314.6231062687138318606019207422328469
1314.9256844298622430500182824186195195
1315.9590292507014548036246891089560919
1316.4448549613225665852083324741263124
1317.5093311129019152588709643799696889
1318.0625286205298629222831214715199012
1318.5697721835581815179480455634400119
1319.5933598668466502403146837605491641
1319.9369594829184504292158881938542457
1320.6199346611667936085995957802721316
1321.8117302603911282200733764356110544
1322.6175244791599280868011331856866220
1323.1139977054251554828455052376296466
1323.8488522517453983679454886268643635
1324.2457332721571875881828656418955703
1325.1914396953104138804325122553073937
1325.9104094831643560573907231930409431
1326.5971919837998620633236694274273786
1327.6222515163003728712930532046119978
1328.3049243183711262941503404831326669
1328.6023328376910831225561162522243281
1329.7603978373610748563722514052066946
1330.3639320572995749408732561121494028
1330.9531704682385704780437286520706493
1331.4305434900827873892698402958324885
1332.4869490802682850901090309521259839
1333.1961087887729581856187247284842696
1334.2176834845558866378969330454892416
1334.8530702111518536973035487733598497
1335.1558868311668075667529913224355097
1336.0029505188992405429203268638248777
1336.7432188687884906277894810732067269
1337.2675721473354610299271625509583696
1338.5125177510934049290685327504751932
1339.0200540263228439764400879566239062
1339.7627006239826231922773155162917488
1340.3374654105696224401849718278464172
1341.2590223951287688935269360708258253
1341.8851352676972375224877277282993133
1342.4854188184296126269631554553255592
1343.1110626809817533937227188748896479
1344.0477952398607465632945580015201002
1344.7415774104934155324067522536797789
1345.7791997009149310620122576514951371
1346.2835321341035008609420519183966168
1346.9607109434880918367052574461123126
1347.4799209421433027277781950240590331
1348.0909846537975985840091049399584676
1349.0929278821175679359923411972770585
1349.9370317139489120237007937969236667
1350.5644005580267783987409819221724801
1351.4480662405782093559917128739287950
1351.9552514391565742165806244299279625
1352.5774992191747473609633537604275901
1353.4141221603932531897413192535700614
1354.2470302520922997127555396042873321
1354.6902268119778722401993929614550551
1355.3550162284737260958165630635404991
1356.6047887880033945161690105306649982
1357.1433453528952660513768651497993675
1357.7908530266512814312816077578531285
1358.5306238449973420625124807258145810
1359.0489256202013063217534280508940719
1359.8266208563755714954680038737610356
1360.3053468457198108310894142812691380
1361.8144421592124382960064092111792709
1362.0319995123888900675473435908715757
1362.9646468641178854671091908021380654
1363.3081823423135260605165930242279652
1364.3985828367489272840456386482483266
1364.8345846959448352644151715986459198
1365.5813188700311019600545835550628923
1366.4420141419246425865434300050787221
1366.9773577222973003215500344007512268
1367.9876445911749747408365150290911020
1368.6952437282015230029747917821377905
1369.3754630363472110016174504288071512
1370.1042835085592949199642161981761977
1370.6460761414458946553772899775292233
1371.0895782984182417279265236652718942
1372.1106696746951052725664018790029959
1373.1223424389816477133498014342356793
1373.6737705964899214603259536040845673
1374.5544053502058364368514358608764920
1374.9609982617643491402633271311516199
1375.6170174562436018776893401946449482
1376.5501498654731293120214861610271414
1377.1150422716019890944736603843199788
1377.8579993010094442274333335842056893
1378.7599430018825425628607694047600847
1379.3187119121594068809213177576943545
1380.2266191270807330561928972599011403
1381.0412978434294326121551504127509518
1381.5275323278316607554477792120424905
1382.0483308135279997159008386735667577
1382.8011649169068490836460034397248084
1383.6461572627944773813993413180501804
1384.4104368224666300536652708309904422
1385.5030004497205953438968785660947918
1386.0714979903364171227763661679890954
1386.3317998104684944551124795363363864
1387.1359294869836765159539205985348121
1388.0805481333939233539983655378631228
1388.6826778735259364431085041598767976
1389.3135920463206691405301067670760603
1390.2805174580722182498242023232004118
1391.0702020191701579676627849199378100
1391.4775372435095200293405154746760539
1392.6574660067715239495377424671268539
1392.8939890352605414752488002733979311
1393.7989882327028524933231371764109188
1394.3045346636574976056297736984647399
1394.8841442243046222529186863764925332
1396.3318087105860536737978990493981799
1396.8338473534844485385772995701208549
1397.2133358389179014407708980115100750
1398.3581323037635409749558825991264350
1398.6053677016349657231768682106051378
1399.3001900488918946230922501389661481
1400.1890031682212828412030343206807734
1401.1378097790184158717798320227585011
1401.6109108635243221904893776837795666
1402.5043029390973123660538885555437626
1403.0989767594465212633249731279036039
1404.0415643501111787411404639096319726
1404.5223212666152043848818536587472201
1405.1323632412744921289160175406457035
1406.0020740060482698090206556333290788
1406.3824052080815221682808367212928967
1407.6797798668487975023068575333411238
1408.2572825812987487867944244789441132
1409.2620881992232610707758342305854453
1409.3120303441400922313706496122439684
1410.3121683800321518219347505806874715
1410.7456493004436973772469974948561695
1411.7399926949488783316553732103101766
1412.4746516085602569171605373871926368
1413.3788434780362234892923017104738864
1413.8113247656786367312071181456081959
1414.7558867832807931557873530508430396
1415.3284656728001565162994039732124777
1416.0117084808679101201644119919436745
1416.8680355638703008996925522707255389
1417.2566452338806163573909126308670121
1418.0397303554865731758576953555406122
1418.9971327284572700283695486314075143
1419.9351434076871510487652297057806016
1420.5446129482380096324126966827329034
1420.9730517744602419211282233712750019
1421.6414389319676938883851756715232105
1422.5271792172241777495893707802670069
1422.9538382582946260778256814597178828
1424.0490579310437161426296257597667135
1424.8498620756867286160689621313766501
1425.4627409789978189164894247979966442
1426.1172312005465879062186531432636921
1426.6470161772171689739592342878849297
1427.7954262091109531245746037739414544
1428.3203495351100569101333981066099196
1428.5072369522158981776895920663943308
1429.6832752136151559322307107564988225
1430.6042220722302607130086901446251588
1431.0691173129290008288144700287623346
1432.1290624748660415734563714213712700
1432.6106847605365182484175559502622925
1433.2972159304778421490645703524536502
1433.5154910611948106667559721152528777
1434.7420184334040996943851577826477067
1435.4102679814001218234110378784164346
1436.3853465084726813411411138656506523
1436.8900921035475999107350166846081327
1437.6049580023111557153576908124924786
1438.2349580852289729751099999267934336
1439.0255714328466753770257884665551427
1439.6685205311603388106612447710410954
1440.3509012272425010651080714990655868
1441.1769569669507305130319561049843296
1441.7103820042132547332423941343595930
1442.9882377222875248876344040381096970
1443.3659734172310351579638502560182484
1443.9853839114076893458722530536785331
1444.7666851075513627518981543398498939
1445.2414792752025581047777788333378900
1445.9773135127231124335183147987983957
1446.9117413279542475082137746475556618
1447.9256252454844934095488459094097137
1448.4271929586982216417962864772035437
1448.9172938203300523141990573144802298
1449.8374997648907361044876118191305537
1450.3284095058436003688397749193995480
1451.1573103869260274087719466541871045
1451.9851933462709382345766234217273683
1452.4032017936853040918568138316057561
1453.3857495735636099557572305755153068
1454.2157066443612561179460131230698946
1455.0312092461035787998885371672039395
1455.2820416011035429768297994773368073
1456.3663600640114529567031215300685282
1456.8016536339683077242388295616054937
1457.2024776077922385591342378175949951
1458.4418076214692030443229216328170022
1459.3752400669113668224326319451445236
1459.8621842617275120050854957514110390
1460.4477555184644527582887337380119027
1461.1884000235618851135869537539541733
1461.8301952504124281665257334240909239
1462.7189039341136471078947521895293912
1463.0936673931033438894551601946805116
1464.2215819614940263096691498349256000
1464.8329713714026570063307425014154367
1465.4039367254361587350927105725700000
1466.4566995384459095862471718458507326
1467.0591451362364316994628544335228001
1467.6075612635687709316161055218314986
1468.0983326659177623889046424841079043
1468.9322831524292771129266390975515092
1469.7775564427639296690508298076717316
1470.6998758597414922978522398478540953
1471.3779988458527097719336697027622711
1472.0909670151781751450286590235073058
1472.5819254817764356800239493198023061
1473.1058840258257173615372758755695155
1474.0543763735549741985204235503577588
1475.0619640774377058070350798809907747
1475.1608227482408636304601217648497955
1476.4085450202065715064258731461376506
1477.0277127918768941671097136959659522
1477.6298373756778045959311041460613440
1478.4897431616902192647383121175126548
1479.1165600289263638748116388548809774
1479.7056399747711263602244425793327428
1480.2480350456676327562368931308723377
1481.1243554628553860453525695987274366
1482.2681003940486637114934023279135088
1482.7384317860231161836885749977869438
1483.5621455311961282457800633367566993
1483.9284257008145000065909451847407471
1484.7009662541057655844767293659269118
1485.3686644633670045624658789493243360
1486.2733169471971835322881267324780570
1486.8570784198410209628904448459551960
1487.8794511310818031420027846606321848
1488.4325146457239149276292807702104634
1488.9337039783241227254869971194174162
1490.0577563428095948227901849168331051
1490.4802113919817563538128596484594525
1491.0734483077643359300594371103653852
1491.8292271284030415393393525841054494
1492.4472214659599151856835233066656327
1493.6416298771264654799295194522367763
1494.2417209561319028379200552928826874
1494.8865114416254802359350486166091961
1495.4663696728689699058447117115612267
1496.1423223004114042712945320775535638
1496.8274543436076573430151482749665448
1497.3862019076500428398545810027644078
1498.7066776072670239419635439498980886
1499.1914858721857110418279855410265942
1499.5418315363177624695904118478065554
1500.7746783083746243190264615491303227
1501.1997889430208310525789979649863238
1501.8421522521205351233102133649434873
1502.6016212797824216494902069520821284
1503.3311247766876977361783616761436657
1503.8479331125786122333494300546107739
1504.8477441389371987896643469553439316
1505.7892933345761904841325089150145461
1506.3435503359421537269570275406453959
1506.9665070597787112413406477498646195
1507.3696382994403941667852191919864056
1508.2760069878002772556149585703291822
1508.9312665043300574766178172661603858
1509.7977842677555748868289028351019580
1510.7099087797333427993910859495036327
1511.2367482547968604790952262004814039
1512.0722759624211026121368289439404353
1512.3469064620059266158161654208486566
1513.4852992898712127197904975202348968
1514.1326469043476162958995975145328228
1514.4888512230158312534591941362391892
1515.3183968052085174696800162297107137
1516.4020612224066179614169036430691871
1516.9395615204262837720290032615679626
1517.8044109001027069309947873224734510
1518.3894573430116742539214825282713626
1518.9632803716089706231321403018953313
1519.5676588332930716446554557489643279
1520.2056880325935328834933126088540781
1521.3666497915027626895783735351785892
1521.9320993901932595250112217785853072
1522.9237059295686311400667257328528596
1523.1614291802343925664152247752060054
1523.9087926368721120221923582407934169
1524.8969396187434133837642765285225984
1525.3028078364966298738383160038402525
1526.0775026589928901136753430377541752
1526.8169990083218265098876044612029417
1527.5583276097104435341384341479021933
1528.5385267778730111334100040002003637
1528.9895397549276699772488118509627846
1529.9670862398458723950148357772150925
1530.3422103561131553640622737715816213
1530.9846477589538492272888744051574019
1531.5014495553207337212619017462888638
1532.8105980119075773409049594039128634
1533.2650704949722329095597910229432021
1534.2224159555778464574356985518737767
1534.7219598932667587682449209149454503
1535.4039802047617791903148369571005352
1535.9477092177400907880665717836944273
1536.8652104717219208388146371834716239
1537.4952779906451301505895133260100959
1538.2266874287954466576044973687068894
1538.9284113060761406895832299192775366
1539.7273839244152414115350522147264656
1540.7367379316560436955058083995614798
1541.0486143420225306426149820800056624
1541.7634782478449649224599152556833674
1542.3861854903535303796335114158184998
1543.2872239276759327363685018953012936
1543.5406257464575231885929098008151051
1545.0407933739001276249878337180797050
1545.5239202715470416337779839891802080
1546.2752144160026698171295476061282967
1546.4383411168349822701692619510009652
1547.6026155579205211043999592585544844
1548.1424565330482285372803325729293882
1548.7749570140353441125945688407519540
1549.6272154030256934442267453329845499
1550.5059374319917618293980135608307365
1550.9977647459654937236269341325016675
1551.8079548735553978069647549609690009
1552.7865156023725940134205328822081334
1553.0577846944813602647548813474541232
1553.8181222756101792823594707269488950
1554.4682874064712462338305126121592517
1555.0464449157747337014979285885978685
1556.3594315723254539856146965727241845
1556.8668483323635563531751846791416752
1557.4643985057904114791855857478030519
1558.3001941879474226596168961844983305
1558.7225884476865769374015967405343882
1559.3737653423391554081159635589592871
1560.2888136829135845833172985009193893
1561.0788444463303129116296688480265933
1561.6470532614673132675638780702758091
1562.5659127804989207372463274779873170
1563.1703125160122472283583892311861416
1563.8179801476364855697106099444120923
1564.8334794566227172795683482741352563
1565.1037493511713269101937754864400658
1565.6922285470476873042777143685833976
1566.6006201723141698594320472966887561
1567.4345073535953537679469978478412098
1568.2918364513492256938288227586742828
1569.0564224498510767400026993881811295
1569.4870573794663749339820649909812115
1570.2790825243433001334995027778135920
1570.5292781167203190549879712486798430
1571.7737601049521085624523088408392928
1572.2874697038735316146405193094244668
1573.0687901449407616252131159135269562
1574.0078960328954023883824119970977182
1574.4291564037255947372165014050230627
1575.2964861949579027166978054757148437
1575.7998667976945195123605011583494316
1576.7988479487344999823475137006328422
1577.2179428555513054680195262750056463
1577.6928793810889691712140589464207068
1578.7542021663172720206798953459592314
1579.7855413097223302787457869684582829
1580.3157666966334067769735953887087184
1580.7690559842674452561950915214022991
1581.7376015019549797545275013606372942
1582.0184467203616037415828531691957532
1582.8945021909603027059862892661404326
1583.5540610563049634322167561738706714
1584.7641640878120005102503390170972284
1585.1839319400886538400324414202603168
1585.7061557837233796191482234229597849
1586.6060860044588443002299747762330221
1587.4036955047626642274348653981183993
1587.8238237857025391764761241232584358
1588.6888975831763306614874709012623614
1589.1148088977379542836157792839450967
1590.1585962478662792192484171717272877
1590.8015124624472189737511643051903878
1591.7440112293946916838847817626762795
1592.4076266792915304591707936305404350
1592.9399953443928053197820866962064961
1593.2917133693959237789246381785988645
1594.3145049763917944829166320705065987
1594.8832768369439497833045633488709663
1595.8758999694645716111490001701602017
1596.7362382781031231888381975284706533
1597.1439147632393482951164985098915826
1597.8018464796824253190664474349154560
1598.7266712747066573544793485873184750
1599.1555526145012827425564691261166434
1600.0724317014653463393714606071713657
1600.5030897330115081908003166895489760
1601.4906075315744711412458085926179537
1601.9834190142025596635368737528740575
1603.2505578132733990064361362653628302
1603.6775807628738117915997526893203003
1604.0511608654466496871565860384254234
1605.1760174856148383814898621088665379
1605.2790729771562683013454656611845482
1606.2067778519893348480608918783090088
1607.2188355087095007618546219684136840
1607.9364168054178128547234609007585234
1608.6669627600239680889182266137181804
1609.2842404575179042843458404804247882
1609.6667697935985815686250598813869174
1610.6917115972424459487288762836446633
1611.3443601160643128172046554752704985
1611.9838162401052485205033768542625950
1612.5235724656074792608587285074210826
1613.6433533421928611002263381222062488
1614.2777145997632785099481388685257115
1614.9111055151823027321951678426926713
1615.6235854648286498297057916873206457
1616.5553765685417730454762212330144050
1616.7012235929437977625567367831939506
1617.2492550076264882369165930003737588
1618.6763522678680943029114322206516732
1619.2108150934989072593518261696327321
1619.8930457693262410194789043744304307
1620.6604944058942263704611749822108533
1621.1799815467911596372270595080220119
1621.8040833268508092919670960030448627
1622.6635231544166028606444874727649558
1623.2404772794624878563683818507685605
1624.1513661854047718655321979667659380
1624.6949325926873024798736789776556655
1625.5428234687908090352226075903973652
1626.3217353443489739013369317347818376
1627.0875507341693707128118566277173829
1627.5837367649393008295876654500115823
1628.0036095824474915551531451016863459
1629.1081588445991083354096147493160303
1629.3733338445228468546858383655059173
1630.6550874394437928447002785409233046
1631.4923952474660554349937627079334746
1631.7318793177092681342537975232999639
1632.6142038651946334818162300510307783
1633.0416536127443493969569218890876037
1633.9300490327981038219560405021715577
1634.6380837370676467194508774505401602
1635.3273462082085067768037811808089104
1636.1138318743274663742828935672748037
1636.8917477285470124614569993574296013
1637.4877296543733908285925345066386728
1638.3477106804119415682556729752791502
1638.9893181961788089602238008384015791
1639.4294663945255344248957678944222377
1640.2738547370268419059139270005900697
1640.7416912806477741643784443818943978
1641.8108339083343590596897234749347467
1642.7567923140303784577092055014938636
1643.3628972898836863837428484656365516
1643.6531253737423628974759896738653425
1644.4919769825776056917258585542148785
1645.1897640678798006555652561021650544
1645.8985494173172760517031940106584985
1646.5536933649377919688719643220071165
1647.5621177414865067175421230182753587
1648.1966993145733315040666639174896899
1648.6945344463454799294299885914068434
1649.5192294694381715890724362473235358
1650.5279230021276102025090389284529367
1650.7365752862766197604689031752115202
1651.3986321143323371158497231448377873
1652.1513332168052511563930836627337503
1653.0473845584757923899679611847185244
1653.9554485667657358955374636094831743
1654.5152819036089115365729464568847050
1655.3588035427852196699439452730836954
1655.7078944327727873849685521420483775
1656.4314531854845683463860163976661456
1657.0065849130325543154789204600071676
1658.0374492355989708609320698884509799
1658.8968462340044289893976422802440070
1659.1980983368534835563648921699256908
1660.2317586566001180147876533606098602
1660.8949792495038257342635664999694182
1661.4062610169932079003412002446499858
1662.1295349941850417547659034072416074
1663.1433733343655123964679746875379180
1663.2689328909020700528967230307794332
1664.0601148941331811083979045371544567
1665.4024814513671693279524240599819243
1665.7719943592544971840408408686050977
1666.4994142333288065831698322617050928
1667.2440863474733972438082603285847547
1667.6263186564308460212111516239686016
1668.3369682013048399261816964629561754
1669.2115030969162464123374415369920184
1669.9648561714818539024386575772649796
1670.8492433715352061983150965730231148
1671.4949125581659001877122832510974539
1671.9418322853412055584367490440258398
1672.7615715997259256824710068105987593
1673.5848467044781289478877883084754342
1674.0763706459089940485169914175178112
1674.8471932011223133462983908296394662
1675.3107816555513594240782697303756808
1676.5216761598319841417345412648429234
1677.0191562975919904285857729990533281
1677.9175804096861750932100806151146095
1678.6063759651807735595870900256810032
1678.7770478644247497905398077302985718
1679.8686306830965208850861935393631078
1680.1689082460999019102098687982119775
1681.2446097828988482449464015493146067
1682.2396288554210335721171275812107272
1682.6888513756972874573663337919005802
1683.2864906441496790618087216246652902
1683.9517530347084560224968982325563940
1684.9361769610136597787298505437007920
1685.3308915088307570489479755064918137
1685.9373811833985893343662782041165376
1686.9378838789007389055655984531126784
1687.5016611504144997340506940587318128
1688.2522015369179555710126087133979997
1689.2661386959658446852370828237398507
1689.8420901664655951200547590610691711
1690.2158232913151415033653858283772457
1690.9541349936788747713693207307170168
1691.5520205909036360256826608447512044
1692.4608617120102583926540485221270923
1693.3551142844615082000453684631009127
1693.9543159362260193050574927036300952
1694.8682593724864271876921387827385306
1695.2755705388677982870526906318665223
1695.6751386027856542330299994679093063
1696.9011650590061212394021547738278491
1697.3562559835647491053572768301398533
1697.9124924428021786349093620119929268
1698.8790292857393530383589347200773378
1699.4924327852714492533626352910937587
1700.6016857099923031772496597847822973
1700.7993095581327380692124164382073598
1701.7140559568475526371531064019364637
1702.3045070688846371613196438772636116
1702.8892585008941867977248707387244076
1703.4200302905963377715190448150249206
1704.5869994514518983608915532351493933
1705.6130679758679872325962241476067541
1705.7008340158618537726613087780536629
1706.5577013374822414801416500094337537
1707.2169856642557642756657393349585054
1707.9311401337991132564100967006491060
1708.4979462583326340790989234859897334
1709.4504691830911606359701528164215308
1709.9833100378344315019102316691285478
1710.8179410375029397965663680156838087
1711.5642643560548797660394217161763706
1712.2790559854065232020296668005792326
1712.9411560549267691484572809289057496
1713.6068401997109536792611195201385774
1714.2111508899191968923322317238461430
1714.6283501630440553654175810060324753
1715.6756824847256232046175565796294110
1716.7813332913367513611923949700463247
1717.1086009680852393873392698202017490
1717.7967110127851566954976891123655023
1718.6300438413666904625009043991350679
1719.0549733029642121595885095469441443
1719.6398885864349734001058540979801116
1720.8293505532999474232662374407334207
1721.1564881563268286366360600249288304
1722.1025251832221212328077845392464216
1722.7285334360444828090280223993406290
1723.5017927807953928108109665584793617
1724.2241956469656031259181394445016229
1724.8853484250698015856015536691981348
1725.3926737195968310128559570552836108
1725.9929417961463858037961432053152008
1726.9549883283120846221713282101324785
1727.5138192685535119735784904755361377
1728.7836238602043691857598639882996475
1729.1366120451069831484557806882337584
1729.6960405186203313666203951060156367
1730.1992016371724893298287717852759034
1731.0766206960172597283800685101245532
1732.0450620171871307437343440142362618
1732.1777879832706424644937881865598066
1733.4753780861302604923879772062743696
1734.1953307707632177080924579410121069
1734.4018755607629683586151154617149731
1735.4753368271559802651853630440588359
1736.0934449873851387544095313131599674
1736.8375587786086418674759025779360394
1737.2829636092609213438679178926899902
1737.8637888971321739848005227889157206
1738.9685139999221369139504247302536183
1739.7324854395848881127828472687543124
1740.4326015746531346619480125202006667
1741.0490098852297533275320804640521000
1741.5758010785952160003331812424328141
1742.3407348653049964576613503044947663
1742.7578604961843753975608189026209338
1743.8311294982777924582322305783491241
1744.5490401508623608064865119389760740
1745.4065355561361740278298279573639412
1745.7177683284315091881646858015611715
1746.7070053036385524443272242222475035
1747.2441585534582575668323703917082868
1748.0842328065460221499908273259130896
1748.4823908032582471354161445175583246
1749.4053372025620878516744510771210385
1749.7953420432524829445413711647261135
1751.0945737416729532557580331368509061
1751.4942871416412039603638772177244466
1752.4350900415613337524515219929665748
1752.8623409139984498570119069929750262
1753.4990304174864595015298050582940672
1754.0160384442559734350137871775593232
1754.9145465218514393383862529452174972
1755.8110886786678428371254594610227020
1756.4873661930986637613679847026352325
1757.2355601986021061543970153474018212
1757.7080696219124469058119676579636484
1758.6342509389335611547335127860597102
1759.0404284546331374037063887405736316
1759.8860673989657019802987979971217621
1760.6355139337947718455135140423024121
1761.1108464955983249426587157071335199
1761.8708116907163269287529894678639573
1763.1483675106963295830518531136054816
1763.4349646006019840615477196700692257
1764.0619785542426386637098893025112210
1764.7563917572239704647891056903808393
1765.5346626657352056484286326161132925
1765.8589659151478921162220920545304798
1766.8110237071653824733183569127693158
1767.9844846807117391046290201419851506
1768.3201228621298044443199811505958077
1769.0378316340709428652978045326735382
1769.6465151935101971569560768984252514
1770.3163958477917884188556885040447442
1771.2920285769561081706933351455140568
1771.6430058545613035434522502470106643
1772.2685223758243572859906325519990111
1773.3925551260310546655024267790335265
1773.8835948569931948507561254684534543
1774.6486320754321556344154409037652601
1775.5664308385465092250913400757695592
1776.0984624939859362235854689498254855
1776.4637515643956546056961680438649625
1777.1814672497703600988272933464602655
1777.9554908788799790559769743845234752
1779.1262978270970748936876947278273048
1779.4086139577639420118962797564368804
1780.4905744279621964797872457181421006
1780.9663699351785597061168500503540866
1781.3097936322529547498298914327293915
1782.3144416115360318043301934175965266
1783.1470726829798239858045372087025198
1783.3932322924368815126536440732399561
1784.5260199177626650195929750786172290
1785.0614908864842141745161701943135727
1785.8325695626218418063570056572278299
1786.7577282545739301564859328846958723
1787.2461550838146926997042178791055159
1787.8188187511701494184733423063544576
1788.4214039769241637764812434043246296
1789.1634778402146295174594160687328550
1789.8742301314561315336177813157000405
1790.9898748760816907516030683832503919
1791.5387444418990099918251315569236041
1792.1987264730019681589957359739334606
1792.6406372280884031320836975662253739
1793.4457300779108199588575169670594794
1794.0812980644946419742899941888761626
1794.9004871446534810379026716022317481
1795.6253940159228449039358885794207128
1796.1553370301424054556193952253776214
1797.2193606484986905398112135559865236
1797.7325999594745024217019032143114802
1798.3811433759651955351662652722881115
1799.1586218848880869745466168621389131
1799.8266122007198541638731970015527675
1800.2402908851140724904674505319706605
1800.8890263120823713896124006440815319
1802.1115250324749982815918046303297989
1802.8405716446521037514536324035351576
1803.4071496728262707436094375017538924
1803.7735320105282430507387674005945259
1804.8091853362144951417820403385152675
1805.2413739809809151011583505499354096
1805.8174075376179657684844929526973967
1806.9060935254880157836116291927032329
1807.5116507637155083806977098664074545
1808.2401288617276152832394708821965351
1808.7913592627986143252868419682208560
1809.7160277664837438666129541856077565
1810.4651850432234450035101737614064827
1810.7884817000818024922001286984282572
1811.4992299502314355493336714822476396
1812.2921249350593528546491750575743577
1812.9020927359798554376359875306786154
1814.0693843283451312033555321243168744
1814.5074529692241106442491318347142561
1815.4415318110445011147995167522541343
1815.7086210057401065621185024296912080
1816.2858033229921236147209668900034976
1817.2547993371662558925481746322594191
1817.8128768894587111245496888344798985
1818.8158146802871619785389555640220381
1819.2847211787513586957082902945698530
1820.2708316238230668744542540438486016
1820.6295036001536337828892653073124219
1821.5090266870462685123411730802944295
1822.1339595401595715549294069944338392
1822.8487420027107210784052188032488626
1823.4029205382086835584594214440577889
1823.9380924389920380141906563126626380
1825.1600050586906025400645820386555232
1825.7434946191329668808314322284688009
1826.4475902544906114311926732971396311
1827.1947612048780304133798232533821311
1827.5439954301454473445478958299720961
1828.1219718330319674795012586721556629
1829.2236551522612915730366339509604420
1829.6406156007743126416079421947384363
1830.6433293988583245899040856666741444
1831.4492667828343972717314017344146505
1831.9125260559326825961252814992681374
1832.3768631160027202416337589282011533
1833.5455717913957311081000977097595415
1833.9411260201022944491943027470056596
1834.6073713885746433847198532819298268
1835.1154048261078184120530462188383003
1836.1855259805841728956976641561858818
1836.8500370227761997444097587792364408
1837.7543694184536363340563636004013925
1838.1416207325831934416237575222163121
1839.0500793730693787683565113182257052
1839.3548605126178765175695131262912005
1840.0316246446127452743424852272154142
1840.8453658904233195879969230149300651
1841.9721448727888668906562781433056669
1842.3980753064977630550036987779290809
1843.0869039128556664870103965753127814
1843.7266963150199995123656935717997732
1844.6114471569445976861602259141944973
1845.0057266287811456680746901645721798
1845.7437885257434044569090396556083125
1846.5975477095530665234916155712854028
1847.1614860012468347118575629258796565
1847.7847387344431456578524244309913583
1848.9901367780653835886141838409964858
1849.5349589348271196598656450923717742
1849.9002883792296978299885976030064237
1850.6945056908257915834601859369178834
1851.3151427558067732769661633127391840
1851.9081048425631469189615693550995745
1852.7495420240708183517034433944218900
1853.8764372570859992532785478243442177
1854.2411878773941028883846815781212305
1854.9041342759197088263426907408438793
1855.6899630823337783340851066077449515
1856.0419515855191680035613131076352917
1857.1990300166860470239386050054702976
1857.5782385527504139849984742444134379
1858.1680623455846741180659732790199705
1859.2406563906094407354571914856049874
1859.7469406378092097962975142195467960
1860.6506335576523381644301965148391398
1861.3598209948917156158428323248827249
1861.7757954710282179107343253183387924
1862.5381792037433028109907680924878991
1863.0694522698002135358877911028508160
1863.7150287601595538565009564366371962
1864.8790830023708083642774399294246439
1865.5212988101808832853785125201575136
1866.3002093050886600959401715866896477
1866.4921099198968850687225430863588364
1867.5489163575678820964288396742244151
1867.9179327764397538122814185616175850
1868.9993700718149195567444317750984077
1869.2753781821287888876298707301501238
1870.2462465222000420940915121890311252
1871.0931995367512149855443170457046771
1871.5179294132506410801775745199485468
1872.4891051692294331129088053438727929
1873.1212102780363825000412447601108163
1873.6915867422571867725504145915123884
1874.3269490869705984185960029156825240
1874.6512002911482852773884340208422121
1876.0339662297760210359607452005863695
1876.4795899548966519188767255303653247
1877.3480110786393106642292391597937667
1878.0940233627616649543974828313927194
1878.4943605029166580346796587906117527
1879.0793524579686365446776208033785712
1879.8347637334702644557715502489693495
1880.7871868947065606894351495978492465
1881.2937590702819548090855636624634519
1881.9866217817212969303566190390006986
1882.8687545993568156668870700231968179
1883.6254471589669343787597418826603364
1884.0423256970510639032191346628767913
1884.9687335562989393882488151050665713
1885.5095394305776076667819072959066526
1885.9657706349903244081812237649315183
1886.7904897219481985720517284609552957
1887.5812301671128821450097645954828052
1888.6842770113593318886596263300565065
1889.2805626255530262460778593743632061
1889.4602842334660201384079374846186761
1890.3032540429488836270069097331589320
1891.1027333847748328577698082383438315
1891.6598566367726724570574669168310176
1892.3305137852964727711824417476792387
1893.4325888898997373099883274082905509
1893.8934385519365629178157832966658237
1894.4957444069089229864449699917289643
1895.3297568235552689737810531322726530
1896.2024736899085080950790421840177728
1896.4712952956711604765711611736523887
1897.2765781345013586921468639545487182
1897.9372553358775209080868663934601225
1898.4939442329566233400068196939086166
1899.7304641599017226513243456286646386
1900.3018557359717830958264689812976382
1900.8577185455530844885946958630057807
1901.4852149530674292928425465185801725
1902.2678492208098441008566884294775094
1902.5713878824971495060458906483159773
1903.5403302078864975421259433981887731
1904.3548204941233539103983805360853442
1905.1809461889659716213556616739955952
1905.6573650645322844242359363461892513
1906.3543327149125300827855474875840296
1907.1485659991500302625982609045711130
1907.9442405795251060631408514661645634
1908.2037389502271038565802871800226428
1909.1854319799974149207946549228945642
1909.6080694678412110053406495007755745
1910.5499712219582751307573382388876530
1911.4513761311163058185448018060965806
1912.0250160754646776681305929336471961
1912.8664591177384295830810296281769529
1913.2837028304368033077043378112080895
1913.6260971201736443231456997728236674
1914.6571190364964916435140634020297940
1915.4486006306999437308458658217704906
1916.0437004116903886475685414650085041
1917.0269984745291565130635187769264384
1917.5544584885414036610950384373011052
1918.1757490938906894871586145074051900
1918.7038270639879823024914193422914294
1919.7471126472006046148011101174146106
1920.2416503457516046509697941939379587
1920.7300027859558343056308648501482974
1921.4961880006055800068344241146697534
1922.4961210723889733298741365780238521
1923.3097306773782771964511009477396829
1923.7147797379762823878826969561461766
1924.4317868362373303038589447127999713
1925.2468855135261775972068017523647130
1925.5330670103165953322235592985605081
1926.2083748050440215217280573742100127
1927.3662961511526728031649682000954889
1928.0976476431407906957141907480356194
1928.5950512391046562000800241235327450
1929.3331248550759317893344867283855185
1929.9312594548509106756922735810253383
1930.6185827720916371386158727503941533
1931.4409496814599281262447774429365958
1931.9009630957751021361123586141896789
1932.6293405168005065510449220452174866
1933.4953727246469921948888991240857521
1934.1810400591124821758198123742643754
1934.9327691963477439812398198708707513
1935.8889560817340821985552387110199072
1936.0392052591428465906096003907923206
1936.7128322058946832312169253586266859
1937.4922717476010531702592553562574947
1938.0881297275485256670246047683963602
1939.2057658631787933515431342262865618
1939.8195762348714643742683013141519300
1940.4807648337951896492194048945099563
1941.0546363712878966753451630543051992
1941.6150843014729725601918777337776554
1942.6510812507857878057189222786228309
1942.8358160397003096901586778490563570
1943.9350285331955523169118088228262512
1944.4238591884726884620649187970622551
1945.2623699497234448339043504599035757
1945.9157480051139583378263428494317317
1946.9875831868368712068313072247505618
1947.3607101752373176643401529660479199
1947.7027158017356261485355239237119677
1948.6687788633555483777023320881275172
1949.3048017515678396263566350361176253
1949.7899270671731197486345527322113691
1951.1270598280138547117435510622428882
1951.6831373860191350137819391508763767
1952.0778359185088255089379404717765618
1952.8374493717674603830805563676760829
1953.3583704237697572214149148603923461
1954.3526878424278211746197346601833583
1954.7533077839482664092062547606356858
1955.5899839650856003543893224019356846
1956.2971695900278898333590518268927747
1957.1505304428234401396655695990025667
1957.7368959473730919585018987313949861
1958.3819127419563742167384100005250609
1959.2238970518299253107107817427013441
1959.9424797787087980498377150332723332
1960.0415074309277704608643880782479154
1960.8522268355919182594855804298830410
1962.2563052100308743478704063900368502
1962.4677562531649455217504314825692624
1963.3660653872760534769875391032667926
1964.1363946077230441744207556984755243
1964.4156274925803978732096798466019771
1965.1952528430246266442465655063796639
1965.8815407451101691498934025925697602
1966.7038538406192594044468223818221438
1967.4815723327740839135156009854658066
1968.0106678687629705220995617950670280
1968.8479916286843197492761057612657222
1969.6027962286459608149479624839488350
1970.1070344899885652936697043041760693
1971.0599622405333111955455379983401612
1971.2874571013702681695802389999909581
1972.0680340206786351411633447027374796
1972.7623084822078377384680940740864611
1973.7724647650661881535609302866603805
1974.5074704604483427199532935371489216
1975.1346897788515782751852339173336895
1975.7245060764602239606821016847818990
1976.1920343349810088543655527900418388
1976.9417748716702623539387270008466573
1977.6921384866040946337344282016272885
1978.4843685850537160922375698576903764
1979.2245758167772128095257659304516301
1979.8492920089319118768036808257595527
1980.6665962698065700609600067749297891
1981.1728055183929933911272556162203229
1981.9799184945045196426970068678617195
1982.6173777412375571515979828014736862
1983.1675704991786066076530894368341032
1983.8779371963239793239362021716366876
1984.4612778401410658595115470534808414
1985.7274276235039528712931454628714161
1986.2169773116840070704001187914135140
1986.7771706181690761808169719437654482
1987.3763051830078857482103519818770747
1988.1131382255453958123817806274493826
1988.5734280466029912759250654159142740
1989.5679084384679808650702510911634219
1990.0593319064329955026577452022476145
1991.3767457144840145286568070905404730
1991.6611012932602806406952570644733877
1991.8753885270425498758362114228996343
1993.3160466616059097855012537868534948
1993.5699496138625855600549304035102739
1994.4291907880910993254683365905291126
1994.6587393083124648791524192842240517
1995.8303392825634098246183861558697050
1996.3329543151982982474315278401445049
1997.2505473089994792498164674099313078
1998.1354387529695941856997449512624909
1998.4590778742482851539063324457321880
1999.2004687448885951765430254589966413
1999.6466865633292859464758613195088640
2000.3785625409727950478014566271215574
2001.3040871746653373456361481126726020
2002.0727957554854973736849270859346898
2002.7819961308838757970456097546665289
2003.3200807350116081769755412743432882
2004.1135912557152949197525465786544409
2004.6488313927001133530180074798932676
2005.3370756983156738772376669189793915
2006.1786582856159606807604524977639681
2006.6833350811076361685601027840817903
2007.2595481449702777362442456224915802
2008.3140019383304675163304091305827449
2009.0555330541194048748491840683789839
2009.7062572290906407261937388634795571
2010.1771813477154838864141605254206121
2010.9333178065676844553641479030374583
2011.4873971015760456600229413947084208
2011.9978320031026331597174665681945307
2013.1627062262755616450402326273665066
2013.8384293660168755915923276628197417
2014.4535795531302437347132705333189223
2015.1778104764651152415134763666241473
2015.7434029065723353532674748936503583
2016.2412234428252737318156347045856470
2017.2958689790933608420427741974330794
2017.8954151544516836454841549529876101
2018.1630490034151194037078528425911465
2019.3039369266421989352152355413908911
2020.0272000707483838243797141621456639
2020.6749372971875719200490267058301980
2021.4103379592806277637670672180463005
2022.0016367699204258201525474137486978
2022.6129810634996502581088455518383655
2023.1241096976296155269480373963648938
2023.8099029557115520387961920669456604
2024.9338023747986559767524088967011034
2025.6909182962336265026282230705826351
2026.1608718215894342726832269859288579
2026.6789821585520794452508142860666726
2027.5532581020137919973559895411583862
2028.1796407297146137508061275141069062
2028.6678286627670161136108310261508630
2029.6146372497147638163391946976612785
2030.1899408361822964955335364338103270
2031.0870189564249981137681841186216809
2031.4773345804266461354571617856560034
2032.7107902698050126383170752459067951
2032.9691005541074988250178248806906222
2033.8264929139594234298942248996672679
2034.0191153007595653569018044430104593
2035.0091813788192048118031073798692607
2035.6526940044971827292647480737583869
2036.5706534341257904152894784696303299
2037.3779316429363267322047299404918825
2038.0422402212739911142949915936427973
2038.4500136892512369899970933813577044
2038.9749083440201565534458225541595734
2039.9077277732408614070242316317843581
2040.7051112452344026016497094515080899
2041.0343155575697927802011839932350083
2042.1111442126264237252605590743716176
2042.6563121207797154532438418112047531
2043.4630971981736419685620422069388186
2044.0781905137002093625926713457029632
2044.8217404318509109526758245010346451
2045.4558499192293921456190208154476836
2045.9145420442193626865429618227953280
2046.5713121366008862205381602644239231
2047.4394249614874064689736843788574942
2048.4594086002368490834607056566977533
2049.0192588225240891391700488461210842
2049.6339418305582175531596453930533356
2050.1632938980480088849674002008919775
2050.7401732177071209184497735951037880
2051.8457348557309308043632265173907849
2051.9219892848147432659889039836290719
2053.1252792284866365370486231887647426
2053.8077427016012792081638598975305502
2054.3174143622817805459115358768018620
2055.1232783691594914412653831974440077
2055.9364389194129770099610625917653393
2056.3103185829583760854800146269858934
2057.3195016881572897853248227891941392
2057.5752317193037714958858420142643498
2058.1802004704557557626911326263595661
2059.3743803276946026033365107133030095
2060.1399349385015537233442185276085702
2060.5975487676846265820491117496611886
2061.2896995561694685566574807030671168
2062.1273439079851637631085713785084186
2062.3816781158061036596292329737193784
2063.0188874605035986910462158237003276
2064.2088845612292341437772413990674753
2064.8076102301721385224505229112758484
2065.2571641734672908649735182870464318
2066.3528022425406879808778326752740896
2066.6506132354016895275984536039281996
2067.5786044449754865699786390264340745
2068.1044583750394455782085762620493838
2068.7374300112700624537077292441690813
2069.5243627103529483047876199021376025
2069.9566001315823499153566640898141727
2070.9432406075037813473813604493084938
2071.9662688976034426989466031817026812
2072.3414242175850615924142233738876163
2072.9540730872001429654925730628751750
2073.5739098800560076900669537395924499
2074.1167755581313827077198078316879849
2075.0405992750549421032830035038343279
2075.5981134627955033213492038453389239
2076.5244907083802734067352677661440991
2077.3589805006663533413932077114217487
2077.8104627743427481089781754740517459
2078.2063943448726617836143339426762180
2079.3656362259830663902707148866919726
2079.9904336605720721170214812537057770
2080.1877820314839595187460191972442049
2081.1699137567821078910217521770017803
2081.8019680651849896258412286221662758
2082.7440001205266688717538712703704529
2083.4578926658076936904916829949356597
2084.0690715690885520721010994417398030
2084.7692007703855146207574101317885625
2085.1299063669909471965256710602322929
2085.9054703049985220527420242800420625
2086.5288175330957313308868551976799091
2087.4949573867220766041532174042809936
2088.4038591518921369214931663651868810
2088.7151229780795895748665235653711249
2089.5733729284980719509552167114965458
2090.0098493185529698161108187638107621
2090.9762219602329899595994842884554858
2091.4310328571027161062973449925274260
2092.2138950091307857087624166948660917
2092.6781487487537937831797220998709389
2093.7376248242433799435438789608108308
2094.2951193152331896531901687279524752
2095.0634828074590092400244365655627312
2096.0285500104995763906136098829608099
2096.2666210203531750091565972712153708
2096.7095997015700448951232497502339192
2097.6682786020034141921860703141502286
2098.1980348214140106885468173867383512
2099.3668593711418048190401839868126696
2099.8140174890778810550946990855324138
2100.5843044690691283169437798082633325
2101.2561010933716183437685136579022342
2101.6764732878385028305633615183121507
2102.4808106666372684882677261639706410
2103.1902503685637922446738639083298588
2103.9715699794949550284656063451266110
2104.4276534298154997759115247360211086
2105.2043088293890234775906882254933454
2106.2717269966852848504983276078495719
2106.7281638543368080963139485613995320
2107.3558124642761275477353358025871561
2107.9480950830524751153533795381893055
2108.7908809319695985618041858317383839
2109.1157315423981666972871400150575250
2109.8334260497526232039052021008208359
2111.2024312125400458324216172838475658
2111.6137067946047827961263324821769874
2112.0526968848273154341268114989765720
2112.8123608919358757750509479398883396
2113.5612125055409419883534228842275479
2114.0488102835108012892984136960684179
2114.9155133985236229565886595284983235
2115.4389209824609210701513340910384010
2116.4342546614761736170689775893108734
2116.8171316186466453965717088836878941
2117.8993525994910655917283957700515235
2118.2496954428130896224984115606112343
2119.1997524037715289064256907970435671
2119.7156584525560451303569011065885606
2120.1667681840541952668962998379399565
2120.7570897076174406633575983774630103
2121.9123751058732914349508066315418476
2122.4979283821797113337429501970919667
2123.3833312495145947573697464855748015
2123.8587760186979546828538952991628317
2124.5685816614342483020185229654951182
2124.8851341936711708789648703583326362
2125.9120514391404208217154601100158877
2126.5107831883800380254355013224675048
2127.1504655840639706360514591812565700
2128.1254765867343086947742744360624967
2128.6032273707949122004925402980816551
2129.2518388574995415481952396797064119
2130.3062074515771710270340309321142336
2130.6433622217104811623251149361514805
2131.2243242897685256977500897258087667
2131.9727912513991937762153499622740782
2132.5040243121065229467002796896793282
2133.4896785709182705727380933366189171
2134.2003712432956489490181926867663798
2135.1960173745018953673273973573687667
2135.4374655180827879061569839753989728
2136.0678802725417806238098425059144827
2136.6178525562840556094251348434802182
2137.5728359092090916571107984817771248
2138.1941729681449589591226443591206615
2138.8073115687293553880081536432399747
2139.8611110962020535099055495573652219
2140.2076075560163176207719033505586611
2141.0816810159242186261968953876699869
2141.5821663557242726457143386150935449
2142.4357058487475456567363650873079889
2143.0642849721717598966275852350482070
2143.5298521484370004912694226014588856
2144.0768507572637935041332077105778947
2145.2606999092447480851290422339446453
2146.0359144071981769137396130498574988
2146.5127887614289887770534407670636973
2147.1039010780890522362921206113096393
2147.8534568567897008202026003029247591
2148.4936896568832658462899926513017156
2148.7981760931532143249936212340419143
2150.0023806774436303198910913425376467
2150.6308822042496770337364383763765863
2151.4201029572257240403149799419155943
2151.8423090585605039565442707608645569
2152.6254512833562125416029701075061942
2153.5301365942275522666642708142989279
2153.8542055852851490136766426197956735
2154.6140735061691215235809560457638624
2155.1975452136731689111699511137337593
2156.0638026729295565205866705969642975
2156.5966102758084872771444035957521396
2157.8997969777955001089581794158696676
2158.1388490082034075769841983819282660
2158.6742522684464464054969423521148247
2159.5058985315540415938372783260561296
2159.9863582152002363093407621171472763
2160.5907298243446756456152509053152409
2161.6452315189470895175581899041803462
2162.3497189043778913600863574458868211
2162.9183908383226257915678179160504562
2163.7101370895057293835022687589172070
2164.1840858887808727107430078904958754
2164.9756009430439148819512442985938538
2165.6245669893477578429975139987773873
2166.2392621054095293891683232961876598
2167.0459871635194262508553415529072764
2167.3854128631068952885267881433215640
2168.6210761266793506077245065815502723
2169.1715202029119586727967811096651296
2169.9045077318795782296086154418288278
2170.4324687354672719232718376211908459
2171.0362861458041452109213483056773077
2171.5471696849136076730568641173311336
2172.4324087621226682081043242382268318
2173.1053313609371763536063497140405188
2174.1031763749125099157852748948971431
2174.6809536231095616718792309439474670
2175.2630398489207480196595853488107206
2175.7140039390863546558527949343695772
2176.5958355330132461917303593073299921
2177.4070152550205610480672839347283202
2177.9505478570955605493998888684159481
2178.2391481143613965399849019415117398
2179.6021447034280424375912751860416906
2180.0112130150058078060375693015201063
2180.6801561853726128632270793635228507
2181.6489733970301835354568837232893165
2182.1624479860796261996028686893346583
2182.5792389650269715864839116886646846
2183.1036787648854509620294428391984704
2184.0785369595465949420918108373741406
2184.8462694010473537256821234672528040
2185.8343316170997845619932953180219507
2186.1192836584507788775972688715198536
2186.8351325839737577022344592443574898
2187.6843751031990740766212113664259393
2187.9701546604413586151244047667881974
2188.9158829674716784859357110555315398
2189.5300037528529370646760857333188218
2190.3316763565918968215076180050462546
2190.8189053528479197397696155251839710
2191.7488242904723818982958304158965468
2192.5185665078283466563371672539549579
2193.2573635524116140772439712245112634
2193.4094753090414014530133701641512777
2194.4870451441841198090824641611289848
2194.7858200865635521181598871622558419
2195.5335491474423369192513899222351792
2196.6199080815831495837227916768544449
2197.3161761929913463397846590082405789
2197.9305222806709480288259801284612725
2198.4557877173760556746334557869585824
2199.0252683024265388647303466180628042
2199.8058107886998398724597539748909630
2200.5234550931943664786529701716804983
2201.1010138805388422681602853642476080
2201.9937220634983489204591977656619474
2202.5208274904586305350693483954310193
2203.3567289247388199660515932692147756
2204.1496333019252227537930724264887543
2204.5725511459181526926113495874836488
2205.4190404783248490537650249370924289
2205.8392298170565388159422850286688930
2206.5900941983397577798964175398864903
2207.0619674646948848170245043194671418
2208.3618583925246738800083868567495965
2208.9261530186594748294091701215330676
2209.4708315476517881876195280726332264
2210.0905445786592900901576992531871873
2210.6109172331277910445177878495285549
2211.6106732787841881068980125356601251
2211.8598769453755553297756092992140140
2212.8227624040726226217070682435777627
2213.6456137586800203404232652494685086
2214.3344662274034132159840651172416646
2214.7147557216846801396197814560273120
2215.7237007322272159945744443665526283
2216.4540025000084349603825963691674911
2216.7740962858563090884525696440832972
2217.5823950676862287802264519343433042
2218.0128649452466937605225965438578442
2218.9206655655313639978989491187320528
2220.0750242797724212772332645108562066
2220.1797624985312630384883255639687345
2221.4606238725954733312781246890270584
2221.5574454861667353903172691979691999
2222.3209427274174116337681530970830014
2222.7269526662824473325882644175747955
2223.9173613466746079121484130860025126
2224.4456432511416841813499644329450696
2225.0331339468757431761367991452814305
2225.9970359899744767936478061111817768
2226.6565130107272027290890197589596910
2226.9902418745408770309790528067810389
2227.9485982675942172607879959349295397
2228.6973079345891364971416927667532486
2228.9795892760606087881618882575905495
2229.7463855282842441015488935062926540
2230.4694101945430076468305501345710414
2231.5867636606577104256939136529735272
2232.0039157769623926647028330868374065
2232.9045612236601148193052789033654816
2233.1893290920971572490039488934034661
2233.8008837538176282733538387397882724
2234.7077145050308178529818697756830047
2235.1250345354870679691073085837816302
2236.1424723658432703383726601506956500
2236.9286691726652394594375718723285148
2237.4099006746059498639975186191872946
2238.2016693446231026662475718048113480
2238.6166774969824510770622225116787659
2239.6378313652283287439471140498144570
2240.2555170801397006256309569565331735
2240.4444548106538903197441457574199224
2241.5756111525027621777438592192178037
2241.9865741059864668352886305764042449
2243.1048406688062891589598182276723366
2243.8505685554761593484972646729167405
2244.1577262805819124649594464399139850
2244.8963145111917646046347680332627370
2245.6357011813076507634708980312079981
2246.0213756704452822221766736541502777
2246.7405811455071602021360690419944483
2247.9863591410374031890747625401523451
2248.3805576916775795743508062076234670
2249.0401613986152625706790439588560042
2249.6218913465207025163515609602238936
2250.5546338044103628987411548868213690
2250.9436022622222056927313566426258267
2251.6976797108238909193323002884666240
2252.3156175283377165454694996205496702
2253.1240798295120170327245286795312916
2253.6509294306348319109199165266834384
2254.6079241956895942005156622938365978
2255.3681791938190696644854931350174968
2255.9757767026085466737690065950183801
2256.4843609475719727279834227231929185
2256.9167026694642938965514272045270350
2257.7702747093528600433800325002259895
2258.5237629029049344975239692061040531
2259.2141859180337819881595524455596560
2260.2359268382276265657975902553104513
2260.7615693238234462832885901557893280
2261.1034973062006304331791672172304955
2261.9432439385346242764355393909644808
2262.6037945039487877639794933813179123
2263.3643941286065753690691087800248471
2264.0277044793355766033778114780121714
2264.4101881545090153198216797996678233
2265.5066302557003540743347929350133702
2266.2105549144730869333025756180228903
2266.7940617730627826257713335376959300
2267.4630683838263471312911961578328690
2268.2905440654699452830354178571795193
2268.5442631144425285824535038046646797
2269.1971535998670140534900104866692604
2270.0289135308277385167621381328357573
2271.1008658059004688801487689581765730
2271.6801822081452041624344596449787649
2272.1468649013309049357410037374531672
2272.9581161312027757095760962987587467
2273.4582827074771004559864726361332917
2274.0933238478929196084683311795461020
2275.0109462245267448675565059066969163
2275.4790554029892961727314047936651795
2276.1738354363880766555061744139627552
2277.1995040870905787630151144342207264
2277.5170814819813291383185806722768709
2278.5522970428124175068041885782625605
2278.9885289928583193307078855378229869
2279.7603903519925276510667625068006281
2280.3684546036806603256123693441435074
2280.5393535302582687452677304812228240
2281.7809163375948665871282260165902157
2282.6224337079028419472343077712197102
2283.0993926112707894888492656183317885
2284.0503286152698319378915540498961835
2284.3865325240274992806593114942916673
2284.9295587901173269470653028942170420
2285.7689694383055061533052835439085660
2286.4463761145132000571189928250122212
2287.1250585760466170386261512409902297
2287.9328979054357286580313174086816299
2288.5537548195557795491100849603012333
2289.1475823843532194308701801938167601
2290.2516665584509622373601344703250278
2290.6337502825867814437326508313586711
2290.9393243034901668818464961343356849
2292.0807065145749996061214955132610421
2292.3842365001835449780491312101031332
2293.0702508774091196664900153918804500
2294.1810936731623318603692471748779182
2295.0988615094544321965653862559314148
2295.3063705304240071821750327844084817
2295.8300773727338871692561705612693285
2296.6444249229966041808035618578183337
2297.3757960767729230776640088240001262
2297.9315237987837934383397294780496786
2298.6590825574182493951660850373082747
2299.6298868804818349214676423096990240
2300.1368878546835626924279773494022752
2300.7440805162264522496568978614189400
2301.5066240937269409097228035253877290
2302.2956896917760241237848905585927413
2302.8033700204165770601259671263963376
2303.3832312266899096353518584030133560
2303.9174061587378161593598095435187702
2304.8304203103599039521661309550652029
2305.7704398359700065564117737903901438
2306.4324632145175891840434133668875209
2306.8574493751761758016961094127349275
2307.7501277556879048741750241481882507
2308.1269842798278972269967075405745376
2308.6431669988387777281150006554753972
2309.6506274335903798141464651083889654
2310.3308898756119834487703128970604842
2311.0809907382659924845806320840045657
2311.7176025589756722957047005632346955
2312.3895437795555238313752667911959881
2313.0039517448426811211058022314832687
2313.8004574752761596500349643420625715
2314.3763002707127441662558192157196851
2314.9661036674611796316555112461984252
2315.4982058235953553897645298791791262
2316.4780870494845316041406114391289497
2317.1472833619678586911993439299067021
2318.1013770119104205543115744296010763
2318.5134508540904828676845125616840948
2319.1119096316996299054744424442163982
2319.7566138595245202360784806994572786
2320.2301630507769661219044748867748306
2321.1196719010412456460951917000614411
2322.0405895038654263899776647282456089
2322.5432220570301703530560448467581824
2323.2712554784492831999804484610265980
2324.1702376599673820132522718824339848
2324.3728932527076635006553544162021371
2325.2033032101973355710035731161809371
2326.0302549723218916005213322973225037
2326.7377529761058816554073698049000213
2326.8833936305337837751748254597392718
2327.9438346857882155136505079022766928
2328.9094920936817202990236935549628761
2329.5098440177911364100824457669990998
2330.0194109585295989978380206780981276
2330.7329782570218537179280526698971920
2331.2644223557292647721887468788962669
2331.9290636509444955121506076151720262
2332.4902979324809739025250835119608794
2333.5691221229414094156723820854950993
2334.2765461742560646588342696385378242
2335.0372321361304332006653112351895904
2335.1784503590669085503217448282691609
2336.1055880275486149353704254763290767
2337.0066283896887593799093664135346277
2337.3740432346402832106285270757717200
2337.9687238895965741469311478593855812
2338.8214926710369843628171658045936127
2339.6382917608894200964906887261038491
2340.0997583893911599946932745362386490
2341.1634144919294722004583063142612850
2341.6905837357910304249513515951340296
2342.2773404298134114189129912844850307
2342.7090166597128482968868700584015283
2343.3572870073817037627575601895046253
2344.3276973113500962154905086720770165
2344.8557684636376728414460451602311239
2346.1255281790552540858117942541935219
2346.2478449386504708307012663692177149
2346.9179686533593352535969761727406352
2347.6351756915625720127487848486106799
2348.4545972377295960735429018594232535
2348.8081751377548167271234378184770851
2349.7481913034764539685544125337172663
2350.4048438364961442196982058585373280
2350.8932818857905876188456345787699746
2351.9603519541072706356208617167631898
2352.5274524995510108514293724789691902
2353.1872481542760524165950912528018110
2353.9224809983242745549425042033324018
2354.1530188437952212504626038907037556
2355.2139648278295910749097134178897775
2355.4081276850317054657242764785867829
2356.8084706065969030940294021688657975
2357.2012636050920845125168370005623542
2358.0632811038352212488000799249488472
2358.5785525187960274659902441667327158
2359.0420723555998358315433886601228066
2359.7551960438380174229025893835773154
2360.6996884049589427131023950725228855
2361.1537619384153950351746717240058327
2361.7941068076693777792657734878523754
2362.6729946876939100477245580323546486
2363.5033383670304978876717438869581014
2363.8829926945697536653853052708199273
2364.7312807245811031062716528905905293
2365.4671257421800416771759563511311898
2365.8332898861585068187736690803461047
2366.5945323002014925605715269813340772
2366.9470784246738774069959753032486760
2368.4527368828494844597050641253889596
2368.8228599143549427022332761030771024
2369.2959213429796302105816058588528053
2370.3244539187347216929379999738135488
2370.5791364960872680297875563806570187
2371.2551589855478629066944790474254666
2372.0781554064174547707297869468473955
2372.6627864668625621932623741982078434
2373.6493439187034157124774022349013872
2374.1124199834386842423784294799688540
2374.7234027984724278973188969195107353
2375.7304249403213456025438194376769023
2376.2093773314453356303906120741831024
2376.8801348986655572781754998803536639
2377.3243038623126819221887232609460395
2378.1962107995660879068554402960747649
2378.6006529643765580638187994206921773
2379.6848234098648550889402109497774050
2380.4280462804229418995629337096865240
2381.1609733665202717844404010389660166
2381.5237851157446196629388847633225912
2382.2345287172703789667590312097134595
2382.6818728152568513514969730650196831
2383.6849727506972448969944668127083756
2384.2125592933816916841380680752236849
2385.0081683241297847485297894636110252
2385.7531868808953637930444082396080736
2386.4949556435152367015687439106270938
2386.8766888152599301634816822010916841
2387.7825471234378091400088528589971346
2388.5454675796992758417384719876332023
2388.8629442095260535120451653672600929
2389.4961967852423589580350563839549385
2390.3866862913238844198261879816869554
2390.9989801379224766324441424672354533
2392.1566902109271673119541901878963682
2392.4976245595558341811926140945630235
2393.2001590043900327948091310829497749
2393.5467866841343676247171454553537360
2394.3934580014738097154006035825593229
2395.1500770174100232144801025054788087
2395.5707288351044344924720398856303974
2396.7881386100364361819496009631470338
2397.2019166100384489144067721895324002
2397.9547718813412724939195046947514622
2398.3685023274746252215190286682756356
2399.3375108961041813677274500480107249
2399.9701661714901478987629509194135535
2400.4527803325735206781270894327226583
2401.0445813971936679784422269092889282
2401.7943910205204829064306617524705886
2402.7347290097582949921960782664850699
2403.3739882054858824860063727890627379
2404.2035056012094249204373879209188164
2404.5338345065560998928225923911424710
2405.4183445496213230911550225660365969
2405.7836149327455724770130290369597978
2406.3006515936492515847871402631050468
2407.4956606606961572014271418044579339
2408.1495474114416411197677430411258588
2408.7072796502808560001724551101282063
2409.3351216590870004465690211442277429
2410.3453508479035151694123864399037917
2410.5197200011021676461913382487282056
2411.2508709438946649483183673987692327
2412.2599328402804363748751041514965068
2412.6307720629553770681939781866846645
2413.1561637222249420141149549390705987
2414.2052451188556329080978465104464142
2414.9692585808642284626597742255543235
2415.6418142984554441330909192649480127
2416.1507486972753964368546804703751910
2416.6893777445896561465521243377686103
2417.4938198696891757344071168160486037
2417.8285154299447015136690885862243144
2418.8688196530285081216124440068956999
2419.5897564871972512474869701912208358
2420.4793358147407722113469185110677447
2420.9217930525354770423725702499827715
2421.3813703515407597286144160631448964
2422.1986258859441958887745226183033930
2423.0481652150269369634489193689939043
2423.3873006873148063656749807372978428
2424.2184139884221561949725965691085423
2424.8241872909218401238841609986247556
2425.6383798495646845059810522205795062
2426.4608409410918150148029851654670805
2427.0782647648533471321401948847771703
2427.6556734233022047237190925205971653
2428.3875911243522155515458475756224685
2428.7953204174073573241414684470901749
2429.4033105672258775052104147316153690
2430.2923531182899292558040458654557299
2431.2178394793090281476144671562701219
2431.8759511930477155884759782012088630
2432.5189208727210681294268435292459529
2432.8259402774345932005191338060600222
2433.7404142533190485762505770613409861
2434.3998291602460136853141796859369326
2435.0029454300531385091792341650963013
2435.6067209517442482759370278220027422
2436.5156842370671045344354862810917891
2437.1211356125051895419727416653329772
2437.7792593110059141944522903576352193
2438.5872659401232603013750609481688401
2439.4091243740988877276652313156145660
2439.7034050276363415508776724130323693
2440.2270507176312122637602660299516540
2440.9505683805654556810202616414681175
2441.9036387482944264801123358764872389
2442.5167445799203491483973396962942770
2443.4373336160219476032724184695520798
2443.9956583136263038396328800582186628
2444.5547415709700080164108887803413369
2445.0139281666066155804198862067038846
2445.7598000308793383823384581035687492
2446.7405211037839139102509636159444983
2447.0920766738475490091840455377144265
2447.8197417331116611908255936230734133
2448.9055148135234604824414412299652505
2449.0634514957432917496117885299772983
2450.2663322405537331128463313234316197
2450.5613023817123346407038195999197879
2451.2036332493076034623819505240626077
2451.9883081114148152720329319318386232
2452.5864123442834443515122681522823556
2452.8972640478200385447734593268081317
2454.4265660830483314710089518511337242
2454.8523607720904822386143540654335244
2455.2954914322634348274731793308373788
2455.9833890329741180364337358194463834
2456.9327155760733654190924848361302557
2456.9789340464326406187326348204122433
2458.0292043914171921866836330779593463
2458.6848217930354768221473734205453713
2459.5221802783302765432709165445491056
2460.1012748103033461738796023753565960
2460.7285430629955539440310752566677934
2461.6423192365118867238904342380423248
2462.0258567262337765771820899983153155
2462.8574395625609002958369173163124646
2463.4703284905945479013745027149528175
2463.7943493497768849689307968782228886
2464.6686565397262507603042170470165878
2465.7257171316646547668601627782750769
2466.3213870588277462372653580161251015
2466.8799797188852219122304444553336834
2467.6049753001186213373982482788599970
2468.0946764057636280879224778541345074
2468.6683281848609130576538960029684023
2469.3946258340131555721924612842239269
2470.2938590339461743800231875909304262
2470.9250036240849644384663599945229184
2471.6917893966621923458545547173175437
2472.1514218649305598535553587909238631
2473.0410379592020028645990830386361027
2473.5626062638090092622544943945098694
2474.4167481235080141302257023211603617
2474.7190862023006587196710812219309730
2475.4292588682327981260648739445229465
2476.3005729252697936723343753760895788
2476.8931521760866142714139454546491559
2477.8520112487864643114488988437660490
2478.6522133546836421959974084440677015
2479.0939228559341751821230904925921842
2479.1942261160524559264254340126086453
2480.4219541380675440449461339592172023
2480.7636783336281655662309696174016760
2481.7483571766517101557773247869954514
2482.3180240880168172234680722458376701
2483.3277391651617420501162359185421688
2483.7217997490031320168778114938243309
2484.2758303428642653981835593097996357
2485.0273919442727233273594302824068782
2485.8960571848070783214259087417446378
2486.3758677765996298348734773720353600
2486.8443870859897581161898742896122336
2487.5694146355946414484384261375795521
2488.6747596264835775903053033290323497
2489.2101996958460125020742513324008408
2489.8172923702222753699618330225769353
2490.6783425046290034239559363222453349
2491.0271315225534805827124807634855480
2491.5772991730737121620023327597546377
2492.3207232752779407735332869379755755
2493.0794929624019529517838510557809422
2494.2083384655578064421701928967659752
2494.3967835467509110484427189422527927
2495.3562457231909923344187171010962204
2495.6793205553935770592880367371494430
2496.5998750430381891169947496390532889
2497.2281038975460370558042801293071696
2497.7366922483853843163665249738057671
2498.4770474900002884085152622106515009
2499.1932038123563347101020405695681694
2499.8210361718422853186701948963196967
2500.8037426775260274527010633873800399
2501.3827666306974802259851494361078765
2501.9864844963470717955551697261930747
2502.5561170913690275565751614949001495
2503.0939530979008105203180363517441633
2503.7513494311273828437765078457740607
2504.5157637643665588499653562645999647
2505.5571862373235697250015735890813946
2506.0991997770112018242610625409794002
2506.5833450120791700745915739922532054
2507.4460645305305525854273178662282344
2507.8266868191996514967562894985681630
2508.7333573984265989122083449967690930
2509.1251158565522909853347033082869545
2510.1493899682418167653913235823007906
2510.5858002211888048681783397123694557
2511.1657653512276395359924529913815857
2512.4141744404835327281011754694510813
2512.7855448439346294744730954531372994
2513.3224022520386328029346519448974857
2514.0492597739835296928402716571298234
2514.7200780261286264900949668678492845
2515.1422997173287019628853673309797967
2515.8751815400832919489399679937696288
2517.0488370415868502372217610470567537
2517.5082869560721164236272313024820522
2518.2477591469480451960403455443185248
2518.8230534264544246101637323917631503
2519.1207522831762671727900182504786037
2520.2860450993602823492515461579257554
2520.7233846691017601180853668554001778
2521.2934377320721428604328222905323744
2522.1010110926225332382629511013501460
2523.0044451635836682660373371653654692
2523.4890904879982582454727198343865829
2524.1013487159725686033429862309708639
2525.1883878639967816115266238985307190
2525.4571123137912845632354784611519627
2526.0338056915050434019038099453488133
2526.5041416501726137654757422413211461
2527.5512612110887538541728935678982417
2528.2415428643825269914282728642258154
2529.2346740274032127934208610779723689
2529.4543981910672634805641648219192033
2530.3468902491079382823262554993809742
2530.8672138660094788363232557142084459
2531.2600948222463640862727371169657445
2532.3419837633788750000574611526561939
2532.8484816738665335981704365696904879
2533.5168477931873774445784911835953590
2534.4581460017976745216622486076711338
2534.8235284592118247504880170498423938
2535.7424835478961697530205101096036051
2536.3907804420465502063320711538846372
2537.0066240461314373246611266262169321
2537.4123725607964934490461849822204712
2538.2688164632076334648339802162369714
2538.7064075922518756797990615870206200
2539.7219156570973107266105562146961770
2540.7568169004009157117553817698960047
2540.8892190515711680493309929782301266
2541.8068197038926491587905825376176003
2542.2149216946877391345064779663352311
2542.8344781151787890475906248038004388
2543.5843909525575313509171529321272428
2544.5009283914487100473283744903445235
2544.8709499405189008133556204805293523
2545.8618717571707907759848160197788501
2546.4300718561137375192659564541091104
2547.0263077638488519481422119626125747
2547.8787777358924029240964364427657114
2548.2988365492760185977903926315221071
2549.1173066795556706398669605132749896
2549.6579705751362707789477971999475669
2550.0699149504062218353818546787045439
2551.1657286108381835274003544296499200
2552.0819416405299284475177464175571158
2552.5342301371599080762033997006661006
2553.1545664237526783461590294761109562
2553.5732058563094354167543071811300988
2554.5287113612629143988885715197948503
2554.9767977603140138098487128486703065
2555.5178469883005684503680741654158544
2556.8139225539247697657062126678752097
2557.2610544416475815508970299877560475
2557.6162404921988550380774721949624948
2558.5651317270060159193109573870055680
2559.2406061669679966984484674075190476
2559.9574732671467719287774040539927324
2560.2807002220973579853726553180359733
2561.1771683702679501756039353826372482
2561.6022843633015830751439949738663929
2562.6253612874776594186509283858847988
2563.2193966402727096670524526229458258
2564.2411481840168442814701059879869836
2564.5157846964252068638169409682428355
2565.1654007168088725220585177602035043
2565.7884928909034201132495314359704458
2566.2628699294723891945462357956390741
2567.2787217138121023411375567006292173
2567.9834626056945940737392235661806446
2568.5903651746371909565198628491680658
2569.4356323324697584761212072960420236
2569.9016372692508719333468191282737808
2570.5599328217739959923320413405770789
2571.1770384328007932401360343031717309
2572.1140234657377968837489398129587006
2572.5010708161592456694791390162557645
2572.9721041158878036318850962851474330
2574.0210056136987828722887195034010521
2574.7636429101345013898461022790480299
2575.4373689498970950802827416752324240
2576.0760933686690286659058946740935068
2576.6892492581233823791867814182106492
2577.1730697819308681969733529507950834
2577.6847123785340994961098279333333267
2578.7040675580270124703291719716271199
2579.2720783730960868726471930879679645
2580.1790478130715822030445755791303439
2580.9476853137080525054263593259867055
2581.2486555585855970805273873879491535
2581.8250669616648293835385808450991513
2582.8182512252619698711177911363678315
2583.3817504629887147240366796281262319
2583.8721233551323418521584784844187011
2584.5960953346754068917846532479361212
2585.3540552018091730375264271567002593
2586.1633617241645173527712714726445015
2586.9247201681942541177628121085852072
2587.3673043166896100899408424145297083
2588.2292868627086499312341292435642162
2588.5859279854780311306986606497353374
2589.3097553618419566189753482620506811
2589.7050324832247808682921951254611780
2590.9920566924875739240079974859702446
2591.5630713771108149859494194546752762
2592.2244870116226305664656027637174729
2592.6526016889814708980968934091028368
2593.5506385764755442934817030829416975
2594.0114749426400028048726295473084112
2594.6906437384824766805464480766825066
2595.4090113792757788688208115988533620
2596.0769369927830501558430310565240838
2596.9720117497276384745410059275124394
2597.1983269754587178697859823845964708
2598.4378775110958468994637901908570402
2599.0468679262393713432137138774122156
2599.3225845565406109338388965200748792
2600.0949159543925156161808848962403650
2600.6970036579941985167452228925687837
2601.3133548605563322393696474542432833
2602.1184183325365440365465064852405000
2603.0327897129432629077347686866200868
2603.7669075044033725275546956471476194
2604.3004159463523894630152127462488139
2604.5766380989398336332500059678821663
2605.5378286780416772662734994175593242
2606.0982773200105914041255869529315440
2606.9546014204266225862429905891191677
2607.3311573975313155000687850602480606
2608.2766269129605978836612003973126193
2608.9734456147692900543318561024469092
2609.5268691686643058641182712842809810
2610.4143890657458851351857028002148728
2610.9517214069234191318600980958817624
2611.4468250419117515645915070636558568
2612.2784282834434536239632456435356942
2612.5542396654956183832435188215179956
2613.4787781495977127360674578255637283
2614.5659834468114965441389850633430265
2615.1330350784276401039720079706500163
2615.5079493349488468717150730286806406
2616.2790423663874495642250110001556946
2616.9192589706098526128246010697356869
2617.3829950972664950423230409568460803
2618.2657869320623003428854911664097348
2618.9889458618978650307642269849152422
2619.5364359483287879673431903551741717
2620.4239808369248342589457752356806089
2621.1189108977582677726095213261231045
2621.4318251545421318759118730896720413
2622.5841922306717008791525093018444063
2622.9935537760834488821808853654185897
2623.4318127408567541453477594087962416
2624.0467327694945512933625331945248684
2624.9220267803832215874517188984895409
2626.0561135938195202523110632760176351
2626.1860442293120712428477802577343073
2627.2054381863814388893514867602630978
2627.7438301228467832724013154457246078
2628.3293162439094539041692685853581510
2628.5778142691349944817089359971663473
2629.7986649099883690635745041070216493
2630.2786114137906455245020475759101647
2631.1089701647016128806002762427931898
2631.6707983350512543172365864825005825
2632.5032066564203597240481260454242070
2633.0009183538130245436408488880872428
2633.8242868508995846880480365434596111
2634.2973148307206902673101042809349040
2634.9714833948308944600189695201373909
2635.7358750180638825722006291157920202
2636.0404499934264646066350809263725661
2637.1787902717770875943265899965480246
2637.9526752272089780852697348433298509
2638.6924276616561730844135424175230968
2638.9564914088819488663449780737020498
2639.5227880762934533074796118147922862
2640.3928120484977875066486777124548873
2641.0878774938353315220410108055708636
2641.4209157391232144677708289779414558
2642.8127569870407183365066770892331890
2643.0880530203981088602713090081221541
2643.7014388453234904434092177677655147
2644.4307791406766859104005951270128334
2645.1738277402232065308165735202780684
2645.7922663358555916703688827557198181
2646.3958288078123217950137640552362346
2646.9533673304565082644716111990105513
2647.6208143811161792920870216954495643
2648.4960239109828155196017008640898759
2649.3780910757210044405355457029549794
2649.8246531996725442313518967599637489
2650.6435567333348036826778727937238755
2651.0388580111718784232617679206538391
2651.6004863820850643738755099196750343
2652.3586314054915044630948257079166483
2652.9908651335982179167471371872020239
2654.0206044567156760830329651603859739
2654.6493938500133275363849858288986349
2655.0848480982415352014522752403276845
2655.8995616858190247777096854383319046
2656.3695466479837836839485462580606646
2657.3287780684327130745668193595541193
2657.7617500922091503076692105916289796
2658.2333646320192759235776216415283953
2659.3381476008518028521461709964734195
2659.6147738973177514862879065184145314
2660.6557852183482631558092896158226057
2661.4544390376016500427811090435451079
2661.8264408958663129629601540177426865
2662.6400140161720392627474212680003150
2662.9705399997078808463469428459092361
2663.5842101972366851238391846997290955
2664.5139981414070468209798058508619835
2665.3100651356094432100427054041260890
2665.9127901431196013417024612357057149
2666.7573712131225350112245404017917668
2667.2128714059729955665526351915819212
2667.7796619887843780736683260026321010
2668.4266544819684157430822216404957593
2669.2970157767166999424949150487499592
2669.9138215969482049900799736299301909
2670.3441815578807608639791753559737397
2671.1118765971560266147331281641012529
2672.1850836216689076863963592059881146
2672.6645092657061400492976371118220984
2673.2155028899819647212790912138086398
2673.9112458233998277541902434576197049
2674.7602588667501662370727532283339243
2674.9169078592369351131920425353586406
2675.5576669590525250969713257906076968
2676.8377251290112949753522045394205416
2677.3744068915052306578603560984125113
2678.0150299777586934816029069555435756
2678.6279662641106365828507345059416683
2679.1895177536410573000587601400108075
2679.8226618550407779774787871602480971
2680.6833274846943844810648393570688675
2681.1166216699462473140285406102870118
2681.8413315926904779788125646879175760
2682.6896475350696175227628273158912759
2683.3485073159469438059353839100349004
2683.8530434329452351057289511157211637
2685.0322751710067178637306606284597432
2685.2011044592360336721139875391960035
2685.8280706024865356711967845969781638
2686.4227544739611112456571595925557927
2687.1603517999737606546475151324643766
2687.8798425783635489294591509226263648
2688.8721000637739542238465402508372256
2689.4743426908626659691553851150500907
2690.0522835406580745489415461115677111
2690.4493777400638523257227721134751487
2691.3686829356300462486159323071465490
2691.7686679977598653057332802980797757
2692.6652264966245161710298831844747383
2693.1962194997352985958293903462047298
2694.2127336837022533817846946171560995
2694.4671730781002548022926340137788000
2695.3761124361322590092401357548345317
2696.2703605145782143592296643014842086
2696.5699437128091923180910599312194144
2697.3907108981140735546406684981190209
2697.6915596442837272319771998283215147
2698.7205458886662309091007539220605958
2699.0257431313204612076729778507733043
2700.1825047608271378342979732450149281
2700.9487875085725043765899673105104614
2701.4969093870798026918047601769620346
2701.8205605933709687789626472545269460
2702.5737020614592409712436560039513339
2703.2858506090723735113870161353860947
2703.8980209656923153255321250384249188
2704.8186619539198759753106307940855250
2705.1378348833778524506122309989422530
2706.2986103628598801232928103478528230
2706.7014172991565285036343144712839214
2707.2343055403283875996231502272249510
2708.1594865712928232700682316072447123
2708.7543170199746619943824234732248210
2709.3862102052230365560582395295213144
2709.6450054930727919825264308173027263
2710.5357408359969992180190096190981746
2711.6504617304166375562443453073055882
2712.1419293974941987108322635191956321
2712.7492469851657231191297665315423549
2713.4726331894398119184420221256117322
2713.9718946777691406102690733334990494
2714.5719843611227856448899593193395810
2715.1337555786444849636326794315568120
2716.1288665038279737357882467438543754
2716.7810833356669237218616700693497633
2717.5321324400053998280948368223499705
2717.8855138939695737665624577856795527
2718.8784124634264885000541987739102366
2719.5017958989912167294207230952640688
2719.8690177089805889257210666234826569
2720.8070082900300857046448521941103904
2721.2596664035580014015562114440221955
2721.8073738200280140025070280065383367
2722.7585547030985759031723066237310635
2723.7821111071264564536398469347172668
2723.9773607622393049907512946666831090
2724.9267294777515509742669436776957197
2725.3675400313034284195597478235699797
2725.7940245192708984340155170701038799
2726.5874580557389294128516612272548209
2727.4298162088270898818599947209670123
2728.0665299676735110479876241362382294
2728.9229561476014244567476641999720758
2729.4571230506392141222801547144007250
2730.0071645923736011239330211982363743
2730.9194574798749378792987317992525713
2731.1901108897422597973432800702011726
2732.2731889594733206944791891919433063
2732.5937637559761006686893094626650623
2733.1389873078417679074511843576444504
2734.1737209702377030550222022858877336
2734.7730068054684272127482044866171086
2735.7433068240463372084150791221396823
2736.1857671574341366511270181893560016
2736.5896704915419856656727992656807864
2737.3355076529725238165490907928289926
2737.9575929859174103855982047565563495
2738.6402549266071338360512640065889378
2739.3631014276693877241157072848893869
2740.4415650597228258816362452435263163
2740.8590500083768230365190855012112523
2741.3502750114676790128513110903895000
2741.8923565584953860125815995151533178
2743.0321251974724143617348309290619792
2743.5006048600825672003177693619780302
2743.6987188053543889729884460153426785
2744.7441417783080967585888481575995737
2745.5000347226462825884031268411999134
2746.0452150916339363732848420238247948
2746.9279197111955708612407113282018519
2747.7240130449418030209998436905450498
2747.9828507311440651092480095761132181
2748.7328728767675018986314868427060963
2749.3057730670420005443613448401124121
2749.7516749667303171633538438431656985
2751.0451572926145604467205785428874558
2751.4648049490373053095294588438657363
2752.1785836300924052456223155924200909
2752.9137732260293849441285972746632017
2753.4031040823311713897088331546682540
2753.9988899712829128259649437941113983
2754.7141204983351792812615069360179223
2755.4756442825553327906431111305372242
2756.0781467934818162219712324019480198
2756.6254304190715925066867380062422261
2757.4913691026556148245829439765591163
2758.2887522072054165015528114223035563
2759.0034264276835830011377508497205230
2759.3092954513220252866060729858017553
2760.2060972684749111996627507137393586
2760.6303232567163133655537513002150897
2761.1731329416970360702940176147648405
2762.0504531971992808427641265577896730
2763.0021569470252929086633799188677777
2763.6847966219823594394835090488327747
2764.0492821496500869468274505024452700
2764.9763418330833000620359421600744251
2765.1455803148651093675843298245505245
2766.1445585334008353791739212383924475
2766.6984820093542459987814328162875998
2767.5422642317209128145710336060696785
2767.9063942098693633711723984447849397
2768.9183527296962014632736206591980430
2769.5179566581291513094645295933379030
2770.2072753125306786664449698595453242
2770.8399976641392285810362648690865935
2771.5796153058729286823717070588353074
2771.8741787341018444407931733426597564
2772.8418181328081261940371356332967255
2773.0049358279791021089486592051846889
2774.3949908616853125964491716217900040
2775.1655207552264352840467484103738840
2775.2875081430263987479024370723358685
2776.1686396885478432161180938834200805
2776.7400603804872888109712224437252100
2777.3698895292239673155391241532845285
2778.0445751285954212667867990634947498
2778.6544502705332318002615829768816390
2779.7323218408710000265849898174923158
2779.9355911640933232242335793135052789
2780.9382064242903739074378884433074681
2781.3875031509497848091256423511770804
2782.2855009043969112697105172470470857
2782.9910887031969425581263798869953811
2783.2555483538079269477949379653371371
2783.7888030892864605815053970670686495
2784.8423044111510192837495935220087465
2785.3793391153290478820682556001571294
2786.2639807247918186801888751091747257
2787.0518122613038547413464048517231248
2787.5484905488274074973915894197020178
2788.1359545148087010605925657222775185
2788.3579066855575665557899361731166905
2789.6354436358840092580379692734378558
2789.9601915457925679247502104632824039
2790.7401226817065261951270609346419090
2791.5740473953332696720499482366751796
2792.2010485996483188554641244057714966
2792.7946580865198124681499887086549904
2793.4440922761653322061687160801102616
2794.2716766249299713961911770613858274
2794.7071683708643322588878769300240534
2795.3562387486999760566249239300851791
2795.9084433033101032949555646745359706
2796.6864723722400081895178158639225980
2797.6705149135503965616244507741294501
2798.4303327770510333954616037985367866
2798.7328725414745371425402253779616032
2799.3858819825310510618074990865218166
2800.1158831646428074630907025557073463
2800.5592351308770825726158496451164864
2801.3779943682982902762131840514205551
2802.0722744880652886958679136530978045
2803.0477845617265550390922139961416947
2803.4377221775233142581546751686313910
2804.0411015978391324250932787749416039
2804.9053405504774720213632918846544354
2805.4234345320448569836674604529109964
2806.1040234899181841439987189424848558
2806.7435655556451867391517516694587996
2807.3492072240657727573432664808333896
2807.7966140883928811741440433650661178
2809.1554342143345664812190624393008262
2809.5179746721762593764214208676548753
2810.0616603241207767233196051048139903
2810.9833929190276249927732944497268987
2811.4192155300125454150840117199587420
2811.7921908848473933256530301768344757
2812.5861801119431808049232394234764463
2813.4842019810795535386933443693052650
2814.3353658615622196674919700842190195
2814.7504823782369486540737293015644900
2815.4373414862044161286264723374722405
2816.1465380035071751123542265863951491
2816.8236117715018964985119414538680285
2817.3288866789823572299905828971905837
2818.0822353539148580328451865592373427
2818.6589032215982294016952152218959354
2819.3770841568521502035818636444788307
2819.9856440917981309059560736265110658
2820.9684075194895524738032266171493117
2821.6700891600467664498939623250017856
2822.2226819127720499044446036453835800
2822.4931369971634018476829594354101511
2823.3534129564211968816416637954917079
2823.9575503556160164550526297224194221
2824.6050743505504624664847122023964931
2825.5481034114617126562969021138800421
2826.2290865658418376879278265433620084
2826.9318303649022048157952727849895443
2827.3786059974498043533697431784240782
2827.8644651373429862152672956867216220
2828.8661091557751478037183048795399024
2829.4421521349720525361994777427447438
2829.9705050248516738092528679169576046
2830.4800868447164948604247557573217211
2831.6930216197385911507977463213038651
2831.9343547377584607704540788005285850
2832.9770699762451868968192355052737087
2833.4623607415608018709061879004882306
2834.0737302753470019629351994668204410
2834.7354554613458709132639353079846435
2835.1203802954255575472398627479859795
2835.8230474808516083214430183199346714
2837.0480560727469479253334749081769767
2837.3472211074644444775288716162489528
2838.2633374191223000287896665745270614
2838.8394893728166663495191254714874370
2839.1616568565235754375623429046157780
2840.0168773382067046475899190074858839
2840.8713547561354885513431908844836600
2841.1709493084847848535662611868378017
2841.9532609485336100494346387757298295
2842.8236699528183081968837010281551438
2843.3741234275554281902499177145368696
2844.0869510670303444983958087228598858
2844.8980318927170990098286833187434610
2845.5407172982194113240216499437547494
2845.8862697433080864448755025942671908
2846.4676989513737664083999471138614454
2847.2435639607288538200564777915094332
2847.9839082850702010472035874695456203
2848.9069907625862491876529137296924105
2849.6183158985108156248778536500368337
2849.9619541864235182517377345863880838
2850.6828342538029975392947616822593899
2851.4201285634813684228778740908813241
2851.7468191232832768488094105776015173
2852.7050832161521476615605465052364729
2853.4221785187763560952014127929228378
2853.9817611432384186108474803384906060
2854.5590363091556700005186616100560185
2855.6235669218800113145079105485876039
2856.1024354300936846478421865656030370
2856.6536058094806698584088341358479603
2857.2742914119441009488792880453781445
2858.0966773505896613266863983945830070
2858.4407788634358219452073925191972062
2859.0577965087013900170869158731700583
2860.2050431146590165962517554142488441
2861.1124961185693222396766468530595884
2861.2714765672640675281008234783018420
2861.8302262117981883317132465266937019
2862.7547870053734642399555788381149692
2863.1645064546102014819968441789144187
2863.8984544106561585403749235037281321
2864.6297804706962284815617614435179906
2865.3186152887836412009992102077483188
2866.1192682639040251812990160651793973
2866.6834380543146990776705648439277601
2867.2412747948082882647110185943923531
2868.1990207330988714571805414340267508
2868.6209792778866392115804808124132886
2869.3437729896375698997047694888866870
2869.6660379078975877605263914273164907
2870.4274100520674608157695764699106119
2871.6013782529212776833517012150894239
2871.8711689891036919494469063143454083
2873.0343661460547818852271545311408754
2873.2188453492612033690771856775000060
2873.8992987977924717978059664046025214
2874.4665211126697376900235412960801208
2875.1413364500610665763043716476549195
2875.9944237806632200976540735692367240
2876.5437292628841647595654536157501752
2877.5276222996382056995340600363952493
2877.8693502368060211649748992263126293
2878.6029555163057057908623430124476388
2879.3866076725305374879841164353665581
2879.9701818909396451167010826286175572
2880.5614043409633557392054864724729991
2881.1658005100850323977828156733678210
2881.7118494033280190459883588655279922
2882.5760110945113076516256819907299963
2883.3821580334606972627393435415369026
2884.1615908973225499329899940930571356
2884.6298509504893202585614170460667331
2885.4036595907643906079446573806148377
2885.6711279769789667419829378929240725
2886.2979465842471480126160346809900166
2887.3720405788316700022329896529175204
2887.8224306210308381039479540318195245
2888.5772794143470523588265487323133752
2889.4886015461303543168758563617874180
2889.9327003732185303049680285413865326
2890.4028685650874252263529248104422302
2891.3145043105372785131861979879368872
2891.8995043899603145596865422290683064
2892.5309380410050729170286541799474782
2893.0976067936807456628944446944416791
2893.6015165274832316935496225317809002
2894.8222863142079588743209943991533126
2895.2962718198970701180669899853809802
2896.0784395630047805584248869495578096
2896.4402383886640699563893570624536198
2897.2114527575350884211082446604738386
2897.7700751169846880606801862876793360
2898.2716044398561900442361539799706994
2899.0991877131683393804545108006469085
2900.1498050077829171907426288310483506
2900.6636135432405611218731016457028223
2901.0933630972319893646766188757199923
2901.7655253108619247266063688236052570
2902.6645861025216125324377050906696976
2903.2309992691256920520816559815790619
2903.5797474732775130918340055866883974
2904.4726855035522378273840017856706211
2905.2016303926490960619714659174861405
2905.6469266980109878567726151199451472
2906.6788278059253768083520090960914374
2907.3500985166400325897299341049602006
2907.9824644394031756872750535352753313
2908.3321412565740535964773271806019751
2908.9942586748754239366522058679382302
2909.8344254100966219217596873737624413
2910.0921129568325616958703150808970443
2911.4991673746084875852073470772798322
2911.8245573032599550046658187131289265
2912.4481884086762099535108861259103537
2913.3055435205416568610331271704137327
2913.7264455779927654662652378288429762
2914.2338715972064994113385298364083459
2915.3489165165427153682540872382550769
2915.6066063359861546662477992297939841
2916.2881968452228111566824448558233473
2917.1573342649522098017209014356764589
2917.7558125399285630428479043541889245
2918.7140112148019926385384466240556777
2919.0897113439968984149570873677212302
2919.8985938056479150956825165113336366
2920.2561367726563526305584327895184396
2920.9219579716629026066830881259930831
2921.5652015140211785488082986942678640
2922.4230897410141336195564916621564503
2923.2471730580232154041809242622007423
2923.9372475992184367244433167266086930
2924.4829011291961485977523206114107776
2924.9815504013774248734831608316654785
2925.5031838519517599848134477990799000
2926.5365659961958113346367936002339989
2927.1569227430112580692869822471258422
2927.3292701311320678370562614392278986
2928.5267473877739958192797294946983690
2929.0190785897498654163918801276311439
2929.9857723458506741329789107222794551
2930.1702995494567651602855512254576765
2931.3160331928976510485791017410284934
2931.6930020986642627433291267699860568
2932.1721548707626733162903827211220975
2932.7008829845074249072600383822873043
2933.6378261995918740287714015061965295
2934.6276141136246162621728310585902572
2935.0867908405021936792536689854255625
2935.7266683939901223699038441975265530
2936.4285126174133782284662329913076776
2936.8323112043645148063619555592389736
2937.7579927315783954568524088030450071
2937.9723810884795428847428081018594929
2939.2488075245651687435380181427938299
2939.5037009247902077957549792715641335
2940.3066716938326428798573766302357731
2940.9908870147687916639713454940162370
2941.9074351004582283644471983083090459
2942.2043826387088933336815950921273189
2943.1376470248555445569069922593828971
2943.4263811849718019035261879824973565
2944.0993307175651864486445516301789246
2944.8795921683745217870739228633202143
2945.5186850741244416944711955365882804
2946.6530683428723695170912914900148358
2947.0276437892165720429268400294356030
2947.6777543031486836323858156235702245
2948.1016128287780778601442488348554916
2948.7917144798396002121552773523302820
2949.6191676176593927067595072795367697
2950.1139918196414149864970798748768647
2950.8989357155962156629344149247754767
2951.7814578950098292031836490807844753
2952.1882955800144011760236513615403054
2952.8695244791964604512000749936965680
2953.8237822484051377241352656394158145
2954.1390889377346301362094611775607401
2954.8191797805804552037862419631133045
2955.5540403703517129817791431734811218
2955.9881723399098446669613065268816767
2956.6976548294078895679370107767262693
2957.8504325009233794281393927433646968
2958.4082894736259874312973352800885982
2958.8874812319813161410425254240723241
2959.4454629182025768005530540430661152
2960.1262555268150282077676157099403305
2960.7861016971997426311384182805011664
2961.3066235109593666734180913568152359
2962.2045241873002302906624346758039917
2962.9572055567077450529027357533134643
2963.6933553474402628579481742640670345
2964.0018000730068298171295381714611103
2964.8587707139766004929036926011989674
2965.5918588017170934792180413424003884
2966.1750688261405242707469117836920103
2966.7129313506116071400609891156001117
2967.2801155238427064692117904826973916
2967.9680202793942010766966875013379536
2969.0421439361299315762974195174726340
2969.5276157299537263810403068965967974
2970.1473354357618904621773092895945271
2971.1107716345600422025213673556896026
2971.3885446089498815720596771784852950
2971.7015359846604353276328920138283209
2972.5982378257031086470728515124780329
2973.6670498009291066079793693004438337
2974.0007596327693586588108643704630768
2974.7769928144163243781693914316107667
2975.6492221272181883357599996775371277
2976.0886181018996410156225184340534596
2976.5444465559615210725937146196120508
2977.6085665224921093168996658860793531
2977.9129286332259175955030852903748800
2978.7171685827284429725185470566480015
2979.1706635901196099635277340509228310
2979.9981221137509523737390825202771850
2980.9031967738776271974146451940808155
2981.6376663602502639041776641968554365
2982.0149530403269811485774513490878566
2982.6697877108228266179549709590689364
2983.2659185670896588797598854705182110
2983.8643050515060676583728123143387002
2984.5058407697875165688546087277902703
2985.4047689136829450813147828646637571
2986.2118618552339602174118618315947547
2986.8918435433273166543606683391832046
2987.1171259755775415795965554527772985
2988.0221406343186954705645860844591907
2988.6436571234619421682636015963386649
2989.2700018328240498276485401689947832
2990.1086188882627281625877068765531738
2990.2834743273329468441255063890527494
2991.3332055031175982744366686076883117
2992.0112698141943724687100165266591859
2992.7285136683232466248758194425018051
2993.5516873586118213566141647828415717
2993.8684176722104597135894995688547339
2994.5078004594413930225733099548710222
2995.2839300570105832778429930788082984
2995.5658548890709534478614295567751286
2996.5409083745105574753545622335088693
2997.5760998935683166990420600270047441
2998.0510868054401009295743558646294752
2998.4566670697645521115626423508231500
2999.2997752867983495698553687604969743
2999.8053579561162186679362723826089321
