# D=65 L0=0 L1=1.3775160097354423812310069522981137274 Lp0=5.5529445614474353470616080540570869176 h=2 w=2 reg=2.7764722807237176735308040270285434588 chi2=1
2.0480417004321797576891197120045460572
4.3026125193937117190381067695658847396
5.2614803234241994959091112273691353476
6.5371676127097069071271865703965502832
7.9575021920471427535662572253772969810
10.450378929680775794940352457413023250
11.255934108764882526809675238723557742
12.410613901871519922243184528760333476
13.530905240150251582248878573337936060
15.012485225098093472528983576032424802
16.003664427787082911374558503909365915
17.279393577453460193571609852527524361
18.417768706155773853396494385624918307
20.193467803431018690738869498084649598
21.369709120826181174644957096749942804
22.067351088781704692143620218121741884
23.564078385408165640254991026480629359
23.839566990641945361162584241511487407
25.164767712194079709810733019245844280
26.769398677439254858374185147086712608
28.128883386626323372399381737317189309
29.016094204356631669967481376467626017
30.092678002330817092787639559541348166
31.004045417335883991709938891357336158
32.221097875727007396524858631950802150
33.511874152464525224573279803103735509
33.986456461127834535172643043662483713
34.931627545490270740601386877484772403
36.439417939190482184387608143945840015
37.877123143523928654873938798309749493
38.878921398322535259410901063222026341
40.009352229271238800602528746642584998
40.325709485083054755009404234593163548
41.544059419664295103359263907649036427
42.404135980068229732427979656791080557
43.845650138353727426374053254109724330
44.527429108177327400427197733376463459
46.129888884547742147906190251820292507
46.936946216581306387027040085085671458
47.662806354118601107418897627242725659
49.235144241937596253274961094877504302
49.931184016516029558592532440826839036
50.819466423875061754370275777028504225
51.626702747885322646129001227756377378
52.709373503685323718060560706676412487
53.292754480350457780901818734089223210
55.286975895669959398437820242403767204
56.168636597650034386660156912728209853
57.072742746837237928531320870519223262
57.723498070663387441326237136949705484
58.643386507314002260892206746004282315
59.794038683046028214137919492377266944
60.452571959997343857113130966460260665
61.897650370412626186206530445557701877
62.420435985159706241757241351450101333
63.576810893128390786685467387436179250
64.672158936838536176860565762551697485
65.976632007063064494020838827280440813
66.570967603430302391722920381812168552
67.857494758302347719887678111936732610
68.367548807299086786104830348229722350
69.278072998726157978217943558362191348
70.040546317395931476291220656487085772
70.912575603648109168083780293713802487
72.537879776264593630402951783036485418
73.467402128455033934307264952314809443
74.328223453163662362629043574398600965
75.486123361552416677359453177070220127
75.780013891125096537078415674600214307
76.867508588949147020528556770905731301
78.178450406990891410658613205463359699
78.904873370429309729809881690167989159
79.526766006556223234375436727358154426
80.500215809399627053231083382052002747
81.582953311746569543249363439238094795
82.747893378714023979538617682254447859
83.980955404533806990791429470240532825
84.656220841363992368891358065210456927
85.635249946996197857012475417912650759
86.191436362988877492936490306617363126
86.919400865891188240593970764002775492
88.035947368194906978176854399483029295
88.944353239452802396177923485596363964
89.874042088003756223298795462677069871
91.352559509570867604808099193205993910
91.934272843896929895626591459116194391
92.712454458604988995112522745406518489
93.728053622703579949893059455446624535
94.773172460784172744924812183936124190
95.609297900929059223324007423938749267
96.366533844900000835882322377739388515
97.204637611715255790556074646574066501
98.058184533338981485307860963095469429
98.652898841576562773336361413025294192
100.12697368897805241559374432164054639
101.65542158212579496422127162585095769
101.96165927552749337384379776500451141
102.70089343179850765104116154890364715
103.77833736447345951941419426786633495
104.53381480510288591856954757437800723
105.04574073614766933990638200462595146
106.35147347083217119587084777716823177
107.25545279888321955061152434191161859
108.05415119498272745924408214616011399
108.95497827268201901352166231783825660
110.17476826950745315305239719540589096
110.81954637441280342911512597536187012
111.92040648869916203773125399007361493
112.82771030679085363328637818728092967
113.53176952893886170844023912549141301
114.39906199569833400453683924933128007
115.25164160153040477857094074498825106
115.46409547459250179676686223697964970
116.92787785357829954631628899082321905
118.11537802127727221901146270066944652
119.04568607168653657633858521808504582
120.26759572903601331543714005312411556
120.38701683747708693701637876689871589
121.51973383114708110231634688011235649
122.03129235400832440800457380069840928
123.35943382224346026441365669188570950
124.17050395650498160295057063949494127
124.73408352328781965063356104329746661
125.78836777029985431761469998865094688
126.43467300599478388242145591685791695
127.84790529104356528501178042214426735
128.39763372845623243099871111867825950
129.86066851051020255467743807131975353
130.40734032052226766337717546344143986
131.17729901052012149758835792143545897
131.71834952032294893925026818727333022
132.75491125055556474621695480980245089
133.46658174750471433246162847642182055
134.23252824878964074278403824833160378
135.46258060408916360767911462454724741
136.75798709893393669618550241457543408
137.16427517868237548667113160027029954
138.22368162744925006933190521571254217
138.78781420028057247897422428892109519
139.81117530185415528400981193949477992
140.78284079057369991829011414800309126
141.45737094618177580039072505951546832
142.32929485243453081216054173515293637
143.05490401834883738094331876922020874
143.91575532291769665595810267621263777
144.44123655435483172690774150035568455
146.26440121594501351418000243532026148
146.95609691762357590290285527194677306
147.58596510879147343140442812322405402
148.66424237976203773651604967526361062
149.09477753621644178495479842235476683
150.16320982345233070093889646371858396
150.40928157734560761634398077210979755
151.75913805272079704332493654423458985
152.57611221987502071029950890493030056
153.50817256583241162194002631846230671
154.29075050528551971539857017886537680
155.48877415714298150516268394810498373
155.97665262611073343773572133671446442
157.08387702208158663497880918135805095
157.71149477201940204815537730623898714
158.89024944715391910754617700969197477
159.57318487754593191403670361250766446
160.07303979839839528197630326351736522
160.73863986779299045408408217822916093
161.82608097809604752557022990807212167
162.55365083646427793443984530594503953
164.06906371710803732031928884968691490
164.76854740745324538507168350453600895
165.66399236776463593892927245687323455
166.33635080126757961701494915716609939
166.82263352767590077163824785847183251
167.80237348500919695971369714847578212
168.66275821248344632040322824748733397
169.61388564981144305947817201046476524
170.51008931790740946185290346414849167
170.80101822605806838961602389466479081
172.30703300784042374114694120339397057
172.83970578667612424131225255324437207
173.73440222455173763990244835784842221
175.07709064126572298227547232276999502
175.62875545868646238290054868536727217
176.35811858927391959204445285608129961
177.09532102684694573295453862934266016
177.87534300896564685262787286338694353
178.61587543293420167534299715556069772
179.24293354652783130414412494120311669
180.25497445280041816425542656326849028
181.63946034237244932189431066585989964
182.33974694498543058153097171970685339
183.24119989969847889633960347985025192
183.71887911466651264983449456017087430
184.60688368841646533123430670009411192
185.56527181842258141888148351446726456
186.20756176068660264501649618334745054
187.09829866396547056151263129942211743
188.17969337968936355153826523177563036
188.52787170982297395983723798583841513
189.21914813618508396541764979411552481
190.30011993756690525531789482605995293
191.53505514534613071595487915044445625
192.38579890428558898581609770261710391
193.10783942948615950628609261650601267
193.99512880186994191657017623788187749
194.56466468147911232349710627395196626
195.31151846386080263159733181104124116
196.01286678974688217076871237298314167
196.69824661867941985252834552146241681
197.91650497134766814981390323442059600
198.70393405961350754830828548247009977
199.48356179288622134387164411468142933
200.62326636794972100770049769046936778
201.31954468449298187967857372980889134
201.99750435788012249307478498750859075
202.65254040852949395123208158946120769
204.02274616364321753780242336413949546
204.58523543141262483595584804176040813
205.05233399112963321222046718005189405
206.06604124684677502919573927784362511
206.59658350802574437213151683000081232
207.42327179202089564789653063292119448
208.48939033161316245600805138165591155
209.75426586891812049379873813729663136
210.48791539049230085910647774288377367
211.28248705245745086732290629664558484
211.84196627406891366300441855710639238
212.52142502747724950003841090790322448
213.25400603379071014152586998600007303
214.25386215106116550248737751372945128
215.09582948477384377601643066446153061
215.64194200246216981688707023420527991
216.75748480092518701119490887486762969
217.59313968551545293702461895371622263
218.24354718391224726680249268965497002
219.28556194469042087497391412573586132
220.10272512170049264607403957460662298
221.03685175067939159990510860490532612
221.80723005802622025240724801269336950
222.29689901747135516943394915843121347
223.24405413908749490962689429648998471
223.84060187173015244846715920889151897
224.58619041918528084093533466142546374
225.20252407635462140316882295502821622
226.62049077017646744667454224783860772
227.70449474066074773764519686271231094
228.37114688998381367715365090078363510
228.71155655334443010690342297961503410
229.96011619960131692587608058276582349
230.61350207283514942309905934767047170
230.84670937749866899590009715426521174
232.37375598782888629936324473801694812
232.81344354536001327130371965080584694
233.84132492017015770938586113476793805
234.21672058618158049472588170828991417
235.11657858254557031375060555816974076
236.17243269774481512369558454982462765
237.15986057126274106237568120910280501
237.98634286489984078211604938187813870
238.82679172508621114943052586882862133
239.47320360200601916915601768743847494
240.30935825328873475508848347952141665
240.87521472545561506186025046181773207
241.42528586186235125362078986782778862
242.27760767425163970188759839602252720
243.55418987464493744633403099249569426
243.90482713106136696050418161595665330
245.22635551554707503960236951205492207
246.09009074726768196049459459701975368
246.74890293366369213666580005523423326
247.24360217667554706109428962549936028
248.19679504292092143884193081400453742
249.08696265425224681975501892784388639
249.97216140779549861046447977688520467
250.63058048004252605319779768369360428
251.15537779333422159304580035343926725
252.07752104230024355991989172206330126
252.67335787313867111202512284811396513
253.64821472047454478240187218391906242
254.71714361371545603810080591818929212
255.86937008294345961476575870391478199
256.53487430605323702946822100768875932
256.94131914289727523701772307401444712
257.70736442851234068070406349084175881
258.53907412211253263744232248164578423
259.23056433106931929361368200845142032
259.99625563778314482546883318761790597
260.75420780516022493987714272816687920
262.01022350026427542992710215551637827
262.28156918149439133418931176791484456
263.59745535271011289051746047093915166
264.10501124153041952547753451932185114
264.96007389447093223141260316221401188
265.86430099202447473674253581010724299
266.88282460244243690731558530783559752
267.15805294417043149190311335719367444
268.24578880077673865188578810420744711
268.83467061839616009312011177927111526
269.49287746073134213779210559091473554
270.19503792677556728206077476770567571
270.79750825104981807867215764942824091
272.63896570567281950696359548934756520
272.85638265637699488692702796418835730
273.88953717907486745643896572203070010
274.62413360096264177722044553032099609
275.42952915398539108902869351033768824
275.70827498586319552821082925317013130
276.75370355066846275167369187256001750
277.46187370739770560604489763848474836
278.50290459936441143073331393635175087
279.15409732014196987638142417713573589
279.76426502059463545210342697649517873
280.51744878799189603565712091087588404
281.67635123290530592466026628086060811
282.40857286951222507388185160367977399
283.23484401098908649185700205957229120
284.12011161934441772183533963975587629
284.93891168052376648698040900703511570
285.60717706294381374791632339297448625
286.20691145530801053736924120645338120
286.57662334160008618028660444513544912
287.91828262128859564787496971769920948
288.16974762600959960223097663729267495
289.28487890461963470750751721234195967
290.48959747510322503184418388150619506
291.13121468983472954989096264861631086
292.02825832654828943633170786893474887
292.66269885066155834148281852120156230
293.04319494207079312914942301805506508
294.18264833484828159850506392322819466
294.92904224348457076734079999779674830
295.86511673732646643351921485616325586
296.28398782776574410280253581195756076
297.04704324796638599069759597895209390
297.93365629057188868836526713373559662
298.60040926329054851124516170479845723
299.35870001421290068696463113041387909
300.85630911288224623689575012550861511
301.41467653677853983233829547639733157
302.10716163583085407708486760049148162
302.69854389611439796941620720352341580
303.61402019461590514438861867818668860
304.06911337587536254935408823604088995
304.91369322124118251838283008577686527
305.51741534947943579002452488327241362
306.57483644560363620448793978317276769
307.32114861900931511301269956872784509
308.35452585593010008243816229368708570
309.05726957778907984000532445363438686
309.67315841080433961296840826322800155
310.73980950661750346996136475668282274
311.19547243498457253976484888459398548
312.30937516218101321156542186346477608
312.71901409789911333860257507547116647
313.83302132270356727667076588703697380
314.43378137389919274473487051420505180
314.80090267818253391485483793013107727
315.61122691135317530549945435712222801
316.44183014179632662950237700337202134
317.66091291928223155249095793866690414
318.60635902610727644230761700776093167
319.26244261525542538342387467169153421
320.08599120488418848991171222752859007
320.54204260775407445039176211481489032
321.48433882150583330417114046282417368
321.88911422780048420204033999685611023
322.64968579563871116764391068417715213
323.90873656262145997284215901305064745
324.40720143740623871280824295960804313
325.03013640918681443106472256824894839
325.88768437298639489511621416539088215
326.95199441560848246245123292350582018
327.70089060603333682003634270460496142
328.22521699576278037959189652966077959
329.31099145380597790827465833272595757
330.33119374792994903274593346558552272
330.65664004473554699473664837331431375
331.27959730733748377374548723071808646
332.12525394042872964754006726184900197
332.93363841185780430047056455431010476
333.20308091556742525290846646450012331
334.43967151587452231231132707047807675
335.20998486717755512916599943814470402
336.51821906366796991673267824964680699
337.15371257325213494446881976398661117
337.51270233223116643850655435808325817
338.61132130236306225401131719111802683
338.75891129992775261826529255888705568
340.08079332834391710949918686632160236
340.59283154764337797148240792553210149
341.48556232943059449335919296981934860
342.03085513978541820604394770279534147
343.07492377695989129405003521482259304
343.49956068720842484679441921437928341
344.21481280767479753226418963562072160
345.45055941517127924298196967595325798
346.29218822755106679805899060699767391
347.07037123490110180231957008568475621
347.92172055133704079060117465899251373
348.24913710290789373875430882012861862
349.12471526542029978752520746374974909
349.85698331881128570419205485244290368
350.48228616867560418691005452621254827
350.98349230425972631830511131939820685
352.12748782989372109894393700444002437
353.05120705441103472535166333057878975
353.87631781771133775062623980749646219
354.57291920950987042302454066546081245
355.33857535061413712021846934491059781
356.29388053327090783108463718384859719
356.60981558754078440060918654914747531
357.46042098996177967477523033033748172
358.63551142435103703578981692244699313
359.10180878594340345595865088099763373
359.67124755867025777019284968126814969
360.65118424499784544493895884130176064
360.88629523058269559064237917755452676
361.88175363581952900551902910256116861
362.95632768253038242792271195272396836
364.09528779492819062355545616929117310
364.50310728430900713980141408274043470
365.48298802339597073713666798077856537
366.07666494230533545345444731467612689
366.81391412980186631302583694626906155
367.06793703560549299588846502012018086
368.07815490398850961998195060724744195
368.99152178395550711772197591694367449
369.76072418921458764232097776291042655
370.31215966236259929534335092838750141
371.23080788070643497859020744621793548
372.30795036825839235334456820900617785
372.80933156453732754101426225578998586
373.49670413822491279334077956098375875
374.46944841441856573084081705014678591
375.28973933367522030363194881961676278
375.99292686643052453912035447817469897
376.72073598704070383404186979259263769
377.23261327543783754998640202344340982
377.86647651850356345348595147287244810
378.83641939462620214213290787491767465
379.26469222523320942032513059562720149
380.15551218727730845044576477247608882
381.61705790363673130160444736076311340
382.25959494483444426715009256882803923
382.80626198907530470934024231987285671
383.43369968035218188177784179132061822
384.21555318696186662060807799452417860
384.88313417626166109606040135738515730
385.72363997963497531848090096672535554
386.24941271167219532967459418716462345
387.39487647739033682194031284524102772
387.85419725595059943114414979060242856
388.69459318748245730126550170843386902
389.20154370356936394074481484790023744
390.42128105485189322425984346302703021
390.86498427711350247140459568064443764
392.24145505215917942028443746346696802
392.72067054435751463428767059516536785
393.21243912606534360405363124547363668
394.27176929147234768428642620426602506
394.80561621090200390254982889883257084
395.38148452985831140998384496071454927
396.02793058502205690355423654267377905
396.69800846573113492038481365452303904
397.73335034697336185203772617967825909
398.88979884897477356611189828584060237
399.19964266220559935010019709425327098
400.48654992093894654838062823966284155
400.94795709374626955852843423188789958
401.52204949848886010367732298334862798
402.30538493102952143482884009305153528
403.03495836087645366233726452700849866
404.00618011757968027731495536477427083
404.59567854204805266731528623616695385
405.49485690703544424524722005881195288
405.84117126168253244041894554313820367
406.46932267150980080829087395108408932
407.54387828576383506085637007268951141
408.35542961761246521882922453376796120
409.34090506455305715124094355274508085
410.13411349114727021707669933209768916
410.96121319899728748647997952768195920
411.58142210024386451867526498562735744
411.90744573779485134420440858576679354
412.78802367047038859972317003024434932
413.41794708729445725028558633008919615
414.33734430211163805708931815120895046
414.91302398581539515816038143993223654
415.84589254868393173915425735676027978
416.67765414477468353594896292868057016
417.47468559584560317526514562183464770
418.39341149119466054254040169309381063
418.87570069160893834367215685733875424
419.47319530660603835989178476459260209
420.72558545739428892838868009799114028
421.20264007850521668552655580059639144
422.01442256768074569869386563428112937
422.49865923084631418104587484079262657
423.25492893841546556215372804306946981
424.21890447186163860069803204073692986
424.42909171657340218072320289730960237
425.21626647356302295404993313813739595
426.77575278631689669118354138090739544
427.40147562590301494559436348932336667
428.19333669753369579847466013552133564
428.59999267136908036467496560668780918
429.48186012036517461445492041864565091
430.14428905758778363495301754533541444
430.66583061466478179818630934502347827
431.48518911858084463884733213852390726
432.35037412918074132101348338860364469
433.08942766095710412587769958584549656
433.79358252604218240052274164699290698
434.61399507224523836059446510151278343
435.13382217413411196625256887012424783
436.20383263797298590139869378866876839
437.13662608842599404229809626329192802
437.59182205570678141318294144062793448
438.48937708217950359762450735843081163
439.40744323000841757545075142937242135
439.75296361562726080453898246947457927
440.66076867964005518969667736793302088
441.10329097741272183915938079512540121
441.62705391017306997706337868006243960
442.70306387938529979095508624908195305
443.39228674827644603979881961455323036
444.58236374557859986080692801278320600
445.21992157627746971113839108040179036
446.13637977907149221219708408941748664
446.50852918038467070389314609570975575
447.39516869331795496527216123215834185
447.93974393480886494682032513336257589
448.51872521541290678054365720906005440
449.85994881825697330985138550583526924
450.26584986947751657365396492381289676
450.84533670028799649003904075917751840
451.48120429497672268561739420276687441
452.45735425064097651453930394125006110
453.04381927988515970597676729749429784
454.03821238885865920808379575361806354
454.84491296886987977120289160577438681
455.88460022679574344430232849820714369
456.51147253550325018665294567407384869
456.89316051087031874464918006789817627
457.65654103041710302253099687314373145
458.37911969926155559415474012167603245
459.05249333311587197736830243418252405
459.54430686012038212209836444987760763
460.78362262885488780594345607201572473
461.07886163601743096511911380508216579
462.29275563219246778728921384258408976
463.39083030841985085247566514719384971
463.49780849772196939063323610414398265
464.31451370744391705140662072268393883
465.20968899372413633472044580361421529
465.86280714056169081054621740753497330
466.87861094926862426620135447194223509
467.18005751062895779932674111590667779
468.10639144793026821511952322029764655
468.88093780811797692021997319560257222
469.32373897800869581419851544004022427
469.97789708784266796409822456550658331
470.70070117953181644880534828955484071
471.97993785686528957809060478633106491
472.92737232017092191200192048836226452
473.39315499111910727336623154304069419
474.36777465713801071541647696083173495
474.52722205320575816677516762371659060
475.64226526565759801901275445355293968
476.03958581464831912691556694344514063
476.79386781310330108817859371790112148
477.39337057898240655663277183805053469
478.60027379923621008800387733924978961
479.20724651831289225057060245124492700
479.62683841485775879484369560086193129
480.68769997103327695727774002328929932
481.48244550197545856391995101761213883
482.44676354586494465561240832222904674
482.61516831449233098859379442517894873
483.81297844364385930629478420621064877
484.51807741024486383260678198590518767
485.24571898834812304943871592674331559
485.69707643233678672367244812504137643
486.54097807264701055846469526344442965
486.89785869912107127970080901534893861
487.79677033927979944414707444942458230
488.48114199010327511923199497940791031
489.68122671151997009022626401381301914
490.44751534538803264200316672159721386
491.18640004112833417664733375558713753
492.03269183384300624057667034913523393
492.51506304169117102408692003888831967
492.93566087108767189138539938666421608
493.73510783445480896692939067001242902
494.80233545255384869613846873130973222
495.38738086958076972364494146317216064
495.96034962543369335638045022445984061
496.92153387889336881780693769324591776
497.28830917543763174252279260789427066
498.28652262223978322628560585656967064
499.06287065029961171583190112691383380
499.71442258974158204469513598371871840
500.97090574594113898513443597061386455
501.36904738880550034323454199141702740
502.19577305073066950675703634010834407
502.92092297653249238275736412828959512
503.25462469578583091267363692323572326
504.03019782633294302357351323487252418
504.92183457948305700304188244377283779
505.37256452837644154155427856280235331
506.05173022753958677206255815620171896
507.24091053220909179099819235304311585
508.35230689264035966758751051284885436
508.51284233259199674967929908616813951
509.46541309619438892721288778155859930
510.12177707846844504612058857735546815
510.83292699609832194814502522687735815
511.46158086030294386114845777528214509
512.42826216084443431813516640592796622
512.88290619807042994455615277306421323
513.94004277110614278295139203965914693
514.36224447963784753514387395424078866
514.85665753805775258999502226083895180
515.83040892598536943993981449634738685
516.28821628782239016802525821826729928
517.68276573749738202190563502694083953
518.45382095987285490377338659723765848
519.14898668582772230130827430916489195
519.48457564071982877845615441036178019
520.64004505564805624400032128483268513
521.18452748898117075421091624514697973
521.37764931417899697793641760487135469
522.27052950175307536668032953599741456
523.13611476584741805395182824827007095
523.93673681921469543110850356158061344
524.84722637409990701859386693715470342
525.13073884151338811351066676971843196
526.41470682277743772566684253619141891
527.03833931493170283026714699637333963
527.63630137789047638434552997405724568
528.32975765396313249783483340590691691
529.22190102167455447732844373708423231
529.90663344678564805589785434214476253
530.78984485259765147636526866119112862
531.30696339449889991417028092017933719
531.74456678033403229102222974173458812
532.57829925342770519177796534404705028
533.11906926508563791436048549323134485
534.09189010041418636158569306042616535
534.81043827519878310963615987288181236
536.03086438160763694218331118212304290
536.80236585877828079632745923286025483
537.17464673120901693793065704113980138
538.01439079938581142527232644413911714
538.29821648902558862040047447714290674
539.37979345156893894239078547908941485
539.79297108804897239322560742517114906
540.77698300403054235403170048605569762
541.45448324558348134533886415051340485
542.08645735495965524125712355609102838
542.86992202927854831545699238699747403
543.57276005231451739402746264072901843
544.45360310607422356332796775560572483
545.09965329093384812118014436447999819
545.89836563629061288258764581171326702
546.99754959246022800794738836616849447
547.47585282790219586406095436542288994
547.98832778629404221711144063403815411
548.70789988629440151779673067330729334
549.53533101809454281283364359927279470
550.05790606810968835045626597495577370
550.68009050523588264740217098263157524
551.17095345793705253149849438237042753
552.55583031915433339063050730092467538
553.21927087996017013939310408358104267
554.20124464900423594305582193707822245
554.62912133014436891543594801909878612
555.36269584613418306484976744779427945
556.03913695088779757875900773584018834
556.80283069116132161803890304320628435
557.25034639105246978848136981386759821
558.33570555575423272514238841144424132
558.91277745187407284713746269661814616
559.64516199243583747352814917529912511
560.25942823463822974363799084251923053
560.97452308356402929830120192835391690
561.33542415217718875769386672722700777
562.87246842729282458183061931050012352
563.35391380064244486864983184457534273
564.11920733697864398359909025294929116
565.09389602245840352744219109067732318
565.54895407590006539422697881068034472
566.24675708777493201555971243361869387
566.75590962805477516050064585497394742
567.45741498771205165613652385284564434
568.04481771414686655173766497086317497
568.94652228678210222782854091659401289
569.82836881441560384514290233874677352
570.34031919492407077326633709634710174
571.44561367185700351492668518740271406
572.06638048460835396688426212948489751
572.86474778242432424278940985231992304
573.47404701932594533022481917297718174
573.95792862250284109856161882984161219
574.89632460804165296835705501068777973
575.90518718021601085059419544702307541
576.42123452226768782528094656058235454
576.78601477385979021335337411609988845
577.54674633752319087139641405131809682
578.43403982954917549213724279594702797
578.92598972445963810582692268456505475
579.55862095075515688432085150111923301
580.82785201541702422031341387196718339
581.79959421844794459580572682963032652
582.23677700414961559327062434783201999
583.06778235026210158066461168973507623
583.45028978670928766760372710145226543
584.12683441540085689820990906968252296
585.13887753097496221282216213261057126
585.24662879199260069928765104194633377
586.46301393009010044427749033075877546
587.04444813421336035974066932959516920
587.64919102681629497692203146015536905
588.71777339965307550346852010506526508
589.23508743919154666218887658729213150
589.99366926785282398722908709669018452
590.75515218510202067237964442744712149
591.60379484430751608076594949741424824
592.47457536391704387524237307690024863
592.86909341697754207342705001938730449
593.70663323586380196500029350351998690
594.43251044114684120503452262546508616
595.06301324921443314388279295179360649
595.43862034506418265429089479699167039
596.32300056985056600011185580267883190
596.78628197672608070099659283845172148
597.95374807307563339258140914240026540
598.98973923395409956189431057697254005
599.71827676066840446912295899022787476
600.01380242024865951657822309894264858
601.14325947091618183294154483096648218
601.41786208301861186130592538093458720
602.24256405414792846083033011613100105
602.80850662421411064982272657472311544
603.57152921162231130302519439078513655
604.64750696124328906009771784629368621
605.07890387847568998113442924781341597
605.84647258898312734929883847797413020
606.02775569159161908177424758877582616
607.43788130169159808375211223321588585
607.90464439942210046195431835257147149
608.84857639585501773145927062572653968
609.62966938420405186567386188485068750
610.44611678502865585733554797224639739
611.02085124296150498977821328947809613
611.66125898674857086278826582058438171
612.23717652157857441698405060522191975
612.94559485291546441141769469042093689
613.31635200516161776871002019655470565
614.45122334016777282244261657624126537
614.93961576572282444720933577627721625
615.92167392841128179531283060939028475
616.71756991173858093941827809699502810
617.61777284373942913090291283043054797
618.29145798991132418897536074183050547
618.80041281139936517578062547005467425
619.15382151957316393250838796048630035
620.40019774859402617009999974442979187
621.08027848493807524080454981100029313
621.54878076464700681017267778225406614
622.37479418088622829296445293409542502
622.98551720290704579949928594426517993
623.66473359565469035202447277390198272
624.18835917982809144261421966792998115
625.04621446198667752859616902134360918
625.83852544082002504381264732481508088
627.12651067752259073771109644520502218
627.64648492105971607464347789460491924
628.13642516983530277319240179612205882
629.04480799956640009435919209247507617
629.35120446051089251533345399334336811
630.08933591129286098228871623907079677
631.00854030045336483939153174354346204
631.38459208142858193365592995383004585
632.09150009203768519890087643602349071
633.20652423023192779813012225210800534
633.78596693482312524725727280028968265
634.52046231522141484040109465370800746
635.20932625504247256240905624096519270
636.16972497808989903866185545229705174
636.63194240234910731105814558603875522
637.45767291997294257143540086823829205
638.17823374593494650650897463030650097
639.01572580432312975434483918939946893
639.48238980607965314159892087035739271
640.26234935562814463197539807677866614
640.94451946767801059774416234204524960
641.27610454876746031928005986907255464
642.07257037490728936888979928054220075
642.81448746990644567560282435288841818
644.13351820622122258155973620008896325
644.80831058590197384958357012751637579
645.25016011378574716923853040409025845
646.25006551260125441875360110922875090
646.74493753012642880468246615962186652
647.42278886043003680214523303200975602
647.76020821363304185944424468166220188
648.63476616080098669458141838075009787
649.70851611611372945084210131876130234
650.13475974858364564572760194804539949
650.84265514305072195800179094861924388
651.51681703684073443798159422025641879
652.17319913817474328030171410523744841
653.29966021957820971786712210528124857
653.62507018841851812177812320757572499
654.77524428690944799331564295651413444
655.18877494242625639314765817628419211
656.30136049580129111843039810359509039
656.78726152870439336103105432678596046
657.30896641151134770379277607694516289
657.94995836045949939629398788044557644
658.50258792366032432634515109793970057
659.39523532729992627280986820345804028
659.90489753392335979098547130182593654
660.74062361056606300060907992149923403
661.62920429524109913121741047046351903
662.86022085473735671216158134173408281
663.19600082686296222129784293182920654
663.68507497097178836829442496759086064
664.44845525400810325002906693397384093
665.30994381283888000098455849677056966
665.67847927004910796272372648590071540
666.69805528751034423057963421165043307
667.43529179491152280882937843533528811
667.87723045332092804973763814450442228
668.60947606802576948046658721709711372
669.41084348589228227549743116425490284
669.88917489981364013015854480865912213
670.61651403136138347205941406151499680
671.64758998773040493606089573908866619
672.64634492680828130762580863445092323
673.40899671520420370647845597076938842
673.62534095237303479938890912880647015
674.54380964575218646918406656172877518
675.02960309531471664630871575701927106
675.97322840303584837002080134179892640
676.37032798815110643417768229924212357
676.74623570506985189721759349001524142
677.91196378160970850421396381409891360
678.77374888449972421661840457774912530
679.20910856600802674886218463148056114
680.28691727174759832093044206529526735
680.89877597693140142734560676584185654
681.53902366263370800328377517996250072
682.28121550779726002314680745743075341
683.02061747145387309900049245736300353
683.55348723892099482693802336974294805
684.49766003489302130795986168506999520
685.18198023251419039781101245515539543
685.74058247603643551237107009199352296
686.33788021176545784802511437321776695
686.97956820136630420577368453357647786
687.42834213409936068301305569436599526
688.48182621888742869002601304106765992
689.63386426856363406681620970880303251
689.96235506468842082396334515343363220
691.24779283459069964739183408582706631
691.60071694245043478644540553786307527
692.02424676162171458066456320096219623
692.93387218815637792950901981220282164
693.37150593317460825059949920561748636
694.00052970198046892807506974266279085
695.02685231189324530875844712312417821
695.56943139188341613751037638389166417
696.45299259965565881821734392293533304
696.82711060901703795129531537437952603
697.71691701417763064457126552154758506
698.74898644347896446711079022092952163
699.18732299116043176219821873031048887
699.85238011965031546225425157283794371
700.74350120001147475480893633358233706
701.66770907854679456705702900185008795
702.23529781103349732295937902558544142
702.66485624927804981091765376931785901
703.26304638892441391854569151687321310
704.18248487431692206301145864887888779
704.60366478045968258369364429717575693
705.36983253171982277718341205506089398
705.84863748679639200665024004085759767
707.21963875613285880815774869746223090
707.97111485065409563004266592562100239
708.60449842546462123260879637502890296
709.25075607850888021923384345539029271
709.82851449995184853788977583410194034
710.41134449662215332632720689045202311
711.15917952126813511833119123508100634
712.00435179800578176881974155140797551
712.49561162824556417652044800465116331
713.38935611925959411657547668207972654
713.91234767718977014011405906421873048
714.78718842648883933902822809955582806
715.24043551014335615798611239653972138
715.83300094412033719385947775982555794
716.98334918732055383436494942210747804
717.77645028165313527144290938879628856
718.52883286204432605638661468078025308
719.15067429810733327484763662162714182
719.66127666588501096624295695669373768
720.66426415562438605695544137301175446
721.05521670199678248578745300001750053
721.43268309442227702485996932067836186
722.35199047807181989136535821122872308
722.95266029830636712510309124267157028
723.71275622286039067033644001490515157
724.80704133417187629822103961458628778
725.37431073397885791548609788106832537
726.06943514619614258426158584237965778
726.96916901662691307101587067431505834
727.49284582209614316635105420235611136
728.18786469137087487500896689176672533
728.60429168856101727102946442579488897
729.70944001457989620321439485845354673
730.29199522751348260562035968989523889
731.12294759120778470854091025813563599
731.61614040219434899829572937052280556
731.92488762225843904949948865088406649
732.85791254330686519903768797838199152
733.67918993013997422402772079360787661
734.23761913425552750810204278862450616
735.51252615719576656192883413733710858
736.12202205821620720012840480273523736
736.77980852614056142721750397069554006
737.42595166065175771458636239485333651
738.05637180447031668568403826499170130
738.60132112025819727860475044842189918
739.08043120866406219712805540905731157
739.99213664540190918280318948467836217
740.74272311373173767919883311654301392
741.47669258370383346271348055536993677
741.94877350151336751357785257801502876
742.94841605826838620794157578544107220
743.69840678145294923688237294867370976
744.48655033080409202647456320125422841
744.89406588547923516306448249777742720
745.62866164738404851250171055154162991
746.81371818793130029938967340763959427
747.17055536806548843583595629939509622
747.78808911506735201939210434503542108
748.54421567387022474149327148187042012
749.24565970513723720408225508618856345
749.69074687916897907195200137709841813
750.33969139341023029081966519614482722
751.12777386156444436879291144542385040
751.67551663875883845413122328164436863
753.14897079835580773552454765702970657
753.65251923880990093514158097809193210
754.41380902130861212416588743848195325
754.78169377716946015557504645402851694
755.53577016516494573177758288627390284
756.26875358469881123659788526941064226
756.83144885483554172477139762655353607
757.53352330972266496882492336816234492
758.14080303723051991785298055323738043
759.18089658828126682565606031813211360
759.79136966670946501604341898161299395
760.12882206811437586422997654371252699
760.98741577387006443419579731306541187
761.74404215730123603448537796994310400
762.81306365354337662621394516717916105
763.16221395791609387358828439190904544
764.24080847505290204483064696072289346
764.74166486032292402568085751997750973
765.46805477466445829204879633069370644
766.07376126184350211117545901339401544
766.67556673786486465160701326567733933
767.34110252604399814285316349566654497
767.78992436029536976291250905746038337
768.44034718813028044767126854258911244
769.69892932427462847292655255474206873
770.10225215000380280950888361955127533
771.11819797278816229041214354168107744
771.84149964112945236533750865494113363
772.51480006194878657291181240792569443
773.13058213584678936997538340316708325
773.63311570797238827889249618621544608
774.18236124027600577733678957277556120
775.40226377912650049594504657791057643
775.75901995295749989172978632469625858
776.78487757353426540101639241079795836
776.84833656975780104646818032181449978
777.81515289125527971903620268900014618
778.43251920706052210973228565575122589
779.05831397183493281382938580228889247
780.03777082519062340931059926963230510
780.92668899403630835537113347677558419
781.55601666667770928026577465356329540
782.55551539565416541162676144814185818
782.93612626120818778297959164206620196
783.48900274357234133898616483903401193
783.92603635562881300272045285520491281
784.99987226294178023340131953447047167
785.32037860198372831081786647224866426
786.11899109489378905319354238416765309
786.91864706407886278753001362748054840
787.53156007103686292731324261275094246
788.57612151534374081527965205168727895
789.21607110465014990571470298701111287
789.86534093516950543728075418327613003
790.39074019504147695711217887252098835
791.37929361060082908363353404189204299
791.82214455721407108855152768518441543
792.66503234260671953964959311377065552
793.58558926303722191821293722851409910
793.84336375288923440690787434054239248
794.47041659476853401851544024217959573
795.43727893622156298436477667024250797
795.97922593792550218934542616708987591
796.16982407595266711497976449188421108
797.23175202350131733084308527611556065
798.57936140365903784405497856694276001
799.03946697514943904293645685585661643
799.97376013562651767211728623096013288
800.01687585658611945580674196607933276
801.18274486824179126317381660672172444
801.62676433985305071013320608689865019
802.17037496278787571921438335911286937
802.81975271079664600913485584700178821
803.56226356129153604016035566329726816
804.60471925879937359455190546462688118
805.06829686090185679185653746787566094
805.53719351454204991213174049169675021
806.53930432174119136541122851932122012
807.13846644064588145427154987692278927
807.94726668805206208498524053920640041
808.85137320989838192767569300351788283
809.22810350354916645458664790095051100
810.21023517112216300334603911842634446
810.74542437730883630424339462191704414
811.65842815393032275159995408180906157
812.03720394023342979197761244490162485
812.41468667319943605114721095714749528
813.34162839207416589535623974761158916
813.76957239266403669284707395342309577
814.80819078841383187193772590592157554
815.42455777826629067877478665150057046
816.48348062264555563060796829938324422
817.22166606268151267745307073644908545
817.90765313934184490667292616052198957
818.29467654580921512757399997107178564
818.94957863758881641931387192363239322
819.72034637636407465755389441072017745
820.21163817652710713094008046283802125
821.28768341221753499079810675418527264
821.81777675057759599929309884581485029
822.39073707897177216934030857726042470
823.07586556568381935476558560679549383
823.66011466709713456031839752413973381
824.44081303033678747262813948917295851
825.48787389250869026988693001282470421
825.63250777169652215152310601712831622
827.13330124683929164695878943701845915
827.63372194896802377388172016910187767
828.10407890448991585207471913464737746
828.82301292884355181443750434291534277
829.35013506392025594311593866741501699
830.06110280098402664438363248971320949
830.74410807568118422718450204531818921
831.22111852101518009511263642204138180
831.96303909186918089377524025641755973
832.82015969498348279904076020317704455
833.76247875002371973507037739137169560
834.35465476880466967992297674018682236
835.19870218890865607825783344338284425
835.75153363824363394469408435378173553
836.30671436381819315087891423528672970
837.03842367211779700571530470347617227
837.94699195037918212842623414232652689
838.46439689920491544706091586280765405
839.04532541368097289426853196079568462
839.98644949959029396975105898853008963
840.44835560576719581847759196898061763
841.24364918449430958508523550070697165
841.34545021509056800929766687291685166
842.33798517106719535692557909735955537
843.38041954487175357662831225676563705
844.35161180948895171534444507415615872
844.85690092191067030198994312288242433
845.50861485730326209391978552641405902
846.23974373926418550574928661208612466
846.83213839704647463354698812661824991
847.41775144543136939682040761369729401
847.84715085601170975734163556675355000
848.69618902675057322957122716957789459
849.43952501168631556046854329683400404
850.14033222559681728099683804244617604
851.07208519221331377312892531015438172
851.38534320268369285288564372864758353
852.15569342178146465003131027861052026
853.35335984999719341336352482796594119
853.75472042134351322013813584749262373
854.17803536013219349146513635475553866
855.15538469270497458889834575150838689
856.02718237517937505108894627370457396
856.53528671694750821355771509039189748
857.22065914284217736345415393803873223
857.75806759500618155881873706547963399
858.17227724630222073021684245255655582
859.09558140990630612242235032144184848
859.68688877266855047335107512019235630
860.24981192814692680241741169090528897
861.44983979516607205460476244141240619
862.35953624919457733518902233258543577
862.74751329979910010665676611106652774
863.70713626653595321683552292392750406
863.96389934887934420074128605494658141
864.70682558795008392047276057702382086
865.19966783723236150074879914250124251
866.08864679925930646783797776478672123
866.92437759220414214282160615937787653
867.46852981473716505788407759685268943
867.90470505434798724761872741547897338
869.07565497130217413465566485367560607
869.22326011589827060115416418463997451
870.32884398261177138661261643469585673
870.71614983895045812140558271226084682
871.80301918280637942649910756684040228
872.57153637854410081165525578932773590
873.27063046215632594122569412624576675
873.78941453013460486626613064500344889
874.40610084129096804988974971969936125
875.13426938824842526697029671548841949
875.63529164035341434006627481698590783
876.36319554507372219108622877799667036
876.77790817320928424801618434072781059
877.67784145835477471928785655216684698
878.34106185807668353020328119101997729
879.62532297089841179018903673150020405
879.99216963849930609318685250460013214
880.69304507085883835175454875349975002
881.34986033278764082484249576945522378
882.02564597477854298573279943813425868
882.72337740802710951021841271112998247
883.32021562714379085874013939742606948
883.87374809542604549709030713019546217
885.02317635069082746600040394394378335
885.43878981118488702700524990860384031
885.91834336084545089372405070865680913
886.64971100311721637248419323132802165
887.21097687536609965665031792036452428
887.92559549125718456249608500020407124
889.01111710826326833248392302227337619
889.77847994446732940218497706877537489
890.44011682628585926574027103075247907
891.15617648105999647402237668981373105
891.80275416892471285698921423217661851
892.22258313096915384725735585395113083
893.09088475357984062239627644619808319
893.51026669135261848497318366925303065
893.93778411144719290014406088114018965
895.01861776152478473590848173382913589
895.86764861159395539905597744955441760
896.27765070118352567458380937669256202
896.91125314248338955087092724612271637
898.25073059632513020821897614659289818
898.51255962487197062398265933392518372
899.10714951101907681992498244986610264
900.01324363706213463843324528563387519
900.39722168945730197553397731522441196
901.55561499817529802224170231163746333
902.13841005802169132128634001584203464
902.46692845911811310649614066021810006
903.33631146189108139273678908975700948
903.80277418095639629961721738451412176
904.46743803228765413445885741363517436
905.16279114409107580554947852156368401
905.75112851852518143202270539536628845
906.88712262279071080248937744221848224
907.69013722091151643988813589667947180
908.46810991649518451336674645292851990
909.13186770470719935456916396755554251
909.38107377233220545849741196315123626
909.96882078557235638168007458596402975
910.95137138560899602555581383176891726
911.52403378663038743038277071571184454
911.96916519202794474839614243520575844
912.95437534669983935446114257042401448
913.57082939314317249576907837581277927
914.18200268460920792874616692978978669
915.00429296938015140603413451844772582
915.52240323292229406680104798588258188
916.38374918425847387197548029536322818
917.09639846003420718796943407649654867
917.92649185210943447079151188091903869
918.51743892038477130207082453387530319
919.47437564569732479778059251744358554
919.66884097800735170861916557133209822
920.45587848275412853355192894546292029
921.13307202304594842620570854593841824
921.75973410539141851513441275852471558
922.37058944433109861796645968193436420
922.61074944532838315984862099936900049
923.94319374782536810492892269547451132
924.78007537966753688803188412518804841
925.49221597313486741316242741353849089
926.03425530108460672887527032953988082
926.79277540358492414006291742835757073
927.55179136059804738468001090411396568
927.87037775283319390703867470873215041
928.55695627219810633661449570847981445
929.30771403622070211346900826271437850
930.29481930828490164134681734720743981
930.62911975838630554493064907438789692
931.51221729992033868194497376883903944
931.95044920081143351301688568561749756
932.47253408721730599072240366852871239
933.39477005856710879491513670900549155
934.14679381039046573214448890618372350
935.13021603390132211417161637017628975
935.66507214643738545797458692205987256
936.37833609585937326246817587384548485
937.28893502363473376041182526700026298
937.61620037279075799275205098095570123
938.26882873674169160463516802262181776
938.72464143046328645602199996621914067
939.37947063396912339019440949767427938
940.38056512757316365726489600890573275
940.74112115117085047742160927731033649
941.64407204431570681133393634518141382
942.35984321231485628650922556674151757
943.31836774945448198817601940644074995
943.96457708939313389504406427296081710
944.39359883643182096057554117848436944
945.37643328521492139348081932565794827
945.49549998965917548704013307574560051
946.61371040184642650604081912425003496
947.43415095590140911441958764349037721
947.83604920054123034178236283212897377
948.46744267056743500888117841611570792
949.30347820017929388567081623237756879
949.50079707107912126398043232076046005
950.65025021401133012566669895084010361
950.87753938629787984689281448261343766
951.75396080928541651409140530545519747
953.04882208094083160585446017599759913
953.88415941108821801673084818363101383
953.99119462266280083915191792676280126
954.61720348138772797567132347931520266
955.67704432907252531331398074467716260
955.86788626843054728513476389000344602
956.62892947587984636078699660004709193
957.25723178045245591962803687487861453
958.02124971780272430133409400434370372
958.66153865471124705464743220158129622
959.52990286129729376411934012610833031
960.13389974911475231774356070812731764
960.70283391962474698219370181878673164
961.70765146908765089839787569714244300
962.15640311623472435144403781155831308
962.90535693270929003480190816892671589
963.85700304378147307558393361353455235
964.35099359235416214301033372183816366
964.88752826882055581209136170962793974
965.78944892364865374226362400840913362
966.34659791276760499922559825615125446
966.97320440947286640637715138334414740
967.27482786142769853781486500219426791
967.99939467293072776719535898684246614
968.84309816452282493642415090456344911
969.74585803734408606434333380786474991
970.59463617363452271590393631714768957
971.48767798859392330162239011203778858
971.70900725012500723227167115003834843
972.66128815414831321968123744857425245
973.19737579859231281162343487317346187
973.63386603247688671390948665773267217
974.31741636257823039981157004134685672
975.15345982402236603294749626819326031
975.85983194855341302266949742380729164
976.60940739891975679276426616779468032
977.21766571146027671250840187493042395
977.53187902226791386505302366913945892
978.38339302783803420354578029999719568
979.35210984126444025131698852172092564
980.08326292123223666687035171705655835
980.45535490906692634041451332953544014
981.63964083585974433706932600162696315
982.26989555705501824433884163169885307
982.79332284893842843456412447086248082
983.24602120280512637431900259881244942
984.12821425800409435247755566266013088
984.35300503049447411081910961487782743
985.28336057060637063082497225730304474
985.86897139652330326633963406640656039
986.44934840349393224565038659602282052
987.49974758534568052315297699136106515
988.13216829768413564389865772254418606
989.09048329887796407564031119884097150
989.73297986217223022004057952681511500
990.07796762426903472360578962857034605
990.74772722779438679883686940703057916
991.47567621671752664185024163846640377
992.26852051309471850699391268776742315
992.98675026495076104902554556130367163
993.62052204209745590951489707774847784
993.98593312276908440005180975268365110
994.94005843555795125312630878869605538
995.55885227699090322418533055138509123
995.95170880419825669000114389722463085
996.56904649745919482647909437187352041
997.76894543931751804709626308658809501
998.66284788653663085036330477140855933
999.16132785282928302742702177857246729
999.89708317372036296456687927929901860
1000.4292330619205418401826738602726763
1000.9948304482689598530968490286584787
1001.7082125751078870495497961309991491
1002.2441331864736996410481145155811030
1002.9671776757843077904211418102634304
1003.3642878738014301657492661607786359
1004.5627439695071040341645532698572833
1004.9559071237593047192182004508901261
1005.8665238242578221386681266586368367
1006.4864811874761551897809491539010914
1007.0858184480360840874974586283429956
1008.1116026172638336568025909676486751
1008.4566939655037663359571224361633734
1009.2397888067438269792243229893649880
1009.8163256460185258522504399238249056
1010.7547419782251106494769763555074645
1011.4185948358095287414797586108982712
1011.8005652886071204348587315190123640
1012.3506095544134018514003685750289795
1013.0444568287040803965493901082829110
1013.8732478503740979265066101916690983
1014.0546987537298333563549227460426127
1015.6259733944945652542235373087630255
1015.9869450083132756970805400941052097
1016.9716167645655769809472432901623212
1017.4989781444679545478351066957212978
1018.1559929244140554623469544016826237
1018.6832340565448877241135135588592382
1019.2737901794491028437516018817245619
1019.8497723865097428940656233862606761
1020.5137022650309903857736519255171024
1021.7130394461894970156852571089393814
1021.9815593488970627908882937748075473
1022.4669271957720878359410883312905853
1023.2633293165289544481955106496381441
1024.3081123846214406707918603759479324
1024.5982547411768326033491315356639806
1025.5606413414464611527903109674104634
1026.0891736464026114754871196097321880
1027.1823129892894213848267999052558516
1027.5450813830598728711109464062286106
1028.4470784251470115713625508889341506
1028.8878268354459790986055124877810577
1029.2856997679958974694656359437476623
1030.2710941568966011634032564090655160
1030.5476043918373676105983398610559226
1031.3846801960327587673186209632903806
1031.9808919706573035860457685560638308
1032.7787839234962350287112508324926874
1033.9230465617054870442037433942458608
1034.5209952293105479796701460143564841
1035.1819316350728342980377997123248345
1035.5482198555094685086201207120794833
1036.2005423751950620728132460945373300
1037.1313385178909610497466322993068021
1037.5803041883079297033993130932407526
1038.2664640029847210675640722318141251
1039.0214297554505814641132543957648936
1039.7281196026352835348805577788626654
1040.4109042550935101344493282521659935
1040.7197463205935061665265251731729952
1041.6241848831903225091253893604508734
1042.0858460837925938213625352595696449
1043.1200857827878289699360887631582512
1043.9963791867165693104339236826691942
1044.7455797370884798502860550476640310
1045.1939000918006175068974469650150894
1045.9488989010973294132906072366427123
1046.3583981611520042834239293811346362
1047.3053854352281527830904844204300528
1047.6431310329106401209987697567048687
1048.2299825005958626319784610241094848
1048.7791085610448013994290037903400111
1049.8658388208824283036264279346617906
1050.5358812495813712885187809117763980
1051.1223413036481522230939030008583501
1051.9470254311843335319007498675992704
1052.6245647242488182046136550788721241
1053.5953010782893462104933504791511108
1053.7761075097534702080961457071645204
1054.3436963810216565478984645159180699
1055.5393868154750652038557523221498392
1055.8285909391983996656594111250135822
1056.8245363752812915058021146229917320
1057.1727928091279689031202010037856457
1057.9525819738216410797872354286743987
1058.3554118030123219791529713799529916
1058.9329171561238324757432901150169961
1059.8156423713132677726632582161970905
1060.5985590941629956579321097278741138
1061.4976446219304774216534824561224144
1062.3146887314339345706421166282696619
1062.8664803909447283277274133949359454
1063.5401925810316125762488928622601706
1064.1872721386952666578843084271190895
1064.4607252639354515270980301872673428
1065.1024419358528256854568359025975706
1066.1738754472795392710168705507173811
1066.5217163762486878455036462343091295
1067.3473092427702651308937469380109991
1067.9598427224387793276289626184853563
1068.7357215575869867029150602660065778
1069.3369319097974733713422330465350683
1070.1489642610666499655913666177876926
1070.9782841400269971204121219743548901
1071.2674478554311763106266728831812252
1072.2187428556082952544287628337266340
1073.0336771943252850179623903085553328
1073.7892134049289750774121660493691787
1074.0568789833542634541635761838411052
1074.6769054668296011690392501873221048
1075.5358779740670074191821263737504813
1076.0533182962355949574630093121708520
1076.4816281278821211452259963653811966
1077.4434914251833792825484378023874746
1077.7074978078334943887679034046098293
1079.4455403293368431581288932981607166
1079.6958196006063288035358050509868049
1080.2280049191940352180379509080220740
1081.0317415326812868768216694933253602
1081.6409247255602891506550168149044834
1082.2406657864852908183823242265576072
1082.7826698190019104618961837390951219
1083.4421626659890411450800216528663487
1084.5553470892669800169794114413999593
1084.5865097256906390496144772479543833
1085.7616142718123664749840294513943857
1086.1289140012547547443862596325804446
1086.7952434878249888898333379277329186
1087.3353432620444298882183415537723098
1088.3553080554166124583943450731957445
1089.0564566148500132216921239231319698
1089.9552476325848566694476199911933121
1090.4946092071473631792961760142700524
1090.9506787317337116155711313316516181
1091.9526812468308066265546672613643803
1092.4610421392031209603288466356212437
1092.7735148399958992642084941095972429
1093.4909328744357570200557172175009535
1094.0543127306674411765170952638523823
1094.8581025033881606218986057376042505
1095.7298080710949455478078423096703847
1096.2511983380410748443945565970574046
1097.2230701476637765224440027370249298
1097.9930951685287256901278183931161576
1098.3957069377034002198865119958379837
1099.2310460856812401140926272766019825
1099.7353137563499986008420150987564388
1100.2490679731391727730314287412190835
1101.0839746244520382004544614787957004
1102.0739342490835103413677902662698580
1102.3636719164146612503324829965520130
1103.1446738514530392158367012229613051
1103.5030642896979023014533834612009476
1104.2044482413138850736922260408830342
1104.9984746332486235606685122876679521
1105.6404213431233527507178136914638283
1106.4061434997021707032683101537646970
1107.5033809244774345028382365670246668
1108.0609488576892952582128744265217841
1108.8095778592427734611581148817281052
1109.1410869572875064300309559925501619
1109.7198652994086836708766967787372305
1110.4979682084961855670228450758419668
1111.0558782478737990395658421854827990
1111.6006955639446772742752611595545285
1112.4566312436688169556432535913738672
1113.0909194027567753796760887083836037
1113.8385991068560839653200165867839827
1114.3833199039227431001845624645939224
1115.5121106327961178576823522583334493
1115.9003060430629367345622975393726163
1116.4519052334571495836324253288150429
1117.1803005636380640822224951010693759
1118.3276037979970698436908758989496479
1118.4168462278766832383149269640658747
1119.4358979129666728422069217133982558
1119.8780239602965644656006952953101333
1120.4861546560814271337050507450962967
1121.2600867423774327958938936498319701
1121.8569655751898062259795149976199941
1122.1716239342079901532168819718142106
1122.8334565918100551645586103993478501
1124.0941343128370003355436655513849758
1124.8534137601859714075999677136607766
1125.4683748050444918904057530239034613
1126.2317221897271060719018865380371507
1126.6921885776730717164474536804850793
1127.1519926921087119048113120763705596
1128.1506130112250317341214316287855401
1128.4578867696677991798195563106066142
1129.0787317648653068995183676753590293
1129.8939498889670793714716634478949840
1130.8019023867921300874495420779802916
1131.2251922138039265103070654190205861
1131.9827920554434486544335563531686802
1132.2787339390890091709114329863916396
1133.3495124927675483902901225858392815
1134.0719032544251899926160663955745593
1134.8533871006930146957441511304205538
1135.3260502563944551615383908471583782
1136.1777436387003012144862730595902495
1136.9234497183675053364674941776590354
1137.5814148866322977188889434981259541
1137.8339062491423447783244115560817409
1138.5402711347335529902249129592619205
1139.2470054650209902895104051780623970
1139.7531944245500781498911608668254226
1140.3971142330867401999461167315507079
1141.3611788346485800824726531072943218
1142.1682754764876079296596720154420545
1142.7275337361487164834041754673618548
1143.8633607048339157979047843703271611
1144.0663238413698587797641460728130764
1144.7512482938203542523610035910804578
1145.3161689288042161840422249182063723
1145.8793006323096948799605947857944154
1146.8180714723244871253156569579168933
1147.5525279048458488987757703107681742
1148.1369129753393948191506468651223340
1148.4963379131198054581246934517246359
1149.2563700438650056261323915650279552
1150.0450576183676049283252578913673653
1150.5584976814058770477653447675707383
1151.1384527270568688120369464870581957
1152.3059152416516669347466236075100082
1152.9139584089651297951970748485914384
1153.7791507923416942618638520727618271
1154.3032831938284062105596516689510422
1154.7368007183548667892592041943729520
1155.4452584397943328902968524169284376
1156.0534878330346059186245501649278496
1156.5155882827564783438747489849532014
1157.4123346481829420760424676181025489
1157.8911448862553109727783048777363590
1158.5364242636266627608830040298553010
1159.4996593073232833355851508786308122
1160.2664636738469631970108138136339614
1160.8603855790315206445369227541576716
1161.5319193477862929346776308809252549
1162.0787019154081834509086565926016958
1162.9376830018529435220497645549730383
1163.4491184295787634525073717444767474
1164.2353710555438341677438330829118122
1164.7979589620600702638383492595625333
1165.5808984553655780309840604173680666
1166.1478118053327185790502376350479773
1166.7255917503153863261546205595658074
1167.2276086066993307346404120057443217
1167.8738242043223115892590850246237504
1168.5012154405457143911229443520501976
1169.4428442907480194480178016399484510
1170.7866942318259453792825151795975414
1170.8486959419442522453584040257459736
1171.4998117226935389493921130727866065
1172.3498386702317055554618707145305073
1172.9083994487423632757760639828133453
1173.4446190092937503866901308916022258
1174.1856851183720884495528483789152129
1174.3112588142367733489388500641937688
1175.5622975347570692579973793299322430
1176.2464874036156025004078532090052137
1176.6849858837313994858856988909453239
1177.4230798874828605068632294610823789
1177.9568902017932157442902198820222014
1178.9674750042830704302205436090347927
1179.6300960943822103001571343412007015
1180.1617854796585720209772275657296434
1180.7707793298921067221371650211403866
1181.8846048230925091728464550986128819
1182.3039188786274246558688617343230628
1182.7289248251514295287261723936829106
1183.8615909449147249239069076435887513
1183.9903461698823429007782950682548851
1184.3833939286568852467610124775454840
1185.3307464966026479922017310669080938
1186.0572111841649091039868241209849532
1186.5943865875401276696478038421304236
1187.5572071568912796653521679291818791
1188.5244737399345245936776193135023974
1189.0930998540763705293245248503015825
1189.7250154929577947594460978903698808
1190.0514580249783691685411526293171382
1190.9514476491575608159933558815253120
1191.2028637626424322414516937479077244
1192.3138663800183179777833075348924906
1192.9239629823040775000441402497624817
1193.2882414859377868190039742664627163
1194.3214759158571940608170265209798431
1194.6736255774064355335825077105635698
1195.3527483082405280339427367612618700
1195.9915075405257107993094560960201582
1196.8546616248535135978643371356854354
1197.4425748667841817960707078612465815
1198.3782251392317948542040563948739419
1199.2172051950182619935541698517498311
1199.7635053183583534218885913157801375
1200.1196403129642280975557293699668611
1200.7934746388375466834443320279468487
1201.5248872258174301737734469592037762
1202.1801535578151359105620207045139871
1202.5843076018704986452989101898182387
1203.1675979734400932560441061608705145
1204.0168006104382102254386524822563417
1204.8892574747261744476219011194377133
1205.6611520282893398185911268092543641
1206.3613039086781096630692169089649459
1206.7682954068325798487374756040872952
1207.8320441917320392979800774376841543
1208.1219044662765402952066360268607416
1208.7042328144953593787696559541677915
1209.6141262044194770195140059283751668
1210.2078788003966540309812809597753079
1210.8619500243376263120296764595547068
1211.5672405701142393006681749636971694
1212.1201618457231177659833073782097756
1212.7311342876365584729712395630406915
1213.1713580902385627967994483728889613
1213.8047693414811606173471186815948586
1214.8767812162056183738984065349247966
1215.8593486277041257367550604934060749
1216.2426544289984569083557413777200451
1216.9978272736074263107545222380973703
1217.7633576960450065775355587057585116
1218.2693092281656116811279431485402191
1218.8361382736141495919353351575477268
1219.1821612109715540341968895233545507
1220.0972644589589339559975072994784144
1220.5558487162074102757874318454644664
1221.6300085077589833469029798553502626
1221.9894750279527831754260286761845062
1222.7677585154685113585812987680889546
1223.3476933526227646291237516667035297
1224.4240592677989383364363492144050608
1224.7690239886438296343959787243029101
1225.5350410555979606710469565504707421
1226.2843614170896865865992370011310641
1226.6304227567858560429834358890390648
1227.9273558463335870904482286504772502
1228.1417274186547858224311766120145275
1229.0038303422344808341849342281205228
1229.1663849451265804021391585612502477
1229.8983329375462365931982525008770844
1230.8689977644868669224799237594331284
1231.1263911951083356352821913727803353
1231.7634712534538138572239911676348131
1232.8214884154308994135969596194341141
1233.7856877197580157039602569395581524
1234.5511378976063426041871124399558237
1234.7862336950970208605968431930938915
1235.5367927627939832965002392552067430
1236.1042104765703115633720500698452113
1236.6710013048735097512791872692155673
1237.4281211666890107940518456561196196
1237.9780855599888124391658000223427892
1238.7667246385217119429595248886288346
1239.4944745791230425528224315058135507
1239.9336832212593740822869045107730897
1240.6301789543854574299183466776662696
1241.4571976167681798568862379059148149
1242.0207798637933958122636689183262998
1242.5428517145506033631687809817162551
1243.7198399268749210814341600637708778
1244.3343964397868393529447109647560500
1244.8234657557304107830214524264401002
1245.5387869063493057421956847883306296
1246.1443105020127548206402350929387160
1246.7929393219611690353420489332637763
1247.2655193697343388367138196420365485
1248.1017408531177302153512038419775362
1248.2598499860840356656336774501461263
1249.0821795875370186810278114170222218
1250.1193552294057556389053183355495965
1250.7480127190241531093232733653773542
1251.5958578131678691215575953883700934
1252.2324814111280609194580633029321449
1252.8983603743085883839021224049610614
1253.2506275368971844246992469552180583
1254.2314977846026225789903267637749493
1254.6223647531759954034543858477830588
1255.2093570286334641173466085113962116
1256.0518424821525833308685602374009746
1257.0352579691327970024906187481443364
1257.2466901202339445187305171766758857
1257.7585442509718136110613585529246745
1258.6739604779643426958294007929277363
1258.8450382917810476494940995792969912
1260.1180505374405722647067450495628861
1260.6294338404063995718146019375865565
1261.5187333552483683325662237681772614
1262.3372190886072446638845639793516449
1262.7756852420899517555404710307344746
1263.5733917102625255577589211633086022
1263.9584968143833190195035451815417525
1264.5767530840362020709690493088957338
1265.0585308334884708237915399459590069
1266.0393343919651060796862993147795643
1266.1990447407067242616187670148622195
1267.4585043605790622641508583122219425
1267.8326615629984450748911709154547710
1268.4590942588963619531030163698395100
1269.4748465116474224052346383310888951
1270.1511947260322449249631537831101056
1270.8417118504944617422847333574626764
1271.0131959364178454967173293537189439
1271.9116808391895538071395891610822925
1272.7770357991586548830331930554732955
1273.6817644323678642368256252471242403
1273.7070808645286984529406192679478941
1274.5679730811026578362087805586516731
1275.1614416201086883655044322838587882
1275.8446748809030104226559668309553909
1276.3658461692617234951720983804793868
1276.9221503096171244156377203810667286
1277.6418369257362197975682641778575957
1278.8521303704199861011167958754560138
1279.4685430522848241082365899225320282
1280.2786207174183478810897303961373374
1280.5687310156193847151990145221280669
1281.2358394905954138521315414726674483
1281.8387623011208696921419655997715060
1282.4927017162214595074921914029793245
1283.0675434064011619272895690651539783
1283.7731948373294059655024138892598811
1284.4854695181263059246159714742439101
1284.9603140170857535347547626338237331
1286.0823853173145395596173120239830656
1286.4768744508185920946548684887924024
1286.7824739676515676961335636193244490
1287.9837748454469401727637641844870332
1288.5485037591241159317138712369052710
1289.2031212795117294438515357551910680
1289.9898459002467233335648169028758108
1290.6572837575345405683558485432928773
1291.1479033579840044201116781193911969
1292.0040671343661313468178141842008765
1292.3465059748657915123660673903759909
1293.1974217905438423571882629794565188
1293.3552917249181666709437839695408789
1294.2585740805885165797103593785196670
1294.7540492986966561604223782555955055
1295.7686283676989537821996615954551330
1296.6884147299829213654960935793075811
1297.3550223629081694952781734218205174
1297.6920372157130008793835717860047196
1298.6471901314011136203486741010827037
1299.3078836629443325242626282606865313
1299.5999303190254943179846927853983416
1300.1019573831375116262819310722617594
1301.0394086271593882804909459411029701
1301.9072863830327658724026260270023857
1302.3825372314070586610428190050120074
1302.9537219084078568329135720810625172
1303.4863986249045768722207785465353710
1304.2798009036498169410470962058847798
1304.7289572187222064299727187570770959
1305.8158560460837931423244434703486858
1306.2846439372781481252444759530358810
1307.1535042720346059996160671314630313
1308.0887639163597623573819466233077796
1308.3580686970971919697439875099865566
1309.1149248375210216839604894079904795
1309.7307824128567265390060351842470423
1310.1728339887119066864270934397587973
1310.7152433950381078170564847184487873
1311.3941592489395103634252008534268416
1312.3031801175517365678849071090283345
1312.7673200687680157318142043079198698
1313.3318512532019897552715417733320122
1314.6418824503151692170723390463331114
1314.9361139262544014807518119649400647
1315.8197850191929380072997367933260987
1316.2484196890503405751983923774494720
1316.7827508699731053967846228419811438
1317.6337435949667553106817105761682240
1318.2923383222895630331948725138432159
1318.9698129795111264186431721356345602
1319.6004948189034194030601008400116002
1320.1564503549686336361548258411544071
1320.8087624217591855255389395248431571
1321.4408116247968395720652883321635890
1321.8659354119791215370941318119799573
1322.7236754470232213843455298611165307
1323.1590162291381204026901286263722165
1324.5487834183864494671606317340933647
1325.0660213219270142372152110742593251
1325.7939217603339769790855025654418648
1326.2191756402055623537498202536008050
1326.6774018172843047203758082941433624
1327.5998785564786448805831572947380216
1328.1256484423052689924477863713248208
1328.5860743182547812025357450137743108
1329.1247548534495629613694013010832844
1330.0314295549733862116352062130481254
1330.9040729730552170693437374223645193
1331.2884480902555985948412527886010103
1331.9724389492510428894066660746969272
1332.7327241877654559841177360224959207
1333.5446515558481871164309401528392195
1334.0391905814519846303719855146305663
1334.8230308373382940319067944679245906
1335.4182199037311907445544320537373915
1336.1547905043596610935156865768408942
1336.8298475198552549711178325568578749
1337.3860864093679379798211497575508908
1338.0762205531776058332992000009680013
1338.5559251401259291590197652031339524
1339.1013955430182081605534842950924067
1339.5803544538579833080476766094618215
1340.4506040049086221764915163460887120
1341.3020303098703621188720951334338718
1342.2572244574938991536903889679999518
1342.6135826455595120651714483607704718
1343.7433960661013858406418648157627940
1344.0077010490867548965176232091614501
1344.7397015002358017699929646554896512
1344.9367634843064376968493596575033895
1345.9136260941742184793610367512592237
1346.4733285106124504964193308820133337
1347.1559155565933898375724792917498910
1348.0672417728900788678121254804422343
1348.5649388797399159841565241550659653
1348.8146482064330712360112556469339372
1349.8596049736018010772433714006376212
1350.3649904761093828673725170617171330
1351.2508625915722634489774879507432092
1351.8310625363499661346838166014976737
1352.5982441547603355695538688146956549
1353.3476919680975245054789904764991742
1354.1510053760836974875565655981851639
1354.6376616941654207751921223801877996
1355.0523586203190375007559215602835183
1355.5198448241050944307464408720665460
1356.4842452481224652884381356079383518
1356.9708593337326469159543613191347362
1357.4895627148791973612224306077542569
1358.0673188710107312847841833751969092
1359.1768941996979739840796478443263735
1359.8090245831348624584284401837761518
1360.7207137875007554253830424814590038
1361.1323000998729804819773962783480032
1361.8123313597467861886903107292260578
1362.2321795075988661271498666641825793
1363.1894052139151781923429692429557524
1363.4968403278750008855195782054505082
1364.4911354806394174248481912620355167
1365.0469540541142883522084815377169149
1365.5183496389993926060842099366918957
1366.3518665592244233827685044544413864
1366.9038913272100228101980511463531589
1367.3447194140024875917746015488555692
1368.1710702475599436196821251100550498
1368.5355772488288437835025344344612155
1370.1928413245484813356619535737597816
1370.3342517577831478242715072333594874
1370.9794246330751849875759090600472036
1371.7656377891426181308435394522548015
1372.3683737535719585801777522031574018
1372.9152425491857326781497221836495942
1373.4063001206625381455203652294330403
1374.1790452729336445393939457595803316
1374.4668934674471809565510686964162111
1375.3841670379197002507232820777342005
1376.1997543297493219795262822166898281
1376.7906597248474761696609119138589478
1377.4048140808464405108245596687644852
1378.2899974104890109791709084993287041
1378.7676619474679225742878476458814686
1379.7348824371658272155682880291861177
1380.0002176858260668364223317794123267
1380.9037787204948429780544019131308834
1381.2832727629047723499359741266558886
1382.3136143012612156348690594273517746
1382.9110064730034856607905058020312542
1383.4084354408515386002937387385323271
1383.8862520881292090304653942676041638
1384.4469090508951806260538132301689881
1385.1307370818355694125514294345028613
1385.8503021291356731293540114232672221
1386.4951060591177898167216943841534025
1387.4590055476698523374875437164183920
1388.3700969823227727741069453810623844
1388.8845801433195283029138550055710155
1389.3877750511132554006629439898886858
1390.0355999618804586330080616535596831
1390.6759826925751571580427444246978060
1391.0881338017649180294991929139848961
1391.6603314565868895860952990567037031
1392.8459586580957003586505626164111648
1392.9842782591383831788004577870832985
1393.9458653583533726699646783807200426
1394.4194008191003079849467600592464358
1394.9814594356230518206509985703366295
1396.0194326177672560814276999693470006
1396.4958200508648375504644319994846392
1397.1535634380869923702229384915246098
1397.7750113280490555842507574415349931
1398.8349095837115334911859017543747909
1399.4159811601860515586890479112238853
1399.7991436382621922616836897366820536
1400.4174757685532773244209108048313109
1401.1447247502169836110243840156370542
1401.7107174934617799868981024701816382
1402.2884299366231695629633867775436476
1402.7037224156413779571519568199979895
1403.5659581096685405305651804885539701
1404.1655449829175796364125816461513602
1405.2754870733223716684173934352892202
1405.9924684258685622450320741325314593
1406.6553697768284759349201760533474371
1406.8845474808291981818290081508542191
1407.7173408191113376377880805969186868
1408.4680278382992055431715820932305096
1408.7626589249396634106187214263022011
1409.7248384249894347642057148580535082
1410.1892132038870543526089325059890945
1410.9250101318514122281760575265011028
1411.6395732231687126481697892248570332
1412.3224053971920059397862755179785610
1412.7952110839062900114250405963022567
1413.0076641150217156744998286531098728
1414.2716629692949719322288916319541188
1414.9802466224985810187926850041951563
1415.5979216121671567241234867705696197
1416.6071468353921489336244318592452170
1416.8828807578753174474445251517474519
1417.6282945802207915472208221759685301
1418.1653935688844410495124687467632556
1418.9351524198237580934987987402020823
1419.2943709116827641690935448964658146
1419.7574762915485254228004702254232347
1420.6201979245021070620128865188609970
1421.2494129180724474547114849782540499
1422.1650538203007796746795226264119425
1422.6967700819304704631246811102157384
1423.3949507649006792561629932984645354
1424.1828616982341179870851627223328187
1425.0655046045607578589876232547485030
1425.2707570958934201835657965035410061
1425.9247237387208802296773983399191727
1426.5256996617591476669807287195039359
1427.5711006040193531158286295394183453
1428.1347503094033027548571404286372516
1428.6204860144355025030282853494474571
1429.0990893974571592947727947103453614
1429.9359066535813516948660195251922214
1430.3011911832035188155067383255890772
1431.0477032653321638272969884559143848
1431.6199023760589691856862790496656224
1432.6629574876863806084845927143096738
1433.3476058699361813687972954132060514
1434.3258998429361126482348977199185792
1434.5982499792233173885517501454131528
1435.3322168451147317977522125842148598
1435.8174284860040992998212608250355736
1436.3681352332255868678919225502300564
1436.9154330006268538265062669934241184
1437.7566369516360737533568521971970294
1438.4638925418266701267351803580714522
1438.8268874903305372667251625415271426
1439.7711143028556912848258064678159652
1440.2448040678177086328196506074862389
1441.2674073748014415815289738135268661
1441.5919668620243645522632000127354556
1442.3296704345392648218654934116048900
1443.1760779496250744754305763761834912
1443.6225623306199375246372585146831509
1444.5871486620864420243467383376950950
1445.1279523339787094847033299206167512
1445.5791130707406329637947707422368700
1446.5400094661313247154157323611578251
1446.7015657584090199525332199473738956
1447.4332024044540253308484889765969948
1448.1898985612749979835517943980583798
1448.6595309939252022344842868513400176
1449.0287761173683063439811551903378594
1450.3925755866780089208840582762981846
1451.2549352352568127898669841325562881
1451.5889804220524481807677825001693265
1452.3040338624311909557502136737215224
1452.9307392760179441600821840703424699
1453.4298800840227292712724550175996166
1454.2526091110175931772831653550129935
1454.7323920620487496836126458263825525
1455.0430707661830244137076457128282179
1456.2613558265770242020780473468907655
1456.7892556111368663356126156368689268
1457.3614918740170805049927279233876024
1457.8113383899449364768904018453709956
1458.5726780194446762848258764954701777
1459.1857975798218863724972461908604604
1460.0447333707065442373600461861393404
1460.7047208514559182009663565331885340
1461.6540618160777487516816671464816975
1461.9758751896492821634549524803030706
1462.7201518713401707835509410005160653
1463.6782569101041143719465407145803125
1463.7999813812179918127853917778609131
1464.4413246059113319517088163431271104
1465.1726284548553761422006654772090766
1465.4623360789540331583731561549871616
1466.3851552081953469058313601097782710
1467.0983946087419945099453698498714871
1467.8438569617131260847996603598752702
1468.3883079404287689983818934965490746
1469.5479788902741278092849435621332895
1469.9197394398302918224609033480260413
1470.5579754310331768340960408761581079
1471.0219909689750827448502287113288885
1471.6057381735950064697155538665215046
1472.5890379797968198631154459759699788
1472.9657290202547678588538785054207625
1473.8238341917352296269527718451074810
1474.4838237124937065592397647408847574
1474.9694390568315700981023825465397665
1475.2295139111390630715747641085368248
1476.3838339490039243460572578822897423
1476.7019608376722178830205405254580474
1477.3716022688498757842326395997910720
1478.4345925815184168927046380884812668
1479.1256591705474043257782783376249935
1480.0431840403563616575988625177049952
1480.3183274399537203189746411082464070
1481.0136678917696032289098755291426594
1481.3091737677316405971825416468794143
1482.1806754240279303059499724452705671
1482.8561683983509746435574987477934488
1483.2700038466438161199523730520693309
1483.8692838957104544686977823619325269
1484.7408464876801618972729371878017976
1485.5230831115383034808426744256980930
1485.9615461099947688837828516994226496
1486.8642718323831508368934990026637531
1487.5082392563215162788391271326808889
1488.0391293402987227954304286551556993
1488.7484168437405567841066856104505101
1489.3512764068515507162851140548168122
1490.2756618002329235358894010677508176
1490.6732932094556264302326320373646071
1491.3236405583751249601389166039143548
1491.9904635752124802387540785085804239
1492.6197722778980823369954334490664020
1493.1679880007177194344949633460371606
1493.7538139416125209139819964292662687
1494.0385226854208489516369247221110632
1495.0546814784459429207132119224697590
1496.1099273042942292308211485176025866
1496.8648166912944788779055288512687824
1497.2071549048283583124182044456400514
1497.9685314366215937315391542584588712
1498.7593114067270893713411459695108235
1499.1303807315975691109428919943006572
1499.5263234707946752861874712076299639
1500.5597504710882794938116451365989145
1500.6817632715716572024506762420887984
1501.8883780775555001331076738222524815
1502.2674071355672264674624311319259688
1503.1075021392033604589080830049956871
1503.5128237457911157583541946260549334
1504.1185275662403677193407444377155848
1504.9438327972461547191317969394134540
1505.8582014398799067874275054751156626
1506.3131952354568659906485367708621786
1506.9255114448526600227846597811480825
1507.7483995384470712967097540550870890
1508.5827316522245895606757724583940730
1508.9834620791660692487583077858250747
1509.4843530393818361249159592780377410
1510.1031949747043636752378234863893149
1510.6293277305709266203610381989533075
1511.2701660052843792641899794915276746
1511.9972320647977137819911941288223597
1512.6004463247908234725875823640360854
1513.3052853054936763871819311534017761
1514.4906923634887257347415000684989094
1514.9362636303231579093132940492304806
1515.4212033598509393684907783932292476
1516.2856973180306015648642691693471855
1516.6923636823317139004975030410283135
1517.1422235386223541556475944421241871
1517.8983311977151207316153095474294630
1518.8875504704382004087506406658478824
1519.3188599119599916228884593152702111
1519.8406989966209963296255746248974106
1520.4508077034399028741208562019858143
1521.2579319011704388321724737785823631
1521.7260087380036730600551665149873413
1522.3174966430778439910334827742617600
1523.1040175790163682208062738244068613
1523.8556911939509541835777114813429741
1524.9970302580691741014634464167557115
1525.3779571106528992627426797979084219
1525.7863430062207642940334697831755898
1526.5491439660205548450935082652119723
1527.0828108242335651364417738654581607
1527.8938881653658382980792488651164957
1528.0866533130609231642225520713635401
1528.8509598840426274208900749555653738
1529.5108705533242513726436901672482407
1530.2331285902348970898211007913990852
1530.9174521890902432893655264422638417
1531.7931010400164667664901497406716582
1532.4457569903711265550765157037062737
1532.9920782617664865546567441241859702
1533.5420259656998215781043797578021336
1534.4598418890171932923563480917883416
1534.9351133397268721717416492861681650
1535.4059769028730220154436734510855358
1536.4469106706820846070968068752621367
1536.7586881324499205536478706112548206
1537.5830508595327765535999808378134324
1538.2401114093472700253317401281113817
1538.6350851821792921182073000366345779
1539.0254103137200700619100761063719747
1539.8224304845796727183132298422653313
1540.6668348808525902235147659702474874
1541.4248610486108090798275572486462869
1542.4072742766285912356018034891263115
1542.9241366729428138387354246645318447
1543.3855244248228800190689695120963326
1544.2095397853304969354548147141934517
1544.6277152051438459010107568685900584
1545.2288237305907201644501655958302832
1545.8753469220088550107038907205647782
1546.1832089806655684969867712505693008
1547.3131725726738961036461100611613519
1547.9451831900563937601801536468762147
1548.4118462994750572084586888265160282
1549.0533031671717723541488926831904212
1549.6576326736023906159606765546374655
1550.6895832418369158409333290629931827
1551.3481919464747029048761257980761071
1551.5617150881636520913296582714228508
1552.4068489091935720926877096665290599
1553.5055720445223459797528289050424178
1553.6668450516992784609166063681172224
1554.6888864318848205921143763004601624
1554.9179432165688827228698115673608659
1555.4596862980989248669673199760921305
1556.2921944011584591121819280441555157
1556.7858333152615972577462511397360535
1557.2872123810227025263460930552200157
1558.0304241507423237050648981180928004
1558.9399312470955226149618339611777816
1559.6837095591485928546368136915191272
1560.7849708366306733047951515475465440
1560.8358022811368871393851967317379577
1561.6914530993794006238928648030795599
1561.9706160704687961596451949233265187
1562.7214578209270779477719702710112878
1563.5012010281409082665461592330992454
1564.0363654568435053339202995429426504
1564.7739559954962451355620394879167628
1565.2680720600755818279765116424217671
1566.0329072080906372433830642373875470
1566.8487098456772274851631486351474040
1566.9366138141078140787723548334741005
1567.9194408283504838385095075169695154
1568.4734260985047380258326316749849564
1569.3744633253194437590973583197621199
1570.4017462003537737436342521509584998
1570.4904215384051235396376644897413231
1571.5480228228454462872437873669208818
1571.9461941462601739265858935607785597
1572.4449536110946992823774095563431475
1573.2148481319862954295709232677519138
1573.6723121012717828906476686845444184
1574.3732751971238610974529332896943247
1574.7959115995253008498541626223278146
1575.4175106532394344462596521008519989
1576.6230242758900958726321776748422137
1577.1715806858520512473039657095582496
1577.6360421044438323989255678647537890
1578.5914468534926278598395985369663231
1579.1724012202294830022459553863393254
1579.5809286912853805841369583434415197
1580.4329582283496109114365588324963055
1580.8102341855459578521893307372326217
1581.5148274010265278701268495654589615
1582.4427721562147489672027281836453869
1583.0751938442807463228499831363667545
1583.3610499797721320122555216682717939
1584.0281316066847992368098258603774543
1584.6217366468956053883075400270023627
1585.3726992510831676370817798901303991
1585.7209890893243644655774119227608484
1587.0350791701143133044341613153065131
1587.5622344518881049693214695150463503
1588.2666553682430566924897306582213399
1588.8800782331287993907805073982021467
1589.6007428503244380989365729028419047
1590.2005283624858063605828715781780343
1590.4442761752673042070129971967498791
1591.0498440094425764066920568880404426
1591.8774714250818401657487514223861559
1592.4094102623936275889920015415893970
1593.4103596184299922119299210446411139
1593.6300631243017267982612974711469370
1594.4428682052844287888528319682869599
1595.1954242873506629048021294749763758
1596.0018323909007680008715479901115014
1596.7014707149825623540138762394075167
1596.9044766419599953954594428079211893
1597.8295349586366937528268795539390531
1598.5353620711709455621573305614292870
1599.1852694251505225606216927143054348
1599.8878102608671326857926533067564367
1600.4297908348355991117436255267941654
1600.9323804344265396505318660748730613
1601.4450956152476699096521914133124951
1602.1499353850575263491629051491221846
1602.9189401187781714737810909721969311
1603.1878958047903196625075116640425603
1603.9831432201232888689817683325918823
1605.3679920703648866532152669242284740
1605.7078470951876127593639581812033603
1606.4248813574849012473627736829583241
1607.0073100548657599580362167581393260
1607.2565564818911947914552052925405883
1608.2509427301732885379234017344632954
1608.7482917207463070200089914779613888
1609.2136470205103951659938493531071209
1609.9670091477391657304349852871281660
1610.6869622001678260357042074588768951
1611.4166448534178239808274742515416346
1611.8764019506776510479666453132481476
1612.5496473677935622049237294689945421
1613.1708034985534767235011169946861002
1613.8668396916663539927402633314323117
1614.6419171312212396766500961980133463
1615.3392121524739600184239834993139286
1616.0868421908008550461575658072377985
1616.7581868507654428371823859481303797
1617.2212381569612186603516693229529925
1617.7246925985636461873629662686805094
1618.7837807660836289598451800765611053
1619.0153273048988936040015661654088100
1619.3995807872695993888960325451609935
1620.0586483081120514133068419092010736
1620.8703632287342583283972744914664014
1621.5989027179202836879855811072846542
1622.4734087179376508174432353086738818
1623.0426781103359934672167409555390912
1623.9090267971075487197547996855130366
1624.3494640295908332393309484370529067
1625.0786566046219876406753002736248834
1625.5560850926603812585731762045071320
1626.0782860735309588627369973180647013
1626.7535231322760843118296005542513391
1627.6425682312976141003524876705168887
1628.1789272174202030012440502458982017
1628.7987958472562161345582729833106521
1629.4250748925115650859112383849948915
1629.9367138917661718358633836580003966
1630.3186179794310221777398166551821936
1631.3099742642124007025612822541470425
1632.0998312213388675638811152280777096
1632.6561668780006782845120247893004508
1633.4780880490986830193956679267529101
1634.3637820333861384437658064290836540
1634.8514865324241449180492154345440046
1635.1696850761949547276261339105267821
1635.9402127720851624337882248664599688
1636.3387037204842702402530583078521222
1637.1278608878911523880540027134446244
1637.6035674786813729570415759658234471
1638.3097782659788595451074603672103745
1639.2348514765852901433760187244503192
1639.4059092405480770300654997752112283
1640.6105162808554153327958832045426784
1641.1719847046576817511780236056932422
1641.7072236602077316124963208196613675
1642.5715876044438221843464132456343729
1642.9895013009414373276548909822410031
1643.3934842619787114176987863854686141
1644.5257005543403392404104249771525981
1645.1978717474651170162390491197612059
1645.5288042798862800053367024113063687
1646.0126305792860466724554578875166255
1646.9943696341765939617707501264483066
1647.3530088425982056013804300476409763
1647.9637449132724883928135330541859220
1648.5621286500278971567369856942537302
1649.0106774971188269939337143166028209
1650.3455903291922730771876130431108595
1651.0063507483386485353188475935349562
1651.6839107811186877909419213616115995
1652.0922007597271085390495172080899501
1652.6727037086729979981163638802802946
1653.4226270663435752458138140369094924
1654.0258260305610366281304814256018051
1654.2808218311008680827658151211854191
1655.1913057374401414429767866914249206
1655.7551549022213792637362594695321304
1656.4557735496410597284757058053475109
1657.2314955914544339123502212107815449
1657.7548416166527886114371854834147336
1658.3880022557049136815643425052901402
1658.9908874631254412237510811987102529
1659.8003303417723815568142812378916220
1660.5619171217664619403307455033972239
1661.1950912598873704401367074622852345
1661.6377229849942305154672316738572911
1662.4788444960452756392325165816252197
1663.2360435990669237821857185642239274
1663.6101326613270965129024880685670946
1664.2764335258236964465220073896172055
1664.6987328748551306573698331585101890
1665.3823413694601864034090979255676881
1665.8060347791628407060238434519266376
1666.7932918374802294815786933250577014
1667.2779350967575551189911693469275040
1668.5022658362311827442903975157451103
1668.8231375962751194877192307858112033
1669.6693142775614524176898703414350315
1670.1612600822803866299114399920781745
1670.7920543268072568305558504735343169
1671.4436872015379164875790526866072020
1671.6421432655027263778234591270363659
1672.6044762828990806857449783759583125
1673.3322024339953317263557567336956292
1674.0825120498121450564023698571227556
1674.5754174310444342482735772955581245
1674.8814763472877599225716234180949709
1675.6751944171586079633263674547459200
1676.4988967959443641776367103878377752
1677.0819007523728177752658357307601179
1677.6441960327286608982342157221849789
1678.6247665452340616209064310236939878
1679.3239280927988078244829700424203950
1680.0114951564594472094175336557759714
1680.3949689896490520939337475618194463
1681.1027352641424870623024211661060188
1681.6554667801123449284649711837732102
1682.0128360772400828720995234057529066
1682.8792645624690347222234710981054950
1683.5199155378455402720390050554891764
1683.7723023715438939265641636386249409
1684.9869611881806056535732483783652250
1685.2926960279672265539164725883532038
1686.3412324605472134527076125461644253
1687.1780755488783492778174291054977526
1687.4652563318875096496749933149932172
1687.9303542100618493167382177114770467
1688.7470141875122879540018482642829128
1689.4312008506384134978102941838927939
1690.2367589434590828990112923785706215
1690.4405632816185814092636484514321473
1691.4202764308212677030159812813444758
1691.9507901407966630319607632143436250
1692.5619776447820728533921144238747811
1693.0329041081104374849248078953786085
1693.7338253032117927268067589031471303
1694.1108697632638382660615394450627380
1695.0345219741644133610545308751746321
1696.0393584036471416013858572265819811
1696.8808454634971648875862746149504393
1697.0896012555422796203816471817059255
1697.9585493309200098892995940576141415
1698.3643897978088695437501308272352818
1699.1155600581179876608398030073578122
1699.5202063753236392862780141746745980
1700.2389864129063508526413380707873592
1700.7981972922822073705552293719362488
1701.1931519903506528427474446642381863
1702.4894633390768389196856927839010546
1702.8418543034314038660360118638021203
1703.3347206000738699092224515247519457
1704.0046900464138442218894680331542795
1705.0548962606098946222894499396753336
1705.5388878756101625529075097420038513
1706.0241981237220469728380277537552677
1706.7689014416458334152828447739865989
1707.4539963912696204781385459848312668
1708.1006425108228360257528923434442534
1708.9461493906937423961640149398060376
1709.2715123679226762100306129314476683
1709.7696102659248124509603534868488312
1710.5593471731423549666814982612007906
1710.8758983937163298741018257628811536
1711.6731318981583083021983028387501902
1712.2007966686494008852897079477214140
1713.2714613426185414686980737765816788
1713.9783893833267951933100647361073363
1714.5556451399757729199093972074267100
1715.4683310777070204441899054105042038
1715.9523055049946082812564406740493417
1716.1510130970478610097426267950046371
1717.0261861546900233655226957225234414
1717.3618939976297270996939774601018477
1718.3335948163855508346438082787743283
1718.9683848335172405041623211433450849
1719.5322385280667490406190944665433171
1720.0791170775381990005688795909608574
1720.7661209897996956443271229609285048
1721.4945894471432192270679878716925480
1721.9149370511807566148301690043603680
1722.8497432775203863679192037980674570
1723.4252634014288309851014876601751893
1724.0699406855241894815592120197402682
1725.0819733919838173770558318432919835
1725.4954899433853308634755645502205227
1726.0970452119873954538097152149132093
1726.6582382179762033947125194783408201
1727.2904321094572933158814851433707968
1727.6254908267277656868389157057530101
1728.6376423652943231060509857041758943
1728.9622589216935895943486924123408732
1729.4286953455806451183663770296337408
1730.3537986601381266798152091054631629
1731.2520473471119179991857433891092732
1732.1918397009871778789462122012035068
1732.4473349475104323189162334757623502
1732.9669031208075872551277223059906898
1733.9010293863002378208768163782046953
1734.3395736895029996604098177590898505
1734.8868988022872107939056441991034879
1735.5660750489919977967295529266877203
1736.2961875223192632329972911598736654
1736.9800544742416480167382264241426239
1737.5090569346647349639788257797335906
1738.0989906008587057285295624830063559
1738.7792196752663632763203237020045438
1739.2168754337959705299748031405654793
1739.7334991204337250353814671456211429
1740.7744404595216004790291724524925705
1741.5839683009807929864744053588355831
1742.3545400786579203802868079179794406
1742.7484533345121266828535484315732508
1743.5181729088224524724450953637198149
1743.9057530491891796334874110897615029
1744.8667359177074626986541484701385050
1745.1159968708699670915344555225947186
1745.6959685442326441381207712540018635
1746.0244184593694532119592558724027819
1747.3930711702486170055093133023334474
1747.5909484851350575259581676839766973
1748.2733151584319067535772992847982420
1749.2113848614466698353477748716635168
1749.6317080486962321343919245459231554
1750.6272173154348413677679773667573052
1751.0185172784851159233005824614477047
1751.7667179515339569084413547526256348
1752.1273027130389181733065615014890418
1752.9796318381692892966185495867509172
1753.7274082636996839583885614427544669
1754.3214032074568432425313881212930482
1754.9950211819447630113193133524126431
1755.2874262258210514263189443634688579
1755.9748310569861086431306445164258420
1756.5863235640593464437799453315130422
1757.0625503403514449516394026340729692
1758.1435103154458240508902865932845572
1758.3699398605025725837589453362428425
1759.6627584831226356667655748701300846
1760.2865077142545208487569566256777393
1760.9740606749834423570453280465853624
1761.1793558475278785441086306858416089
1761.8398325296434756216327698694703205
1762.5700078756190122761733703291853101
1763.0152686048196835212373652843708403
1763.7363839769545611864647969617276668
1764.3102848287586687781259755943560029
1765.2720211181086089236988240463174419
1765.4763082168420418202500697225786144
1766.3245519644533308816083168232886357
1766.9407533558734579724005805016043860
1767.7014551626316946742575601912297126
1768.2099570113168858404383451979370566
1769.1188820324859456503323904758863268
1769.4112570826006089962551402925229222
1770.5495839561153121334615349871952663
1771.0724452391832691192464916438233362
1771.6473301751697486649818893826731189
1771.9240565751633353708551527547788979
1772.8410468745812756735228693983882117
1773.5702233216161196170321620315325718
1773.7343506185101967323539795850640616
1774.4439257696359104407488511556160025
1774.9702749345156841673239776968065988
1775.8427155547568767431664824279476375
1776.8949760928508038763866615801634058
1777.3927512120702988929687237102808135
1778.0973038278151696726420421672979593
1778.6197976910887625450870675246666593
1779.3723049092313276190015736700276515
1779.6664480510580822204057567294057124
1780.4933244031760866445085282934169684
1781.0065244389416717468015904392545972
1781.6580611747604151547930522025966507
1782.3647988087453329074035212372696324
1783.1962757006706777852289633686832834
1783.5049578689359164898727480145579353
1784.3543443786126582659079784280781003
1784.4854967827716132454071723578986717
1785.3817897917396510446998168583583364
1786.2898441870375542901567027542678745
1786.9922955066420033483039660469928598
1787.7273305113836166415528306793832470
1788.1122819268918751632010092052322361
1789.1403614367691759934190721054456823
1789.5848960898038576643625687585381499
1789.9537822990488801557337065576935680
1790.6404096756662307556149464343436651
1791.0871417745801818863128674850277049
1791.8764899931528274893733277132624356
1792.3032223670048203103013356298081681
1793.1812863724375615761446380158909953
1793.8691745795408084466558315757770872
1794.5096577356656350260786361274836633
1795.2277415113221724079779305693417140
1796.0567192559412201389109572742571556
1796.6232057611901011228410439419820742
1797.0304648099042050103630874998865477
1797.6437752942306944090683482494785764
1798.2694115244399396092068149528640916
1799.1901920925126581969507549636438997
1799.8111782555842970504108310579548873
1800.2732344394608689886760163992517159
1800.8489267359786430674198778461831658
1801.3034944241967451192847515277501140
1802.0915724826856188327489752103488898
1802.8206879258601673755735287808469901
1803.0570466822509970187045179124854920
1803.9442983184029690669936447853218577
1805.2812425494878879524176791643904086
1805.5709358683514048612092612285333484
1806.0484390748296542657478495255473612
1807.0615738771608276122835138308519511
1807.3427482630626114736561504368621541
1807.6359061377476222803475402190838402
1808.5988474277596507312627478591540978
1809.1487550353956431723503232759856352
1809.6527893260143978453229209666393318
1810.4367976124057338544263175975030588
1811.0114644305448244769709648545030193
1811.8188167566624141810262989597106580
1812.3002051647046966936895674980732166
1813.1720697059231460725573221646491611
1813.8119683582517938594736556417106225
1814.0758178393569714347433795708893910
1815.2735826091764002737109249748794859
1815.5989327662106329142716742066572917
1816.5129430199213254919267865900274239
1816.7481906386874848542508430392321511
1817.7348657824736591017823842596545788
1818.1658953331793729290766878321166308
1818.8046026046576516533010898653141514
1819.1711199774247302845632109266986300
1819.8885417158111053389663324551255506
1820.4589873567929018064456189483749218
1820.9995820702670798436491921818970605
1822.2702151466123586157201861503138296
1822.7983516355334475775163717616762345
1823.5477645357508196140883067688685755
1823.9677151129269941216278795023868418
1824.6027126950061828098186660246015850
1825.3060874572378695173014772150686400
1825.9109694233154845201200540077328858
1826.1435051005132513525257852177547800
1826.9785770768457203578341215397114210
1827.7299735788199767533885391442787607
1828.4787335934209503096339737940915577
1829.1059832933549484967640367754655031
1829.4561992120528043682411912367380367
1829.8987371971559754829981634095985624
1830.9770416490278295415834577305463666
1831.6402237998412009032161211816125334
1832.1069311114344763849297463448331804
1833.0111482052763494047191156919173766
1833.6446443752072047958643199168012926
1834.3081637666972937904693515014322800
1834.9174970528759970999291852012936782
1835.5499913579264322899261064498764440
1835.7925123113771555156182948990187707
1836.7950674962646596695986033232995164
1836.8686528158672749881049975727764447
1837.7082522793158454046954428691716559
1838.4758058937544446236732622347899302
1839.1630086149331601419086342924611387
1839.7146975520498396982523565501102043
1840.7722891111408085341665541621478755
1841.3544552499417472845488926869396966
1841.9582152808079890896936220856910967
1842.3940194693526650859812741906964567
1842.9012106914862653282006919723894290
1843.6297760238468546163864536276517466
1844.4197555932536847537324103269625874
1845.0392171382716808243840460033516345
1845.6568135378254001432764771686129493
1846.0642308568702742011202642548215277
1846.8228715077865828384763788582729010
1847.5846361264182480163805477377398591
1847.7654695989018538779358318967599233
1848.5004038425174493023188714699610755
1849.4147448018429185636699035805917050
1850.0705125683952775042458503618976040
1851.0257072534094113233421881589477809
1851.7262759546484565328213693547240814
1852.0733610276297618260688748421330545
1852.4857452183085423230725002815592725
1853.3182397486754881412254689876771764
1853.7902352737408433017347652873084043
1854.5650922134753692529506806662337107
1854.8010252898946078358757996761075961
1855.7071940548608006210993783223302283
1856.1430386746394347188681997765992040
1857.2233372788407562369100303761347065
1857.6960084244659601081343169911226955
1858.2726986888246815656418055088394210
1859.1217777501719196103766990777863812
1859.5571517411036390158681845222951908
1860.4773464899323985392498939519215655
1860.8934947521931037945665721998158504
1861.3828871004025678842099073210428652
1862.4230387115465473564730619112936696
1863.0128852696659575711176252025836524
1863.1738805601724414605707671892525576
1864.3478230439258667386154168398467596
1864.4520656844195931371261430723459423
1865.1667806814495971636859310010706307
1865.6624616834327130889364679019777202
1866.2254200059675865361206208290086721
1867.4288404756784158276906429569010974
1868.0122461853677044757016007153513567
1868.8027715752737761936512310192002226
1869.2960365037735592430757592356567783
1869.9484496180587533788647244853982834
1870.5386642470185774543552796170092590
1871.2073076456052748708808674297687395
1871.4790021209443536712340255033066882
1872.0111938793947355221576003783448257
1873.0370500308241914051758158453539454
1873.7684089700708540488024226468487566
1874.0761897971073309363551079957623639
1874.7628251124775400564859908651271736
1875.4878443442493348434685845420458463
1876.0340022224543055970947766960247483
1876.7652756400717403210959698622142318
1877.7421965142654227344476342197191105
1877.9139001580785020634741796812886764
1878.7406954767496074774056157374582151
1879.6351040785084474020622813163919836
1880.1228452602820146351389928702827322
1880.8108315101147244193714850820768806
1881.1743340589468682091070665431883964
1881.7954479762351830282320777787490679
1882.2562709399659779832100078696259817
1883.0847414170049930241009351167427184
1883.6078297409519310899807922689179344
1884.1537422589664941023449699297030888
1884.9457250486820453340138888525969162
1886.0260633344988323922156468235980014
1886.6145168555716714754566977914698623
1887.1588480867483877879698501858912022
1887.5952099223034916890882266902082731
1888.2357298772713448519483698006461020
1888.8765020213933424949575578261647967
1889.5255123995960678165154596087587033
1890.0195631172912288719214689149194818
1890.9967168624731940513041088003482272
1891.3371753308828285357113071161510901
1892.0057361753451904505104907382066446
1892.5970180933459337524606490478026394
1893.2143026362163101724424469581927243
1893.9078876530502174975884386152487280
1894.2850378674922212242836731035482318
1895.2614944763970891735119062818139059
1896.1345663656408401364059329528807384
1896.8527554848587075354958572675296815
1897.4097101430399779216679983501478810
1897.6193728496825894696136665613153550
1898.6148012824435388154291542385821260
1899.0232982944720627412366334300068102
1899.6959757805350373022973507748545944
1900.1304809795828491294375726613407824
1900.6501414586895778064203754733545581
1901.3833776994430800690495486101422206
1902.2593292020589838523073180180149598
1902.9176789796295190769558452862136508
1903.4349779928964362839125296794335333
1904.3865199389624055670932575172211859
1904.7906529388030632740388131626316404
1905.5863345006900621592897668204035357
1905.9703177696926137019745826544294324
1906.7087495994595421233742457182128841
1907.4126630271123368182869554348342291
1907.8828736707979876844612891127223021
1908.6732441966016420094861180344499868
1909.4476632510774724397368390685734813
1909.8974395844474211168565608911963138
1910.1097384440337410463805624455347659
1910.8219162665588010666093680884382926
1911.7478285564641599466383037200184562
1912.0134755988269240460157104571822373
1913.3651361232802091163827914359038420
1913.6892423773823386081933636313613030
1914.5483790081441941129057772708224293
1915.2249177280410218224071254268955886
1915.7645007110955805138003231183147936
1916.1949323179940228547682551453300172
1916.6476440450247617733661722921090962
1917.4696359575761979261718413091908277
1917.9080622007737459366101733911195890
1918.6382364737854587721103143047005232
1919.3660987782435985761414847495497314
1920.0961418597665051649238997646071787
1920.4803777538510515732031554719377662
1921.0968317016715630744883015376378701
1922.0858826310372561294855101040287948
1922.7165894124000337951254861690180458
1923.2420438467586117097503506836872518
1923.5826363555494160026883573627707269
1924.7832665322825810644091873731786947
1925.1787635759920703698303779108781481
1926.0599471217687105279508421324657205
1926.2517005128048521898241364845738059
1926.9657508769704546426480930403384767
1927.4704353064351309599630722615341044
1928.2204135842570016273461668947928685
1928.7970883746275793698033231626441445
1929.1465568185438553716411200419891383
1929.8786231230156372718870401004877419
1931.0444114819593391383966899262801414
1931.7325775258814745456805243633394853
1932.2810808792522474636446066139737614
1932.7778550985581727213722146393872070
1933.6712548711286961191582969824545052
1933.7769794231445992728882266238682389
1934.4304786696367761710983983868812987
1935.3909096085198560751749736667427283
1935.8653327491012668197724120216886706
1936.2754596528242721190040478397450448
1937.2894924033034862104148332358303689
1937.7201582288712968736731494830540964
1938.3388332673072523727206669665748398
1938.9716877515547697730419041531029207
1939.4707215517886172803476881382038225
1940.1674309963733801510340307662152236
1941.2632704666992765286631941265569114
1941.6733822474452646238310447995905817
1942.4122019246502143490592307773141076
1943.0185456669783356341030026281525878
1943.5429768592484103486262091709596219
1944.4037821651667755197856856660453215
1944.5955436503809391011034484517268333
1945.2661753207889344819746834992324539
1945.9192571423183177331822188631397888
1946.3093663211737991156725995133182361
1947.1199611997415508681211717522139449
1947.8897374585897788539290773048140941
1948.6295681215521770887984955527065052
1949.5050691173186908035510163737761202
1949.7164691889604720740906345364295638
1950.7296191301233644029849040525914972
1951.1906421180116180060520575124496737
1951.7552462605716486984309007648902207
1952.3551660463558543420798499580108453
1952.7401939948304284918225244374153104
1953.9434622961515673203152866767856879
1954.3900062656638180499169501741153328
1954.7806921715887320737953343236559276
1955.5366184056047377783685305628748586
1955.9327793316286378621299314694241738
1956.5398796954224932956910382494761537
1957.3609811099561344696218416248478263
1957.9049352671579415164593280729153793
1958.7842696072955624260155030796277367
1959.6582158002793666143930477884619015
1960.1941579501472000000406581139844752
1960.7954206011857048233837767657366116
1961.3502188171587460818583845095947097
1961.9461288715142961894780580213520142
1962.3547211704354303437047184744493741
1963.0157641966214557134070082554639901
1963.5290082567531094145570310753226553
1964.3966374259488621375126301813352220
1965.0109798754842856340407259339323009
1965.5651049090590580266749769283263348
1966.0723693323141186858152230703523534
1967.3497599460227387090272245508232222
1967.5205060356554064304167989708938722
1968.1845419882654500735751249079779148
1968.9220261946913391578161908776479198
1969.4130500832330565338571094040782780
1970.2185609127339976037562488928241255
1971.0056021835515037161133897209024020
1971.3824509037417155716447703335436445
1972.0734129496661975295512116145262909
1972.4937578913915865333631124263444168
1973.3550130682137582969017085417229078
1973.7930271048197893689635785117224949
1974.1490584926616896481811473237497210
1974.9392998233410141209212338111827201
1975.6310724917401694292932835211369906
1976.5594200241378875990860444985057035
1977.5896838655458189227024412569481593
1977.9861221827512706873348410060333636
1978.2299975793055424737470463821253062
1978.9746393881432172237944135682633985
1979.7113906497347394942662125692028454
1980.2625088295867709526787882889789229
1980.7364149270411370722153865618126811
1981.2885619618837232306109261657630739
1982.0731221949587414183744731419185945
1982.9151589905362030582432346582967276
1983.2824356555997175819781474937233936
1984.0502239914461564486582489071588753
1984.4523616605483478718569934222455954
1985.1120249249239482235598231647448593
1986.2748280584844080621614414277870739
1986.4373046966853647457574687332154566
1987.2818626365239502863679986584705997
1988.1123969220026181430433230382280069
1988.4830876068459960465623493035973493
1989.4041216015299462101720196029717382
1989.6056553683529023358661575418454488
1990.3762070996654822165251180762915838
1991.0355273373949832550717778359167808
1991.3072697048660538730610564551520544
1991.8658954962467554163845291782833689
1992.7328834449544900303758849913282964
1993.6417597741260188799718941641960779
1994.0724510883345921042131458443421730
1994.9725191699905079926435131407302176
1995.6811438851922823149139714144274494
1996.2113398011867360216141744631973652
1996.8224748481090650443212715707224753
1997.1859416579172695195357979196376976
1997.9017090148069194552787704102921309
1998.3993731064480520355998880896472208
1999.5049023503920959398891743419077612
1999.9100701136578107327044588986459497
2000.2623381804072925438133491062244323
2001.1427810082179032913693762124174844
2001.6747688638094273973980378716208257
2001.9951748859261610691816814296270162
2002.9984884597050889399494965739813418
2003.5091459890321808188797215326777721
2004.4013132712483321399966030144533161
2005.0427632211025575423295622100515608
2005.8355034834113731575244838287497277
2006.4906055879146199291191547969194890
2006.8101202229840707894215384828798076
2007.4935780446940309537566252172376570
2007.7980554457452398126554456440892531
2008.6709473484676620724212969586451072
2009.2093227485211224296598759027993987
2009.8405863591733338019482384045022720
2010.3004553949375324921401701177135400
2011.1788599027487797431692932768527607
2011.9294155997337659367026901973940420
2012.6501467668651296996308246737167754
2013.1361113320268066098794499106496210
2014.0748773484153849359937855173312987
2014.1796065922608264844671628270951093
2015.0118552649786438135546154389785438
2015.7760199565818099252131471682447463
2016.3409714707884839649788014085553173
2016.9391106835033647840827425740202347
2017.6857799012165674777866701774687495
2018.1619656994686987868023350124352990
2018.5606109233899564898895067053966518
2019.5472445554579809603397028420979267
2019.8524586079279540360661591819183554
2020.2251822801253287523105030983120047
2021.1301452651017874430220952020175497
2022.5333982083966111515305171175427013
2022.6643534154945990182293687112031661
2023.4334079513473139714640973113798413
2023.8818815624785827912570362023006518
2024.6461673088858758902649269739432402
2025.3072471850847122350704107003917618
2025.5720667721477097462808955068292758
2026.2264097985730308200219334440815581
2026.8392511770549244745812962249345210
2027.5684375049944338262476065389581931
2028.2664174100673729195862232804789029
2029.0571378355455180176151092261838370
2029.3385900772426633568806541112609516
2029.9970282441199486542150979769679074
2030.9303735531039928580943870192853326
2031.4804116809011107426172255475087359
2032.0820293495867992309455272041786341
2032.8321836224866118213211539954513971
2033.4441114386859750018903168972076601
2033.9688439535007070344530939608198897
2034.7965149915066630546272255827421455
2035.4605057746252102113084319696810836
2035.7686230035185086839668324511550932
2036.3483001002254909427755417072278456
2036.7202019820849858092299158096321181
2037.6698919872711830076444426013656535
2038.2421418666112159672073803601632623
2038.6856250356432934618950676539561400
2039.9895265524175551269391323281104792
2040.2901871716876206129469224084231062
2041.2277428791960857957494110310826040
2041.7565478622358605544382401245072054
2042.2545031869874060772772707766114598
2042.5908810182669257754438853668511383
2043.4265896467645155447542108805779832
2044.0047272249416947613201017814747512
2044.5646858772652134027366518291006372
2045.5691882786415108940684204674669156
2045.8397062211443170092254356174194963
2046.5321362877824610665800201056510619
2046.9549686473127167573605084735993238
2047.7834094468831644666978017980358521
2048.3752657124230010415362260802887903
2049.2442738376265878758974442697836589
2049.4551675200248261956934864484195658
2050.7195099068277979978601848397917498
2051.2613024131114960720846475374813327
2051.8291777250355004930668516239872394
2052.3114221929917717025345182223371805
2052.7947461686449736159772661348391583
2053.5900172089595948641851475301989077
2054.0500553229181481225610576720262416
2054.5845415659093397909058568378755897
2055.2490310588410481216201307790986636
2055.7138932794796773041955987772513094
2056.6521306671870722691149288393391615
2057.3620929108324263525978939453459922
2058.1020257064873762086322026183330808
2058.7478305685397262532683891080325479
2059.2918760132618205209190907343956759
2059.8163660418450096858662151949345427
2060.4403098306515339729406299271503995
2061.1113686806509770215180523779670448
2061.8001594380596561599752871174481868
2062.3707756318351805117731658747162284
2062.8932466854343149739363075219338274
2063.7222594974252158737781708547776831
2064.3091665282988581510035430673334008
2064.6558356593266598563029607688530182
2065.2755569635398290008585521950128914
2065.7467577868470473929387222742448487
2066.6673689236406806386695700977335121
2067.7084856379108382503573730701210427
2068.1212705295963613383889887665072263
2068.8506566219350547080252362326908645
2069.5199835045424914162027866726060835
2070.0436215501290039377623363933933287
2070.4548222896131106423332294013533063
2071.2933544866114926718005153838938247
2071.6320314541368230997400221394091298
2072.1250353233954571993865417451860215
2072.9272395238887385153262944425640946
2073.6718859369656838147971154512166645
2074.4111646285851263233695264832260291
2074.7676265221570634506529665309511477
2075.5557242625551709502953658675086297
2076.2181233582721954736065762668268416
2076.9772128211530482146467346160750055
2077.6885607324632123128442737405716216
2078.1237927520071674053303442594887953
2078.4439283152312639797227666886574063
2079.7044258747084796505644530003995288
2080.2501816043079426303671362916777758
2080.5240761995475889142658549893631487
2081.3248259985838986995687900218909125
2081.6148417998215489319049008245528939
2082.5585513853932753866251967275643949
2082.7460179624965390394528090977800636
2083.5971266693651220446393207703028829
2084.1438266493690082548302481184724589
2085.1186006385852165281651650988853403
2085.9283472881925106128743928598659221
2086.5919653507762807414116702836657939
2087.0611754240012277558954784136456805
2087.6624318347709292127334739265725413
2088.1360752859808341551817103214646070
2088.7285255752461784489343206890794247
2089.2766330134044823651634061751638542
2089.9921049410646819900999433827860770
2090.8529578254327730076335891239527653
2091.2682645995535537056449101089709758
2091.6639946984508620312705741133115783
2092.6298139941297477652008955868027562
2093.2023284691703542118278939937083691
2093.6775177572062688234113351604652016
2094.4152487688611051543271944720401864
2095.0636843816328451299017750469347946
2096.0590527700495259212094228215501466
2096.3492402001353560947769431959494816
2097.3065401907066829151760976812047254
2097.6974155734098956956895863657573099
2098.2633678711455495167408626468506936
2098.7666231496792291998039957913965882
2099.5988222282807181890376584021882316
2099.9918625933183880593188811312703429
2100.3936771518158128783025197544290199
2101.1870331873788269163828996135552237
2101.8251196420467694862474550120886351
2102.6726086416819433046301253638827612
2103.6522273155791619386869897629739600
2104.0892972095502451387801573368765939
2104.5079239816629432897165439030195121
2105.1455669039527534863626217127019076
2106.1325435143825032583564327208411885
2106.3679087944639730859684910953179109
2106.7638805175639358660330485382816967
2107.8218041799653581859211856232557041
2108.1897440003219126618554736628834908
2109.2150412618819736680344434349383453
2109.5317507237185298684813592063836259
2109.9241550935705623868718530522380135
2110.6915457140433580373095149486503480
2111.1998236035272200131608188680896115
2111.9293905086087634966937076458141673
2112.8406569095677031470599741733068711
2113.5107295405888044568877830106685163
2114.1849331569508650604418199849476061
2114.8397619020326830157191542700861492
2115.2664936862208202984087268890627022
2115.9968501417723347306254506101198870
2116.5773264950551729295238206565297207
2116.9347256700606094259892665741354699
2117.4639363167396873156159500986558999
2118.1678628720986700735324420098169956
2118.9268045235001743899418156542806370
2119.6487773554049915224302905325349421
2120.2607627164305310535427553987795580
2120.6112539670758352544099094691615922
2121.8687671210268979373507565446852061
2122.2993108133043232691289971766644240
2122.7506230794579833570870102640508283
2123.3690776788089466747229966479750496
2123.9855946306237462253076875696507559
2124.7200380232695720309234993672778288
2125.5729118116604665953870841850643836
2125.8448189613968898332539105019306243
2126.7443421073780259482716777042062201
2126.9334264826694057826728283488397702
2127.6780695647699668889136419167889871
2128.3176901865748590407452201134911545
2128.7081171410372603062303374736321003
2129.6219043888816606878225779418511539
2130.0677317983069659644472967064664250
2131.2810479173005802569934100768940047
2131.9390301265240099129417517754701355
2132.2930776838134212028172167540779670
2133.0576248137812631659026253605000598
2133.4699482938301975580973573957664845
2133.8423430741773207856548049383228810
2134.7323839656697578010758052784588014
2135.3151486194088898631565605111943895
2135.8818357316340505613639120305526442
2136.3032013122214314405567580238555441
2137.3815112420870437810924491021337834
2137.7417409915981817252065159353541426
2138.4767814908368413575823973758339745
2138.8959450341911417200029167267715564
2139.8915698721572286263668403563758644
2140.3612410837532410382613734919860779
2140.9021199620152193323296929617157608
2141.9320765660271971786157567052751616
2142.3029119559971375989884874618462358
2143.1303671663949750361679643432341993
2143.3799990700005397030532786856041469
2144.2628238763964929289825785581808396
2144.8143740348885025452211849910830799
2145.0872543847457097153965740211639290
2146.0646680620396934228579843656408843
2146.2721823206853763267970607037332853
2146.7831205026591841776090457512590695
2148.0962187656497937121568287182014797
2148.7691032560553404668380952952755799
2149.1723688422986732674930237086554809
2149.9890377521001782391186077559685897
2150.5417119474700358127017093910326055
2151.1854804963145009932858693273446921
2151.6725196749742005324036979467848540
2152.0567406115302730088537693793345521
2152.8716563506013558202452219471610500
2153.5601496107495471382087944473344288
2154.1900315206356072808784469115143626
2154.8536108792606223973804233729312336
2155.4557041700181142721826986840111805
2155.7809152814845599241959974420997173
2156.4649589376521301331677818330798735
2157.1817332210303255357175243984788507
2158.0419389541287966225148776026439029
2158.6050933327003644143140917275899375
2159.3763896670567842076664066153292831
2160.0073454378929040490271509249511302
2160.5667954154465760054678657576714019
2161.3643872205481691528636193972444763
2161.8314096506057948058904090873494852
2162.0819279056725751065757321427482120
2162.6523342972073084221311106673737065
2163.6242350878655113513346960689334589
2163.9375640705181555358388053310753932
2164.7526993870995435174781048499258566
2165.2564112430561956444966088959834657
2166.2249456326666671973114311224857508
2166.7685399779843750282884202618627942
2167.6748361419414390439381005018922497
2168.0196561524424165196040633587911883
2168.6046501971104712216580191480180874
2169.2226595053340333834567300345511165
2169.7499070970758133706095419556227437
2170.6051441304927834823578150729738385
2171.2434622912331714926543529328426240
2171.7861062051831957674783415907209202
2172.4391517200309040551139966490809355
2172.6737100778664566312759834177558906
2173.5750314222830908734210076773799380
2174.1903378648512946083394606883051503
2174.5598794354279218990020735910987163
2175.2220250089908103790402072233631508
2176.2503538497167451803650437628349480
2177.2500454263835238765163571516532331
2177.5580277863316694887835143845645412
2178.1325844521344080280130924289713613
2178.6212647421318515096475198336810847
2179.3111655589707412380001537721689619
2179.8858679223083351931380933509096865
2180.6116864910540658337831663791736944
2180.7118607794483306401519165502383036
2181.6531554018192749273562251764336513
2182.4227489702622197068472340989982720
2182.8761406573054307746068031632674605
2183.6287584291043438078026227332336725
2184.3847321280392359708174322543394633
2184.8101860641653666172670386081455665
2185.5706168715160971814518994964079612
2186.2573748001226471202300139491301109
2186.7860531272395666316909247452497091
2187.5801445153028120268096648915512723
2188.1415699596503402922721090360605439
2188.6284515596192692716920697971148165
2189.4688599282126984193156931021866135
2189.9661818522674581683790205258248668
2190.4923800034700104371201449084236685
2191.0166334591884843710440321690163276
2191.5040490618667384557956637246448349
2192.0269718463094019294307181829774412
2193.0377794529880615016280489607091590
2193.6881906225701784342452824040153306
2194.5169536088632240598582341261114448
2195.1927082054446114123753232690699777
2195.8101638632985603126478687439706261
2196.1332342789229065361376698774283347
2196.9192448593741720442437447740719005
2197.4412382258723679545605286488329957
2197.9234653335362098557809693115055431
2198.4362163832985069020652240070497792
2199.3477358936334927099227378594457635
2200.1377327982083578196082474486248568
2200.4963232701759700380842599512208233
2200.9571862297842252649629312114293240
2201.7324675329437098640617528031374302
2202.2410413793912571001448357859509212
2203.2061079217129176305339822366556816
2203.7121460091324724054800090293997778
2204.3843217203202110831069151701307083
2204.9085165184632073499942744180998090
2206.1126435114248206285333216109168403
2206.4824033108102934837123834961557205
2206.5733973034293627781433939595695638
2207.4345946116976076388599206437807731
2208.0437033003920328389061471080958788
2208.6427838965896056393744168872782221
2209.0065967938631840425607805236762504
2209.7514892364132251880356475394656788
2210.5104217212968873224920908731890178
2211.0168445161970414207734641228683922
2212.0618161200109108334565289473869560
2212.6509484737133186104785412366081794
2213.3041910128382554006374574789000990
2213.9522556101273579287804996934314590
2214.0869683516968517835645508163016682
2214.9540588267814221813902873676277428
2215.5784068160690167996951901053563675
2216.2731560202360780343011415726916869
2216.9815864886778559565445955267864273
2217.3729380121565679256766187966968398
2217.9843243038732157847230766525452037
2218.7472950703526402541119113984136828
2219.2560885719194143148250754869582938
2219.9328376076439679953344448874477443
2220.0256692864029522333795345993546091
2221.3159563605674669637522723028695043
2222.0022692637339608227718397320191160
2222.7859815270769455546530273332688311
2223.2996793749289992876571128345035954
2223.8065428754573522011799276712960912
2224.4779768356782896890250957815980146
2224.9627126393245119350069882470400936
2225.4745343501829985259527369081543115
2226.2660834597689690868475949100484224
2226.6675259881716649346917227321242903
2227.0673131465605719415959282526154047
2228.2047431989165807698981488153537261
2228.6048611256442542630060895720554369
2229.4161636208578164132761566579985986
2230.1148690004331902034054041748681976
2230.4394466974267248431882844042164300
2231.4871615148080953391455241598118826
2231.8929622173407526947074341174494557
2232.6098701233324621040943616763114921
2232.9277161232275026821935074831889068
2233.8447470180309961400316506977435247
2234.4953284128625179082889363841213123
2235.1579563017388669397644447036793293
2235.5102611427431821272635100967156612
2236.2366130844027641229227275565597889
2236.5498642666095403880888742759064659
2237.2247737901736637277359630047455679
2238.0125183416943544164777633735922897
2238.3973561004717922607634290927334846
2239.7006408313651193893305811189828305
2240.2353657045011027411731957320149561
2240.6139446088740518016272777723827178
2241.5516753539625253344245686742758668
2242.0388953812771856160373344392460545
2242.4423373757492109092891824676542437
2243.0257993803479211283482339163271970
2243.5001569261429834744678849067618392
2244.2291294676930029036937537858225826
2245.1461884071976601084472427439227577
2245.4746152526137659249102609611510410
2246.2528696072506493847400918225794100
2246.6543632283303999930898491550807942
2247.3317876068844709905629413705365064
2248.3032344775218762360861506154238242
2248.7580188717400624344742309806202021
2249.2155357071187907956385128860679790
2250.0601956637403567651414757337227083
2250.8693842567365733833166741218161646
2251.3340515658636533414101424493405342
2252.0381017911484896972060353647688401
2252.5417823859492828676224649299127994
2253.1438452223007456938993135775328864
2253.5104271781387335524504016595772608
2254.2399395783353580075322910423492867
2254.7857541652590048307070172407196066
2255.5860538946572155564234962554701763
2255.7502494246765313547963355635891424
2256.8666135628813492818885212273961670
2257.9492019844811573627436041191602143
2258.2187705822106144844936222016810030
2258.8826509385089156026788463813675723
2259.3777692425767931433752726768877601
2259.9768536014402936335737729438627902
2260.5479037992039739575077551176366575
2261.2906160184115049864817289260616385
2261.8072628069027747281403907098803528
2262.3757820663182407201742697384947782
2263.1070487604950725589801836744377096
2263.8349268689653364328238306130563241
2264.4440240729897545521596620352066708
2264.5310402770319700114257645148352702
2265.4588634362811417984970265096813701
2266.1763402943371123688129633276838259
2266.7126632733348362577521574243699533
2267.7056323816865634288356178647570025
2268.5807452664231349099826205944314704
2268.6962002015221362112127370653839112
2269.3547147725049331540378591498133015
2270.2208407231370094757141832591597267
2270.5333089439193269037830512171609180
2271.2437609747228379397109916173213350
2271.6368306481334078036792253681958785
2272.3237487725353811885580812347953589
2272.6552709147241305875727279098598796
2273.8277159257550711524779048691616272
2274.2936187220761912980005021579542418
2274.9906733235421270999024887071809871
2275.5659635079167903917984910711238125
2276.4566961056653231459068957360459761
2277.0313768975818094197262248332742586
2277.4671757082308481032775273196190346
2277.9602703151397797708736893527751878
2278.7593056310462403900143256981232101
2279.3068034238391521015015296713637690
2280.2476083175465161747489420947214442
2280.4822303114837575319631804184168427
2281.2913690175438431195911586583171038
2281.7277439504825608669902871748985705
2282.2404806329620658529780964247122943
2282.7406437510526897514911300212976005
2283.5892636653508022318005839662627533
2284.2041841869439724251206509270784967
2285.1584115321038332718176330094105955
2285.6613158814163143318869829177115566
2286.5699824131482720667148766934574575
2287.1600091877283525317972837330026501
2287.3416254820621994580518802195496795
2288.1045315269889785648911339062983336
2288.6291304880089907886754538102098110
2289.0137806954349041070366739481722535
2290.0797797466493357951794235006324070
2290.3361079552080724505461694515608881
2291.1111733373518700437496591822487310
2291.7254094996265491712616199150772655
2292.4793319800682519522850604032260150
2292.8934727868705645815343939631601467
2293.8645363487935310142663818492702301
2294.3645935404514728208172635979446580
2294.8588388483881710394318209802722870
2295.6315962120265055955122660982181674
2296.1960330177350472851351337568408984
2297.0611300939875202950604034461214208
2297.6335332095552319530125113743891725
2298.1179345848527647034738945416086715
2298.3833142649939814976466744699753493
2299.3400940246937886964700004999059136
2299.9069880855797474438958523274289898
2300.3040870478939254254433190860739143
2300.8089129629954330588571790263979853
2301.4788285505938726165906283776945413
2302.5912194096302337637976272516772964
2303.3732365542438130885311895197426197
2303.8847233823490020560208031774107334
2304.3533190772113429808230124882986218
2304.9429895288634439997006048036073770
2305.6170219726421377412783834945449455
2306.1470676552510217595430480832206065
2306.8033844359009928517575122510849016
2307.0605860577233245296113098430399126
2308.1509234022512556863310579864037455
2308.6690380980715403050428467258040480
2309.1111472421791132965401666313605453
2309.9435823964073795665505595311687482
2310.4098290302963845875674528339188630
2310.9897414297724793947309730827576277
2311.4725615270633969979749081872745302
2312.7856321930660006476190194748135151
2312.9426215937690560048210254451205166
2313.7938501673247885982122127541186326
2314.4018359229580168371026443837068635
2315.0336302137602950770748818504832499
2315.5746205043070875731354905109744249
2316.2724852212876530579502553954416813
2316.7558758755531522100697080281803491
2316.9808331412725404284245600536829849
2317.8397466050473380356907972592066569
2318.3449176719332808193062038195153467
2319.1606484394540501136240640904115285
2319.8832673949643907793056228437557870
2320.4089476963615978707697413061448664
2321.4147495708705809534503943774675267
2321.9724141426057797456011503621290356
2322.2790558547158280821276854346412702
2323.1235712389532302626676218478782943
2323.6541517844581092612391048246542272
2324.0512228885659174459304658626712395
2324.7097761831332750467746587692391136
2325.8358027339494300997496292879571958
2326.1041707835836250179142366764043273
2326.6381089297781061098368338077659872
2327.1867210861499021588058644693734316
2327.7420919941144157254228490024980469
2328.5104583262092437440059170487907617
2328.9767555536010893685829319889269659
2329.7463520411528131010712391517253433
2330.4839881388915100370795220143396194
2331.3566277752511785388650582855410922
2332.0317475987974726056131344298111139
2332.5227098246285633958286506200356815
2333.0410889647888573647512670801457866
2333.3460334286820842229592044608530270
2334.4122202794001981958375321505433581
2334.5545031145104198137729022075803650
2335.2068763252875588646438028537693907
2335.9319083929235236142854339607272684
2336.6539037165248143753996348437651074
2337.1545820969561338631425473341987300
2337.8452539939775524217349502969457570
2338.6383178266156238741122082515053727
2339.4155311110751492119183298544490793
2339.6992304994702241313469657345961534
2340.5533523001784196751512526202818013
2340.8302421050261782430929677231998481
2341.9007551687868413567401802690000575
2342.4570236635887577353714278770287039
2342.8318969184196276467006328273712563
2343.6323328182575398721631593552546207
2344.0632329369082216971166974442089082
2344.9444137897316337398543404061855599
2345.1712547466356791121591846902453175
2345.7209094844875569663755932291990541
2346.4669043418417141654094812464893500
2346.8316098875756424691586226507353435
2348.1425485845152429172213597536135490
2348.7104288121619997576455009787634207
2349.3274116309582194469782293134660989
2350.0197356207342589046472935883210634
2350.3449852880263546641777648788278879
2351.0529947714413654256927265541271808
2351.6506227834342915352078881514699653
2352.0936220226746462557987386006194423
2352.8623688589302551264651199187309239
2353.1627921786987491241509921561629000
2354.1308952049849562847928608832576056
2354.8195509525371107240972358621101609
2355.4230003229082678039479753517161524
2355.6706578518243059044752246637138971
2356.3790438971793806311252560259258789
2357.3215533104977983599442729053027035
2357.9363020353935662118100759189794738
2358.5680829880177973000328881445263742
2358.9805039604830916987862332582454928
2360.0310380285638500356870172416952484
2360.3986401359519614344820311465748167
2361.0537175116533481576365037216159865
2361.7172105317567965914713121097943621
2362.0739244718364127312253323736302238
2362.5718034134091700263907725147855283
2363.2232323048379836962964334121266133
2364.0009370334463225355221935082595992
2364.2524958988813612882242435042669992
2365.3645094369730523911063660790692252
2365.9586142062169605980504770227252092
2366.8180772752633128834750591894264272
2367.2044010746780657442445156594605338
2368.1306437360517889856500776934136070
2368.5997161647282075142746334279586636
2368.7775247860912216593936159145537723
2369.3757409084825605381529819086599701
2370.4863816969785221410686649622281678
2370.8831198382490952015331578348334612
2371.4847979485831589865299169079871046
2372.2450412418609698189408605868115588
2372.5404428442979786632691508003952004
2373.2686016521242216306609194161848258
2373.8553438874297835254305251157391071
2374.5560793179238268863473746404181075
2375.0293575997664714864314673822141510
2375.8909284364325153546354949905366665
2376.8608763550112814116244713461077193
2377.2537601904319362947454606252328406
2377.9039466106217034457217194673882276
2378.5252944607345624679389036072974590
2379.0239209615619482556174437540893085
2379.3935797828974247278400737938285344
2380.2155524662677815264269211386255827
2380.6311994297491207014648390833875966
2381.3630909934356630316471348080847976
2381.8982160550166868245972090825344812
2382.3918909822310586825201317361372452
2383.5917383137674288154064250535366147
2383.9229934610362431206170193237011117
2384.7477210090721682257520709149637573
2385.1709509048914058497603231394191268
2385.8695305061818737406670671574070607
2386.5124320506278831750214870436301044
2387.0144575820526166751300327427767071
2387.7716795565504000285318299834311856
2388.2757019041306532780355661340358440
2388.9681113680881914401992193428550107
2389.6794461165196231626675014721747233
2390.0546434847410596010455925840184721
2390.7766923629042939109932604215274365
2391.0583393160788388506031550750349417
2391.8531725973118194836745195581698448
2392.3018419146505969403061123078355138
2393.2396978338776023192763226040704231
2394.3011504304693813737019519923836776
2394.7925462078155385348709894407754017
2395.0976271883250131216922454809655073
2395.8275038603084576699550412192526168
2396.7059962504859090819096904901093991
2396.8824833084295103027282349711200167
2397.5270734033762652711337923323682802
2397.9904357518949861531400641598035437
2398.6601396039466988315277761199250352
2399.4042054842316928982059710024259861
2400.3096976747466134152203300874501620
2400.6899565099067527301761995333511530
2400.9130020681417229808358362706423470
2402.1051539997451298081338914401107521
2402.5415008309074662047797730909792761
2403.2940926908348713643067620081577935
2403.9371162040649434497216607814308644
2404.3320471424219458413828028237739153
2405.1838718712208604966940907925615946
2405.8734946457873195958993899895435043
2406.4563360426501676309474007924859544
2406.9617432300120453513092815957121764
2407.5025603526008660459525995742789891
2408.1553341579210764772520961103603716
2408.3797247893205500085904329114242726
2409.3036383997230948215779406772020714
2409.7291094427465260696523930113562325
2410.6106606559719611095419166189970149
2411.1508449969927773073596937978487957
2412.2144140483554292860349605955904264
2412.9301077295379334009044354278488843
2413.1990485878032332388456775887570730
2413.7295280549812171435364635034560916
2414.3419479990409015049684925072142759
2414.9058241753322549408064343624689237
2415.6297601326271594962380138106501473
2416.0756011961580995933222722994766451
2416.9782950547048610596594588537352677
2417.4293664670842924321408860478505937
2417.9345430868034737388551957239855322
2418.7232755846944125834930031055176726
2419.2167389810004806883343127444026793
2419.7240853514603944133651752377146333
2420.6195802113694312663494908323057745
2421.1118246186554159867487838857225007
2421.8898502453770187152686401960933681
2422.8755848401334436674169748349948822
2423.0883877195968357503020789533453986
2423.9593766271533130758236232387658916
2424.2428184640354042174467964953330508
2424.7172229845801207260631747114331818
2425.6663770937217903380617451375551572
2426.1835127973554153375439865075358411
2426.4459986930064357127934643381815557
2426.9408797115204658513407224865643626
2427.9925288082433576030192056148169200
2428.6605456138606240757134390376600859
2429.2986408078305893147424771389320988
2430.1048891492614437917896630210292741
2430.6738093366529078465304947373747755
2431.0096473169285792046289106075832074
2432.0141396577192861150267832783104578
2432.2532046805473345918653722737009005
2432.8966993669114424830964970300875968
2433.5933727877010365687506635931021252
2434.2835399461409014170762247721089469
2435.0345911401276169933739952124672200
2435.2454418508208222425527542956599168
2436.2061278447041565034508928154319272
2436.4601276460255614503760766029746646
2437.2010632330965935494163386263677050
2437.3838889857415807562133761325171171
2438.7453853094027452191977209662137070
2439.2830824598016676702705581659347281
2439.9475167683906644963291900387785374
2440.6146800103655755237867748457327356
2441.2316068479973093877734221260884773
2441.8799822630638585605545549334842997
2442.2604222402801380970464456619618246
2442.7720128062498604454282391585996648
2443.4135839072730406433022812310548112
2443.8672645016952026315772099217587484
2444.6496264548586273590948373768362410
2445.4601469690038854909593593096413566
2445.7735536827134947997664757925092170
2446.7229209717531275959853982378647158
2447.0031806545327191680049808658312764
2448.1338029212423635985993058288912347
2448.4376281062350237320188942549679177
2449.2908110574376012659637667172157668
2449.6100574948859859860746095831507477
2450.2935508898302473730922302887305371
2451.0414908404455720704272566927264855
2451.8357915423621414642522603278512879
2452.4129211432829524943440668140652048
2452.6572308829013975220983619521758100
2453.2295949966778213814277655909704569
2453.9330778787290731279582304598182749
2454.5830391628240562346709688247761419
2455.1489198921098101249775270372552311
2455.4613878766045887811359745708178796
2456.5054369185596303415565211760381955
2457.4844617713447193881104286134222313
2458.0898869572757135392119446679396486
2458.5011996286714021320145925655877318
2459.1696431818921378451131067778766726
2459.5175118837657925147681026259271175
2460.3924797668600716510389983129901337
2460.6329969528007458096526415793288060
2461.3907539821492156827435588393434434
2462.0866317797541501629536454294880183
2462.6966915232704479796822515274026753
2463.2408611494902909289542409593949779
2463.8923945951136711276078497138160134
2464.6067244968180828924296902557648150
2465.0193487327626044208350017615571634
2465.8244424540661909067492195129580245
2466.3563053064632254443502292504228201
2467.0636435850040029759069353636796431
2467.9725464705272001097151648351503603
2468.6226822817299370580842689232341105
2468.7743242567484840331560930329353311
2469.6137126673688737479262764434361579
2470.3212502699812845617299788804669633
2470.7544770109109537465642407605066994
2471.2701245977971358867489106630404444
2471.7941081911062339968673418830079937
2472.3230820352939446572916224406544066
2473.0860600440348080598878860651053373
2473.6495014380748967565551377170251846
2474.7306426703731276277607464998741440
2475.3548845694539874513103841221840990
2475.6659557781965496960710569705489101
2476.6507519414263910257511490839893864
2476.9859089782792953940723223921339478
2477.5469298240352641231998144807951296
2478.2054936553577351662938920557012991
2478.7976362750074376834055999101918782
2479.2563737477922636846083592779480576
2480.1345642343680665550657625809732067
2480.9323432105388935952014146926221018
2481.2083758275316098739030815762759255
2481.6979710860587831203584299513181852
2482.2868165314864084138365026957280811
2482.8980151207897034473442021728480665
2483.8921004341146938818895025031089919
2484.2814845610785534584303149774214894
2485.0914491992133728425766069182924211
2486.0886944146902956227529602182887229
2486.2413153952736932862575331437906516
2487.1162850663202356615665304733959971
2487.4878610627082005634418020624358047
2488.1504147060998144638039920237319088
2488.6282218131749423961410123366798114
2489.0215409403393435396507389917803237
2489.8405472565014539795880296915773108
2490.5068713145254847221920909090752878
2490.9773068169810547513839921762519916
2491.9654446275845007436877591431111817
2492.2169235908360868751912636328007346
2493.1357107394060798129573976956259796
2494.0365105898541847381524176099398819
2494.3730644774698181868946054843007030
2494.7669517644605184868770632801321110
2495.4065100328387095337334133240448634
2496.2050587442468672117996753422080988
2497.1058178799880958529816817395028069
2497.3989462201515088309839550971298139
2497.8205723386444254154452558338498944
2498.7292844527317349962465439698166067
2499.1736929080269216666005985894606594
2499.6033956134606858895786560402329682
2500.3050605179251654832025937011803697
2500.9538410066773128062217899655911104
2501.2951683398725060248905785232217155
2502.6404132205185027206735495822183748
2503.1819150926893168474312710436032416
2503.7787580510772444363302827442648925
2504.4401275343410510391107036679799815
2504.7899955288259297191678486818632832
2505.4059177585525452760128321732284028
2505.9055223156688289501982413557252825
2506.7496215654428988964581420403177746
2507.0988308889152928898574015195547273
2507.6658948690986384819247621374181429
2508.4980605688425902317334409936753521
2509.0260780243248268325599703430235881
2509.8778948870748661108929521527975225
2510.2750233449223886463331228167428567
2510.8029844691208089023083046730663499
2511.5928496582021579444989242845586112
2512.5207036501355254965208013799987734
2512.7113681466897557037277292717987096
2513.5750546926290781631529253642745265
2514.1962736658660083809573176592177737
2514.8165742879570089415159587118069028
2515.3843037826658827943369020551249361
2516.0487290007997746315376550731509293
2516.3621735686678381212602141989936659
2517.1687993566508350839951642864750582
2517.5186195694465648417500176326278158
2518.0204564570191630720890633474693521
2518.8015158705427951935558947423563984
2519.6511010290805199532971603396444885
2520.5605787079368400984396720738426195
2520.9589308601355372123482279481695786
2521.5810556597178782255167756300786068
2522.3671172927947607264227524186867163
2522.7976764734286731520269798825238095
2523.3100613406059785959419909492032153
2523.9648316549165527840642967498305170
2524.1891327516856535822663712547673363
2525.3629598667383824661436558464519040
2525.9155672769692344576827228302946244
2526.3594467610897250748907814032962974
2527.0017777481038685053187092894362852
2527.4048337844124769026840263899330064
2528.1818834028472916444433529373836880
2528.8847895858980787098003509390725753
2529.3101695021471340442205696393039489
2530.4953652886099347166707922175593817
2530.6500006349759479179672967971180293
2531.5444498271058197091605848288829115
2532.3153694494620854088895470026412720
2532.7744414502108783945568089694530633
2533.2256837558080441686641495815576280
2533.6755570965393106360554914070613910
2534.4732140560684421920464891904697417
2534.7941914668938558531052514380594363
2535.5201561854986758098847838106175782
2536.2111197481183863117067839832173824
2536.8116957905457764817318195875336169
2537.3402797904003651000243508373062602
2538.4266210542368988730004113601393274
2539.0709104392123419609730325540406371
2539.5946643999683981424751492222582109
2539.7635153611457902088583842690317281
2540.7543163593849558381753032297837005
2541.3041175799155884320861181400768347
2541.7321656847475249264747530376284871
2542.6405395496657490072291690151085479
2543.1924539987745039474083447460201528
2543.6623180879670991973726589834459752
2544.3380114175068342282760074660001842
2544.7974569892853297473601721193620875
2545.5110440110541366515126829820883580
2545.9996442094600141303782493539373917
2546.4619589076546257951864829800611691
2547.3069554841575680901711020328543095
2548.4104415103717440954225693101195129
2548.8526125434550141491124256683768134
2549.5703532095152109110255943327105698
2550.0704947712627355055935770765889371
2550.3002475655717676432464479931860882
2551.2996052083512820120831255714913156
2551.7496976755575940584667331626433324
2552.2259033475034137898118110006190452
2552.7769210787514745635800973700110582
2553.2500198743534856602824646500664101
2554.4814113049231108914576716170074705
2554.6993031576057924703882484166317229
2555.2992298744445862959770050583222855
2556.0877124782427359850808459666056808
2556.7035453678944870008460472247299195
2557.4740477684944557113959847061838186
2557.8147470940510986435160075051322900
2558.7977365874578512149852047060304317
2559.0288460934642926511448387202492926
2559.8522082691402943510293385134966987
2560.5350694256615307214500272697199552
2561.1039253251351608349009140114197224
2561.6044636520445046225927575756815762
2562.2244430388202651274026378852719699
2562.7345557431430058405946555615479711
2563.1054361593945819330248670607139844
2563.7433659485007077767575930293637608
2564.6844520693277310067644562601825660
2565.3096567107627905290918498404001720
2566.1017285847930867383300811122367364
2566.7874447654205400602470229522927248
2567.4684282051323435812576803612791031
2567.8389354251277333520991406964131971
2568.5652919167607420673658140848466642
2568.8408395509270556196944648700919881
2569.4561442481589728847011796189377458
2570.2278612420519218883102872750408205
2570.8219883217169195428337998112090370
2571.4863004206862062380918498238087192
2572.0964188748464131288907217280166304
2572.7922384372862853828149366628818443
2572.9675628222571245436812332960311386
2573.8745130062637674918130213831917362
2574.6402192953570409936101413265379603
2575.1883868833233882616418214940554747
2575.8244101654011519212873012356032287
2576.3922513384614846095454200364539090
2577.4830505028395056070389458706331109
2577.7663448148675364654826534994603406
2578.3808164081729341493634737721948660
2578.8098870378917227613460445068587302
2579.5439953493955237186765874354326977
2579.8141876034325384176131279247175542
2580.8039336268022407507976550281436905
2581.1754546279254630422885637704891061
2581.5232345102473392066053463484609057
2582.4359437708661530929359355427242335
2583.3877116729029596053397332620417376
2584.0369426205236073448669955129887967
2584.5160094253520758668779975362453235
2585.3367334614964588002332340265171315
2585.6082381394463137893540361677575540
2586.2203418934714569977025518757431654
2586.9741978637995441801525996607284550
2587.3528847623364160472436735545895577
2588.3374874139514333619333477200943418
2588.7226439920120653349769035277242774
2589.1965270173713061074535148721735789
2590.0552693451956775782431509284536926
2590.6930094669337296516805940498460129
2590.8944245492276379174088286107494505
2591.5732702858809708343753501537676491
2592.2440960248050268713459744187007438
2593.0429147940142873037201643564413751
2594.0544268769930075263661825034836099
2594.5443934214087226912631156955673939
2594.9520391616534223164700072207726537
2595.5642909521739918265491487700887425
2596.3724723613646144893101648914146890
2596.9861613011477061640128825406570164
2597.0458519712700604921689209624004099
2597.7706842086071497126283872184270083
2598.5290144208038412071891167811352134
2598.9734583911449269559220758123696830
2599.7179054232691345387444960338925417
2600.5739935695485542806864652830831996
2600.9758279767230304128374353101427712
2601.7784136184344826031147529060161585
2602.2544264227935511328872977826369752
2603.1782559102568479481383748655833638
2603.6536205330071325373966056879457971
2604.0246535902535658451279608410419271
2604.7332266235253991800183853724703640
2605.5117158417475504735748061241850212
2605.9975026143670988004662727361315747
2606.8850340444636089340494196062709074
2607.3226153726319063651154157883046667
2607.5928000327566694205140833433690047
2608.1422828906608401720377456839927188
2609.0021933327727841686331903063625626
2609.4782097641837644150256906033047310
2610.0681377198682105159738874684186177
2610.9616602712394235293055509853843879
2611.8441269242867965944442239088736011
2612.4003638390772494000054016051080180
2613.0880874884286375065859701559251634
2613.2732701449813558576782401926660080
2614.2881908994068985841884393209227421
2614.4615867222765778820587244377427762
2614.9787836552241335806650708522539575
2615.7506988130282917296988285363878836
2616.4377982728725840817026485576951890
2617.1211014561798948262497149341724862
2617.5970281897087172989414599730270236
2618.1497251637014459738206354843657251
2618.8893753803510214017089916635443647
2619.4933825122660286286544684837057048
2620.3258635681767750568287019354257483
2620.7669817032415560490900472372018921
2621.1998562453866474486746090537573653
2622.2382875846420363509657420018977376
2622.8772199959168441166867373337573522
2623.3698873241851631120225913356114342
2623.8254470907264886306043488619647486
2624.5085449605542160420234911321444529
2625.0863110728758326294938930229122160
2625.5659723011149280097443547452921799
2626.2354272676414598006135481976525658
2626.5837369631385581371259588672025521
2627.3101510170079349692886775154373064
2627.9598550708766314075042001964444422
2628.9656438240815136152336127872019398
2629.7155933800500108778601886815846681
2630.1392061774431043890444197754634504
2630.8417844759794044953747027499817000
2631.1231090113139452474590602309980547
2631.8246332250613142317634288872697452
2632.6498439450821974875703874318141848
2632.9336698804117706829929427857104049
2633.5715393356682631038259475276416852
2634.2487693168669798420599290725128891
2635.1339808219274416154714031787676167
2635.4256111972367708377188373090280306
2636.1234178579606402709929904055557436
2636.6467000591992840065592889240318131
2637.0270768054666766759702175932298012
2637.9432643113171168082812375895482314
2638.7574832933544646287312521339834137
2639.4310358384253530666289436358605634
2639.8416655625240496063098226515157602
2640.8962078644108428199810802846958934
2641.1198104269848539048336556939040305
2641.6910028382427388196959985496650072
2642.3602157561400730502740978931910117
2642.9679829532833627696308286589206164
2643.2922967329481429816028369782558198
2643.9699080943859167118400641416356050
2644.3827578670096584362490723217043601
2645.4896077810103810323462162679115825
2645.9833517792161648661245389006587403
2646.4749201178098383226374592689159647
2647.4104210924012947797814215343942077
2647.9428272157634556581962473797962607
2648.7452362335937717131561366523339293
2649.0750281426588578172085597832534248
2649.6204224438733749979518356141548983
2650.1416143089053104746596666995379179
2651.0416455229057520399485635807621484
2651.6425758744760742447598073547971432
2652.3214505467906867104354559734945427
2652.8251957409296894673425620201628732
2652.9735731119731452172557779231035829
2654.0321550560020235711459761039811191
2654.4943351469415756062360292788395518
2654.8054128020117498767333414066679681
2655.6973175851804515100336940284489427
2656.6338971319453036599128502248187822
2657.1313341837626970244708414048529286
2658.0426686614913664803799787340913693
2658.5023214931109608219010776963702758
2659.1144838828496615235419527648444880
2659.5352523581382036050081706057408586
2659.8539089356819984393453805219746899
2660.8309972880447882325246588876854521
2661.1986294857775559355760169632115414
2661.8467258280572909005965540065478228
2662.5057282788335157438254816181552886
2663.1995889497816514950644661417159852
2663.6126754879471591529097801178065931
2664.5340660709508294934624945884057165
2665.2101518572072691585556198671330230
2665.5335478672869931706013787556739225
2666.3339205434098887079246762075199892
2666.9205697084917654532812701415047636
2667.7677204495817473924898696589326732
2667.9794817446525916257350002078255798
2669.0639548038193308222181576626422630
2669.4803050838947337648357765174948668
2669.8047536142721724624033063084291886
2670.6340147881862981509968356478646945
2671.1153969621578370769822472414383285
2671.6999362752340687906307267731381871
2672.1870994864108201216162505053283708
2672.7012755513848827964425032102645177
2673.3965878826426697868566555440411094
2674.7086617052037174156274731743799146
2675.0822905390273273084486592469846142
2675.6008981631499371618537441272126082
2676.1967577470283189982222442021995333
2676.8980901417951709394189140373085180
2677.3216650791098483627459098499079057
2678.0093918613816110206796139706433056
2678.5188296658742453066137038463395842
2678.8378729974980337672093699276750335
2679.8720008881909548377825629618048067
2680.5043397924536664978197391329251542
2681.0705192541086476204986088961012249
2681.3867337286899701410306105523557216
2682.2740071368935070512776382857263409
2682.5605852258893186037259002235344636
2683.5608756391695466305404120684421900
2684.1045539937884361621919084539916553
2684.8042198986542252726099742809203688
2685.5958083611358809356779900776682936
2685.9506238540837214144914113783247678
2686.7042453682646340877906818917764018
2687.4021630892728174910399517933618846
2687.8182739073771174511821324543772526
2688.2973525980263368286865991247657639
2688.8035760537148509052174651239117899
2689.3490578943701599852015188902655996
2690.0627682547240644525763863554306261
2690.7904273968679576635843372712129966
2691.3509845777949264585864757199777873
2692.0305393530554185573331526759395696
2693.0038395937226877947320387317824931
2693.5502432537801067132127651182013434
2693.9301177304588315686218086986602748
2694.6967305275387359816035610408897943
2695.1242536651441306280921952324186596
2695.4905635762961573876900338251426404
2696.5970322691240188303014230488882404
2696.9531712197787348273666543460374329
2697.6390482886510456858587522194620160
2698.2950731592829231951019301321481014
2698.7385566676217172002343155023973644
2699.3118739582319543762182801140208593
2699.7630654892039420330531785462007755
2700.6265529741121171365554020962233542
2701.2629279892015697421965802265521188
2701.6168220751762971085794572387668052
2702.9288263506918708890131519476634402
2703.3622692931196136540468267973650832
2704.0035863351552146892109638090158565
2704.4220845879623672929343082847444569
2704.9284253324564513945081684793403921
2705.5729350154421250475260629771894953
2706.1473492439817662456672046225520500
2706.7133802897336489449435087351170560
2707.2413805255196923468545279530674543
2707.8480810871931899647496775958283659
2708.4781025306446059888815628011085596
2709.3804926444115596925251340963771926
2709.8790352046943660219541791797015740
2710.4435597080808647559072959392583269
2711.3137298449527093045977751455739857
2711.7828347221583707354213863121588126
2712.2933185533691001479173488715627856
2712.9031216357007290501278356415935837
2713.7916628822515970773055101229946692
2714.1972857018311216158273941543947939
2714.8827383015950223734461719638340179
2715.3073366206029072861773125882762846
2716.1286720444344509214320005711273944
2716.6307298091477841396383840703314302
2717.1797034127206860664163805693728375
2717.3953289395214823390880423231363682
2718.1754723619982314443758029716438091
2718.9373221379180750903305555118578936
2719.8756578114985938678724984030185994
2720.6303503108917341658565731257372495
2721.0848558460976084864773461966411262
2721.5387575953608639242622921676967241
2722.4640977662103366399286811228316840
2722.8166717713114072966346828693896682
2723.2475689047168322491152885811225435
2723.8235693493752671954262016585730946
2724.4791154655663821000218412534757515
2725.1329100108207816401873809000698880
2725.8153512271317971731279487622550146
2726.3989808448045141483654218922261148
2727.2360027564869276682109163984133147
2727.3841539169772081459148867163443484
2728.0043934381507965681490086285392398
2729.1318104588716921671222690439546970
2729.5672533713380726386107544909581925
2730.0818119030177166552912349871498512
2730.8087034407354825127111823259116114
2731.3900080397054221878894264972020768
2732.3256174779300538331248649249569105
2732.6444757210050580285578438669408400
2733.2801421243256338282149851660669230
2733.6021754257195523104461003500876956
2734.2677071224155425901481980610204651
2734.8415348040262457556282408267164400
2735.5105828133790966866606334631770039
2735.9910771684286628698422100842340977
2736.6404924112186938066645613108278776
2737.6422634748466569519100530737006210
2738.2552060155144136430742987155579045
2738.9810433779133630350438593950674597
2739.5152119500704459952450944104416228
2739.8621177308349419326948408365196346
2740.6327533510217633494619568835069793
2741.0304460314907108687008820899939050
2741.5780024772815471771731624052260792
2742.5449042678351998732002732871982443
2743.0591002182942379954910905655894017
2743.5180432915777120049449675339436651
2744.1308211220163968745973723608130995
2744.6605212211294540710218059917175358
2745.5211399842309785432604020478604702
2745.8690345641086550278692393588857474
2746.3689914617402364044178897711442603
2747.3004543899728948024137480669021991
2748.0353468604325350835371025297145525
2748.9475231236400516605566831599520548
2749.1477872729041369641085132603868714
2749.9222646420455558992413877590264527
2750.3094565295737899154617345373629931
2751.0032245151514999127697062148698794
2751.5329381360468652376535878441214441
2752.1391511413500913882116430435296095
2752.4453959257658290485953150511066738
2753.4115989494666767008255928942739829
2753.6010624235635408939449308544426405
2754.8405896287114021534153330110471236
2755.0696052442897630410617557316043639
2756.1179246825022019928148181819749697
2756.5673932190970296993606001176183384
2757.0838896095834179479091821260693984
2757.6559816593476386371476586871582011
2758.5120175344585107014921567394955859
2759.0233211223325957323050871034374595
2759.2919850050870063297398816807905659
2760.1830598699594850880598193815961707
2761.0114794570119614842943742723177881
2761.4201228387862849098204646152044294
2761.7710109361381788662667116696524526
2762.6531767705215213505692779551502541
2762.8506140375102466008769146213991760
2763.5086575835513830621241323748329031
2764.2625995275228525241472595310269519
2765.1304405314268675677115652179706636
2765.9114558278581095734313196854227943
2766.3929441710814575548653023118107504
2767.1774032462265814590142988172344950
2767.6031797040170612650130547686949045
2768.1568656230701684671410040808653578
2768.6487379617530796294083106276266364
2769.4164715252796798016902273580988361
2769.7436377775422172926335891400873554
2770.1271358245640669947765648310356274
2771.3859416189292437260751399365720264
2771.7325881981462573621870395318249644
2772.3278373614413195539870508404033850
2772.7252877187702500071288145166769220
2773.6392405831616356807424745851728131
2774.3928836052072091189426153441754552
2774.9198575376948551071362921229163020
2775.4187904062791887254980589654223465
2776.0171354440069684133337774716502768
2776.7402871881162018233893968765927030
2777.6728448694361013704415348121931253
2777.8867246542938295836535330749286026
2778.5868052141252174264671113360871543
2779.0667187320551702044532992571708786
2779.6230978972037086632493695289949312
2780.1759433645736759525203021403367871
2780.8256214328934240189526481423674339
2781.3364938028866828222654384484576966
2781.8283712536680157700998061481917316
2783.0811383410274790336534974886917447
2783.3130124011011808703137324349492390
2784.6296365697447003459214724359741612
2784.7667134789234343530675046094215926
2785.1717901150626434042720198245131824
2785.8244415313632217046515860216071327
2786.3672088163243080040095467060987933
2787.2061594818638728237399973102879663
2787.4776530500775422816473655789750685
2788.4601439501853627149248754104496148
2788.6526581429289527177786223254814111
2789.5566287291154993483018287630848335
2790.2240605268957043861881852307787214
2790.4909672857892225420470569530200353
2791.3817506355829011396918126362286150
2791.6855318191439158165106069837696422
2792.5747084173250538294888888497495202
2793.4046399364013298332876493103665352
2793.8192034190832728981386200383961009
2794.8266072817330981439455248953410118
2795.0411783323785747796429496374840022
2795.7675975054354701969028901940836539
2796.2444015483375362168013730832756283
2796.8088321175096647538758161744858903
2797.5242163212243036841462033371068990
2797.9558751377098215915871181833538897
2798.3010273015053878607437047954931002
2799.0934138845052798712231712611133620
2799.7738408168731004185044772620428458
2800.7546814180549907833965365703709087
2801.2675561221435412311020690881455783
2801.7516929259347938605261730919296197
2802.4703531469861524321683047313229481
2803.3578571912875099635172492684904333
2803.5078978126794299079945507645840431
2804.0808644912737190308301665118474279
2804.7376838733094234539844217912056856
2805.4710003919930385083889717933104606
2806.0996234634912807014735005611664096
2806.7541706401185530909759027479906548
2807.2518710310484329587933513185468546
2807.7955827141322768604188969193528745
2808.1906211969769181634652874080373874
2808.9664438847456254753759000593473214
2809.4166914232701537775206924454509564
2810.3372682606374345619634130100559056
2811.0785637102460649602259010267604326
2811.7860024320828111165558211351012236
2812.2765412781538434917492404246226851
2812.9493143135374399879047925044583902
2813.6219387282501185472232390836980668
2813.9741184390734063733716633633622256
2814.6119715852485351052339003373637495
2814.7997011678267862533729329385123140
2815.7088750228310215166211033414658592
2816.4597138364269126825382798135978141
2816.8692160292325544088899976392116395
2817.5679639690426321929321248999857571
2818.1475305895172288096637313734970098
2818.9637256334447388558991674158873659
2819.5486865433983396711504655393175910
2820.2732061931466258626929355490419997
2820.6863646116469049745367239509076426
2821.4058445337859063227836833035550040
2821.7424824538833205354702660713254686
2822.8318440910486187996361418306948796
2823.2651590434903925218810002669647081
2823.7989082873027903935789175585243861
2824.3624555866474529010950253876728877
2825.0656312846296075553800488539287401
2825.3115594864311236741703170721914869
2826.0522253453618981545760409132999544
2826.6883972791104787398180425860414348
2827.2676741532915707811455019863965075
2827.6253749687923732756328518088705110
2829.0489759821226138084987543017744398
2829.6758353137400583314080947522952385
2830.0044493034976904494079582836237763
2830.4319869350753425072085133882526978
2831.2274936485339392489448924409022794
2831.7390632890844153082433607436150287
2832.2597448928874939415512796271691696
2832.7944085072765204474270369751393116
2833.4902240210116237436771175743295384
2834.0011296303481247131979480734693399
2834.7168649004312926283258600057210932
2835.5336260560346037554628860022061668
2835.8096103655730821808101154745031444
2836.4207257159599125439376155052416138
2837.2489539006390596632418815616628392
2837.6784094975345077001319938156868792
2838.5516121453085790310982829880414597
2839.0500428603389151275090436115450472
2839.8955566863894762429111833623856520
2840.4795752266491073609686055042770055
2840.7912154528013197090540892163434815
2841.5900173405700864954492973741517810
2842.1833803406689283693677793111575774
2842.7404974943911312051130491246891298
2843.1993826147880755599172404546673780
2843.5043467519920702622459234611454990
2844.2674309194961818388060586501104782
2845.0395898699068811933036993586485696
2845.7154107760511530954590522272892678
2846.4636361005954753193212305871922405
2847.1906661082690883992857814694812119
2847.7282559415217412335185940301319311
2848.3479902405450580672642008884986080
2848.9909113089444516581613872310095240
2849.2639692271091029316180623406749600
2850.0320572993238089913421669336190602
2850.4610379667618077386438464334504203
2851.2890493228492321693567707248422844
2851.9631290692910465612548364094925312
2852.4826040402769599535092931420580933
2853.1068871129978598304074133476572729
2853.4926967965886987902447863147302793
2854.0140911324449622288286235052617559
2854.7664328678950488061332647552526509
2855.5333021738831154386808162281815913
2856.2173789389971129086039506480499088
2856.6655282182744609435757967272685982
2857.7863314037414656690147000349546326
2858.0858362945157582896414848423048702
2858.7882355786153970772487573249905766
2859.2876498641243569070917720016787379
2859.6871344212857716183821881257600283
2860.1494471087639885682217615212085688
2861.1750972703604893988816537746659950
2861.3790040140832253134681040436474838
2861.8676447719819377314817482374849949
2862.9277736480670194199054165043852333
2863.3355909396113347027344322100456339
2863.9445357905840249038182128033319711
2865.0144234792205910441010022238213843
2865.3605426001050142538446064928142757
2865.9448655980963694512198480744100257
2866.5732704552614022636217452554536196
2866.9835216251955369961046115194331764
2867.7909789872714332814451695295371591
2868.4176128213633951270610954957242065
2869.1564824338867991276914240286277899
2869.6263562211966009653727967046211053
2869.9055692535939554773856503143029717
2870.8148204105928038341060797734693133
2871.3724574306375320403997040910660096
2871.8162535849372312324653433318665250
2872.3320240352026979656359814230214913
2872.7819685641394282265200053634102103
2874.1466580407765695108889065214031532
2874.6000827417859962892081128268228252
2875.2978758186482552630403233032723470
2875.8309805977244822998435871447175332
2876.4189534440432912000609489424654245
2876.8319739823633774362668516409991578
2877.4661563555109600391594252247565896
2878.2318639641782378746335298768039195
2878.4117620865117464741089240694427965
2879.1239668353545513725196402352372392
2879.8925734575467250480926045161530875
2880.4511468839140080035860718444352378
2881.2543645170973229728556206814575607
2881.6606546270281744299357998825238041
2882.2283922320715268075919146332859797
2883.0531159009672846404871500101343589
2883.5167129019152782754683575855996651
2884.4309094289612936674919866200148053
2884.8733154922957380177961644500930883
2885.4249346207477881589211090674837510
2886.0247658727430699921700215145374394
2886.9236636457734553431096250474196789
2887.4309595130931823687902916602914241
2887.8171432270686329372525089081383372
2888.1483694222748530045832196095124227
2889.1490397386367520908977869746185434
2889.3779962622729812440724823469845370
2889.9018087576987891887378704641837308
2890.8391944721844747092612144075826016
2891.5428044436016260278907686156755853
2892.2895360406392321928467551226275041
2893.0352359310414047493012618619792618
2893.4261975624817264754460056207213360
2894.1645160730605175048907359661763848
2894.5579746397095062737606440463871004
2895.1957232932397778829686898414940654
2895.5905674755005035296477387424879785
2896.2212604643827841770090252967472240
2897.0540008459897041793463545529870200
2897.8915092993157662849381737912045683
2898.0869497411914712108591339801564878
2898.5875926735865469299581473079458188
2899.2560782606200408983915124896784194
2900.2004601334163902712443940889844485
2900.3515023927779485864049967074441493
2901.3990557210575885900873359919585799
2901.7146122500739811331144255954096304
2902.7104362775471539816408990674201275
2903.3701948811419675629663371331852304
2903.9214917266333474709092049431523155
2904.3134028380969978015423623385179598
2905.0778698726871047541867223813260036
2905.4110543805980980020089561916809905
2905.9972780110198011596869065400368895
2906.6606336191588602354853845028818867
2907.1390620159038719227493616744173249
2907.8081497947297972907553355240240143
2908.3860703722128499957951105861779115
2909.1108357049155498151091181500022170
2910.0631440043950061630763926444849950
2910.5541521874964685807996853612292059
2911.2208977817266095998705962857910251
2911.6462934868273382395945507665795326
2912.0862885195832295439129251179749177
2912.9089455723860632776791666234732411
2913.6906033336767752413676229250744728
2913.8472669872055102813055242761472211
2914.7337890972691391922756732508169012
2915.3433917743181934466866684847172200
2915.8159499301160825944426840712742517
2916.6210261885171443646421583763472574
2916.9340027515063296169676041353558660
2917.3276026505589029848187410033676976
2918.2027397169537101896708229729721672
2918.7195627859436683566013707004063132
2919.7643615328134980067872194840600925
2920.4087607916013908798132292157128261
2921.0400416965099165973063090295310025
2921.5190305167354503832280113163956646
2921.9129664042724228149342290034434142
2922.7418784842363774542166936937424564
2923.2191445419955643137634546871500624
2923.7963445078018808292668475041640567
2924.0605913314424746822144723277537785
2924.8574042820962011404544835582681288
2925.5131728370488303885025248986782923
2926.3117227802479330828442767391086532
2926.8782077109688905487641074729872874
2927.3785506436865616600233573051386343
2927.9040070343690958819482435650414178
2928.9518625842992616925502377179073741
2929.4573268926931895122486624382422152
2929.8780005355960949251919527348055357
2930.3425604291901147929254444782005490
2931.2784065174539392325562265116292131
2931.8769845109374235272473389315102886
2932.4469796622609481669357334507113659
2932.9030329061191737896857043214517216
2933.7145241375313520729108492031936860
2934.0367597061417860368113434289196434
2934.3844309675293332938917485151268439
2935.2302111970769106582423254390683650
2935.7340341796123060908029005164453489
2936.4802596391824337395385333048644204
2937.2446022716957259306281059183368643
2938.2539475806501890956292388985027272
2938.4196699585863801832292532299965341
2939.2865908673464554603133422740407616
2940.0019695412818083334052389628412779
2940.0867822735886984702317574950629128
2940.5905402897173516665863252482724582
2941.4412068964029198915304015170387216
2941.9667022649250556060117727581895665
2942.8021423155119750146714117019397947
2943.1736610993691152178823717892404324
2943.7853450725642433346775560603358651
2944.4403482860384008081335988436582975
2945.2042039418895147057206327425449553
2945.4380321720171138834017486725075950
2946.3438591245710654238641663093199550
2947.1134089314016468090898405593573457
2947.4015956308143874686152320477577559
2948.2661255520945411039688848925633089
2949.1094835315257795365028737204175289
2949.6377056035048318059813178078593920
2949.8521102166903902229482098664967882
2950.7628302475830634630964014315330250
2950.9839999929714131613533470693555305
2951.8707132645809471506393952929565733
2952.1266912846093383257309613064277067
2953.0485255203963959315605588428817899
2953.1980458495271769956240802235851163
2953.9613449251636208603721797960168553
2955.1221386393277910683259963195412546
2955.7186552711487005713683787367967962
2956.1568690863178908601329360397933826
2956.7397088772815986996448873853838700
2957.3340213548470183819344863630969993
2958.0778981360558781121948771804264596
2958.3992310353138982083808987468242353
2958.9916702072491941208838782764792258
2959.7392067450675924466678915303629806
2960.3520609457632521218349200541310813
2960.9583660414263002912570125102422668
2961.5119434512655917544001288284841200
2962.2340072372067136702925412837463950
2962.4754347422864005721390325981907976
2963.1600848745266098184436249106316933
2963.7838353142035954123641640062285195
2964.4696440063274647013156864086696280
2965.5583324447236381822059605078815284
2966.0915007764885687144516191692061931
2966.2881682858804750288841684773514747
2967.3659815704110518653254555473350521
2967.6479322557564619835907511354889880
2968.2948374224679253879071649882766962
2968.8882406005155654783809572739145849
2969.2906006400399068991424953845762003
2969.7482916494188371100748539623761233
2970.4076735542768189553697321820938158
2971.4840973697668592219213909508134252
2971.6401439647408059162759797110730471
2972.4118079182771074032713634798488776
2973.1122783329702476890928643407837112
2973.8866517411152594752701435781819575
2974.4294628813631844136281358070503136
2974.9816546018630578332878472362664434
2975.5740598326545223599729872050747633
2976.0853520797304798421904972045391528
2976.7267545847786840328087388862919116
2977.4218000765056306699666979049416936
2978.2291695181637955524153663844524151
2978.6366923916835311321762293268225774
2979.0271307040544252576043240388967716
2979.6458083930239530334376334152205973
2980.1386762366492657926200634562236410
2980.9503368247903511829417987831069345
2981.3186769371003523256121397213394449
2982.0649643462979052473188864108924349
2982.9280950404419361500019487652228205
2983.7368635956706927026433242117617592
2984.3514136961736713235534744131809605
2984.9386884214927347387597772202694905
2985.1420293590212956550350314849563245
2985.8241439679814593987301375152229471
2986.4462880045233680076845840346899425
2986.9679521618396275200320584819405020
2987.7368888108675796664564969675413214
2987.9492412533769171619667026891971731
2989.0095582025446721953389320194417143
2989.4872565196727648666466083647835195
2989.9366135205988403861360480201470640
2990.6034923046938213165301039898180874
2991.5179317448911050255769861020705030
2992.0567572769543455611978901580785394
2992.2439549798787939139394873904075499
2993.3424324223878597565488455121371453
2993.8536003897962091364346372495150037
2994.5053093430553623403923287451342688
2995.2226156916105895843824343965566320
2995.6638172392050640760598348969550146
2995.9847830165582626773520277933948124
2997.0082107469544561512877019640648496
2997.2289758279912452251196047353693079
2997.9652731121312512276522794574492207
2998.2894582690826208417812991332339500
2998.7764776631587161704593601008536564
2999.8942987953207761907309985513699901
