# D=-8 L0=1 L1=1.1107207345395915617539702475151734247 Lp0=0.35636259543033337478635998133431819093 h=1 w=2 reg=1 chi2=0
3.5761548367875890755775787299580098400
7.4344729573702210139173908461584979542
9.5032019619729089785459887309369878814
12.340501159072211553061409305630281294
14.490971928160547250857409368237522774
16.164693667563409843098568709673831590
19.086441660064803947693553382423931418
20.073638423068069255402952095046517577
22.374667568296088858347184885525254989
24.419648220060609366715358420431787558
26.089470593190540959426835382352725483
27.518125914414039481208766018249824539
29.857791921026421623346922599858273122
31.452013454140380797258865310592512731
32.532334006574621208716868461324148787
34.982567537128720183083480581247225691
36.231160339954719238106652961057061015
38.061740080800240373172622379630084675
39.167506812414902967137155281025975474
41.539815955117998830773604859819132380
42.752615477159649672801727607675603891
43.934615276652064924066515033950577713
45.951033588028170457759602899310073429
47.620979887756754917856324987190279319
48.740687932155340227525229304101862067
50.341527477163427586860134893521709769
51.846253935910558106236307175934128767
53.922978129626126217475051639551342850
54.598651091570208469802661094510126282
56.072913862353541636790907453960362971
58.371687205777147593915517195278112719
59.031302903213283962388172569912013416
60.895240923567974311471435699015117772
61.859647040197228512379695757932584004
63.815279338120904503527441712165407400
65.221608240407360273008035994442264482
66.410792663812938056393748279360400025
67.521920364785320364736094816802060400
69.629807203171348422121035025694462187
70.823297284593631452769527957751613938
71.784948504178312473089631419016629931
73.515503777297685232713892452912708597
74.754248276820451988176614037744593188
76.510203721472320961661155558084929264
77.702504144285513635183939703274833015
78.453785307892646365070270483655888676
80.543685022302295281550005503867355399
81.887330799939675925759305102493295966
82.924375195664220394702283627535809109
84.187000928062170740865848193897081289
85.720196633274501265495084268032183222
87.254020252224766137120490969182704573
88.350155359402588444401114192263918840
89.884242680635550460790727061818858946
90.487682483390727638415230180936667818
92.919721637765676278527853910892065366
93.603472197219646328437411049983966880
94.768683479682833308312657505403511874
96.216676963681630520782479519126648607
97.694000248628272371010229173879798487
98.942128001148531016268657471157722493
100.51799521420975316706462948495886148
101.02373977279695095010888881922397746
102.75038422781873393518672984537369235
104.27130423410203403355435371278233947
105.69576741448721216391178291366518809
106.17820413031686863474561478908402348
107.78888285084195638787357864301462715
109.54255170726158997432249676473116895
110.28437049301521558565675463351496478
111.92384005181199708968969512514937901
112.81922606739391928006837350714616692
113.97988777997427654853012673770252366
116.05090942891209217160774405953492466
116.69248245921728327880949543686748881
117.82232956599018976708032778119533678
119.14499271189961702806179077785645525
120.66048347036281810957750262294474968
122.01983439513879781683226415813479154
122.82975446642921681797650808279351941
124.32236173380937790495247936431547240
125.23253477437834652375587426787989688
126.94151761920743157842141013905504348
128.17539021335342949006836887245467789
129.29208110114908554700106791250769365
129.85324714364343998097785050991575984
132.12897166496047723198617808708836511
132.76862245476150178388570184517934133
134.17190224724574032682479142597478209
135.33192962304662105744344425329860200
136.31041779073018116759262654799460737
137.83122349403403571159491730960893993
139.31021422483796263695393134876920700
140.13181480690170800618179068047271743
141.21807255899434661978752819875260339
142.42154349482113916286503680049051085
144.25051138689680610982152701832559443
145.05099920552247589293562573135530994
145.98602638538582174628053295776566942
147.51979540035238457151632445222427556
148.46163612591957448126081379931756674
149.94050758715224924856370397544971810
151.39092077922099783082246117764254793
152.02422272937757059033622710943683984
153.04841350604317316396234734351328574
154.78675773712811632666875908272683258
156.10245083042202382095960992964558297
156.77162534065699595362875916595999335
158.23721542278308871518342038793617254
159.03937384120582246865127352954948505
160.79166920159699574827930223326579539
161.65040333729360274893490377659018499
163.09382474921519697527001110968821811
164.01995688601504519994360443165802564
164.79547980152643450315677850053165578
166.74785432135106063521581374222267253
167.83350540043395199101274479576186807
168.55402209218298581476033551405210358
169.72712710995527651228170338093559337
171.26135370740127891959308192562359713
172.07884164696059214322057004836198697
173.88108379994090414376720255661471039
174.38289715329262713454790484483526467
175.68309042415195975231072469342524193
176.64473522012220782848075000402290614
178.38121288287540733255120553773527861
179.35715249542246879018271232714981485
180.36938860527640028753951918133250223
181.20911540498672674471760491899402848
182.74375810732980025772858721454376508
184.13344952674929834799075132642118226
184.79363116609421732200049955461263747
186.45821243856989843352423181631302054
187.06097286603517842737838947344384269
188.11307857037705607172369895746816811
190.04229214685310216403105328193332008
190.80165367008991909501063959381224822
191.72443024819678878075533411674623879
192.85007714007925728204356186526105742
194.11598787869230050068833501850827805
195.55874171277937122576212611035413509
196.39062235104408276779670203884361664
197.68232248495006238710665224730275999
198.49516721305296459448736350090835245
199.76983316212783946172459803624021100
201.00046426925839674178144688579486432
202.54360292885439698422735757385790273
203.21576412280103869546169716430998121
203.87373298121973662142487147887559858
205.62294238831766141047983280123192870
206.81459583419066564285868833861156284
207.76676360895867021137013897023913840
208.83110541551445358923462743715746130
210.19093854451110121445446751877165865
210.67520917162971461530326808273265481
212.47020985631543679383504461870570116
213.66148771579764921841021086718349448
214.33967031809417082030883963116988897
215.63561956975073084768176018503361255
216.33808459762173830958652735712127506
218.31716369759848438456403455521098424
218.93233832106446334943175371759824753
220.03509731361661704660769297185557912
221.09245350713426311440118603643864498
222.34194980328309793325916171709167118
223.24391231175058081022807572945169250
224.83737260368473526785541012829859634
225.82637908232583606939220891544691322
226.56214786031085665531138311232478761
227.49063831954719784371924603107927010
229.34310859704830848791733042135401623
230.05815681579133440025288205997468540
231.27892067120324701481299561861309146
232.19292888817996838235807895568124669
233.21963358716952194131209928277747473
234.53735410036115735438517926130173286
235.68925772896903417889539364769016234
236.82107379301290274034118327806554343
237.94259453105262735352653545625433389
238.53933870238954243844216924201053001
239.83592906798988435649147779628481602
241.50799508064936483480522498167728876
242.54608970266709927258340085255140082
242.69080314314325874353399970181430142
244.59896137605672345513601668301525573
245.21967998281335442763139583348980971
246.66132292577368234677171356131037751
247.82720290951723703222191138032491209
248.84402448862604075997609428029797727
249.75304172628723807116489959458531563
250.58029917408321871603304208693740690
252.28670856652198808322863134866197657
253.20433275217629067447633648152167368
254.41135617430658758581175288283879037
254.97275279596356872939162346027970925
256.19738381727826932852890523946443800
257.72839796437938441587578198357062375
258.46290909725763517622004319846944577
259.68736340308138818833671599289892077
261.00393603524756224591796210178017145
261.39367097883874083182095513034813379
262.64373166444697738111854224522176130
264.41607247838924317975373550678966031
265.08746399219233777816700649959023266
265.96190851686787290545871456349165651
267.02871430214018065490691403788932421
268.24012601334221837812481425055050976
269.42590932239451962891009183143889594
270.55735917788534948348178350832434469
271.56685452126595226707717287455117073
272.38830576389931230563223365098581787
273.67321577188453078150509290040527045
274.43545134252985730373553598463168495
276.40300286513271227783639623247516655
276.68526300594035829262375257082283276
277.94357169829211595401410554661114035
278.58801684697600367487539115037317824
280.24524046712309016717993968831380806
281.38406882605268463133062650458970829
282.01045298028816056234057707132975331
283.44357367493438698936288033951526908
284.39959253385348156358327707688877592
284.92808353867415020726270434047755856
286.80527388987909454834318026567999300
287.54173738034868263833249356599845463
288.92493757296359672444683178129232966
289.30274850676862711316338220604182298
290.53069679954496470531831601359768638
291.88201787737298420455130455706689606
293.15280710116817591215046686213077502
293.85363670501928467238747030512258451
294.81707723193643718029815464378390507
296.15425865492393594571666375603957727
296.84935114794167447863029925405272800
298.16161305201623787045983045625684165
299.60170599400744849272439509761604094
300.34086926240119533557366408871307253
300.91871326400066013134838082530255000
302.23003588109254456114562483537049918
303.69864428598890647862274620102106184
304.54797947124494255314918631787955622
305.55598251444373086803376547593365622
306.54210249534040923558617717241563584
307.53311357936808736464755608369963194
308.59066508825860995611555314789134477
309.93907777413590042215280549407033033
310.89688718417267071011828710210672671
311.87838703504965097686162628821370770
312.97946703153446878459648043472509909
313.39348307324017564094824045428436239
315.38866848043701420404263734260433216
316.37628164952862041909004603699864662
316.71235536042087157788477513188183715
318.22997703306836745644974240223146948
318.99799171796200143945581233092976439
320.29643370188222781642725062598501619
321.20065725602547514205128528722080107
322.74445314619783138780738719766911928
323.27753229272763863667873997336540327
324.12365508476122626187615569330145585
325.32944124775081328299837566581171853
326.65054402589813107443044808792619964
327.73299102086188212706860333603649444
328.70721079147668377201488093959407092
329.28019545860200660831272369746626864
330.59894118694848617972456453798425444
331.77300714376977459736488545133863941
332.78995379896513438861266207293091834
333.83047904998785512026297639013500089
334.92084839470839043655501917372389177
335.93682587092761320489570714081315131
336.30047234585620110621690589546767960
338.29813983274328263282276312512528389
339.13909289669296859428729405886828747
339.95938690998149725593179239219408744
340.77724243516672878851327881650042156
342.14856420770640867915783792019141604
342.89914154230213759960685494571966547
344.49557742800947874864325271916952865
345.04068461105148906024828613660838329
346.29320412563206977536042835074304848
347.16116768363007883228144295515722589
347.98348858903102580510243911086538183
349.34888677780108740295786185638380596
350.64997490605820219621553872742235242
351.39134347417691715150805168475074547
352.27452538261692147546161036785381148
353.01155547195636420314741893849180624
354.82363030224072416301593231197574292
355.36269082883924581328474989857931799
356.46510587058784095014121036103090795
357.84248282501743248642297947963980025
358.26772093118254459273269098392380481
359.38704284627210027539573984122062754
360.54356747333120897479989011054796017
362.11990932472832573040398340583885904
362.52005671253239431154400041496196619
363.56530925159770085284229602980218950
364.55116008302139422100057239701870474
365.56113509683540889021965672372218576
367.10719652819286485252891266781902515
367.78655035758881886068492743378092444
368.61194696706366404535679176109243364
369.90490171637174660529801131229787510
370.70408177697830806683765627979274759
371.63367317597986371836593586924774933
373.11110242412879207531192299270994266
374.17169389781966243790831165815803985
374.80214928223032249120544498355606194
375.56815392767239012998537548540033973
376.87031245935378025907521036347451127
378.34935283620606499162036775121412955
378.81794260562493729288234052023228323
380.08333107358953182503059903981457729
380.98337486470734119070444697764552814
381.84778872310416405605672852319174228
382.92577952433885453753991897298276735
384.31678403134357360547780211227878339
385.00273819014739689641995544103888737
386.45805734730352255819629413582792467
386.78073604940406783536403815273298789
387.72283284004178897850220533941574438
389.42464434111099118797482769851550176
390.23111049518416795790357862313934147
391.36182492185573430223306992515000808
391.73685047570418801876206873554669354
393.38561394952244612120556806872028767
393.95916289331790721097987851532813125
395.09160068165295084996914176895212800
396.61415928549962386730887583607236638
397.18616373662861172333623364747055864
398.08774596225946184380173575443687250
399.00359936821813233678469172158945231
400.16298928107437895126706092288733518
401.56841596436519402463971258680282644
402.34131784933829138906424685382799360
403.08702525207041281271542970079290315
404.27240353734754366903983357823303716
404.99341262919674978470150618959644566
406.67743301604558914650726091922894717
406.99238904630385327633517651520319285
408.52081154255991318003336399270016252
409.38360201183064848557065628574216943
410.10912401575771671599723448547888828
410.90191615151202504534309758783443909
412.71338280708598118656796645733334253
413.45563642861701744165307374154483340
414.16499536411092050703662889316959783
415.21744004445704914152472524667277336
416.23425187606204310917960027253880120
417.24309403998552223591492597108709896
418.44745927274943547852803013964511274
419.37386170198047935925880124473278592
420.46621203560214661891905189081649148
421.12766440493089251272930180841650761
422.16435953889901962696429826381875866
423.20983372476521040276248903839401137
424.55690390738481792777033514945703060
425.65253101436856631124991260635965152
426.07210588700232197787947791591688164
426.96213880695670143020125792610391479
428.44357789545043722556875015515002002
429.30650177154121023071695024505706515
430.37335127092582898648352823545759578
431.31607228813045151938055770914673388
432.37543994713568124129789047817759336
433.25449117367547327120597062558584953
433.81797302673769262387197778408632235
435.66769749531476681302850401110409733
436.41358451390672644994411404943708273
437.10402315790347122998583825527244564
438.51846371193759953177839929207800616
438.69100207053563238797133395788450570
440.36255478359610529486920474524390301
441.42597118687036515762977252945360952
442.25480514239811834954617893313560152
443.11703591399860318954592808942205091
444.34133000007106788159933651462665856
444.95975427066730580395344373372815206
446.06673064604413285685279923002080813
447.35408877145863588628295322980881798
448.64760459538463203865861271070050703
448.92929513747348009322072533147647684
449.77618470258390765624964325426008975
451.14151939381018494173320223076792784
452.29114998210411442123448366476067841
453.20584990335240090759951928910626495
454.03612714041118662873151545023190814
455.38868995286499135931281175995175714
455.66344896995744509519732847975103395
457.04176581808279753818123699584532878
458.04624016909701253929198876323809091
459.25762716805484011021687317168554228
460.18235035358567541281938914950190636
460.86754503212536891542054444747115413
461.79520833293107503752165064646965017
462.78915732981888744556457864194940625
464.62197603081423928785392192348370478
464.76243731265515429752537099735356122
465.74299488867105488967880887523368797
466.96263978645522223442971655042437387
467.99651379265708265343635253856076252
468.51401226917153672502583444860564332
470.12316899663061377070728877077544092
470.99935116914435172909594790231842919
471.88758587657216629657745947281213782
472.71200276406142625315117561365118138
473.41391795373315707675794116139242955
475.05791864807910168823856472471995161
475.77721730631583048461986927928002329
476.90736464616263000929993381519745076
477.68041215833587182593347481714755564
478.45115029501057193315481127128861477
479.68358080903135200493928514264510135
480.74287648555957593816234739185831946
481.55434515596489638505234835123898885
482.96855620179507760974834429560535612
483.49290242168663219897757493954636838
484.55984826287892376730564543894269501
485.06446995339576691386761156808810948
486.93940620837790237171307263642089536
487.61059340091047333964996637592160190
488.48429145720922893579137415757138198
489.24166373165880395569435247978366727
490.51478172099103122521621956567044500
491.24138347335169317945714049330460229
492.41114745804823225025950129384809333
493.60702882392507857950877166539345784
494.34577732198001416465752960777457027
495.26161137731606793555964541746298673
496.20125632620773999942315119199752281
496.99617055083815167535710629643109683
498.42465311631120353432305919675049754
499.65869364954987379586129097214884464
499.96354396194942681900072823660454169
500.95679142516286401194708995169361607
502.03141810396412477014771787248740538
503.11307298503250914997242318497897165
504.43263566937772023058730126654500786
504.69369285813198318300437271281130030
506.39439759783456173887012982335477740
507.05694960690126721331868516334734523
507.38525755343977295507826838927447480
508.97186393183876456596228426466174082
510.13638437395551815875519475045451719
511.01906686816094923903088252454178660
511.77217417837605431260056912819873947
512.68078128580525191736151820786739422
513.57486549991515243731322446883605502
514.88285448147357049856845638031619767
515.78259210391857734591368496062742339
516.86858280747463943142817958269180666
517.46709457383245576735883375164191994
518.71011754933113208216554222104702726
519.48236682171492266603897711556852160
520.25057091893454598682057749126944887
521.99221753725012931725396741820663178
522.55349635616645206253934191187240249
523.45367044697319249148371806922472328
524.05923767730965910859234753214528643
525.33820456021641790758429921673156193
526.58328013458812489097605354615496729
527.25452560869687889072759100727961962
528.43387123731266628097429745113152680
529.18019007038910195544627025751382656
530.28375515846304134273758316198677474
530.83922354151142041256874017604508653
532.18345521319943241777181339157157097
533.39017709575727368053192898084989394
534.03136593321807529281473553171317003
535.21953923189112465259382737645795838
535.70009425793026000037969177764140656
536.65244838654433283691010413893032890
538.31411706805970834052352049986064979
539.02504502244141303601637882824569619
539.60885559554472401114847344570461321
540.92797913272802410334095786838985250
541.67086923050149701990372029291424569
542.62726722296531712255945586252791730
543.56059671731923300161655904770620216
544.93397141808435344290669150242205770
545.81156077362635743055165526119341546
546.53034879338276456617936843671283953
547.10105332344298853748386676784096651
548.59650068595992633860860933482224463
549.39777650439728523714331861896154915
550.76915907930561784850680353669199053
551.30937925081807343792066110119077919
552.13675184302840315385283592680296884
553.32669402559424108795615597055396527
554.06051757376987661341511285724939703
555.30984466726209525566065122894989703
556.17017419639586202412463706236239875
557.32034668768684392785130298857855810
558.18330780002521900893497879866651627
558.69916277914154457213450273803718162
559.68905937725927974805005975632446879
561.37839790085143174726467973675934932
562.03639793729820853483917142579908192
562.65339871372106817638719505627332561
563.77690310807949949722171943735808364
564.80999672215146264803550283268812313
565.48037580176290871383694285649006313
566.77849107589904873571023480118204596
567.71808798001607679685991982801179155
568.86680012753860625750200682336457749
569.26455022237414274452172030644062943
570.66229056998760633804817682648611121
570.92126244442789471344401182628439322
572.76909683917073451790747402037891643
573.36044474461690900330098134018054919
574.58150299358035252464881156482018108
574.96299800850241893151220234050282358
575.94774737617391550979573663105892635
577.44569633751696028157977418680979899
577.96679897095979670673018183498416993
579.06358934745948882016616958067177401
580.31573298352791262778024255535320133
580.92839313597930095735206979745077520
581.70154003977534894053433536622369287
582.61640705126486895628281046465500213
584.00448243889491223860227887044241572
585.15493221826902066651424211769148264
585.56357894679524069488039851348328488
586.52662304200778512387818151448959865
587.63401542493525156175567913392648937
588.33168809849958310734908686306074565
589.70830657301142602629121166581416205
590.70397450886849962879419966077572979
591.18467265326372518345313233144599340
592.53543838044062777965264097763074247
593.29313521372251715651155060778414778
593.87954838578367214433540454032817304
595.26554774901584407073457249251743275
596.54969845881698000106479336385322582
597.14025248482309728519533064605750291
597.91954342704377747659439054553932674
598.67326162463829328524799943159448148
600.05858049372838913277577805367179378
600.95586276206366329186634312879853916
601.86555085566582743830043734075202539
602.82574019146804069671932134895813523
603.86735117564802717405791572617298321
604.50485152643403116125053646759443743
605.33831987383432377238715592719966114
606.75627668428950601279023145858282262
607.53610001147905916157880815599457046
608.73156944543352024852002554815494434
609.33666109606323043696756404161131275
610.04750802675745882419059544883358166
611.11922817805459132465505048168861783
612.47983982409164007027978588347762380
613.34183741293178863436051844989313887
613.97991935610261547479972867371179205
615.07577080884914675851151094211477161
615.96796502385439278755942880548612114
616.98299342959295319560287100432422434
617.50045461477057139905306576843033905
619.32038534414192407952824769091629314
619.93668082932730075278358001598960658
620.41755672427729065264585880056157779
621.66811477493729349889830300404179378
622.28611520863086677827464745904560931
623.69714605242082097215517808229536162
624.73123119730675312418960382253510321
625.29065758119607382518367571053124862
626.47467001355718441976546205554211065
627.11846015558030199489879648030754967
628.13241409582281910724369861158115526
629.20521172248223998285517094273797178
630.14516298954513229671285055061567118
631.19957365845163528373947889278810845
632.22118545198388215453147918475763758
632.83410507646729449017487385944138719
633.34569490973520873941708922514117487
635.06018229024457587283843182146222665
635.92636538218814447505405917060974120
636.81130645280051069250224324963813615
637.38004762456071265246743198871403986
638.67310949852076326499437470810099362
639.38869620568326438330491753818771596
640.26815409469395221431588208548546037
641.55672119629779654299531651659173268
642.40896127501489612342923111553866671
643.49431469113714703484588822927923053
643.89323318016032776845831331953360354
645.01776554428166512999098563930861946
645.89168723892584006834721548166994293
647.24695557365994703578397237739104193
648.11850689519310518745764224234231970
649.05413385786770439233934304960717878
649.28294528482820644130887963776883505
650.90159959700172414773384976928757694
651.53739639777926098225441356004895021
652.65450004893141707123266149805611064
653.61018318484031441446120585188281804
654.60974747362045800135248988964432214
655.56586672973195003984611150853913495
656.01330965668805410350338778563038446
656.96552102745069168948674750677211227
658.77611316897645719921823037785243270
659.05195713152008259552488666222098963
660.04321028430644729604590477698574127
661.02386978988413601865510470879041629
661.79755643603487595801128606875203468
662.68858133006283794460557300463360007
664.20117031634221676468033176647136409
664.53375115596410466484024069474356999
665.84850244625888745615887622705746286
666.60821955839652994325153839367342056
667.44155826655142411504527584114377351
668.28750332743057539996123248844391284
669.26152299330846860344224788818872816
670.85389286074930825404997614597773187
671.31432206156281665526983108879244313
671.96360802592731106595811113547317440
672.93112926354861318608397631483959699
674.01121781052649184391164403095545555
675.24008342131352725328325596410412101
675.69473051285446937981276359707975367
677.16673147617835889043970243209850622
677.65143196332166970964702850640209372
678.77490381817671534422117441804940439
679.30440747213329171086443037256806488
680.49960797586223979327708808968435682
681.75620269692967059019015242895814104
682.48678828632498428882443804442005648
683.48070198100763731623051268976731069
684.03581477644058954315373248564652097
684.99300315181601514734085520075635401
686.12581103344471128246475826820683798
687.40782102195419100940153517394904475
687.97131156280407947974995974261174976
688.68783258139471377294138812966974186
690.12866498197242857045494302487412354
690.66651814358977103949857176032327093
691.26597814861592465123512850299227615
692.85677510413859981553659241562935896
693.74514168478659053334608792330523037
694.55710235482690895040069584920234324
695.34570572043964212330459248785867177
695.94023951174347179898668673662613592
697.33651371417327630634859642646810875
698.26116822041608907362510421508304275
699.18521061673328776223911209439199653
700.08668664549090294344128058196543463
700.99106282297501443921095259297325773
701.59820594792015111168982445038716561
702.91590694550832724602616974294532373
703.53439978719695654008702775378204455
704.78323049392242086296775414875372836
705.88337385829400667538944893589417129
706.41903440220244080422159702508223013
707.28839418068481995766013421062371619
707.97458574053215298356325781958610579
709.47855238101340782294501218378849752
710.49821232186427467000976210285916411
711.00863701891740313597012638836183571
711.86185934118727727105763805474429474
713.29084774812687004033228460614063382
713.50567188344321975030574727564995557
714.69936774164840272201914972448157060
715.82388310183368359600818663956760842
716.96267723222215333473125294989551847
717.49755726159318616665257514014736835
718.37982311076284872723922332374244293
719.32374128750309563799047262130723388
720.06633438421595813085380109686485165
721.60386800097133438090594306493484822
722.34635013371009467350121979924307512
722.95791497665769735527794168024773826
723.95189308320218507844417495128184455
724.79922795025955339743565655799914113
725.87684620802209716415367808048791885
726.81255312654557503243862094724142920
727.63492428198116779611668966252587442
728.90879229944417911918929800650560721
729.68691287309090040262011770582181287
730.09475998076362338428911429821798967
731.04786342262241053717116582005352452
732.69560524908886842922862595478108695
733.18116979369219019270745960001371102
734.22452205851344734409001438515809022
735.10057080563899704697028582531904408
735.63538607492936222084466054677806367
737.09515728844741146470420954573307967
737.49891784442681100196833340546089474
739.06650702592275482643850357353905518
739.58060302673328673207066832601816271
740.55752696879731283709733610143043768
741.56335444673963195588392340831446162
742.20338284626214845758994909806488430
742.99681344795349489413840012591130027
744.55817062207934356588643926781518012
745.43228014539162642488920661752008495
745.95526921265368281126210656863252751
746.69212478587594634101484424885951059
747.88708454021087462321700626320006865
748.75593626041930356677306035042351717
749.86930626529629417301850808529172470
750.53991249678158524386497322910867589
751.81884123386147762633075470283457750
752.42148839549747337738492591174319076
753.27685387277633770961748183699824124
753.98594468583376338991349255722826224
755.36185304811581789741710408587336069
756.30407596768738475428861797367257517
757.17074324562817910835133812836780930
757.86613091318525911865298814094370219
758.83820629679370431161876783557069451
759.40859261156563723266325292488297556
761.01020092876216016987098841113054400
761.71243310266207050074221887966112878
762.37361283974061595610716450740827504
763.57773022149963558175298163620063084
764.37752201324421344672495182830620984
765.09455928388996548843281392664359339
765.95306561648373426048859179842642733
767.21296281088494693801622901103635141
768.41597503060500501952279015295466528
769.00552226858514400324321518252212009
769.38469509824591199303364877731495121
770.69961079200281032663298757972821496
771.64215101247026278327098795464402656
772.56851591892651710748332449787201819
773.79651494073727850492413265570104790
774.23677061618628522460870981745397175
775.32972540947948654972516563221654938
776.10237823755525138054111026442412220
777.05800434861010732869275129774409863
777.87008383269081075880653076916350199
779.30326216560391081912043837989337207
779.80306211538284941213206261336687997
780.96032222276638895846373424683387450
781.55805822913999617871514023365917715
782.07353556095695824977094224673746130
783.83214045464541324431208776639982588
784.53634752509700216741312211086757695
785.25140591520618659623694139376576151
786.17558986877005269383444001717109177
787.19885911322964540974894177965852629
788.01942816401425500379913853080780431
788.63563891747388788015107745567516074
790.00299344082022601662896909040362233
791.05481020763499129313011102688376797
791.60240040001374389101058835966909871
792.75710690213947798229791868379904512
793.09232680526936374880165532406521064
794.29225594587462460710979247359485600
795.45461878723997832442994120637503181
796.38861794535941892480713036224597214
797.32858234187048703294198087367416609
797.72619854181562338354774420874471594
798.91099057467160871268420979618461966
799.79420706918768599583318450961519887
800.82837034347785790002042217480292097
801.48636292392874540195185835302709207
802.93753719672370474911655099677689365
803.69091976989488264248707170670599888
804.00342885700745389909886524088910844
805.12066211846825292594019077868656276
806.05696600152927744545489872078120598
807.57894830611847577696953882942830560
807.98191402290012764489175584796776047
808.76925843176751851131024854484163004
809.81700760845968931029099365235789704
810.76696441749363479849216143016914856
811.30904888537266342062539282210334165
812.75554342788189724853937219061089891
813.52177755693513868866803064810238814
814.29985032734043597671235406757069161
815.43846845200903339567007245555673255
816.08248801054719030911824384409416571
816.67124201302306951234524679458849944
817.95643783786634166134598745235726834
819.44466633656748663446822392180605147
819.57851262335481516759537312142850409
820.76990276821491982806585711369820321
821.19699230375060043826131769255591170
822.55386687167175384304192757937324668
823.40653803973983151916005677610630135
824.23195892510150988493705021082355695
825.27637461700383610504620599402777033
826.39551954464266515440173672096550219
826.84039461069928808660298929714364124
827.71250126944996693731536502930240986
828.59343448658966249422525343328003122
829.90336166752332490947075380269368565
830.76473967354600616613464437147615747
831.56966437802635011962966346050383815
832.47765095210107192083905589348487430
832.97599191474752868614435116300869436
834.12787769426091682919385830813519550
835.32707079217860271808274852986477612
835.99060677254350812464510816283406896
837.06622397138723410795195132251467977
837.70498275035639546044872665472528006
838.83631345624174878201544042339240101
839.72356226666833143610929965727941430
839.90882535193663732751594967358703237
841.91539211849778529588021417647813241
842.37744816830339865705246098529616704
843.39003059813980770650501911851428103
843.73915637599733784222570367183224800
845.05825252569528751985773043707228552
845.74935437787766243261920753988741651
847.00825032642674871773115811314577675
847.83832110174795394277470242518002816
848.54171665999131480806958252573421695
849.72857199837402160205460622313215954
850.25410259759268033456612974769015778
851.07529356253026444607843469042186693
852.37343682047024903194477781839486794
853.01399172763758447209437373797337613
854.43582019269509116718736751218714679
854.93336043375827208806703651478885392
855.60539590492609371735416068832480104
856.38455589339304027257389450353036689
857.73605122396610400902936389560307041
858.73947494341944669166293131796884197
859.43259899205786380099352902047755843
860.16002479115164444614048153529918155
861.42080799243896657559449578589615358
861.94681734618251224102694503600112820
862.82396467585712403865666773722165618
863.79133483248810367801937958928494864
865.20262072159803005437355190605156801
865.73501102311860591807366023874662585
866.48562708646337302039433731747532550
867.43694646887202004725635136940764096
868.11128721750511569965935775083993723
869.33188245602775850016988343270885676
870.33001982364895586562357920724479342
871.51511231941861200778430825351938152
871.55988378339337393145843195764254750
872.78103375506568627887542933481386198
873.84303126676643235962319500492335667
874.49288325463388285393892595848404316
875.48861393786625150013809964569838318
876.66386672185117947143944610220738943
877.48805002919740900160229786082409911
878.27065340131014910522625644070138855
878.94951107759518618466778668576506089
879.62156335540240452186494703791483083
881.31721047726506247921001893953896690
881.98150406267818618889030639457335334
882.47898692169247677738406994240916678
883.84220932313132732297120822835751451
884.30134390730874381086552070403394322
885.24910400839600850929887376654344598
886.26708067577462368912441923747023684
887.27465973093241191699826357492164086
888.12465799848779463013613988299054487
889.21150578155616667881129503544045235
889.69847740127335471573733940026420699
890.71586611146184511155808111127172635
891.31218657656037460546217419816329270
892.66771271052586287302884701968909223
893.78690730332520554902064890712061020
894.47353261296137648591603054882871092
894.85182482254646932953646872927101251
896.01195989919160600316158101332046755
897.26384568920530801597869099962152488
897.56909843963687223351379936087435595
898.94285754180034446239173918681301358
899.73078380203668469525742969520615840
900.77504494263005885005695556631468622
901.48750408015006236439228377421853530
901.93951366508350962734263460855441774
903.20590212096116348744686422022250316
904.25709074932612018323556266454337339
905.29344065012570938786614539759408884
905.95099705424618578950374084314659081
906.63743785652967236156507751975658201
907.72223550274678713413843526301768789
908.30665667398410117261948269315917084
909.71308868966496592233057950031408944
910.50301078080637300851682663133592873
911.11002923244377933605460037178971287
912.33067643651149321264591165921759707
913.14146624191200748341752950575390014
913.69533865344959116071212938354362580
914.48784851078198680838476522370461486
916.17981730124976259806104044339129799
916.64310300112982387802773125723455947
917.57152003824682767903760653504751268
918.23426772854819909202886923843186726
919.04406384983489093078521169669309657
920.24395124182505916623717743485218516
921.10675453456697581748656847984648023
921.89364507565818894443621422134773472
923.11799671113404412108855594612409724
923.68985637157085958477105275896183606
924.37527938338028280197066975921987852
925.65015600931280303766462578644520367
926.03300385749794020557959876187356103
927.45651326018565814675514609213848531
928.39173648203371940783613807413273299
929.20002277572408504837088759953047622
929.70380685547763989677827817409996886
930.61364736489181017068981116877223187
931.61116527140650938560554674260250166
933.00490927404034531317798602470497994
933.41357124808523579272682255480400942
934.27950126367453565329612340457166038
935.34819183980062812897314126049830624
936.42243581816387998464224706989458458
936.55901637849063914182702511591692308
937.78746043340695754581329696739269752
939.09729591041353360254210666355795409
939.95126535527556286995153851806736312
940.41080202276610361543107997081197691
941.54969061230586751880721377575743827
942.03366061918207740092213555163358216
943.18305693395922694555050137158205917
944.30493805730422767823600854088796269
945.18613431432278409496174187724974335
945.93429329473965733362743949474120285
946.56728380266620677193534186587416720
948.03078410093013390188808253929881779
948.07935067040765872749104596892357488
949.56096097615726054838123517523374947
950.20931770784716551103020643553678132
951.54338254640644680306247476499724531
952.26678368274584230564960193682781722
952.85920559478275499846951574132986056
953.36324552998030166299721282714599235
954.97345660436541562649987217188402971
955.67056135791194145333192859044445703
956.72385545872253833223035930028346293
957.32731308827127814664726545436700888
958.23794782227257037199756327572478175
959.21453137010523740192626404062676207
959.85707360478931461536654297163495894
960.89067543617421003822642094500725756
961.99492772345711800229763765721884803
962.89261143061981167268046788210979452
963.52986980212454376974190785023323467
964.46383735649298871443041714816311741
965.31007895152040773528508362486585773
965.81299703054034264992985345080381468
967.75697380673964233073105306310635344
967.96619089094244236925596509850628383
968.75517463995512175968872243361893790
969.74348359525944968751340057304333548
970.52017254432590262199172801961869399
971.63341866234958118668707501157225304
972.28088827069662874576348815638243464
973.33234438635071782681996048703463200
974.45764382237148021586841911073195165
975.10728680349672896422288643537868018
975.93296281814790467527110418767329113
976.43843498006367445425646670808430567
977.68950576643759967706422847714182252
978.87828588924381917892001629443344266
979.50170007608648176264459422573615919
980.44044311913243418120268927971220909
981.19205640337834070919434996030656194
981.90460349812700872778429765715268870
982.91045953165248971740075142385007301
984.09363810294141714244140449350591551
984.71782263342988883591915334117659329
985.66175190362969345454212213144436488
986.71835752829457843974356285324201866
987.38564278244842733807759993783666075
988.03341287101944346128967703531102963
988.92831295801098261797580902939806997
990.30785248658614430368091589740294367
991.20809363061559802106116906555034296
991.94635977591931990792295346255037029
992.21802156704039207107297778439594955
993.60668555327207016686076279458932915
994.45938238436068667913834850218034610
995.16919510535913191959284671866849223
996.44674055820215393942785090360134740
997.15197264197910114823940891106286381
997.88932842628854717286855742486178000
998.94893630728697142466170989663312370
999.50668122152940235266594855089311297
1000.3581473146856082385525341028814289
1001.8050436373235896303464382359981302
1002.3350917272162819694954189280275179
1003.5100019925247414622780719548259365
1004.0296289627635661675869552470981810
1004.6039933314521527284288983609229211
1005.8277432208560308788550425315987504
1006.9716700716935724942541300457636663
1007.7876185586457402744322895853469159
1008.2314085864926370682887808035976246
1009.7231944026699977425991207121454468
1010.1478053227011643900614346587978153
1010.9527820403157899069936610094675630
1011.7955924813706154975284538545956990
1013.0245780394001454245663305405413331
1014.1827645231316629612948631174480799
1014.5394856860652039387315892814994626
1015.4008468436011009310675869221493583
1016.3211067231844183693229225585467847
1017.0709228858776232659986599999883538
1018.2712586528950849157800186502129388
1019.2421049258950330233947191265778891
1019.8560864488218346276586217747062205
1020.9131688564004802437097113911974983
1021.3995571482272022517013061398169190
1022.6628075181464295864356073432321878
1023.2371926057284371089848880148830817
1024.1421669247418292839700116324746828
1025.5580780864911664994786565220636956
1026.2330340280787103812465189145084087
1026.6867635087356374423076646152954271
1027.6619254326257162748904870210427278
1028.3762292248550420722788188138252592
1029.8966997517939410505685213531115603
1030.3813181071463234389518772889078705
1031.4774348783596967322522188121261509
1031.9034317761980062417464063954912904
1033.3992750564803667542557069742130591
1033.6075676123891442565441806436292249
1034.5075436668538978358198286287451290
1036.0278537793041825526146766618361448
1036.4374564180222430992630445826744910
1037.5664686210949474329230284481474201
1038.3590631362718862289955156159326752
1039.0861247051339580410692476929396292
1039.6085630962610229625091610373787017
1041.0662149075545716454991822876867935
1041.9932829665527839491383115678660734
1042.8132120112561000023195867314313493
1043.3966676425584350278675254060460294
1044.2438593895766250100289986434040601
1045.3382077645993935209981219830716076
1046.1615405062868446675330522703602845
1046.7976575328505864625143767148876591
1048.1350514484578304150925136188256538
1048.9551825129606964686819566708997559
1049.7206591563000413497489076262912567
1050.2490490216819825613236310678880214
1051.1483859765741585035463172097221832
1052.3529687155224047171780586966828419
1053.2904655967918934676806090121516163
1054.1705903457144880482193022861157940
1054.8316989945722885217544544975396566
1055.6812261769103333791684742841899042
1056.4689921484241679793907491960885573
1057.4746037760510620946233594907483128
1058.4041699928507369595749837530587158
1059.3769525207449031040733935811744554
1060.0665719029167659648647350416653646
1061.2150604625396027259135026169592906
1061.7579007618258383636457510441472704
1062.5118077485194194059423676413629919
1063.3078437404021480368690692161878173
1064.9948860938840666584200531764181854
1065.5221287316590405881242294063215648
1065.9392021851030563850485941405494492
1066.9809452580036391528543984246243851
1068.1137962220244800872900897570786544
1068.4743675241190274248251678059311039
1070.0279723697048908651005248123207821
1070.3522020466657414533834725503434541
1071.6401963678089682541756829194910700
1072.4776383960330090566769747131536418
1072.9510371083093155024074127288010433
1073.9112736417278644298818734137844844
1074.7915815972139156922232549866444381
1075.9091383956226972428589074926751625
1076.8296934087466114751803277481281886
1077.7234820752342192686302448946288227
1078.3811064773169800050827766615032169
1078.7943331609565886923694792189268659
1080.2497687578401786884227468800155587
1081.0475266546936079687053169787154816
1081.9632108849399801572985937109436012
1082.7215751573388936105120703250495429
1083.6921324853640211572363606919784881
1084.5317446059331473994140850640596138
1085.4162811325698073375079739881266653
1085.6756421220750728736437565133987692
1087.3296277354350818403699367302860467
1088.3034960178035135090863964511083177
1088.7066084558154653515187948896896242
1089.7482624333629927453532195113268779
1090.2895025820638699525980117655570716
1091.4344432681318092942839557752686650
1092.1805730703532155137838127218746075
1093.4498527793095733978467299524738352
1094.1159485979436339895818599556811426
1094.7694596472990587957450381804906566
1095.8112924629869903019692100811782676
1096.6362355871380874406174050840897414
1097.3163315229686718240509961330889705
1098.2512323062596934739203414378774971
1099.5641683318102949762597259105925345
1100.2125412025832717135910475109303356
1101.0635911234894096243407777150049888
1101.6409150724613678615343968216914695
1102.3501825016691675344748418741005811
1103.7811287033617653313590458852365007
1104.7679958984297325193553576042335693
1105.0293051348804669560463757563886419
1106.3257046972015729394247960848679076
1107.0724477074406665966429946748746979
1107.8523418354936336921765559096054600
1108.4933945631809701300211802267735952
1109.7719508300653092622750783787874262
1110.4813323370226110432326518359043662
1111.6964618521826617430182245748703120
1112.2896651491928602172161100514446088
1112.8473977223030545271948339649388979
1113.9626338658153820871622018945768716
1114.5490388062461308902233538601234885
1115.9557585728071040261315553123850573
1116.9816867040235509293399492799378247
1117.1902595139581324136487127143882246
1118.1051128254021326043226801636910635
1119.3555864788761746934835901398441408
1119.8865399526649641372868811890029410
1120.7516179946563445807709103315203770
1121.7703713593348226212449907674048369
1122.9682174459980969997149975288903057
1123.5636416387425766197703679240000654
1124.2227672342403292410114613407158444
1125.0366770123275906401603033134008044
1125.8563050887108976362198566633260368
1127.2804596061611770832249721543886102
1127.8296841786831851233662254994179332
1128.7330100442911943853899215503502537
1129.5617608086508663968844527224064694
1130.2938800277416498747698605580185048
1131.1208693761165363992079388394750525
1132.1623250445812758681417422552690057
1133.0126158003407474309394411164247734
1134.0510124453276803006355948047356118
1134.6160321695410481251323389173144125
1136.0734600069614998939157514767984195
1136.1631313411885559150899506667512145
1136.7880222868456781099502398489294333
1138.3717861177031252067497588510339710
1139.2989813978817433918515293647224201
1139.9845718611342020659486163817260642
1140.7108394405205126657665103384148937
1141.4285583645261964726704151987052954
1142.5122277335741169740193852298175101
1143.3804791271733341935153543072558341
1144.0654794785065832362072301558512313
1145.2466532441682318489438603539463480
1146.1660159484682608359076149919773565
1146.7768262730330113325487174138061753
1147.4717789854132404211442438681589072
1148.5220209281357263155077407031398278
1149.1523653366943810047866922005103152
1150.4378931608900565229838843400294849
1151.5381754184883658359644795013418802
1151.8154674222724144611608568401254979
1152.7084053185201856165782718642596384
1153.5790984987214394032505206410828539
1154.4521767666568931634386647602027087
1155.5929339321680439970142199640753007
1156.4570495290494733327625964732145761
1156.8921484941029881013408946885723557
1158.4506866017507654969684047868788482
1158.7012079775480825896120498839674241
1159.5949883484802363066485773007545957
1160.2185402492699807799918945131043301
1161.7974458718850015911895717545873992
1162.4389384824573952548507159126699982
1163.2594692097229018185245738400982434
1163.9146451702718083662465478387175333
1164.7630808447555324094042615771365907
1165.6968005650240535209724402220552690
1166.5213055074250649188047529053946277
1167.8424150116764810245600782719445173
1168.2045368873269973807378709306033827
1169.2420994528884059479447370652270038
1170.1288278083330268336847758348272533
1170.7401750730237677507011179622272373
1171.7350488382133175943639811580080928
1172.4589938546841779027675766563253599
1173.6985163106353694200450569353298866
1174.7991652294715196141369246247573243
1175.0337344670115106083727449597973935
1175.9082597858445451781791853016591734
1176.6053485562709941780208830194803923
1178.1018740885639113426597788046661281
1178.5884453543936446004727175319592435
1179.5571192203243355183854439178586353
1180.4746858669334747333116503660070806
1181.1907493589255357031687361746680018
1182.0746894823930357413512283437668669
1182.8836497592098983285123588576261243
1183.4867655814370082063380317909266856
1185.1108141362781404001742247254581101
1185.5195600436075566524489483847541542
1186.3522901160216945640863115449108730
1187.3243379854081668602730496949366589
1187.9431559462419953489678590249168283
1188.5916171159429011724252460449824198
1190.1799935701377452038235767924943312
1190.7413067070043385190551380225151242
1191.6184360311643616686219672233504589
1192.1519823526530271998399426834738153
1193.3974625855088467112596180835391780
1194.0176934998507217527980936711937093
1194.7609571564122883414639714711382165
1195.8419423066383056484086919379394540
1196.7890456968376806212135523857820448
1197.9712225827363196747499087311100043
1198.2682741554763754188268282566773492
1198.8527422943522792772838134280645561
1200.0307212266761040302971440139806171
1200.9877001116090790413772775297865286
1202.0722670206461181598727260076028158
1202.6381464409664855220794196809703118
1203.6175239868028040312048555647205875
1204.2928237413502021316429395166279233
1205.1631302217492430714777013224473369
1205.9485832361845996380801090827059942
1207.1449755769948671786689301726391333
1207.6814693863132804996967752743822510
1208.9385863362418747319373715992960843
1209.5465285958141440105420628671354573
1210.4660083975077027213577720993734299
1210.8437300697980942459805467117674990
1211.9308463735909403620861924154280910
1213.2072906565235334966249904900007704
1214.1332567193915584024237747768361135
1214.5895125648865726551659510878896457
1215.2003075221928276539637215838832447
1216.5726058072403772843746475364316504
1217.1077574750440791238143145141902696
1217.9032788408848480006976232197648061
1219.0233146260358416198852737833752225
1220.1001999995796049278031897636489703
1220.5386968038361756925872940138574105
1221.5839767759297715514977152721914883
1222.2445943309019384605241915511285416
1222.8793876384764812176627442790219662
1224.1943449817178729129909301406891450
1225.1512908160098303366516758145273745
1225.8295747625416739886076483630976147
1226.6656419551357010361942740825841299
1227.3958676720913942521761501812336184
1228.0157620457428682314592110340969101
1229.4105542212532219364889944790086464
1230.1270925487875963125048797980502032
1230.6997996448269473547371560445141769
1232.0934641073848890791280183796314404
1232.5575433761626749076003374820134321
1233.5324614289625972707995214632056513
1233.9597877372992722852719394589534416
1234.9823123009334557329682010216842849
1236.5563449033367374424233246348371406
1236.8154734314990318516335315618733934
1237.7385559720221342081601799311782997
1238.5294740155639024646055188792487516
1239.2218914471266893159521741504824261
1240.4132683332006975469291528018488146
1240.9287931313405496698646310217465017
1242.4118393798608515417011373662921557
1242.6921593123286612842517290490274793
1243.7790363152643375017738485178361962
1244.4976413225289165404023123553887858
1245.4266321373331053008731457167626645
1246.0054258460031646206443920245740627
1247.0369886847731517151170382376748664
1248.3340861466655070466962407538203159
1248.9801754929377487182222909598492717
1249.6636977318195774015042033246560521
1250.1327055136037481426064815755821502
1251.3928719820595509174322214640271859
1252.1542838589635505222029689249447075
1253.3962656465847950990389968693253386
1253.8274603503045271291696659881401439
1254.7028939190116498299664331932509152
1256.0043146844252888392555418399633771
1256.3351472598900920388764031560343603
1256.9291045608569510459370272177553323
1258.2445223087259743344630521573941286
1259.2285753528394187670588948886180884
1259.9706144145513014187308751838573771
1260.8440219067671285438686074153115496
1261.6206906372199640163163692757583148
1262.1272089055368368810192618416906037
1263.1350551051241652137856349874934928
1264.4695157829434792386145493841070884
1264.9623632047272421857502447146914932
1266.0475278927883271384378492322575293
1266.5100152003484284574931288185441208
1267.5159989097955588063277897251022680
1268.6109215638588727829826238097864818
1268.9039670876928730417241401205543859
1269.9927687457807821334248582175796133
1271.3228026948269821813887026104784229
1272.0481688172038587030016322264831535
1272.4580811196456287971113648385391348
1273.3160511277444098910955817487406349
1274.1968686342834765336343246276857159
1275.2238445089921614822833666793976421
1276.3283370383793137791393776552237179
1276.8476749232443610048549915975290210
1277.8140332896571518751756497829561546
1278.6136003498687678295862822589560594
1279.2929133674928112727723307350796923
1280.2595144296954504769558937007657007
1281.0681040026188274144504805584693687
1282.1334969479886028306344713432561023
1282.9524054670607414881443265166726562
1283.8185906835748702118433485101627202
1284.5384576651710804925736633147846786
1285.2895670343624856254932778252236167
1285.7994391600241002757360513009507219
1287.5198825876910756824743361924742390
1288.1328543463463846721065817632967272
1288.6540642233173449018946180013839567
1289.5568532796203682351239954583570850
1290.5269684858140611738269752889790464
1291.3157103903389863502964759413545490
1291.9975304792315850708384101697489025
1293.0836582972210691808895824091906720
1294.0155917768070421542426828364288857
1294.8914213452713185099396511701867662
1295.6963875196496339860343708604933232
1296.1660701307035447426790994392498020
1297.0244617544668617762654294715912089
1298.3110552829406080201356407867866725
1298.8656710270960544014153205654428629
1300.2561420231003793072042722646297489
1300.7624515815801788959193439693905735
1301.0727168221605307085549193482417418
1302.3979477901221109122739825685800177
1303.1354402384227361369293599313573519
1304.1002901109854408973350533512138319
1304.9386244144431995946726667855016425
1305.7612107015180668304984985594992333
1306.9320981788499912130420208746109944
1307.2647183574165093941214888445165894
1308.3752847614625801050215580254102108
1308.5745291672781368922386603338902670
1310.2854546037814406938170872717402230
1311.0886500366907546807200954213630019
1311.7157270215777138927140081904749745
1312.2949294504601687031139948990704968
1313.5565578722552400979749583472784727
1313.9230297770500983265512533817192403
1315.0594920080467591960372206249435874
1315.9744937211905587940472438875809039
1316.9468470407669489152498077618508855
1317.5540473167789987301199874327097868
1318.5623452098704076405970751234519129
1319.1800800523149404703979397965056244
1320.1316930951622501656643337687751353
1320.6403547327442077546102863716617592
1322.1467448516564424695931200460088651
1322.8962075123053653576152879556245513
1323.5026101262523234722690122496625161
1324.4944087661774589355837450654195508
1324.7216112164819158146234547874401337
1326.1280440579175403166602936457770806
1327.1127710446402381594998640480574645
1327.6644644369499649069649461474808277
1328.5865472882634290623131201661256736
1329.6912102535971548479525079803313525
1330.3889077993554847332741576795539383
1330.7391454991077824070004309991683815
1331.9525011865949782916695043611269088
1332.7276571766647464268476323778214253
1334.0500749274954976854375978485850792
1334.5444701910204181821750994837044872
1335.3621817188751935991756928715160049
1336.0550946843491400670167686464554228
1336.9255169702382481043527260134399316
1337.7671872664185861141655529416113760
1338.9431815600155576270821843854507539
1339.8513770208699424259273064465004456
1340.2494763684461740850618129876312897
1341.1675699016696410084328556601185367
1342.3690815464450096462991341305687258
1342.8477922712413563056462675648229458
1343.3915278569397701010620199895435227
1344.9005400376604073769200037173798157
1345.6560322950002945174193883796261527
1346.4958299886916616327750112916895925
1347.1652918193225763178353295827756475
1347.6435868003896447807918128686703820
1348.8017074876961300555178884371726908
1349.8723399307461460002007104994603357
1350.5887095122543436981425954913984941
1351.4895894577398435602378367485442680
1352.2602993235661468873549453685708557
1353.0468569389695727478502581371312107
1353.9383247252811959604007789178613767
1354.4728707477402973066045535657242424
1355.7975061474652661564794991660345381
1356.3968265193269907008924424509711548
1357.4727274970670709870054628582728344
1358.3643016182004872462918015403856473
1358.8643788160631943597141438224361910
1359.5019264217120972793004112897333645
1360.5124129952568359075460309338883328
1361.8245781485725959244910604631809909
1362.6326343537812433708299141982604921
1362.9321550217481748591506428239143279
1364.1055483818515210687551750143998795
1364.7745364638799816817189478257118624
1365.7736169081077191484826451963870991
1366.4350540534313179092053668035022133
1367.2512446411654532932050148480762553
1368.6416913116176847547445846828078852
1369.3614375474033871178494765626278460
1369.5682134509904123150368141153644031
1370.8224105949547344830505106173606173
1371.3912689271676344094795504371173993
1372.3322489338731484244861082123311868
1373.6111007404599007996413264186786843
1374.2967923622376909495400869910887071
1374.9103116204255843881947859366215677
1375.7180165720195320588642473030108830
1376.6436377585750053226458883352711371
1377.3473899579476521018098905304768102
1378.4755221768488600712290178213161223
1379.1771000280044180586208308718344300
1380.0121923882860745717534883012381150
1381.2216503682216704146394258273686609
1381.6708737042205716529816121715945051
1382.3432957906569419862450551329736740
1382.9921071987113059344340225017135916
1384.6230066832666888596854128412275306
1385.1184183688705042990820465580098253
1386.0314013666428944941882817308431459
1386.6649030496692803806003323093692881
1387.4792776130475404955765125464076235
1388.4850204519572873770118925049834441
1389.0663617285537510120861282504203334
1390.2443960017030319895746594973732592
1390.9833329447925113611194319120922882
1392.0468878326269768441699292468759846
1392.4763198134830219099335876972415801
1393.6091390244238522292167359036035609
1394.0738386788071297255871840970551075
1394.9423287485778575861817617839644839
1396.1341137055359064274652799806675371
1397.1065747682248160008476483174186296
1397.8198429319738395576688624930594172
1398.4520334321936635054113476471679656
1398.9221997032422868399805664923109588
1400.4178007104333863147798235722986519
1400.9385090973689198219098316444833252
1401.8641895855410843891508718342831893
1402.8657044207629604269246403819973090
1403.5275182156781766927991316779537484
1404.5831444205575529929718403881711960
1405.1276113603870250443464537693872593
1405.7150359391784212546538077567734357
1406.8746233491487589462337537574605162
1408.0488409268426019847883063766202268
1408.7857224887927460049459956213315882
1409.2176108339085682367973999337916577
1410.3855570335554283853799535041811505
1410.9108748751466302437982826054950300
1411.6631359828477735067558989349426311
1413.0310370500740235059502384409618829
1413.9025656153366683424420366109623366
1414.1574295326413332608114781246787819
1415.3918501580983541125539065677455028
1416.3475346861520189631321066000695027
1416.6231418398273965045072306797306168
1417.8234369321452457379380586792834992
1418.3782993530449194446056290702247487
1419.9168157408743352591115952056368902
1420.4536254614726265760937755790503905
1421.1460423197156939362025855028449978
1421.6934536556688872778477831314221390
1422.7003163229126006735160157150692244
1423.7429597324283856212425432183370213
1424.5921419975310668311369588461110170
1425.3575151748336751476305955647741576
1426.3056999460003893709025624356290580
1427.0504733146536557341939198192643363
1427.6964048252853911177429212791683936
1428.7263076960274663456290437049738400
1429.2659714874648053552286140616744137
1430.5659373634697368395158146656137631
1431.2132566562579142069519240703447729
1432.3578445558449324679938231875885042
1432.7840592722160647167842216622924121
1433.5595705740592096350324769517427396
1434.2534072525165471079587278623779573
1435.4444262016965711151063902524084999
1436.5662998449193702414925244583622027
1437.1197096700784117516320672302477199
1437.6868949003200502460676668665113588
1438.7293336606495946735175112785112009
1439.7756373667272751948425984712230032
1440.1854890363898051587164235285377486
1440.9504639454156712859976907546714694
1442.4853906508547477149406480516025481
1442.9042836324641337729832157666259970
1443.8680904135673566368764780211224389
1444.5156163099883281660277428482928511
1445.2788626944453105874624341672285917
1445.9651665399005729640828914178078710
1447.4516023244447230772137439583476238
1447.8281237771457476861184023140084342
1449.0279513809206288329231345240192551
1449.4947883320588488634952727091730751
1450.3640824918480924580408404901682829
1451.0760145026460814141800616395387899
1452.2601528489363036787219870826996479
1452.8325113878435431069400836504973842
1453.7370695299168586603795926679723400
1454.8794259312491788765574836901380345
1455.6067158955251057648613466411125114
1456.1703517365568405058116856143909941
1456.7755022294371806797016403855544356
1457.8249387211261492136960259698708172
1459.0392294046892077117258001426742395
1459.8102525512525332874158069643044179
1460.5622691261374649859490070414617344
1460.9486264366556765041841456830682014
1462.3911071163902587635484206314302782
1462.7238995156677301410855256963357012
1463.6109158654497221318561590857322163
1464.8688179691953496003099089652934478
1465.4010463094687994325001766518284483
1466.5807342861175791319462004304631075
1466.9992596685082946837280437244558050
1467.8874606602107793909867920710385070
1468.8214725596538776912143838611483116
1469.2258904778471445678329755035206999
1470.8219431931325924728799957399261031
1471.5086256065899815834643422185496211
1472.1414411387775534480303314862334181
1472.7695200644052108313374916839468836
1473.6865265249439510304351185646277301
1474.6062339243218685530475163013786832
1475.5332908949109957762078745642425268
1476.3183197138725438914263204657991138
1477.1062583716601333607623426096025891
1478.2107261057083158081818164487410461
1478.8259846349926451486362660200837752
1479.6161392677682642479686432702176253
1479.9725157669495886207731084339251638
1481.4629670438188787233049171714943096
1482.4192718872457902631308816093361851
1482.8482771280431137779233444572164509
1484.1374082685585892937124164886479797
1484.3804309003791165222040784755849689
1485.2028785670964628110797483361987773
1486.3275536863152760374170893911601819
1487.1831075408527718661156886681748889
1488.0247044854426961612978915032570070
1489.0237827213922102687788304850574171
1489.4095173618554424072183628813162034
1490.6025441481775285207328963513244673
1491.2896930798290593170147957325987875
1491.8220320686494084842101208441480201
1492.8147917050590989939947485409980481
1494.2968832413606024422393732552334713
1494.8060348493493843404697479146485102
1495.1775421544005041074514526603066225
1496.2096082891857702709770066933184018
1496.9320961834788698062455856399352651
1498.0140433063318267130575315113189578
1498.8176249999327702014081944592791045
1499.7256894474253587302790288431224774
1500.4446426623924673194743617163772146
1501.3713256851414811329867192575313940
1502.0843398056256558353309234847735405
1502.7608950259834974184283921607676015
1503.6164522848816858869180830914653264
1504.7251206393502660877893799766988994
1505.5371123195864685595610538995403438
1506.4333352675905636229860525926957757
1507.1790098515603887748330714081375094
1507.7333570797440557225895276343586339
1508.4640407696237273750185795771865382
1509.5880926040599620549680612438010245
1510.8512093382384869843341214075687825
1511.2349923981588973198684355892754977
1511.8304427564620812324772609776044527
1513.1229506009549153593539163192187305
1513.7466471127432703046986183740031382
1514.3528224040762962610275066670337208
1515.2763717464688701910223986288166725
1516.2942028584045275127736075027844228
1517.3116094557572293398550318342901907
1518.1244978064068302128736483435668534
1518.5899503134565676377633401816596486
1519.2318904325345899725386638707355768
1520.4768165752036066525061786751575350
1521.0391049755132637701358011284692313
1522.3394931814885999360374790152117356
1522.9084591925558234761768343863245816
1523.8610673970580213524794567931048189
1524.2753419845248238191908827198377811
1525.3193741597154560389747946686957502
1526.3329047125948374863242259793439009
1526.7639974271244987112083002661821719
1527.9169851260314862070882200570404501
1528.9961099572055735322460954314882277
1529.4497149298512725204718567152627226
1530.4949208933524591917010227102422301
1531.0343346461342896752344126887209865
1531.4908651893282634324621309529076852
1533.2799012118136686733734774175650088
1533.7297950014431217083406847037037610
1534.4536776771979783536006536405765569
1535.3096871880258123784127910945167561
1536.0902482955416583185575555102550721
1537.1050356447818186843770033349807327
1537.4830899382792414680018111357460839
1538.6846750655251602986259631739130524
1539.5991248630058878030253572486800482
1540.3971428722442302227150371818802330
1541.1850515397085668538488473866866976
1541.9262339144921703868533640683542900
1542.6818338152781917393908467139245873
1543.2961546195644339925165961830555575
1544.5682169822597905336933489395576902
1545.5333739710969947692460585275727621
1546.2052183057804166293409243012336845
1546.8805345475216068928516349977937203
1547.4740075645428411664389174766613017
1548.6138649722415677925866326834432144
1549.3817228117860244895843845638738212
1550.3465399731415416578790882965261906
1550.8756605710445057586165553800976922
1552.2203682220702522015644454243905345
1552.8622102195057993752431334736144376
1553.3549882581231877779125172893714872
1554.1303672503550637911533060061081984
1555.1051246012935324845612804208897724
1556.1308355419253934589016579390966690
1557.2301816387492654989759027709418989
1557.5912908835133072794401729452907521
1558.5019842611224220522558423680101622
1559.1526759922640058636395913218507833
1560.2759745611085470100652455094325212
1560.6903990535758826817932245628801995
1562.1084209409974124675817893287363947
1562.8195833800538320379032189298177450
1563.2231031188721727100136532726560850
1564.4988380057258187940464577091031207
1565.2648149046468951087841070365678427
1565.6403071845775508616371635038500396
1566.5088017378018193062273297699195941
1567.8587395656878788693810260595864295
1568.6823783617792918330278994501865518
1569.4742735296442850651551986815357564
1569.7556210231479388612020401958533834
1570.8803602499017310669503227279521930
1571.5380837885540897478765612078555768
1572.8703090307657893671028313454684056
1573.2351526161964815060901776897366619
1574.2837965821629883154933872802582501
1575.2350145848389279836195055348575894
1575.9115724897573972196515221796467696
1576.5098018742462586342029286404146902
1577.4569054997414028941405822212141161
1578.2084565597029261555152071267259493
1579.3276117251581131111688284331321213
1580.2086162288326315785614646791805193
1580.8911341972231327730778904582743644
1581.7323451175070730913305381467597266
1582.2249274466304419397393246935863889
1583.0183720905174890277049874601844924
1584.6052682788119062879743060308053451
1584.7795612768827020139540469821232639
1585.9750834740609931814139047401485201
1586.4706338518743780206540549550823476
1587.4939141513077695519721827661355611
1588.3214932483199502553181540913277881
1588.9956921643592527026698104915754806
1589.5512406645626273196544473786163279
1591.1031617453076089794963604416155676
1591.7577117974880640544635153048342764
1592.4070917962329269919166262043772912
1593.0573766309041945369586196205141694
1593.9121443899338910798187071104903533
1594.8114658645600912003594781810214676
1595.5944584821115698714516568979021619
1596.9366686812583586716560597389310820
1597.3193726758762114386404450792245695
1597.9787878884654594189194829633168981
1599.2986649786318919541337957557167964
1599.4759177696945705114133973970357409
1600.5838402739070569985901905422783182
1601.4580204655831180404142990853687021
1602.3184337364456536181128424757646888
1603.2123172217624246147692083375490299
1604.3509420898161339972745238450510496
1604.6692117545583105753242646484545429
1605.0961190952563424458906789212948643
1606.2981719682447562450993105090442376
1607.5475544079045017762914145862463678
1608.0992432956950886568392909190974002
1608.9453800506613837789550271526100425
1609.6234707358804442471110204783858327
1610.5367536061785692347649401204286632
1611.3955963939940157842894069410719396
1611.9448114044626584537509174206625733
1612.9681194532176101888280612672151358
1614.0205247412331165229693376898770894
1614.7682834836059997461541385306979332
1615.5612575392425898098187424797250866
1616.1616998122143460989899553889622461
1617.1021324446794154045529341359874969
1617.6293851745262732485511383347224667
1618.8589393914354109163462296550994034
1619.9428877128204128691417091348440056
1620.4624191699176384586910455380225721
1621.1731941616937752309719733415537933
1621.7888174381017165119020973528633709
1623.0994908340211196075848714897727787
1623.4996681448186627265996532331641981
1624.5983534669819092459645159726546370
1625.2424137336179782774640887259275662
1626.6633257128903843047070267574291906
1626.8597246182266042030314551768933259
1627.7450559827423301909592828052456649
1628.5952225524243455895809675433803376
1629.0495928639248979641904347329610927
1630.6979927157527745498996751250046964
1631.2833557995883880175006458069005883
1631.7492541345291631382510063946252279
1632.8813509872636032855299873224982759
1633.5890644293163359752942143492828710
1634.0762651904228767234493405835983349
1635.2506090420785850666525497566154337
1636.2005274023331556545567570683920707
1636.8631909872792815260666795636577978
1637.7168184575501566328891807353164342
1638.6473343933194813713085722062923300
1639.3956450928467263657466378519526769
1639.9057790088107909907063157276809056
1640.7499670581175220726474629844755576
1641.8900332739291161919905720954398570
1642.9718312066600694580193631703961588
1643.5841037185775602383888257266414641
1644.1585667617565309731231466105740831
1644.7231722109214443390533953913288182
1646.1376148404198871168669873913607933
1646.5834155880671574626779733280277067
1647.5170285856552008531909379257165789
1648.5611528710876279275217131049309967
1649.2252835962760810419540028189577427
1650.0693855532325113712459734732172492
1650.9260290909625849690336008703179443
1651.3130603886112503389144342958888372
1652.4140117453799187868609622420352059
1653.3690888821114705438343288325031626
1654.2969721673087590839635412842067465
1655.2411217356365598345672461603412155
1655.5491309005059090726926803315810257
1656.5402081752237458793157834862205595
1657.1316201213703689758729834816795136
1658.2387176742516320701540340270947873
1659.4100995089509480328355515006044909
1659.7648222656499364036223556600803674
1660.6269301500609475161706593577804450
1661.5679565460063996298072582741977932
1662.5258731897548443095731602236324156
1662.9709201861055319646132125424848520
1663.5703846385292806504550274868555713
1665.0513401967384696321180004340720548
1665.8562606648366686397376092236423722
1666.4544430619514953161783951916315371
1667.2289464582449689812997464267584491
1667.9329030453561177454058257662145117
1668.6862054697717385366695465400327863
1669.7717019459562940871073327127588172
1670.6842615147524482115708888560782020
1671.3584246784513469821294913590939591
1672.2990738725513574903901963085761843
1672.9995669471829449222958345841521573
1673.6468968596953281438282849501240761
1674.5635348550963392559904646342271740
1675.6608037985820420739994499680793314
1675.8723542887843328951760809912063554
1677.5725319626781971671346283988399346
1677.9285019460376570781979464161785696
1678.7946070701520322479506796543428100
1679.2861483422426127866734178738098803
1680.1379621444094184292940797805422184
1681.2107610189061504672592651543469983
1682.3309295949913423680789905474460093
1682.9017860784260681746531806546721451
1683.4349268812152571685347082583696963
1684.5929145044634325371500641969084435
1685.2819704593516397015220428299082537
1686.0059526963896583506650506166415413
1686.6799905971270770027063082655863321
1687.8719508830690259263543658999470317
1688.9261775789041865123242680317165461
1689.2118323102496567462958157531057087
1690.2853215987968879453793795034402508
1691.0756878852238060467027176315925408
1691.3983226661516248843568253379119804
1692.6535057888320232210172074172461780
1693.6629692049379185134125207823929390
1694.5386123733380604622036780217233596
1695.1164387573033372643784614591334486
1695.6794028629136903704800184929445846
1696.7489890157419796657161239406637368
1697.6928211837933438828834701249298209
1698.0905551667756548759283490220377720
1699.4304972494882374366050904153988524
1699.8667165566252074495305359068799361
1701.2682315637727532676350107637988383
1701.7045298737866127841021163255082763
1702.1591477734928389390352925544484193
1702.9930920844258633002083305658597309
1704.2019362527129526893419899439679218
1705.2026528305274717955023022728175529
1705.6594760618287404864423903833361159
1706.8586537993549704976600226460388425
1707.1278515847208957891715324878679617
1708.1277477795797374011188275349300298
1708.9382021205734586416600808091636946
1709.7930532788708758076568868668353257
1710.7515213551143978769405666580612452
1711.5010255669908594949317630958459382
1712.4894499026962540731045546436257872
1712.9909095503359438433998268550871621
1713.9669452160574687027926374802058137
1714.6734864887552788303613418258699020
1715.0955887374479644843886922824916397
1716.8886363717422621738912576048281400
1717.3257217156770421330435327801101163
1717.9616701150382711562296237807928784
1718.5918615439637337829677371631937204
1719.6799492351326999306813604724549345
1720.3358299129484516818367908721801541
1721.3082003742432847939350712741059918
1722.0847312531875652580424087129715160
1722.9919819234472556421087728741326827
1723.8269178945374522392862808201665570
1724.7488578995214639690661399475339938
1725.0945061703408861316215614691733213
1725.9787718552680957070302884969185821
1726.9244959079107729303452678109585824
1727.9733012600153572209733021508649440
1728.7411012907576271881784598010458628
1729.7476559385754330067009481623084024
1729.9544426860745433654932837800128166
1731.1508053189876863770044137722728129
1731.4563530284633170283870035536374774
1732.9986176970287046635815129037664318
1733.5522720076839373717850159860956148
1734.3090164298653145222179114762613002
1735.1410577897919392300251381074101244
1736.1857578576155370806487824909859313
1736.7018648902661813467544207508776532
1737.4434920385784802722816961552491427
1738.1200895043410670948219779128859850
1739.5075177914790337819701735907280998
1740.2477712607482913425890869406725713
1740.9592438074309030269540621752454322
1741.6092035465039894133104340312612455
1742.1797412371584125730175981293431672
1743.4177397330130294293974256584863486
1744.0219737165647109245940093624861311
1744.9602158401644535986118210726669090
1746.0501056942414235053611727194047131
1746.5878642402031207787136930772280788
1747.1580187833063852789264994275832938
1748.3929463111137357829660413477244879
1748.8858791445753663106609057411889393
1749.5549020868763178284657712651366000
1750.8009990750940952289532056746394650
1751.6139031023492414672051230977071903
1752.4233750549865476883147315658695366
1753.2191376694838688148644598059751131
1753.6058484149512714706268523167186650
1754.4262467748982723614470810757250812
1755.6644970097402148019659207014230146
1756.6479545997090581370932833987449519
1757.1368261070246531873164643573784066
1757.7910226303784080149655118793673645
1759.0867037183195734140206751356997663
1759.5632076018465254035238654349939880
1760.1152224966321375918547278260957277
1761.2164958839653187268004303847140545
1762.0454209711709274327349702337588052
1763.1221618190486237565859060718556664
1763.8706012995611981699792943942647511
1764.2925888015067502660781870359411568
1765.4232903806245972419339899769594880
1765.7561894721496034092481181371867299
1766.8744238472445603577108194672597835
1767.9785061552642893391002087473899247
1768.7642801108621857030122653720930812
1769.3522921638495700003070449326614078
1770.0520598061744963329791553565111769
1770.9943249729825154516783215709036394
1771.7678358790133137065858161343892726
1772.7178222036930937063879858135161489
1773.1805877481308604546183949842144362
1774.4748901651381356634162029238370076
1775.4490114226945233407994061402663263
1775.7727545907666445531241635628694883
1776.5260961443763189599989799888886925
1777.2641771437568071953292117679335218
1778.3208087447203181498352158470077027
1779.3055243466874829565634382676771669
1780.2592037448183909066549441769937024
1780.5748770126502044562948353316860706
1781.6164784093233504643035987357362291
1782.2998571111427749404406999218002834
1783.2985558244128153741474154632253565
1783.6687224895172079219549369384534367
1785.1705984953352324368750288033324018
1785.5901335269478914158824110569090015
1786.4668216641344142442981820012921200
1787.4394353831543294560743159638624128
1788.1560642752654924342225380844222364
1788.5991636286604615028777269074505846
1789.3792996771136622798450312350319216
1791.0519440523175612359114674571650302
1791.3070252783759232012368687346231826
1792.1674429209182704105989268193222532
1793.0975893622634536145564227093985695
1793.3674944538526412636919561648205721
1794.7041518330582046503563808227568018
1795.4280519335194988580307827807375934
1796.0200041273478851806802521772691403
1797.1794363800492983203114637785652865
1798.0070844495598026140190010396159271
1798.7290453352721036206780437365061027
1799.3467458540800766495869739695074415
1800.0665897746695583886141264945463091
1800.9541613625365886423319433274420819
1802.0254438713676812293564810137315724
1802.8190077840044263912776052490745598
1803.7985472846762267150010049286801737
1804.2376143243189957357149922422369716
1804.9146640445606262628409196646011599
1805.9087327855750341907206965529071785
1806.6474534852684243689966511467216196
1807.9566658972852815695614070045092345
1808.1905203695641858924558808542597346
1809.2460284675411729706553593524896628
1810.1120377303969385417958193766772162
1810.9276015736362061934092710427960861
1811.4965377099099935723069650756144294
1812.1070157675921070509718770883758950
1813.2725029741035205685425094927922802
1814.6058206843055120138703418685889832
1814.9660730931313773951884084138694358
1815.3600674312351226035164147782180721
1816.4864386026572813802987115606937528
1817.3564607644720346207762290709221070
1817.8373760112279796123084257423528669
1819.1561722809544531674919415731131134
1819.8418231257730379149052050846624582
1820.4947709775053770658729287573544365
1821.5770644560907343511944325567694338
1822.0306054428544017625140099382474845
1822.9891234692968981111158397232430773
1823.5580768211431448530677361746971389
1824.6543152630834472058652829582519342
1825.4803123422313559010266987785106049
1826.5238392048596545223116541927447056
1827.1318386149640325949848384533757744
1827.8917391715277295590130172276659354
1828.0786644551430176688940877340938515
1829.6371282067783505073958998692181030
1830.3756868602307002025251642487636588
1831.1568067334407294465571794155442152
1831.9092753454798919785535822030416992
1832.7441680705457012999935723387553080
1833.5848154647479798512588533630222919
1834.3121624287019342296600589687229462
1834.9206657091830791694121736151786457
1835.8051433251918677446845726452799887
1837.1548966584234004236439528118437673
1837.6502273129488863866277953642553440
1838.3476283979841504301132546429282430
1839.1965425181851666554667420763546258
1839.8910114544630959268257656960096654
1840.5563225079594117315492198585926798
1841.7341515609880048051722979675652021
1842.6366585038770688915809339757305631
1843.4433500440817319255663207997091968
1843.8598476269952753136898822309337250
1844.7880185569029999508707018250892433
1845.7553914071073013233456419208996331
1846.4486038458022732524351991482581987
1847.0508712984555231297462940528499100
1848.1770723192360176088692423669934891
1849.2485687041286372056550068079164426
1849.7351458751440023394671154012115355
1850.5516999490764212462947450311853104
1851.1405638598199664793778259419973999
1851.8026946982899618893596611820051195
1853.3148531870634448187091288098556568
1853.7446582921485310638071347787962013
1854.7101232806271988072818425172677516
1855.2813620715995362744394864213885499
1856.2747003174419262513977788913062983
1857.0258503777866675426565282731907935
1857.4627263592149960321513693750049484
1858.7578688258204748999931654970739979
1859.4896494987611213810756547510195894
1860.1739247918201541193617943080889560
1861.3688535767827261921651481552482702
1861.9530045706027225997077118174172259
1862.2826527636127046935366886357074937
1863.4561374967785984948249410190029620
1864.0172570608539668567471412256317294
1865.4409564115774994894387086693727661
1866.1816554795714278602745579044204806
1866.5836529630334529154314144317352505
1867.2582797497162494354909115696837917
1868.3874923391042682812876366191858264
1869.1542810949835817677935490897025797
1869.8078158908386528476642009325764790
1870.6532758574408623747552370187781815
1871.9058350674307271165838825866221905
1872.3132984488223534980022907100860859
1873.4123606106738721793571301182416089
1873.6489666401059941603858481303381383
1874.7142615564127910594705412063772689
1875.3554272685113625543576134768792208
1876.7612330753827665932582220045594684
1877.2394230287882164920015217970868940
1878.0422863214893788641626812311782504
1879.0659178097275618582099537994845179
1879.2164454525313220399533985623497852
1880.3623093693053063093044481900439892
1881.2828106791408688652411994052193459
1882.1460570053175531828013709249173310
1882.9051129450530013185792205301770110
1883.6202403883801547090361084399176325
1884.7005180496661620571650986097109111
1885.3058346494523858614327548378254234
1885.9308800319490352316322793169127800
1886.4541038547348546317097915003292550
1888.1541480067462382947488202954649299
1888.5243099726766940105528388578904878
1889.5214287503505035001423275556111383
1889.9434736209769236973394136752765159
1890.8487877681299042262262609479936301
1891.6344759908140295061888047803183644
1892.5246883333683514974515733703150706
1893.4543373775281083504656663740122300
1894.1049823842337425916806894823754344
1895.2298455981245471662007259927186032
1895.8016229980232678788122920288472912
1896.3668259396780065570792985276835788
1897.4934249806375738611928547702330174
1897.9622872174315389790187590499825839
1898.8899178869376580489530022309266110
1900.0465956186087632770492267124183851
1900.9114455545131638263634170678213492
1901.4598550876320115001721940180708134
1901.8939190710374945150706160708688233
1902.9137621553630965735978348762690127
1903.8050654964178485410028759296756160
1904.7309332038218145951947853677528326
1905.8089214569115673184185179211540363
1905.9544074689090259040558037467796802
1907.1086565343234442038556643303879658
1908.1048536215098298794401193436007292
1908.6742917014149970252837216302849684
1908.9587960588415054038553476090805041
1910.3854822393605968561506157347063487
1911.2892414767179542730795907833060153
1912.0291514628838968337331796684116141
1912.7426062646655491330785689910722937
1913.4587346782948074932115152196607097
1914.1466254028230206787423758445224937
1914.9680062529432936172837302554081183
1915.9410106933013666058595309377921934
1917.0476806255937353049900248142411147
1917.6065382749559572645900097729795635
1918.1301804784326578765453895069828805
1919.3659810802709769343958365190218333
1919.7329388381267780695546441421910017
1920.8066997953167980855836710533196093
1921.3787901367866316491503716848309571
1922.3212241171813635179627555645244906
1923.6596390731717234268773389051547403
1923.9532128688180496890844033533287892
1924.7887912633596395889744224345053965
1925.3358377910769070975243829537215938
1926.1241264780332610602444856114729189
1927.5217069875174050057620991978292394
1927.9997832000993206306526724328933361
1928.7845084966131517702724691291058853
1929.9095977937758197115220068658421722
1930.1939644609542119802730986254078450
1931.1848367858733421761057856735582642
1932.0140653809998307678556707196540038
1932.6640118645286472373379079281201034
1933.6690156423910925458569026239826415
1934.7550026126588817127997378486083013
1935.2078751139072430723714029608102872
1936.0537659845299658923000972519134789
1937.0826733810679584457485238956743472
1937.2080254620345621080058754916184484
1938.2291931901852465305977065530242544
1939.7683430707640971654989072447434721
1940.1523695090586829888925300290133320
1940.8065672940124072497357346660212202
1941.5164921565737268103560391824434588
1942.5569582893895819892160479215292265
1943.3312924762425428801328011382734234
1943.8469122847471356533936455904962720
1944.9880316415959191643714350762473930
1945.6962574065842416395308657655802322
1946.8384036858905184748169863317191438
1947.3018074491290692343842501029936964
1948.1058894516241046481462342750054322
1948.5287589659300098505026125439593508
1949.7464698536909155200581126346993168
1950.5556098192632978082457472772149263
1951.5756587134715907774994894596379855
1952.1607300324671188730065363862406287
1953.0359802364389565605504322164304910
1953.5326047283559946300126099656098551
1954.4031747518768020343973746899527273
1955.4068548078732954052956136910697636
1956.1386059056686823362975345032192428
1957.0806630551522460865811133285668485
1957.6782107537608453175591488928541164
1958.7909102632626100351460985090411944
1959.5783023876874177347243164441438923
1959.7856231699626806509455034600463745
1960.7056139510047686570312178835050862
1961.8215802199325205742770987933889381
1962.8931100274497392588802890161011905
1963.5867896176770551580639314603803800
1964.0539082059923602053627042332759345
1964.7544781291025982012125958938207802
1965.8890278490565729452810584377820561
1966.5510441535822706556104151468247388
1967.1938352760394589199615491742742618
1968.5309414329240021510776389157356683
1968.9053847558755689203091046804452766
1970.1168042573869395689263393050885345
1970.3095885681401795288970565199848236
1971.5966838296202213358320015999679536
1971.9325591107692414075451228120755061
1972.7882997207884013288897739169647515
1974.1378621096397754730693389801313504
1974.7845259881368659564762127888721215
1975.4103728616345127588325000836170868
1976.3266614805793710090369918181252965
1976.7173629818406175878998236885383188
1977.6286069003230722033524465219793322
1978.8927274257834339085870455620882588
1979.6765236020429257333686751872626906
1979.8625580038590171883153926097985384
1981.3012022439791911192632940565523349
1981.9846522979961784418839617280187262
1982.4298195666792853243156880346845765
1983.4546457192737578277927632063477921
1983.8636435813931157992641356871673950
1985.3945828404571976518334195385765308
1985.8866980455416882694258752180012483
1986.8606410788190854769459816232371760
1987.3440312849921551983351982667410441
1988.1350639842806493030220593419984646
1988.9166255946070551042017659371897777
1989.8112933021378853346365174183028816
1990.7473395134524440837113753639225484
1991.7114163236115272787823826710786084
1992.2790127204773183237416582614644029
1992.8624862698444524678015663622316491
1994.1512895177221566876004384074539454
1994.4118145890394741815149130870431926
1995.4365232620619323094469812198430561
1996.0473686452801630624943365958063516
1997.3431113786335545816833225130684256
1998.1884901567363694827125464478267030
1998.6768366372742017340573905579724329
1999.2204964979241931586437768627142174
2000.0860123501641206827949309648841161
2001.0553720147912974731056841670789689
2002.0292013083096461246368132843227584
2002.7435454684956852041689250242475923
2003.6502638784774491672939181413001969
2004.0749691586712698637873583495058829
2005.3139593210644145005977701252936275
2005.8014571780195436766795551649558605
2006.3490121345159895851577880415257191
2007.5575141930787384461387563654954193
2008.4769249974028180684877397970497841
2009.0703781549230188458573757298989708
2010.0366444620954440134855564177020875
2010.8334217438573175273487111262053345
2011.2643850100334073222623311406193805
2011.8996128378208547770758310213262160
2013.2954791533916411457942242484031496
2014.1035391613994557178073328109424965
2014.7469155050586365781819721743729708
2015.4803972383745857114566715502901446
2016.1471472721514253316278206348126060
2017.1555391568880298600518424753961578
2017.8631314397350120056451405601533633
2018.5745162907993978398145834797908883
2019.3856082314890027469228116441613449
2020.6100138531323262656108861973944980
2021.3228751424281432944419583822049342
2021.8213661169139183104746346316721022
2022.3810610186217077557865664141624057
2023.5950460807158470241128054238777933
2023.9929414624839249002178204793159985
2025.4183808878742171018520707022010624
2025.9758201290676404952058893160397429
2026.7203804950869837356178660097680842
2027.4650021408078863071672367869721684
2028.2370071610473064167240620326969247
2028.8917308992168088756851420398777197
2030.0465724658296729016392991378042595
2030.5870782203349292777144364356267093
2031.5742550315529156249105810407494001
2032.4130427111397719617976913509007125
2033.1636983895030438451243522358161969
2034.0024924119284925945275083610818673
2034.4637424602245000936477526094021152
2035.0898369216954319658482635667928600
2036.5729103884079319574961420636981777
2037.4784237764164980271762099200763475
2037.7495797235705718084268363571436124
2038.5723250707734908308952133956226040
2039.4670987174179499982160866040770709
2040.2760715041892915642669410648037934
2040.9733813803808635334502961419996003
2041.8073972772849708856577226213527883
2042.9696639038178865338330931965660915
2043.3950768529504399910118548561427104
2044.4138481168449399862657528035650758
2045.1747228374954015010779102220881436
2045.6630981303052303665670500232527649
2046.4403172300073295564469729576121792
2047.5916267885564167733469766839194632
2048.2460804636382980774188956922205989
2049.4512134706265405480802458914862739
2050.0132498589655764051705295731099548
2050.3886414483691478316529772006621521
2051.1907857248029565934594420813871002
2052.4341882384184157708698098775988531
2053.0153886034920180506628033625975887
2053.9442697164801419267388191547170623
2054.6310036811305859780193691333782504
2055.6000613719002714634268411898934790
2056.3938214993601824611368376765289818
2056.9157958360275201347148856553864312
2057.7959112717673635039088895660006422
2058.2789339249674000621147334436864131
2059.8709691733094107129395246364730205
2060.3880573486121046520755245936716803
2060.9702027096423889233005807287495520
2061.9339475252460174923093155096154115
2062.4303064109373074377556493436610940
2063.4555350592123381637677998596099211
2064.0007536453503324998477526163073799
2065.3732029192898138780757714329565316
2065.8688985532587838369074524884254178
2066.5835045760092298330092195245913045
2067.4661885330745870357336162797560626
2068.2484545335647799752612624654221864
2069.0374465508457958390672184207008874
2069.5694912088971647114548802162048822
2070.5239349596757685799237221042129726
2071.7295942419732180849039108416036811
2072.4832659971945898725023070050197818
2072.9415510650783960900089447094243799
2073.6673514162029424867042108121125213
2074.3893743329708224636435339575813092
2075.3488455804072412859129975125386122
2076.5082235149276589660558034420349206
2076.9699055888547829806086215749413899
2077.7120312984737648905855859021659557
2078.8215497917149630960147212447263740
2079.4286218706973661860902369536110983
2079.9726966748713238440063935517450695
2080.8422802740745000265359679438965612
2081.8840613243988320335853306135027794
2082.4950640912340129574765291601930410
2083.8220495899360139584273441661527060
2084.0824245275593530954223730616959953
2084.9627595741986991233243173595522075
2085.7070025949598598049298838053890969
2086.2159112655068854528461605520533837
2087.4829402486015776657020307309959178
2088.3298386068211621463529463666550227
2089.1568144469056455723114535357586558
2089.7461255554145711845461041522771288
2090.2433881479857248758122220708292252
2091.6658520787936367999197748079300758
2092.1551637714766054446667422794359795
2092.4768281854123198800818418561429216
2093.8347804002607889761848629178636351
2094.8835279904185776422141424840213758
2095.3025820517520567684709014492916642
2096.2233951109908934362704689992691106
2096.8357818550288009251476512640996540
2097.3695882849961232521527364812595605
2098.5799104164998352433610354743262106
2099.3948661811925800186433748880879084
2100.3210551010141367233261895897173937
2100.8783630037671841425773928907882107
2101.7710529607593088215509840178898614
2102.3523405181463083929232567194545530
2103.2356869072214972879135564402282415
2103.9976807143906787363860075450097628
2105.0020882917603867960151474523036882
2105.6413444663360030483590632413229030
2106.5500800893638171637599686713447748
2107.6966126050787734380497049887018677
2107.8454712766103089244259549007200548
2108.7460956749716710881406738310570592
2109.2697449756009748602178568668541227
2110.6566274083890121889306436076630860
2111.5631012858181320596471058530729045
2112.0989097009212442563421047952463231
2112.6498296552127090647888486276212277
2113.7480228241975528111574728270154007
2114.2579126726114732523087346459060144
2115.2738329812736858483760042696927040
2115.9127234365543518719258748878137992
2116.8141715210098178859417036934172211
2117.8790579172716831650713286386848003
2118.5100841747560311612592965792007940
2119.1481920193741179970396143588134343
2119.8510043119337670237015137681203470
2120.8485724864451206926467745267084186
2121.2787119586658724846965566962570272
2122.5478111540296652462682577714435747
2123.5505498540785635104461668960404952
2124.1762957952851243132127229068141222
2124.3428319524139235244155863176854007
2125.5936294831311614039096477224321660
2126.2419164469692710700937869938579563
2127.1250420330271471943553561644133109
2128.2342528911547272726339212017568865
2128.5481058620846954629540517291094802
2129.6213978406257721429725840641329994
2130.5951583515955726392289523331545926
2131.1349251944196884360321119606778690
2131.6590523637592943490000441071786540
2132.4145972486109111981194405903432153
2133.7555213692357115741530656541749916
2134.7030285369535914260194996419274314
2134.8690199480054464520883877948056938
2136.0955152857919855583582176190711511
2136.5362178819321912153232447311672044
2137.3029121579005949267149474918977950
2138.2581702591838047626733245260682080
2139.1215029596604761097306795843735234
2139.9902802730670715486375255157735252
2140.7793514933039383509754101719361481
2141.3985429401307944366242048069580866
2142.3057040248704293488663870197219167
2143.0421472374508761107483003632028530
2143.7598072224244869494176069898826102
2144.3076671977939137372243073739324175
2145.8093880422365964364530443643471546
2146.2621942189547947477062547396533135
2147.3733661568569199463179077664385883
2147.6360220211965436635575301913383498
2148.1707839104022204701315092733146901
2149.5109304582583185892024394314576068
2150.2626864370297360709497494547675892
2150.9313529211377581573314752278448900
2151.9889120891648683839971637865335060
2152.5066010510552752734808474278918608
2153.5172456659215158919764193572627064
2154.0987643933515719925802054387831125
2154.8044055477077451124528989482019386
2155.5974001169786916230881083353144821
2156.5864484195821759002636371123010338
2157.6338367633139827862438037458762285
2158.1799638116051196918021089622905622
2158.9264544262601029690417389373533230
2159.6432525523288077877939289655438456
2160.4848739114854544317585722734795792
2160.8974015077379384967765078286894495
2162.6611173024044026311333983695036513
2162.8734773753234963063384068724107648
2163.5605607944541374415158112992291884
2164.4255548932005795448669307187770883
2165.4324788503614619877165813765109233
2166.0631348348917409764332026931878696
2166.5647543877368531296940648392923406
2167.6459310157333200702454972833330516
2168.4686276036386682731319546772453884
2169.6023782224189664777869133607420687
2170.2053374111723478186669290442840593
2170.5339066064588467719663342446497287
2171.4648141415860810977985505888620026
2172.2635077960986245068757149778106624
2173.3689527997283238317645043105098876
2173.9802812629223799858043684111673375
2175.0000661681929995192692663512387160
2175.6126408347406526805917872097539498
2176.2646153977606905526490416138565607
2177.1146178337484096337900057902667260
2177.8885891476055211863936796374485209
2178.7170944877313587565006612782829508
2179.5387259486337160456728751032841220
2180.4037832714994824784731353430951747
2181.3742294827494990192190866985432055
2181.9624368315214619880945414490978064
2182.6771768096805834880124420848122543
2183.1650772331520255597042067842735899
2184.1298858888719339994697279465119927
2185.5016281439511306354068568373343061
2185.9264083979650458777923151992186031
2186.7758852276887409353581584862465457
2187.2076294098006080967299070364597638
2188.4068192305940066072908840384047479
2188.9236852542184517187246435875415691
2189.9017756774156335394191797288191282
2190.3188834376817924828205125942975807
2191.8300756442745863179672613556824204
2192.2701102170375370693022877818530580
2192.9171471918133041436139845652392618
2193.9114767958075351554879519431278987
2194.6119553612957400993992201821730287
2194.9204665534748865859251389468930711
2196.2835316042424112933332502639770157
2197.2036080273437747259160675403104711
2197.8374378755597835852328800791900304
2198.6514852791010314268169471873380910
2199.2338192918437351528516060311779346
2199.9029056732284253099684220745417311
2200.9693286205938866598650529890714255
2201.7706660799688606221421526995321866
2202.5554220323900860760992382124580738
2203.1584542636065737351127260090743024
2204.4831322457375827334630699032669301
2204.9161710997505238666666847512753061
2205.5766795179363032523392938805219828
2206.1061707554822088184793235170711009
2207.2360564281675906213307366376360983
2208.1608013476536673755165877191433339
2209.1312261096848793576746044359460827
2209.7142658852176369385458998041883130
2210.2272286073548909534686543187825923
2211.1379601585435591898899770285837826
2212.1983333333140882793112221310751087
2212.3881193140900027201983613315179800
2213.8024338624533664743735998229846988
2214.4884345965974906383823399335602244
2215.1207973849122664397095397999904831
2216.0871890271661705374904934911513833
2216.6860666610500585108688813550438859
2217.5919834324423048087158195986238851
2218.0994370774173933050770865407628622
2218.8967389828389660572305724389235506
2220.3715137613751597413782549872897004
2220.8212550950881921376500790245416345
2221.4894722128769182987803224001297328
2222.1674148441055510157664967672624495
2222.8122235292735567179350960821473910
2223.9953464309928056253449980525985450
2224.5712869158790681985806907532377067
2225.6372171261777925426550979597734531
2226.1579988321461119533123363962132324
2227.1342158173223401283599606426281149
2227.9050442146761661289420453025435173
2228.7199658904645640837156601333384175
2228.9747930887710227149377629285797483
2230.1086346598960892380194374599029429
2231.1781370878256088774324530959211964
2231.8791650853754633370782956422323066
2232.6096875044928664975887056742419071
2233.4696594062134373357710937509981669
2234.2452904369465862309250217077675543
2234.3403958043676974017622059784327483
2235.8404612481085675718966229377379807
2236.6405221945948392863911120908298976
2237.4476018430860167914821429759263910
2237.9750556398861085616039627875731431
2239.0529460470853012752988247048337357
2239.4701072518547025780664852321200635
2240.7021647520441554183644280519161831
2240.9859943275840026085630195012721742
2241.7585343618816795729580592393034569
2243.1309377888379226759306150361999887
2243.9917655065304563837806807375210467
2244.3161913760355289114511797956978957
2244.9776980156109649476930692821053764
2245.9460982965594625609266772913324384
2246.6004228184181473938765605652097111
2247.6346344291169859027562429186027741
2248.5002862394762523677711698579877587
2249.2022303893961429890518678343048195
2250.0748780940856269562159859709456648
2250.5141878602822339217795441117174586
2251.6495455103329199998506813018342328
2252.1081808258431794488640234092584337
2252.9465559887752279749463432754362240
2254.1293587196516972098595930124456067
2254.5270714923210169785514439497360586
2255.7788554315876363582855652593481966
2256.3603697721623764413905208539161229
2256.8340650731022650564848626381014059
2257.5467953890807075970070389358230410
2258.4747153975703724585194142507822055
2259.7563503230162788845725350940543602
2260.3335465502390773777565628444074268
2260.9365211333102109510180597747050965
2261.5635633139211974849663456483085370
2262.9077436504086717571061707734030879
2263.1257014861134831109275639055868315
2263.9003308804770378258114933682945755
2264.9903708163966651041334710164523969
2265.7441077007218754350794018203287612
2266.7019913465298923011085267604164541
2267.4729017638176254444983223681737836
2267.9144510568646646251579450553712345
2268.7581089218102059385971704644498810
2269.4524361113232023115293992757196129
2270.4802727195640888863521082871691882
2271.3133672696095913500122200360829142
2272.4020187900582077171643201329284837
2272.7299431354821257357141583829523207
2273.4501662557117752196926673932082248
2274.2186296793116276455593832532604912
2275.2339422395520288838614140474907635
2276.1520093260714835393136545421694491
2276.3947258280010709531072567207076438
2277.8151061631496713721623673498078171
2278.4151845849707167830841246637976965
2279.1337461836555981603756328871088010
2280.0713396524859461540001523918200554
2280.3025639164043101755869154938472395
2281.1987697529826678604898388820519785
2282.6432433330638037759551918791667420
2283.2357886692195629877509127931109859
2283.7432956494199019160153310941937964
2284.6257588792427867422304215023219461
2285.3890531494440657604845196596923754
2286.1991136339376762063602405662574288
2286.7294389481420043150359509684211400
2287.9573685515862475842920167498590717
2288.6164771960502916382055060459004297
2289.4032204569593716059966212703525717
2290.2035805206564882998374246152506560
2291.0007356832989439425355199254395255
2291.6474592608195524248135232377338360
2292.3433830976259363873225784818471755
2293.0333142194856182674072318875056203
2294.4751843271644369304597478046543856
2294.9849531830031142210145028030005945
2295.7197039351034399139537628373939529
2296.4156604619731022660302961681757127
2296.8801905768510351312190826662635651
2298.1065578722738457429961654913164413
2298.8209320232109565959561093932433380
2299.6100118460747739261354329341916879
2300.3709184929501251984649801153657757
2301.2767217036220120036629389927002029
2302.2118272275161412776776752941447503
2302.5734890949267378057989936469384799
2303.2990160180714650677670388740095299
2304.2037594586887567457001467650501451
2305.1784990150315847290605799517926143
2306.0094978977292844563679997165162381
2306.8730805819378057491146406666153284
2307.6609462067173971507294579668019432
2307.8787041171998808046796054072290402
2308.9683157055222416369145780530322672
2309.7344479685055521586074255856137471
2310.5929032225284285114565088498224085
2311.7435556401085712289923343905933076
2312.2647418061137353581386671264799924
2312.6160507517867669672819104882089244
2314.1697785212947396274434926377444113
2314.3916461639882598803418952307137637
2315.1596808511105261882836935579852508
2315.8219579317780733338336181550317821
2317.1168030172839212078767847560893664
2318.0667085957941035623364811767199875
2318.4312098578533369638723014781544426
2319.1468431740551949409352468815382934
2319.9916614856624247424115279374495983
2320.6056580249283567833715685969391245
2321.6321822013204760572683469382879118
2322.7608704443302304971495063803335564
2322.9649256862101787459303534945361533
2324.1408475836067533704945719889211257
2324.8816896709788261610607096859885022
2325.3562080589527645819411967859096972
2326.2630815708027582637963488443784491
2327.1238218843936928183813063864073591
2327.7625761040498389405655163872620810
2328.8542437980866538622925433555609485
2329.6075003517657248207744275673339088
2330.5298421104128949003641260423834402
2330.8977533413286078279379919901762468
2331.6279345155343890413770158938262802
2332.3351468445649861128199569279379182
2333.6901279550829550546125695795893109
2334.3770790489974735253981585070063715
2334.9197054192992206258805246289251450
2335.7503800678639977618748544387165824
2336.5639963494072062643293649701513817
2337.3149678440445896935529443870432342
2338.2223142799513418830234259273890836
2338.5291165169313826725125824028542918
2339.7888976567795611770575346988025920
2340.7380582732618453306861414025046498
2341.3969119798541254145688443443394213
2342.0090408092050951421728187119281269
2342.6382831030598099908619125761780667
2343.7137281706718830288326388112202375
2344.0586434737605453203685811490405733
2345.3349147668794039781970591767022660
2346.3139574470338510729452044956553646
2346.7978913837229555997606970886666133
2347.3674617154893425817211668179896122
2348.2570159315723170020897169522774545
2349.2609362800088095122868883471363105
2349.6342462594141112829585303984281064
2350.8249370161438898230557563794579643
2351.3745000962961243130847371341812751
2352.4158515094053850673714029718934916
2353.1755119130176564979200585605636679
2354.0995833496328717344270384528679745
2354.3107079707891404538643186539834010
2354.9031952732749611785761774214797526
2356.6413262658456733993824566672875583
2356.8415773140636142187263734801896360
2357.9454040934963936014295710556945669
2358.5235405616060428684189065452978884
2359.2644350972925128548274117281194471
2360.0193416149526577499075164672778880
2360.9157907573442740330513806793680445
2361.4507311032482116166434398252096149
2362.7147785902239758039723738948322400
2363.1414250043362108288144498642076972
2364.3362141957668078021194353568245040
2364.6514265021363145345070387450016233
2365.7359204038047706021224311229400836
2366.1747302778427826691936996063580771
2366.9514820031086316915338782288618258
2367.8847160267908098438858683064004001
2369.2380723540678461737181789864605932
2369.5915368541146239187568587345045405
2370.1606164526381273487501824739025193
2370.9241985636966816174483804270754619
2371.7895226351533463303960456807365830
2372.7142275572906864814920660995630231
2373.4323127316264865765056751117471506
2374.1766701865387446566010869851005246
2375.0894494759959152131258747429330367
2376.0575068927425063232417952722380539
2376.5405180550740774360833150500736618
2377.1593225367048005215450152780969561
2378.1907865633508539616718514426900879
2378.5476602871807449992940648031296175
2380.0564360476819955531331562950421249
2380.7271043775312255364194916821409406
2381.0928727761374962772972319701825724
2382.2180306190405838401941395940490148
2382.7950722792736770080880409706381043
2383.2823570713190274584406586253670183
2384.4265746550878484510381355508391009
2385.3858394753257150250720213990428392
2386.1883242158754947527110542725694864
2386.4946107756018765482345781394840657
2387.6998762917974651426104611561115593
2388.4835555942842027649770778383502155
2388.9897952367648337104057926407935023
2389.5864494917362970044729029198859208
2390.6400910355837295647947509887203618
2391.6594208707168058949667420962661645
2392.5307804721905263508040630155310738
2393.1407338615314764482386303535790384
2393.5567422797630633400912889237039654
2394.3704494918173788190332112646947387
2395.4784856347083340451494059917751798
2396.1377332651185110005399248946391804
2396.9108336935009109241829308592405401
2398.0139456226261807155530961642700790
2398.4590182804391576138129628178321709
2399.2982486989253790433417746124798995
2400.0134567579726215442194532156021334
2400.8725124937571608434207466898132409
2401.4004960476785813434314641159468034
2402.4761498466813806218827877375206932
2403.3524811928218186593670758268640830
2404.1799414693416512406128979943361730
2404.8967984362620116438776315169468415
2405.4134350579522013401920421858615950
2406.0682856428790424693225170855296306
2406.9803506325713739678321858792562169
2408.2405947894350166477890515078153063
2408.7075938492298838802736497749806676
2409.5633708635193059383389490892137048
2410.0665843690031191316096444438210867
2411.1650384082547957691659951641265068
2411.9757810789011057365007144692499778
2412.2900798496422015709308736371319532
2413.1576470284978454091790524430653846
2414.4455098278964104378954092033159110
2415.1134180924295136499862557086305113
2415.7130100871876684600082859331394152
2416.7456542102174070571490357596403665
2416.9266233162234671098088685358242823
2418.0519871905346677370102634077436895
2418.6287517781198382010116740551405460
2419.9770137851727168667261782791370644
2420.5194892599785806019482988954215779
2421.1484159595845217726089404267391364
2422.0659068924946604437955397542771507
2422.6747662716110004913812161052120137
2423.3730646388503649719266987293844221
2424.5357888664700070048031359098230322
2424.9683786068828844600182459169345111
2425.7595883619979343656628518972576957
2427.1497705468043799063147220870838957
2427.5938858562201460183811580245903950
2428.0058912380517859171694347004272825
2428.9074207206740022451320482720506552
2429.5451967100385915296130481548178070
2430.6766657359651746058566995562588562
2431.7234700997905717843609521284635487
2432.0800101575637333885991922234532178
2432.9927387928408984688485827811510058
2433.5653457827865044321657079619287745
2434.6207582140141049432719182206083011
2435.1386880748338884374364814007865525
2435.8838180367459195178068613066832681
2436.9628814843013224288778469961635508
2437.8061083085701801982834229773063188
2438.4105970059419972546622052459071318
2439.1874557879302318870120718864715997
2440.1453850724015758286566229181432596
2440.5578903849884519594888399417148475
2441.1307236182358434330895308272241493
2442.5531523188967055356976216477833392
2443.2391457438850405762628618723205218
2444.1372711315292447649753485717501539
2444.5937557547127935369439910155612280
2445.0841915631873285912128954583053458
2446.4471398885723256785503805457004246
2446.7867134149046670507084029609323042
2447.8295536043675976959987286110362603
2448.5241133838690968710726703661045052
2449.4414947751538694755076222846260789
2450.2767547998729774111120012689232740
2451.0595326824565835464991309667310356
2451.5171610632652180862585586751959947
2452.1333438782088176314200860194919266
2453.2316742859153774071106002572307393
2454.2877523070453322750327319566620556
2454.8145639193823530994538566841156464
2455.7251215852856727997223731834983515
2456.4314157570161990368816226535619809
2456.9987046099433726441183311732291586
2457.6594169931349656748133185361701894
2458.8914451555402439430395049013733431
2459.4339491917647465247798384555964493
2460.4255717645264907734943855934768281
2461.0266987578397834961153205655030117
2461.8888575814144579874982206474017875
2462.7496337277419495512510820994514417
2463.2413411129618210226008895879584621
2464.1061537299138906891214793123440667
2464.6084870226821927965216150444665511
2466.1564578301743245493768701634627102
2466.8293220965908191514788889428203006
2467.1806412249216730271128910198189148
2467.8254612211302877962542460680469057
2468.8748615796585470758231088849076407
2469.5755051305598961618125428671837205
2470.3166134712500201596333095867860217
2471.3435653405586777290410420699771030
2472.1310422083239162190738064809781805
2472.6387898603808250082830139318749250
2473.7791992973566648240717464695871361
2474.2343097115318381303600070363700041
2474.8607646281496593017963559800250208
2475.8643171026748483736263630430841338
2476.5696955124310876341523560651217623
2477.6237023452854715520308806047093765
2478.4198213877264956624513618936884093
2479.0642326844509393019374952309768384
2479.7229444959990875742794503653183838
2480.2805036183036948949347656548556485
2481.1480157633227447987689010464066503
2482.4153685047760082155374752795271049
2483.1138933880057839671365229855111190
2483.4081138839242801953085829235451740
2484.6249164908239773265086853601777139
2485.1819694769613897864106185880080672
2486.1522425270386611827975819715788013
2486.6135278980458311909174359557695060
2487.2721303773898751113320128197035046
2488.5511626688060009002071367099636183
2489.3487950808959177274459089929522759
2489.9617369056356684257462682097114688
2490.7847143084859722858072064936266471
2491.2904894628041926268523853746370404
2492.0095002176454964856798039501920439
2493.1419666376679958084727340495763489
2493.7056457608457326279815669070016968
2494.8452672265340524939770922187682595
2495.5351809016671741020634587318046814
2496.0315234788348181134599613417216868
2496.7351198628798549377504291968395690
2497.8547919532951077155023876124923793
2498.4816982373934819700034155883275716
2498.9524025997783110253137177299459047
2500.1852244104196905073103979129708899
2500.9761285672658049133229481353365329
2501.8785530062121899398254243693994465
2502.2153895667983965607933100612925997
2503.2465439525917350319163548886290815
2503.4158706914344209547489346429039188
2504.7944734347819132629331220094785506
2505.7718244970393816245696885100041986
2506.5013436805393368385433158426675748
2506.7226901284508428826851338995458253
2507.9912829846107671688362521699213829
2508.6523169159953707187230402896702284
2509.1954776472354932603524525386382604
2509.9985546342862704803613084873221075
2511.1239453691893976070083386366767536
2511.6763826504815060928034142578784666
2512.6980347623550822008570991418042689
2513.3528444507300721836108685888173809
2514.0377686472052023488579135003229185
2514.7760017679729565688844527088272568
2515.2984535302232874707173963395688646
2516.3788770440987531685503661964022446
2517.4843132840472012771232323013022192
2518.0911917932948337527822008936048936
2518.8246351244033125893188419075169743
2519.1791829789001716517469621882208844
2520.2937833752775295779077332515327860
2521.1536903390678271793727829084944414
2521.6614796768061305413398985969303719
2522.7378247183704702238912668145502258
2523.2580249154127763702515355442763307
2524.7204056193462573563658857600874331
2524.8884837709235901743660309874708346
2525.4829641320840813688713823445615032
2526.4144057812890417546007533021465798
2527.1001608020733735788551536640289999
2528.1710629235545572248438570079837758
2529.0341444431053713122909631521423620
2529.7735219792490888264621965494461667
2530.3775109095766482946736303208652392
2531.0310096154268767468656260731947293
2531.9724380701628793508646658826808264
2532.5272452978468270074276661693349170
2533.5998525548371527728040116608074746
2534.3602114299141734263089065037310260
2535.2194136501216146727227455482288541
2535.7035881736243440769728476337088770
2536.8136902939237606310759334505610597
2537.4708456060814261556207822522663178
2538.0371146792683026419301867985440805
2538.4539566092774879899179890363063464
2540.2242041412105970044264446587152082
2540.5865967420965105644707280974291760
2541.2957848739959999555678447822049517
2542.0653982227611289492253088919507904
2542.7508617171703023244482719186791513
2543.3809857809394685798831333916161373
2544.6263987114938060287830009097172274
2545.0403704807402722539455385616460458
2545.9340079170464726382814024081079399
2547.0972385382671141429909817808345159
2547.3238055960333773576797190126019052
2548.4923518805286394857869856001342359
2548.7993011927592496554869452822182495
2549.6918965443918112147451796748059019
2550.6362349039153153778011761379770512
2551.3134011847695683695425570858398256
2552.6573801907578441435909119150511121
2552.8523572463493234505051110571707845
2553.9049174904905765945612308785916199
2554.0806499343689424021135233436545574
2555.1660069700438456126756053257178544
2556.0547489189930047645276714272150321
2557.0586249422643064742686476856689174
2557.6603492345453683756142936726812442
2558.2506159029041472128605549241187512
2559.2741229795365601730068149990171720
2560.1092324555067708592366394215854028
2560.5203553534216279213304719024653707
2561.3184198808228678230902203065189994
2562.0830518735979256789405475930257855
2563.4757291035006951965419145131635708
2563.8563485710182384370821552827358878
2564.7995028022173472323531099298028545
2565.0371159409453614820147463777309706
2566.1908188665180545466097472057716643
2566.7832838945122565450774386348491739
2567.5480760067489070829675426234011399
2568.8154622324442732424760414535591362
2569.3594338996599239689781845498358920
2569.9189916286573169224827313653313488
2570.8030060924104670362550223844575338
2571.6336332618883051561663089952259859
2572.2901838507819195039414668513218929
2572.9674206352574307542970228485628180
2573.9128589671470633969005144923720054
2574.7771958021459845469354031241503158
2575.6299622624990900942957945871702954
2576.6495762946236703715506073841948245
2576.7913961790643943011208699276137673
2577.3535057484253558018050598345927455
2578.5026907620658580576296645067840946
2579.6164929616821588594259383263162212
2580.1594661679208644850415887964764612
2580.8998187596848058966542048524417304
2581.7021575106334591451667463221330810
2582.5509601717361397026182101990026179
2583.0669688743126495315910880594830327
2583.9699953206938062906090932143636118
2584.6630155697126055710467782154668115
2585.5040841607444693836930552620841964
2586.6621768888947793729982665091341361
2587.1731189127927852002336320701096402
2587.7640635596112259399306230956602932
2588.7863096657163713723934111056491091
2589.2827225024455548649629818844263952
2589.8267355607450764524404233512912771
2591.2306552454269065351636400342255027
2591.9527753770906456077847971404102391
2592.6845464992647879747575371412116958
2593.1834373059108432126256110871546099
2593.9019530817635658389284129004198866
2594.9536235245180806825580079942220496
2595.6790039710356279798695010171600862
2596.1871249980063888040894872534677413
2597.1846017067796072209264569534917518
2598.2364599667210230590996109972408847
2598.7753841585868507768870849634249649
2599.7677070776265758532948623898005288
2599.9559966989304838413953292391921196
2600.8782461616040196798845998254760638
2601.6913329687948100803723503124170542
2603.0964929837034469450386050556699723
2603.2048175864578682129790019690869519
2604.3997223113884601035715951912900051
2604.7942350026534766310396732143227587
2605.6708822035368554155880165956591179
2606.5125924316231806788234034518926173
2606.9436851973348683392306368691588150
2608.3938865519110752298727300251670715
2608.7626177012302956333703131028817986
2609.4424582759412627102470141260561778
2610.6739911400649516556224088642831905
2611.3266511344203029256034228879182594
2611.5638294907912959540212542343256454
2612.5510549489736657055343020855345987
2613.2694035543603341840009438392668035
2614.4959428838897741157886896344065844
2615.2900303040208715933165355120689531
2615.8532788225417509153671461611796848
2616.3454967314258458587862944377299197
2617.1597329143631534098680656923258079
2618.2905877211570510360426871778204790
2618.7495800428970937826313056919012389
2619.5726008185529880323764955622037961
2620.5715425591225042421965333181898492
2621.4134690077436986226820092882639687
2621.9539702657428811031783070829526316
2622.6930090220304970027889573823983881
2623.6651987119207485176981397482802929
2623.9184852684282888390161814067868924
2625.0573141033868529255205862643781458
2626.0022193146524169550458763925023694
2626.9378178636255817005526408410605446
2627.3552849914546308123429892865117772
2628.1632824756147256222496786164146983
2628.8208665760669768257345173495741801
2629.4494645687040672582353174821145039
2630.7080015206770066300370261171729706
2631.3620782728564475805457922690056362
2632.0415544290208504327913981649337169
2632.7748320192012611656479791713163646
2633.7569423520646834569158961678483328
2634.4407011552060148947865965110344310
2635.1067271085592617984968713519451895
2635.4946187142675806015533149430894829
2636.7176899624337717426613363025997808
2637.8350247141577434000099799333019031
2638.3942746512491870885159938862389479
2638.8159480023583748811581087837430583
2639.9506652609901576427623408748482377
2640.3043256902777933933318999204717199
2641.1614897808402271785493464010196629
2642.2274826973527027710548258639833358
2642.9712787772787973487304073788827521
2643.7161762055096448324427159064172556
2644.5035763295681470120220512654813372
2645.2613665639232951162932039145462633
2645.7553372971454596548707547846257008
2646.9787781762153025800864824212199257
2647.2277199139177440743734765124658919
2648.1931290324627716453177655385824934
2649.2377363044392517849724870129368915
2650.2482414290623613591754265814954191
2650.5693188635426477984782543581455033
2651.3255389729783568411072032408811476
2651.7276496640251671735450252105070101
2653.1558503243856919589473348845463634
2653.5539083755727329515136492055955752
2654.7663608459184545382725913332994351
2655.4068286839907321478993711827535105
2655.7272927794254718206754299639023854
2657.0541609554538229236663046813196510
2657.5380964776412358288555459271535078
2658.1970028705261548537164066762800818
2658.8446434757266569458190101058810759
2660.2990176921843980463835932072892126
2660.5508541425905128174937935241152483
2661.6144419463820767320112036351284015
2662.2690604776004982872661010526504162
2662.9424310570029761556936437278329072
2663.5830236419743819317223481937532413
2664.2779283428236143117155150110442235
2665.4779399112313606055220701414755145
2666.4322522603145890625124096771577159
2666.7973666904190283997408222398182540
2667.5297671988201461463192866199880400
2668.3373966865261154657061643941232265
2669.2436086566314651112752382721357663
2669.8300552727617607233199882502813602
2670.6984728707130509395036318609731413
2671.3433949470885314826049107384613915
2672.5368701421936572515164641229626162
2673.2958065561827848293021536164346401
2673.6985577602321637856287645089721120
2674.5312354297441915131456728124726865
2675.0227545395103304034234182235459801
2676.0750595066613267868259656925626118
2677.3287678944411802967069783779449558
2677.4670385200629779178042487182625616
2678.6010158278152078691591708142441274
2679.3458453400481703404929073288264439
2679.7362092275343496656509354987071509
2680.7138332533577578586845678206847291
2681.4671276444516909879057655146535888
2682.3525063680361658062678310326868190
2683.0538128427488888699045082369622274
2683.9659873115748759677919600264910232
2684.7911914908154966030260881027876089
2685.3562043049051054411335657863629503
2686.1350151728006333048483410363607734
2686.8860467201873723534544504703715565
2687.2535217579565044616716763195945838
2688.9098881837568854783420124433865427
2689.6003173919252817734902681926987443
2689.8258888006770514630093732895202445
2690.6415965181325310699068275405708318
2691.5720675728952242218584141633711273
2692.3770937596104310983802073430470302
2692.9630805455188313192078990487280338
2693.8512926519264226171480675173818345
2694.8156188831280391943322995850144400
2695.4547037856390415179525313933891731
2696.3545120337417450262799921556290906
2697.0062062580775876168713136000348766
2697.6003592511623129365826415956619230
2698.2785830791887525521806028700896314
2699.2614586730701118351583052220812454
2700.2497532181476790415095554772342061
2700.8701721061989146976054543563534968
2701.9219218894193657538548140904908405
2702.3236357424134039007001176490920390
2702.7868145320692147968978421470590233
2703.8558681481040298800041423289063194
2704.7598774987765911779710772399659788
2705.5209689477216634045056779986477512
2706.2870218846468933192362856166004086
2706.9545211047705079517337037420265386
2707.8961681743883468447773483362998069
2708.7329860947036527331270889071259967
2709.2520101613847770380057652060136846
2709.6103679080887261260041545155423340
2710.9420191064607309485960275392262380
2711.7546031531947625985778453131648992
2712.7177969815518481653776146662572256
2713.2335689067631589537903777670209959
2713.6697698049994748820534084751076975
2714.6851017901723032348249864168575665
2715.4669045181009104255671302670613578
2716.0954419741332701495955224161890734
2717.2016746521912005019506816262033848
2717.8665499139785821186156039075435616
2718.7571606401811580093906633872660829
2719.1672727224056219407715760734031073
2720.1488343776685631090850259599141613
2720.8836826128567492483878579982561735
2721.5986866131513125582419754374717302
2722.0904801089377326477524090805793435
2723.5693593232582601781174341092359065
2724.1106058066925896055472496926914109
2724.8140011303276462721930837104246210
2725.3781124624496941485016541336144154
2726.2637018733734942918990455694673504
2726.6462353217510573368571642285374728
2728.1306674662893288042772730075712974
2728.6883567341684082254503599233129234
2729.2986607502511741549412612789236873
2730.0737620036240654639938859966139773
2731.1835569211652558543615130034204312
2731.6666230417605012188534995206136310
2732.1219451491351050511826516966446373
2733.1887525396118395086044864399543287
2733.9091059962242234054550079454562889
2735.0240575417852300362364453926098722
2735.5668868568559575855444008910309313
2736.3985451126596969678968282610505086
2737.1726849781049702471983473659732876
2737.4582642897822181924528109278967741
2738.5503673011190687330633298805562353
2739.2918261752199975277650907770460271
2740.4834004881084840993539251960340700
2741.0184579232515966465858631597652650
2741.6232575793300293437069372222562731
2742.3116571184523335498392152739060191
2743.3411796603940180617378082328165503
2743.9491246678953201562932808628884483
2744.7059770497031331527124139092928319
2745.3087630425368780728637310570923095
2746.5767989648099393299062275288064160
2747.3261623274302137434241100062793628
2747.8655752725249768220028574703136600
2748.5419307771007638629211085795953237
2749.1114634881796780440039455951583007
2750.0618035049248757010894711186547899
2751.0553474102341606061096505415390345
2751.8102672578785827058755078582419168
2752.5442955172049812678804681653219425
2753.4349647664073696550921792389675842
2753.7204086426794624246727446845178247
2754.8705151704746409893310532463719264
2755.4898653751405347266079028752415496
2756.0592854374071795355311861727275296
2757.4055414153040814245078435257258801
2757.7897273018091072308715524533504623
2758.6211571257173111248902579781264297
2759.7092033416551183159733033660375573
2760.1049307777111843769827195288221631
2760.7612167295059022566269206108804753
2761.2907240936108137778170577758841346
2762.7233883648251088715415176579045283
2763.6170651165747050537391850571398244
2763.8679923376406498075972710785623623
2764.8778647287122922585871104574121074
2765.3185516574511707811390128074774876
2766.4496166975746079558911054712101239
2766.9202686406395936630794203359972831
2767.8842702452579061485235523016512753
2768.5659287869328145714026803185015144
2769.4543517886372319798056394864957982
2770.6280516810744358095131945893735403
2770.8388064146015442411877198969733909
2771.4112484642244865537964508472059084
2772.5320838287613399653473723885050452
2773.0499494297516223902508187437676848
2773.9347697472203305098315628733505262
2775.1785576253922459654491296132364814
2775.6700800929634591831931641578780880
2776.1676350793157057816807627216056283
2777.2803858810685750438446677943640062
2777.4172368968113900503828008527851912
2778.7182559066410969275034823759146271
2779.3828474559961958589524475493516398
2780.2980249794762596507082691789728187
2780.8261935869807123284948979076760368
2781.8889061030811692807955212701741892
2782.5165725652827269029259315917824141
2783.3532550163340489921011959467500502
2783.7715842184713356666590818800629188
2784.4051407947465194185461654957490439
2785.8358969709809507519213661573216626
2786.4937474710964864593556707469744710
2787.3181949959715458419433860696260312
2787.5854752426241257827883724927355374
2788.6117877187995562185091864389461136
2789.3483311450493581516944478027016965
2790.0262383834835569606461399680891323
2790.8793251240199780526686956497832423
2791.9848747634053888254135496438737182
2792.4260431974725532260842138652392253
2793.2368955363356024086776543925381854
2794.0553391717321681525135279579051494
2794.8165620882731276432893544144508748
2795.3748159642096710624706192709252122
2796.0693629575976881023281436058498816
2797.2239383743750462974039703093999149
2797.8972840735472540507288214596430764
2798.9986841092710987629028282948835043
2799.3900873915494088759495006137652690
2799.8862515391354580435666380636346576
2800.6130951007931333517647077386305180
2801.8280970472126055830114086928782032
2802.6123650353581433814009813993744867
2803.0951267407062188880535822674256858
2804.0737525822423172478981535644784916
2804.9197042490082037262455661215901870
2805.4333321328121405185861810317669642
2806.3628875635474784550355876841524115
2806.8952879691283216987160857865911582
2807.5788952844917374490503325936641908
2808.7515107940767801879989060672363418
2809.6506461255452377890372752524682269
2810.1293319985188498018516015313816714
2810.8947643762323141033866486781753972
2811.6717051021447883680326405045345584
2812.2196050189338090666709080570718838
2813.0524322312790719073324285656105365
2814.0322878760322097604936646896560392
2815.2368626914169881834545907402897518
2815.3949071328621744799257962328651083
2816.0058262182646888593837337149318071
2817.2597582635565980770772794189625558
2817.7697641037094715637765161508913019
2818.4181145587583853677371932418366253
2819.2892929771366132304295615203915691
2819.9679454362109006307310713301138269
2821.3326385515875708445888671142077726
2821.7208664067301154547384012365067661
2822.3842267273022236013898593342658523
2823.0183508955485883099400609451997903
2823.7594600732941973409280334665653258
2824.6353213071213746439738268952470013
2825.6886365652174026078823809201186104
2826.4041086108816833292368923710709612
2826.9262979652246425392516141276318375
2827.8573463511671560706474157332130487
2828.7098684809704357046781731673239388
2829.0478917603564720786385659790538088
2829.9655225723856691680919153252818661
2831.0149962091193654023411873214525382
2831.4791199761007610376108142521175701
2832.5651050921642494512376498096722016
2833.2391289064675502229590861748585544
2834.2654779918328797812869760740986207
2834.3776671535907543206863135739506807
2835.2142999798331910480684613795401098
2836.0504398525492286833311024067765996
2837.2709545637560641028466347595063272
2837.8971060450158252155528666765426914
2838.6281430658603118036680148076704729
2839.2486180950191282160373176825659280
2839.7819897030144620318743039636613636
2841.1176528386132634892657572928780020
2841.5885186487349886281846399798526338
2841.9210763199449713173121814477972770
2843.3713301936266605826579939543433597
2844.0301135098621696604470325254377167
2844.7485719446698711175703286756497167
2845.4381135981887180731029506006421651
2846.0910778964411152364642658808067287
2846.8716267130279183893619343142544555
2847.4509349820631781933943285321231455
2848.7866556247426146545386096406467477
2849.3284115661488337994762775935099676
2850.1768195174780247155302520649654760
2850.7518336379487831869876760964090235
2851.5067231882223685430533624701948242
2852.1004812172935880781766707542037427
2853.1501685170722146607283112196486135
2853.8939880099908431100968515692360239
2854.6738680451139624298279280650114854
2855.3215980227766240890320846772787174
2856.3920509325769448164823024328915436
2857.0155743888829470007290429406960007
2857.7692681754961933032114351452849749
2858.0000140117451279670355772443947994
2859.0525189618302071479270435864154496
2860.3576407686196168516748148524818328
2860.8346644805337399153408598838427114
2861.6155345612756711583660088193315543
2862.2057487085005402164709073220796798
2862.9401050677734912189124013182911239
2863.8833114560066077592083039031104979
2864.3594408195536575324908053397797901
2865.4786388081785347146229018942321654
2866.1132236797393987401119042607475586
2867.0639494078239140748150941821860346
2867.6321971925721872438891192916806995
2868.5605196846998676407257009252024310
2868.9759299494423191345991435807385243
2869.9322280580355611211782114564302177
2870.5608722919298771263206360465056610
2871.3658440859592798405712830148322454
2872.8370081048892524529257514966058436
2873.0187976279572278412991112589617048
2873.7366689435073732230089439641919670
2874.1801316537838253466849436183076219
2875.4650117947389777682363068925146212
2875.8346896746644418914184668935234299
2877.0392219789178033577860753230205787
2877.6808873886802134673620472164094783
2878.2654880461154954464641864177259568
2879.2823409900742073904522334874284222
2880.0249175367196055549922934425923414
2880.6021406479785882859991111927752493
2881.2329824793860709100601948525364829
2881.9379356441816366487751343580687823
2883.3826174050067059789884471796130035
2883.7523418090623639194393892894400168
2884.4684986905160589710470835972165698
2885.4460548389748638555087267043062862
2885.9667472269838570087903152319301532
2886.4647063468683857074000960272355440
2887.4686632967649444080337933594983853
2888.6279832054619329256260016101991625
2889.0166644001242273169902256644465644
2890.1169937706860350474212806235142715
2890.4066192779842557252404955501295981
2891.4081566708551252853716434773464566
2892.2263718396337349089983296045483390
2892.8584384946640906960452651435646865
2893.3906740084848143781514631117655711
2894.4623643136890783229497513432916070
2895.6249760407924688236332962390861778
2896.0050180737486424280434381547088150
2896.8163748450483199783946300485263088
2897.2829144101473727785392709684445269
2897.9879087009996662001037634115002225
2899.2075102642519650268051903614878274
2899.7743857365175545550285857663059181
2900.6670571454132420236559227391347871
2901.4215336274555877348985964251748394
2902.1439530144775267903894837327608353
2902.7782554916355311679014027910772730
2903.6789816147680365438666913355619137
2904.1448949797722061115148372854279817
2905.2473277812857717497481246548314088
2905.7794400931371757481134718755200578
2906.9704917848591616545461231031315648
2907.5710110434691382466813195524979917
2908.1309422379670280932737119203002768
2909.1994661618099990629673005460275248
2909.3314435822226641602255112864340082
2910.2530049835098544879296425846716614
2911.5459764636111351615962197529899336
2912.3266215226848786466723296784322104
2912.8718359081163657318783141289393143
2913.1957924893942378774876760747194923
2914.5541570242702960541388674759499058
2915.0556086185030156691776402694460920
2915.7587948720681418755576424355860165
2916.3829239909432994982565003084755686
2917.6883265059779806513296748114156009
2918.0468939489479212763547093565500250
2919.2331641764718311274219643035975447
2919.7691537724318888271090294211938847
2920.1582410164968060225080163121776816
2921.0277032662429552948392467359230483
2921.9666904489464882925026403777799233
2922.7324762686592259814132039813762637
2923.7386794325804463076745964016390964
2924.3739356268064265135241165261845708
2925.0480715278061385891438338001132340
2925.6754028019898274352484662420847351
2926.3713212333563361861450627154485290
2927.4470421311295105221278889392684296
2928.0053773823979943178452833355077845
2928.8804579850449206787554745351290109
2929.5912973816171352799514757922382575
2930.6432297054120964614302824827497125
2931.2857966838854663183597253148651402
2931.6926118575900728402307847229503566
2932.6304861737198797863806859673559084
2933.0278153637886923148881788531530115
2934.4916613857723533374707016271175892
2935.3124210995873643367146145439190433
2935.5711240050439936297438591999013972
2936.4669363935144144504293574551929497
2937.2466318553365000952282253721506316
2937.8646249565587099396136520618642476
2938.9259520500395187441004811955686507
2939.2770969321310629619183331154237228
2940.4344538584024520420290226767885901
2941.2757502695547581829270012422539349
2941.8835744889449735894308885202803540
2942.4545916311782377135505104945378772
2943.5647172837927185044396907807388897
2944.0807649770331279308627596385423257
2944.4027892602467169566310541351626018
2945.8380290313087860203056969899480555
2946.6216964735141263845857837384773828
2947.3442470397077114482705062031917774
2947.9995548563631238777809644245061398
2948.4529113764944369494035818148749515
2949.3778079100310102215637545199446224
2950.1392000370681850413927197150421440
2951.2038254264671135322397606049756921
2951.7785646956565718965982792841996450
2952.3778092952858551544651268833217953
2953.4813529918165688714434799327294741
2954.3470882377815073653836176622950202
2954.6090077618317422344256838540108625
2955.2791631006161373781240202887518700
2956.2683527420811009112987609164926218
2957.1777341013007771795224036253992329
2958.0180980628489468936301597689428411
2958.8107043758641492067280557098740117
2959.4904042552503530943852032408971447
2959.8958864892591113168318950754993393
2960.8719738766553281701611140552680522
2961.5764984676897367983082444770655813
2962.3733631018145193081150551624575725
2963.5836300337656733028830785567520428
2963.9058054528641387945982946792062439
2964.6908549399864506770766062193558724
2965.4709639406607619846788997563441885
2966.4044186224513189651385338239833516
2966.9777819625663243757661176367829404
2967.4691186714523895237469340033598076
2968.4621377911078558272937669302970303
2969.7210174820553557621215489178502659
2970.1862542736341337485498857233272780
2970.8676389196688904800725906686288389
2971.4364692398956271663864369386442159
2972.1143572060153748502142449801871122
2973.1921558520636938004371366856882079
2973.8404121357860354961439413506385865
2974.8059684847224708232889891771091813
2975.4910205972036987836697700204549193
2976.1264409520007453712738867737931338
2977.0213470001580869502018526056860905
2977.7541891710347783532537545788411391
2978.2067747473627954845974587068532520
2979.1364587966901681371252111562093403
2980.0309596145888811451797487506628743
2980.8440140509657873900902150093442508
2981.6846787640122670201846465812437831
2982.3144218055644284210638067124604999
2983.0855550375709853964864503439433227
2983.7687869896434373371206219154600085
2983.9993970141904229816178340912387885
2985.6812900465152419021154725616783991
2986.2937044208152174927900451130099342
2986.6735937989971266563065643877088357
2987.7862596134125978533340289372459193
2988.1926208345234691084796600768740857
2989.2579155004562310589766571548740758
2989.7385733180122091849944024224263248
2990.7690544684632404136012806435039102
2991.0434876076990868605852030722855846
2992.5045475330159067660454888451506087
2993.2241484888872225568794767707157130
2993.6215522963982701262486410472281720
2994.3474048236223432710192215981086295
2995.1380301555045773465199913355987241
2995.8424014338479623801386755895135256
2996.7288168469988498773089259455096074
2997.6692773923629116898112949423597570
2998.4921690742574301682227790379750863
2999.1446388563030559359206721372987117
2999.5298442177474033194769597630383893
