# D=40 L0=0 L1=1.1500865228483708943221826442284221318 Lp0=3.6368929184641336469673979271214179876 h=2 w=2 reg=1.8184464592320668234836989635607089938 chi2=0
2.4882102093054085356401104770671556348
4.0315970141884148337065898924132367564
6.3354531909135619751984587119885315355
7.9877963449576172053522400609750760622
9.2804443552292080958199977266892632202
10.638276979538918075047739451627092390
12.815178636130235369369461707006857169
13.604307965607103778071923931794725422
15.271472887851531688317038333270227988
16.166634333644093852162943472200765458
18.182180046802121070054359111399245441
19.281358087468219721490807891348638413
20.401601486011843446499040722457683093
21.564728154820813684993829005137506683
23.088687094180323858461465199341711637
24.436554442086686192029897972712777006
25.870972987650727154740221167271878551
26.261402710504777886965480392650117135
27.965049902129365040673124467638639398
29.275310932150959497772093841020089312
30.535745624685218900037227813775342782
31.657028771585756834996676899239265260
32.489921829865357274516012407534733511
33.773971950452993459343349462002029389
35.468718159339310665570678942648207398
36.154862192456103873202209432160712622
37.491645561614308746406211483663808779
38.372223569860855279812892184703536563
39.484509222260999406092522903230925622
41.073679393972875981545479307807304105
42.211961395278517024677246736300035594
42.761696999262558411477442426190125356
44.286087139820155281851232618732977753
44.986487973616992256465429395833304831
46.592545029436658744179534281130065455
47.727954729673291630568263810480816299
48.544051578143806209411729198646728768
49.542119892770576543561693789936889467
50.617441766040947348821846932307663041
52.054324049168464499268169742551720309
52.985957850392478883518719295873857705
54.190982734714444948121090937953728938
55.108741511135239852771060923636525735
55.713798861558241911428753819610118756
57.583071836584367717267357395264804061
58.181925415353866736714645162184321030
59.682707150237159175139925385707106380
60.218295286311589721308561548577542053
61.422027473794126399792480064230920509
62.273669164348686231547519473540300330
63.856410124812021188232051030807261786
64.785522542284943333499498915965585048
65.531338777846801351502891330879413188
66.677343794972083863699639579556193291
67.616591725430118879529885132463086260
68.630808790422976254286821007022028250
70.309431671347824255518718508419633068
70.691665305619617117804021504466753030
71.823320912932620469798200104421417840
72.719063583965953878689215183140530437
73.842786691422788568325283851509176747
74.997368434679312135436931781951349699
76.133072095977598588922796608568776806
77.063062799621184748696433234824514077
77.825951695278500428899924368978525151
78.751233889491400483137605576521023915
80.033011963330259184517363287096503800
81.242540098100435089421311413537434785
81.954151397800992635577721923143652241
83.117029180830124497444762091418239613
84.025211429270067232258505673724487764
84.559170402803682068310441609896701575
86.284815969333014375947334629205288019
87.113027121583349152450793537694225499
87.964197321479773675567407397346949466
89.121273480395279132549022313761875900
89.731779092793648760626245555978204179
90.844939007674382716407525712627324152
92.014820217840161877692813494060457724
93.203583603759286690676930151446679219
94.048907137742463695005713573692800614
94.603338008512109625591033869316609352
95.903936406518009925832865361383097775
96.736395484484724675539556655160155745
97.856075887282287961610238663107031045
99.160571869234185063372331555600066413
99.808233725011054560315819788527439061
100.52247777415578479174566116283635730
101.70846527496201016116290605753923375
102.53564210275729446687775492730621334
104.02786754432144262600576042178586721
104.52548230663043993430011623267260276
105.76160411239128008147361186003183676
106.62572721323867773873503028941935163
107.10149863841646202947245107598768976
108.55321224650136380747251460141586666
109.67298000992853281523416475275039226
110.48007293697049781247658484461641751
111.30002483955631750395561208266197884
112.51962257927439413301137997196540762
112.92115489791194847664308582604610379
114.11834068162143216010404123136830669
115.66018230489406869717848620171094580
116.00483178800111430838566563635854807
117.19852117041076395290123805715466670
117.87012667159589429555733009374283435
118.94890341087086542962793681565960733
119.77724776232952285983073710648885701
121.08344960580948905141337661658334557
121.97833658263397378129524027842215156
122.85182412063299860485472644269795031
123.55753256148206582643595936752365115
124.41519905916377974875946984690086010
125.81875949353815504242811939455180502
126.37435534809709179735110253165187888
127.75003252689783930316941862982821198
128.60851375313126131972691522517373626
129.02699886761516083996163886278408457
130.22919186079562703618541559201919446
131.05921687866771024881094257358972779
132.43525050620950867483280004495494012
133.10734825507540835351495671369527478
134.06919454882030592981904255953479623
134.89202949141132339353849330417840584
135.95799121058702407117883277439847462
136.34093841899425057510868800501215181
138.15545782713603390944746227322635327
138.67524668373691206975940886068693871
139.57648306388370100442207555156776530
140.46972254169106645613923451945875116
141.49992239437327543289494391426454355
142.00981459007323825390428925101755087
143.40287588573555256164554091048238456
144.40353861295860094955170468050604825
145.21972103565965644323869535916593604
145.99420562281499950733060739964312464
146.77173843980585587955319485465667533
147.82223018181743596035904151658205903
148.79996950380859958480462839548782390
149.77712307155827731442292295095318908
150.93065050476398946361056741311433385
151.43863037101841153068312516925956367
152.41086620098703196982164651872061353
153.06583944413089921806313094994586836
154.41071611721465034409743703256201906
155.30330529719341904225538171118475795
156.10634689229274050874845561065732215
157.20751634426353735699565027091734483
157.90856679074664995040942276970068916
158.48434489188375964489369321582250870
159.74886638549747861147315896013188071
160.69555307240683646352464372024891464
161.96104540561427081414013861703087864
162.24447294078708536332573948106965753
163.32861394989828321021379116589160653
164.37668245400485746611919879863694328
164.81938898792643513494444345639325202
166.09359546194045236954252655997051488
167.27533595431643998163132446717509182
168.13187089664540660699439519012530833
168.39743236627883218959804964787473599
169.80067171913434100274250868169222499
170.41582530935948479181520148681841546
171.28624962832354330530043173208702550
172.81207942260543777363885269826044931
173.11395139752616066503476971916112493
174.39507062121818857275281951686614079
174.95431196036788054347521930865936208
175.64235704438531412443972995919550193
176.90833258699125676111185731905121824
177.85553764420832029579627644907927938
178.62506743284114254806874551353535433
179.79698116555917543453785775402796824
180.35873818844295651093449815280443077
181.17739699674767876061949056872506724
181.94823626758306417972508573528074497
183.25976099422195362790160172016269278
184.14070383251557045006471084229469804
184.85707240666570672796559415238831053
185.89549459156211443949073752571338798
186.53439649453659547412955606608855425
187.43648387378848114119448904538369883
188.21326344379450315606499585396626235
189.53101826384751548953349157805682700
190.47254894855062482815923498805640919
190.92254353541862208878757718587411597
192.01788775803911923765129605284291524
192.66866405097610854344855757031938740
193.72654750841285832835915827154389273
194.45789751821274257719016897209116119
195.74934046915154837247201067200080100
196.63559925377434066743893044926035890
197.10377139128877177696571801547265183
197.98012567311245079091833437809112888
199.00263348732011130813066123134703066
199.78521381330433171341601107531359079
200.83800181203631314287213301312726989
201.95894426643237929956336956210818635
202.42712578531680678257380852038369526
203.48709001783216030618152438388972630
204.17817355576406841920615901926887218
204.81807990534476920461068076930626327
206.35066471923068503631954953143958489
206.95314241524887444182967106638745172
207.72819338868465106839446708094748658
208.88783349982727784212285681177149302
209.45979365871352387529894022524643859
210.12951728835607289266895790006028522
211.15723229495805048973281034212759890
212.51220884936851937468363100063299859
212.96122025653441584381012973564843624
214.00078110795606860638493308549994942
214.73634392298888016054734344288104770
215.49361680837457180507740017210172599
216.44904053344269664204921930866298564
217.23268935437321637899045910746600998
218.45954733998781839621892053626267268
219.35310551613961011571076814868170279
219.94347892704540415274843688102205958
220.57327534194412915114828120935150054
221.92289144826916040618957185075726637
222.21801299743649219588207470681667751
223.60157815213331906693373616305595712
224.36486069255805446197720389046543935
225.36129375060695615901243424955065694
226.16592394995402720942530313475666054
226.50663689158247962674709524055438761
227.74217068519505215376451667895744968
228.58104643542261619930963153989715476
229.61267842229222477789227872341716900
230.51013973714193493669346750216260690
231.17486434222719221772251399080339372
232.16595185461888003194300210895083472
232.80552364912841813922604376681125639
233.48012097379048378081378834032129953
234.84225514225217946351231445892937525
235.68483933277904668286475022301957609
236.44898014711476974184816310585941508
237.08172640862445020656377676682279187
238.31947693318131424259016950477684111
238.70958931813438453942439975707385893
239.50196737432101400246768789506678880
241.05674704037217239421980785302563953
241.48145806246622882338721011922124496
242.50692584265161326518773026911857497
243.13921783247023729117993868906988124
244.07560786218058635785691688332534880
244.67782430021777482710109580174504444
245.99404850340029961743509413597892637
246.45358068796405637564101968827581335
247.98862137301312404022262840262960688
248.25531581931216895583511220763375932
249.13259917183730656941208736091926058
249.81300439311640115473940741136769374
250.97182260101116270422115941113427949
251.69548442781809743905662368255467061
252.73140425937373338242169392285773458
253.62213878073161501749946153076396857
254.38761038818167404926942837692882319
255.05180344666123793691900568819628319
255.88212747599192881124110403309847429
256.67464043972578668271729766340869150
257.94366689535070021465004270373388191
258.67825643018987455420858242548502078
259.39216450731549392356241950654398126
260.30112272259244255536442266124094169
261.13038059724531085919336524301815075
261.74499300923137284018217575528514148
262.59998263391939807385838697465599604
263.92902597652373584642461844677656446
264.70534066286906891874580838702613109
265.18379601383875208401121934932508709
266.28388439484457689813814145174641367
266.84249784340027492986834978952917954
267.91722466539511074864554738512932758
268.44291448039652384772512781321749957
269.80680678712512896729486818064805030
270.72625321203843940892419226604191995
271.01871728811507989528394278782107026
272.18382688879489996528182375934421663
272.73991863540295162162435624019094286
273.59959763398136597237738416888117344
274.82135267001426339680299397115081208
275.39099342370234542354736273465358304
276.43152215992758366880979354375232059
277.45680182288787508416830610488391353
277.72229680073048347981936119497158567
278.55545010900300089985811640699999659
279.64810718729541558250242304716765376
280.62740289762244519783779335271120698
281.36362206506123300121868586429302651
282.28861440458820751855771850525646488
283.11469011116706191825413801941439891
283.75365613710866770016881341652550354
284.49986242622477898829017295132407550
285.42737970666347992450529649016994188
286.43468042878244597730329293590047508
287.48939310534501051219826458391169532
288.14028036157768971406687088343136058
288.57544680382700757526974232174281065
289.98213305374177966516852226437870285
290.31285463923639023714162681721865078
291.08906246787613360789324064799142566
292.50341043141811033743577395003807689
293.19969533510953991076652734509187117
293.86695770887331438905341593033655910
294.77805004966038126468053437321832639
295.29653456334434873317734356022714176
296.49188944696981179506655742045027748
296.95766653233185484800344669550797565
298.25949788356465396810419724644621221
298.94771296382869360170937812679233618
299.88796083614939938770180959127523994
300.48849483529612729719209669708160510
301.18198895550946971364608652205462788
302.06377082980836586129766863408698886
303.09833264226285706222411192910295208
304.00538041944641637966706260168359198
304.71238808956414356480550494405350180
305.62637701659826290465380704665134095
306.49819842822228822214579566834610932
306.92669246910868710838472278920712519
307.77701085722829031722032694397525948
308.94409916602895618706383787512174380
309.99807739795559803875093087905315815
310.32521426037050844717398993328914073
311.48881318055848509052460591251355679
312.13244467333743149379455125049837718
312.84506924090430306893243125465075632
313.64045484009925803824725906287808161
314.63438096594837961447246693400216406
315.63799956104711926883089056127503190
316.48345227114683426207033239931806338
317.19870376659556025567470385543523200
317.60130373729369192545144168772324653
318.94571605174147755428715987549339077
319.38776490468903743134997560482735012
320.27347384122530428763311237709475784
321.49313630182335414523198201425381030
322.39466415151154569491721279627258202
322.64834724085330847242553956495567334
323.66157452649147998056393009011428596
324.51232371975037589124055494828933142
325.09796409855027825438221125059195471
326.45209684345715716294066974449616749
326.88468013495042334496359659955168185
328.13441787518492530298395744547538658
328.52595644980926611920390837651348027
329.59408340775748316548602823313039818
330.00925175855540662150652226725555072
330.88299795660444245307320325888721892
332.30264954035689843528555650488436120
332.70300926433500524334066493733475544
333.54663258124322685094451576142144159
334.65059639406214193845596556288052524
335.04668914999049459892308477804875824
335.91861826974726006373742157594064060
336.64666937439978049418559963224970013
337.73554278516714071568238133614037087
338.81304182342715266570191779971099111
339.31253636792434406605752189556213093
339.98064304577207770866900068136772392
341.15660213433953680783957169626564445
341.47345730720527173537460500908214653
342.46235371591560921492454115508518994
343.42703385298839610187735269055412554
344.34957994092697569838693883150849366
345.25586535014300741623220469755608389
345.85271600657593397403824129811892415
346.44299495657935850831886633219194336
347.36745862483473414444267270881239546
348.40242808585373592785097846341814791
348.91369166553994117710416636913009802
350.13786571329974286404618420896987656
350.88964917285984585743253130317902993
351.58987395288625948301896914109519391
352.28867900634454463132852938659871916
352.92741621785631895452919064303143858
354.05608053137076398208231042124183111
354.70900615277411063229122877995009549
356.01484224160285447335079633499739016
356.31057221636898178926672117214540365
357.25743237565476244202045537901601088
358.14171382912960580781493765374314158
358.85558216399232761857846462115672314
359.22899040072960015257741189864712578
360.77499626658479587579450093865361484
361.53978568913027169318686027568922054
361.98154287096544825616202208136075224
363.01472148002667182121017273628150665
363.75667719385635062610734108006141306
364.49656638026985280554611424365358617
365.06981996420765101885529741718754536
366.29555607923373660233352435346464047
367.10294200171198450413001011312835254
367.99301524210429733925871911659922880
368.61296741219677877583925641936794960
369.25067858076521673551240612289197404
370.16285078495918563978789975126500707
371.00190433668478214600272954320019622
371.72694767397497089726081060978698251
372.85177561580161254356970217323888387
373.53484666060333016659729940632764668
374.56021858728845179472267192234669602
374.80070063368829612501077844088817187
375.69841710306670025071169209790877657
376.67085931936972641598953684274424672
377.50055112959260985233035891020579145
378.42839151164610458528616367511778489
379.14252471461986900514552172107717226
380.16282820366753169262403390278641628
380.57545740218064504949842502959844194
381.47593957843913089162630550351592584
382.04836871375871317999186042834283909
383.27708870349495842680058985509426537
384.02558042683312834859877123167662528
384.96701904238413126645878345175454976
385.44821771933243471085121362537613380
386.45635976462222147286117424746966467
387.00127769908061115394676389953136874
388.10541056294967499742106696099518815
388.31529821053178354653650518002442870
390.10282502709887211995982878284732444
390.43727049370477829498264162676730103
391.01093568845776677349641207234154630
392.01367913412736876195824994846404924
392.93967854228576253648685503295296610
393.24264280454176998079792652172714336
394.37621278017721743167165018887201926
395.29019268852541433288447146193949522
396.19226802908788300319455813614528691
396.90779400801239028550966888381411449
397.56525093227986767165076389725905273
398.30225296762256244998155825784107833
399.02642414111236842279032520812781513
400.02221828445556290633310703795442101
401.03260681067021690884968568048036382
401.43915962277190897549487348282588327
402.79111747884072113650927979358380477
403.27664587655133195341891492267894839
403.68645924936887898119457011814115715
404.72723523538539315306929143710119839
405.54172634277735825880957612668101104
406.54929304794748707349033600726237584
407.29995640017137137335683603088270051
408.13274274147518442115447687394574646
408.75941194422463774266887234626892243
409.68349152689540354926756787244324479
410.28259171663598422865384361270827926
410.91501466120991595218558336052467913
412.19810533482691298315015996611333669
412.97374860464055853631378580283249170
413.65832409725945506280854844334126881
414.43419787623691412825462459424415515
415.03697807035443723033780769682317790
416.15810708746918274600485562652196263
416.49570359782500256369167306469387524
417.49693399969273496542781275831396631
418.71302476799036036925313610734932746
419.24113672900606878706741955214004875
420.15648960588026290218851930364297005
420.44477252240080969366561613841966626
421.69523162971682499482936453850510858
422.14278225656943162333821458068697943
423.14179629033504748797317299488057735
424.03238950996614247620745183615503946
425.06940223785361925468921677003222061
425.41310099716231925358207379070978780
426.47923920127843511635323810301882969
426.99626247238142063414884115083378894
427.62553262346590115614468736475047851
428.86778270164475052637303989011451933
429.61331370073901552315284098219420676
430.38015062570808553513587965371057983
431.08140089861130022666928678861271529
432.19541849406586895830346183213531958
432.59732653035986071150321312446824309
433.04296660572392735167284212139880779
434.38535002994259616425867400831632597
435.16554856433548141274254465615454015
435.91765176763658625578465625458270467
436.92627055198779337412084232801286643
437.26484435947155217217796895223908337
438.21759574340203434749563012272128795
439.05352063296936314476287450898591481
439.56875414690266503782569273205124450
440.60313528008868382126657873784971520
441.79420399943925826157011903793146273
442.21227430148422887155121121736252693
442.95446984774451584183159837443834488
443.67706123727165725116447636307147512
444.53036532035325714752848900645871929
445.34545074333984750142487939791008418
445.96485674028163443975540572991953204
447.16141891459932250224763465734705751
447.93725762218651131107547047306174118
448.51565222471439977828686925184718728
449.25398483130996528625578213993220602
450.00140357208733028245046668508291208
450.71641421521957472692209605477040605
451.73797446942964167964544430261734649
452.58564207418282548074901201525062757
453.25661791385204781994165535296378927
454.25747958721814196234624369671206214
454.87400110903197842162079989896652548
455.38393337777437108120710983784861546
456.41584721522453054164830138863468947
456.91472787512451898574311244108184117
458.39680586217756394172707328278395943
458.81603716198916911191123268204982046
459.40342069270195373595616699706494654
460.52540130449779082937755174115300144
461.23374052021757566299567682222329848
461.59776332336922195354886589251622137
462.53437145639104467125550164583327627
463.66582053973225472811587998874606825
464.42067242851830744087883475958216060
465.18274764823000182260315477656308790
465.79285879278259188669623501877718246
466.67694510093903836817195076835203931
467.24743649603312773882373412602568067
468.16146962366248806918001115321072071
468.94448822595479782828660227408529530
469.82591084232532541931228649336313119
470.89034060945308256229261843731081250
471.41595106352649426003097158226041363
471.96886254893531407006016716582755851
472.72350483774528302303743009382047286
473.83267445374164657132737264048726015
474.31774411946793757701774558153119072
475.28445534486801618489551561367547058
476.34817100549189961170693452091153753
476.86926602560470441101971261360660718
477.58872944999221131136236236980804834
478.38476508086768949011869902044116180
478.99421748845536278712891917169140371
479.82773169109914579448270218409628637
481.03445914020350282676004174999859331
481.57573645889140620964042162670078155
482.29656444350564026889956967951688042
483.25703949516603134044964151998768724
483.83234646526706294833244007218837700
484.63373642290519071954826453251733199
485.09122748067534396683861475537755759
486.40110762217662444021158768917678914
487.18267041619678900435035962392598482
487.90414610074467754714715800851924038
488.50425600123392915874711571055939675
489.35187324988353724475736235986034050
490.17743585246771681834434528408404432
490.73096909403429166943813052772849340
491.50642156048105071300961417709778995
492.89400628503965030145735454634167238
493.17660932067301987603941855470145977
494.20933973890622832948154373627304529
494.80931836200990220239586904526193382
495.35685199047823447944003178817439030
496.47428000974153060908328033623228213
496.94186286629096500988780001582682057
498.06729679671079711889183653944691257
498.77055104662694123661842476517846027
499.65399063690222148469630422100710122
500.43732819786766881729254745931971990
500.91550196945635581024407231181883168
501.53113310526236931106258282366976986
502.65530749864749438485004116748832041
503.55938439403357219182895299411159441
503.99355536655470070285901627946905124
505.36361131469740026049542596342491147
505.64942253850003565092796880680896270
506.39450644662612326651916638591365089
507.34051555858270818252568948846078882
507.79423067726013298010649525332835744
508.74141772567397500314943872069240788
509.91455523503057927665901252539564416
510.52252928179914719039184146570696336
511.06073578764977177005538469242193790
511.95880705571045528393508236817560979
512.81319873610085283001914742580556032
513.35737690363884221522704986520129989
513.99195496403898189385663669505242578
515.20015496017336256565517635823487310
516.08674035681331499618568336221122283
516.74279130328080665546827335064791728
517.12299193610636250759093162922827366
518.36901692956194686747993904624542946
518.72382170407762003348251499109675494
519.50503273808477149834401678740456382
520.63708848448680857319975196447237871
521.17107029817280026724034405996583829
522.38042876241298257780118421009123894
522.80147700163782227907991174271674652
523.54148106012085840678215222929213025
524.13774298978184973629283772936535859
525.11270276336852225612781721294419368
525.81403733816247931604577269626608210
526.85843693527541326384520133534480985
527.42536955062382896104857116834898492
528.41404926178489000627577040882465384
529.01349777095301802680273589000926281
529.91168357845279462690757772003292265
530.07206719436430435892933527108152523
531.31968162195083104493448914814174385
532.19395756429652636487941297215547848
533.01764995610060100562013232835484685
533.61227297946242781688907798545793667
534.50319743784045634783079176842685871
535.37197300062843269292700894428751544
535.57148302052265449901041609234810801
536.79387586227567494344848467912662754
537.23943820621281559109921993803075696
538.59583334599769883879051960246104659
539.13791491651331857384181220666365409
539.88078983563418963689566734169822272
540.43918726266180936005806561858387466
541.32982511245628031991972189889007519
542.26970834367722579899959840821498582
542.54382981926615877031248471065263211
543.67938282129700727912295627180617163
544.86926324546767226351032946477932156
545.21573315023005635717597055065070735
545.86859845588564307173932902250423533
546.74374865870204277508910218743940073
547.46742342081700820076762814661800647
548.13476973593656450786818204024919332
549.04567106859476518930721302056328104
550.14911569199318559517185347070570469
550.46452743591580940621203043929065783
551.56795364139059082335005369779551144
552.30068940133965358461705280009086404
552.62029634895984667588321682245896738
553.42903262863610418492702631465055400
554.63515725228638784014688064950567267
555.22218125738952806152511017577724537
556.07165025179726472459310029240826269
556.84529396780610891440090488510190540
557.63257801261177662510411877522837440
558.18992363425763126284735772509510804
559.10803457972371114939380039579713929
559.40792278707857704770271048758995998
560.95632578573936637533252638776628991
561.29606360757642885875291484889803675
562.35018671993811193824998569491105102
562.85773938000890794247253558860732843
563.64469669557295025666613200299026516
564.37888461364746096940443890683317478
565.22454282218533164445277873089220116
565.66555675028651200294572813993469690
566.97935405271358152258971500908059778
567.70279710040596476834256742920572409
568.28892681902911710105646017414509402
569.08340623513318824521056878079549556
569.62992765709856151287804990039010876
570.50675140622800014697745676618659901
571.40151282033980029421128109859896503
571.92905152791652305326869447530678225
573.03354183635665607175309379073929347
573.92297409947995293248481261692531391
574.44242113304281888701346412829660732
574.95438210280081481816196646187072318
575.91959377067147797682104010044970931
576.61419179674443748106354397176640372
577.32451420663317173422341364284155697
578.61535663144127158014931366315540472
578.89569898666069145256899150847329272
579.78963895764617645684815246986674701
580.73276481937286401950930989445273109
581.19001754363456833459283689771783482
581.85627227184908997889613405735935652
582.60783675299810300574597750641754069
583.88546196963089392798618151899475974
584.46044393356895582365836412604028510
585.05110089326033575394121803324070771
585.92320028022712337772295956884507324
586.83433926578486484046339722669620522
587.21413577509844071854513252699607616
587.91199311930191689846247026128369065
588.98675251155018376262189360413976402
589.79556772997006780268716312726655299
590.62664122245105892962860230662178890
591.40332593559916220971874999022184379
591.80595844033455011647346607983073841
592.68554992859300593801627589609837787
593.50714851156309329348072758712459624
594.16197022600328569576547521355875450
594.97565759280356747041555046558375821
595.97406380999300977463709052558873997
596.83552457692838030071356292609157322
597.36279666404797594021117809834063811
597.80939079097933031058240191504617977
599.00486578610713490208772533394218712
599.29405800845564307402276753314142739
600.48871447257458477117293378020287495
601.15308672095033733508348703372087371
601.95594847994637467249921257567124727
602.94229573281460400862595576260444245
603.34345539383068720822291823422100194
604.06781850785127648615804710915631093
604.79693812684116710280510260836773894
605.59375609434813664623993729958511798
606.59107509437888889548582108595624722
607.34596854144582410658275356573416514
608.14570346371232386222942001582857386
608.59210913283951186577529981999672908
609.68380002780349406145927009843129763
610.22075252254362314846360048269161770
610.70013560796822698765746417020552247
611.73493055771067375291732014086537490
612.78682077901269028272153824174019633
613.66267983551401956645601298052609552
613.77660406210933616503508640051985671
614.89082748982019475348164050617016030
615.56354708413834629202851997136560693
616.39051390536812845351053911656886817
616.74198395928616031147304036127338406
617.96716439295026820124448624895686361
618.92779525077369409331362583459909939
619.27576298293694984083057169282756282
620.32838894933991828843007850066407488
620.97090766180495792272365949539049822
621.24969523004876640685928628511265770
622.43983582139576564529606797380931808
623.37548400775591469417587762312255123
623.62640196613424674657013219758253074
625.07191724418449273436675438885213087
625.47979116153892050990149507286504190
626.21816291711741715911382416041350014
626.91357669123440602815920423511832646
627.44937956317706994595892965697253532
628.53565538265009860444234304081019945
629.20980004050811966790285819198715759
630.15680826644093528552028813574379326
630.78623682345193472629481017123184784
631.66632064998205959264897961825083243
632.17468479864728260189435139659821291
633.01430904816060731210980158256913583
633.61292150082311169545787257206381706
634.32671723777059459298560020401279972
635.68179352479197430578065451504352660
636.07263572133403154263567882800113119
636.79585950502138570989318048445099830
637.56324626438243378227945912744870102
638.36232031183931820624580548650829438
639.01244614642157167797743251711477810
639.60873516591159611274474069705901004
640.52804042069382061129340483468057284
641.63699390671363640608494065889878672
642.16871589939057713422112205408701190
643.05090578564488460474902460764275071
643.30095035591571072179494432205072510
644.43359011816559719949256649221114182
645.07907979964093917784322853315669229
645.63573944714166771140903223199294357
646.75155191898750250442034738915281842
647.55914221793988714298627557652745966
648.16880592780091339489020134465852107
649.08988442048681322910094351758387521
649.48019139038426503186206548004355522
650.26868015915482861612885048470479073
650.98720975974598146261243689413816020
652.07359753115542160696376326790528512
652.72986483964721683587815055356749105
653.36729263787155193554730444404707204
654.39941915116201691683702997720765941
655.09954527414928309116174141030497207
655.41748983280446731846012876536441771
656.21100031471920817042351638647202114
657.21728004102787831535082747402594592
657.95193909365565000666121491637268459
658.96421706521092510203020374227641508
659.36024687300987308936920721398283919
660.38240326423137824616148688687920714
660.83599690915192658480628352418932387
661.65196822188960754767374085084707636
662.39945495020664930035253956976648659
662.99584062306427718256719829299328548
664.11500087814251612360362287220779664
665.07669398011626229344612971712869301
665.53978877554887305028499474404377522
665.87723500625494986654081262671665361
667.23539617330981347687165310721774962
667.56740782263177334111023671809773059
668.26023072632785703119718990585499087
669.21145933966566508652176791943666963
670.22289140903244426346096472158283416
670.80097738016698472767355908233101981
671.61233497550833428353763979063790775
672.20276711682555575474676596903854074
672.74905201024704649146695741951445567
673.81024948075445564169019143049618608
674.31079252412519042850788729959752209
675.37072160802636839786355253524924319
676.06323286151440592137011941039695742
676.84564874799441588062695211211156659
677.64729226455621165428834004347711038
678.11810190366033059529296651318309196
678.96379985173186331204266728020761314
679.40314781690630086868886548430004300
680.76215289010906627132571632537797088
681.25256405268987988938202208297967195
682.03667710169860742743723557873833095
682.88563594317412417723092826548000537
683.45653470948736809371928963979320952
684.33720902126441004685588028748209789
684.80729433201475710847174793423587049
685.45000072852868191463773391600105304
686.80700393956606812855967464644636267
687.32112697900032611739385072663768928
687.95981274691214659144381443077512830
688.98510321112053719299060034613656308
689.33197837360806592075868165968872100
690.13278244632964664521549053288920531
690.98732827500514743971372605283046613
691.62273715748999135933287700934682802
692.42448410965783472674886461905382542
693.71163589007680915362836861668479060
693.97627847651127638973575730296370456
694.65255155186343360887534384250652023
695.32769035238861179607793635702437270
696.27821170548329251100804343726919614
696.89581314495422055255973444256071168
697.60840519401086554373477288502565730
698.57401046631589912224970932776295744
699.56413536694257029285942450695702015
699.89695957505108664706023383515079979
700.68099501431482662398070271078096384
701.56159012856320052664704000422548415
701.87646703457004170323043062877066732
702.93773646596304087628434458054173811
703.82473163708698096937278548218916455
704.60258891156693330466248813907312131
705.18278621009441674105142562974146522
706.01133797526003371698938114363225449
706.90870665556344887992561733472142195
707.25768186995513941313410493869180544
707.84981556870974168286377303587848808
709.03590377321734145505900530597159860
709.81231503017173382813872897740100647
710.58740995112421333798435199938826698
711.14728104023685792767892648055283142
711.94658669633153664103939259436623919
712.77355873384857743964423113602784502
713.20371297499654917918298070968805818
714.07922791508784307708751460751415380
714.77107572978812196073471015177794045
716.00765027434496575067496338066757872
716.46526941948530766010647813825368086
717.14016326041083622031386112817948228
717.88781347260861844631870942970300308
718.54796759138484665814695213692965936
719.33444240099614886065390059439942781
719.98542479441339347809854309269677716
720.99625185319230337203607484404148665
721.57172015545320489746226517607047467
722.72612769001139099144528503079699722
723.15800274383734393178723182832656074
723.68665259765557473245233271416965999
724.37298323683934519262506918062626536
725.54831055432268719266844630604579123
725.81893711710762829195311468832908730
726.99288469883157957942750510369970428
727.63243022165324226794733340297119208
728.43538081224268860218884080367514908
729.25308707979458102013713224093209337
729.59529407615036460488583828900807814
730.43870285353819634645029101710673321
731.22515213424344879865714319726392769
731.93240062864863063890437294371759880
733.17586704397846925207404531582780491
733.55823796712774923631771885558823360
734.12830677920917197427950778673575715
735.11162172974874455123768846047377164
735.88751099447571086156509686200384775
736.32955959214472007178599538641440464
736.87050694142765804650664267686148555
738.33097497616645091731454030876579986
738.82436708611255976988526096802728675
739.46148997650813965186142492975526553
740.32404259692292998706430460672855448
740.90972029699264853868103891791622084
741.62049222733478390698390151095616766
742.39203943835169074530819490860861136
743.04214423027778002515973595941386192
744.00732888605904914053738971103912575
744.83516757880275289565879568560251535
745.72468564361818976322625382645789197
745.94052549471190935286569091946805714
747.00293872765869863508244616165926253
747.33051069324988662684180295223944863
748.41605485280948373017444823780819769
749.16205040672347257559572524920118463
749.78026985854618072069994006399623702
750.89770614605009287595417769293538910
751.38050778317134445017867453651453841
752.23170627999830690684498425482324003
752.59128737221347452674329211687750297
753.52142571372341338090328663964963952
754.10808080155357916882792409091954345
755.37141298116706590615070048039553673
755.70836424132180635088215678246769027
756.62508129663212925863399473661308249
757.43771764359447273834487243153498811
757.99477026358572380263012637024858768
758.67023337394448037362139050110347776
759.40185429143158398233118818892622562
760.04921574283069521391898219749983760
761.15801578304215642779268978543791370
761.88897245304024684674097945236201642
762.64122583977277260929282031118391172
763.03254748820485463838277557366122606
763.94109141550320320182006254966872403
764.72524401704740097971237938370726400
765.44072246859254837127850139824405150
765.73737249663609043569963734256093466
767.35093601083338894075888020997075484
767.65337293711973022918547943347210364
768.48814897878253616456051256299091068
768.99649526766342451605870866232016974
769.96864063128357473837340529269936816
770.41354348375191555264213044006536902
771.24087697853295125983128179798704823
772.08381383827407352883255546547657146
772.96213179695936471320361676533355746
773.58037308275300486139648614403633676
774.58908990438878738663906636977391387
774.93881240184651645113866456419014139
775.72162277879871281490087081988063405
776.22739553152265094648747920822600811
777.30071191156069581739396220101335751
778.13651583652218418094205694308676137
778.67821375756166801136895218532607944
779.55066160194308183127236720460806306
780.54990098161381362948928924945199525
780.76342433292470866306029216999702181
781.55149292907730127824051838678802675
782.29399093318159435200792203693480648
783.08062991900262128735744626007704424
784.01272388629234224072525791414660713
784.81464425229562514523054230416155588
785.59571591805168057114171632815187412
785.80281963260455682889566505111425018
787.18536821080378281629513254882773000
787.39664479014783989301784849640725749
788.02116843178526175064733268197042966
789.11217080492391880389729328234402464
789.82022011153412908887632974866062900
790.85097335473293565974105935218651925
791.37678643840224433904774584697807833
791.80725553655168835936275245005808229
792.71167290221863863586392694479445235
793.54766647628310997077360551703316728
794.06010362406063740899558659383578733
794.81871136484701980974533714337896753
795.89713293600100603212466700807657931
796.61600287611677488203081793205004133
797.20325258974613306614676274321494812
797.96312952843951781006827546366230933
798.38920606705512300940585424537027054
799.42533066719708375037097722817520262
799.92996426877863181340842850992418628
800.92111805693148075611661695137806109
801.68675309276494375075399333652711310
802.49227526646279362799315116209266555
802.96753993970607307506872798254820319
804.02310783525193820218262731892792541
804.45666449150142246571035598987128833
804.84000141821243658373206558008784876
806.03198334656378841500381699279472153
806.98344283287117615235077077675628193
807.50756273402937750003730880978354393
808.09120935086138948453574975641395722
809.27312261594502452195866426865786314
809.63885385031945130751334974315605678
810.11934175348581296330624404118912061
811.15760848060344791326388358922928545
811.68461063074470593129887098681211896
812.83712308140715798172423752016692463
813.46940460630960212470109274114052345
814.18890434835116767430693810608584844
814.76515733211812407555700983166627993
815.49091116299930184933010872354236812
816.21747360011356064643355860213383568
817.13915721714587748707879054699762604
817.40069484202507323330848126321634673
818.67611602235108500610551208199450924
819.61881089841810497245748098993220139
819.81222801157241326068849921311853844
820.75476442976233703265821845387464627
821.20229866556085871897705256760907178
822.24412646093903252841137690975962795
822.70740053231296575604775686092108169
823.63750329820679998577585945534782415
824.44124807655505193263723410105986836
825.26706350704478441098197001909680910
825.94472120607563438137515295733995088
826.48614362445539728178386465535694977
827.33430082647049499816016965489234629
827.71881574286506265524822243540174554
828.73240161837975992878300619505805473
829.66907382049322556788654738409728216
830.22862736675956226592801347859304812
831.06102727677348065480183303239368918
831.81501913912793754614593292804648688
832.32515764920553257682906132380522918
833.30458216783920217113904838915381090
833.58685834690998446362555110230741464
834.40297722977487968020821963415044602
835.71523328056522292422584946625726180
836.24712055907902331320158619826529886
836.64446843842529094503165392978334218
837.67949142359779959014491321961159887
838.28496783399901389586690511648520101
839.05382407021174424975003255303346582
839.42205489779083013427727598900358057
840.47739385004233144571747346390262630
841.31981404203869268825112107465137859
842.06962396222136751847135777544115191
842.87613973661878565498631390645588992
843.36871547587688862122309236083476953
843.96795153638391591532162065378581848
844.87237579411676054693652000525342151
845.48598264351394157421127829444381908
846.36541056421560465409687602995061383
847.00103884885708756978245996673796900
848.00782235455753693033350280212807753
848.74626415542743941140725604753784797
849.34422003031624119913556062316323851
849.60257229013004375836138953791552675
850.70955336276779444671042162965936512
851.55137568317085782780242111940382632
851.91583963653993049656049371189969253
853.24485179797810990882445042276627253
853.67300117901306568519100801543643693
854.31767832906297146829063877011690960
855.33029472250331908536047294368688547
855.69986985008671320263946883430699684
856.39029371379616740311165455648396669
857.07663940730191541339956012595120647
858.30805188892823062768813130521159608
858.75844208226110544523605660595272635
859.65650072380808642453375948835400840
860.11621689050125721556838871601103988
861.00166608198758125144482785028420430
861.76621184851758064648693407555643121
862.17400333253638994285719498823507402
862.90417000358540108319034779891727789
864.04475004089957197944501269039969535
864.77408025285392776990780799122332521
865.40988302025722645173117932579697750
866.04560802440527421550102298201725842
866.67063924918403201472530724088722438
867.65336542581810155188934568284545365
867.97985235984140343918117031636730116
868.90715331881662785679603902296334088
869.71235388252604894907405631119350711
870.63540409391896432764309963438982732
871.30613355553890321349508065042335683
871.85989451155295556614197178722010279
872.59319462783750146409957200329261253
873.18662299843161061786332535037148158
873.93537138365446944461983140483557411
874.87804341784989322994858082561392241
875.61236394514722573098440889844115449
876.16987853367703942173255905579799418
877.33702045208191131811271880809997628
877.72746525729432817921037940461433384
878.31902201403242165036036472577904125
878.97911350493153320921234091961972661
879.78156760735284342218509297493516925
880.79205969092055046035322158063594483
881.25860746511575314027590309335434106
882.34768985465225313223248575736086464
882.82176032323313196260002586994468579
883.50471487673546503742212650748651050
884.24495715934106824306545016251354231
885.04934762239176261396991799560507904
885.40898260164716239567235709769443141
886.34819165049584089761629492457880020
887.66164344848896864300802604039137893
887.89661102200945484687528691205498428
888.48704947378040117212398029649462909
889.42437099769139132113662625257980402
890.07551043664212053329685591504862868
890.74996269787729752330712726717978000
891.37147726983643792665185761574048932
892.13535193608368922909879879136759134
893.36314741838006997653065625103461210
893.81951006713884479985791262040864121
894.31934937708598813242094667220079841
895.31716045948605712317114812212689830
895.77024773515920620229536550583474315
896.40378324715297028451397995490016384
897.43792231803325636088195528279582680
898.01133061655218879134020312651267586
898.85193877495909184972056952166419061
899.72460675709707415308254655903151040
900.37480254062299291904483758110247089
900.98990413082271395294852189326865816
901.45025121548434160583461812198884333
902.41390569815733250680327729401954407
903.00020766111212129316513860400914076
904.07702953332353508242764844673722071
904.71208200856183466839875562484125769
905.24706567702836410709253965966699347
906.31761208645226497361085761968025996
906.74625627974220533731828073807159334
907.50253146719423385065860848734314177
907.85283300939323649066887965294130502
909.07553458362149543272814709767668788
909.66240181921289464373249483869021495
910.73654068784355557787740512686337881
911.02496351349612969726846432187507611
912.03107479930170952859413630506831682
912.39992888427247954678263341464300479
913.40279562987709139645540551731388618
913.88727671516535970025838199865896532
914.54780715772939489021277574445928776
915.64390461153303298983105652059102596
916.36839206462908603413670045181381448
917.12615550742727537271554705533058954
917.70869205652968374863721542166513314
918.03079623178877056524364617895031043
919.31159167445810625628337463478920171
919.81881734182201000052972346075821774
920.17432666172616624290850988572125565
921.54101258287213444566901343425104369
922.09628090971138144583604123736113754
922.91479172039524454004213490430669786
923.32725921450607828148990932169755746
924.28216856682016640903549094670774298
924.69346355029909956303815844479347844
925.44936620706917275882613732305089869
926.44217174559390700277528137551106964
927.18928390169275749812559827951828023
927.80013776763894033155255656167202192
928.56838272030893092044606465018759827
929.56540373017395212099829706948199275
929.79440157766661674915044143207966797
930.43824322735653817955731455739319872
931.28138297889161796960869346120536080
932.23144192434954832200943347962313276
932.99722046470727937628249439313045424
933.63530884547224692486110804318334001
934.33302700381870070525708034339699026
935.12250130844809796815773830021827430
935.69240997907881031856523071511225604
936.44866700808840114094987168859080439
936.91109298330407957301519964082196284
937.96426525331784891429547058689375430
938.77546951439385465138027193519452958
939.63134669539419287497568571294324277
940.02208465870589514490773954367491024
940.75661267502952242084129766789604837
941.51506618383532023584069301855918991
942.20138613435373346379940737754511846
942.88262448249884228877222000770773647
943.57462133404209435232116411786785538
944.60102314008559605980418322989249239
945.31241308488099348048090988590940629
946.01474105302766613881724600226354155
946.47263756699739475515569650193635551
947.18009187166440633405038881961866835
947.94010585867083216364139844292145465
948.78336072128467077461766296254499305
949.41400965989434841701729341671899547
950.18391081615657139359019143900047484
951.32069329041888357578593200147540620
951.60287260801019615291420745239709973
952.22134156973404133371582174943727999
953.13496579614269040836019115570394644
953.70465127473274285677705193661078977
954.22664645229311129393892134030134734
955.47994307605460450940450962458382803
956.22968325255764039140120706088258953
956.47029106919322864366328156563311141
957.52728828323998564030065592071438528
958.31818307270349607970658572405162286
958.64402436411100217648912087709509531
959.59092593907068034185059412556812144
959.88549129423337690584999241637378019
961.38598486008304884505934522913962476
961.73520831041915449067596464731168666
962.54431115154778701550691502618917538
963.11487256719957229445458979190743332
963.99041843430567917445709347274313232
964.67769188539636072362830677913475360
964.97411474488141587445915296277130942
966.15293199710136039288512651589776704
966.64353046089346629514020352160445078
967.67640282827332554732086910578022114
968.43577195450639999491819268590862893
969.09116239973848773830440028631179891
969.33579402323983509272513943480875347
970.36492874195423343914026601347877922
971.06161946549862799115847198082848560
971.76562926831373268402924412696432383
972.41218356455813753031501142389697183
973.54780089332233734478786201597726086
974.00067161549931661541092109385610963
974.79641378281620110146697129404299400
975.46736433335323811847072864375660842
975.86090602688129778845290152107678592
976.73702951139177173415122938415472840
977.65365194438324886450880132075024859
978.23237701476526881817079781915063491
979.17599594429251557509514861957165709
979.81026716811138514904057670373153941
980.46903805293715039585534846294885179
981.23015762470954416435082209407889778
981.83280940361110962440682368132032344
982.32184818628598849559699374198681801
983.28321816961910628468682617676572747
984.15852064604166215456790678347016992
984.94708421210504386343871300838793033
985.63111245294237191089238304535629066
985.96055717199677321949891923945682607
987.15989816729481854634778035385813511
987.46805772116641451881773829262947544
988.32883617201259433363714008535684402
988.72706185203429886481289361418037124
990.02178903719161021732694870529553703
990.81176019484724432901038631635449903
991.11362103322672487232897913387183819
991.95322638773321886666943037000265097
992.67617215719855512942725120300451179
993.29968087820976744180728138981844216
994.02138668931523538930750115479310143
994.62814019902778625102603039057055723
995.83723417067563298205266629558469544
996.12264307098884486740704402961448477
997.15219922692058974883618818341082743
997.99337614002890287154463095320273396
998.16857474645277690117498774387585490
998.80067046376739992631973000552383935
999.99089981770609552942232352293411855
1000.4318722827144359756655169042146038
1001.3246758095597523109776806854004484
1002.0081546660175797720523738947492027
1002.9940341064906273351392878013189739
1003.4015630052382384971057333974072052
1004.1150587133334130565263487690704669
1004.6943432475264894488980421931725186
1005.4706843366200420972183158120824883
1006.1942118058064436160957824595497845
1007.2727199020874870068410114581688198
1007.7063383708610078921719160073879730
1008.5800765198510406832981323439316813
1009.1127893739856476196878518128891312
1009.9153542674909924914412909936384239
1010.5367151143529395289067346621291391
1011.2240656997718985692586622254695140
1011.7203646961874167545635560452129845
1013.1115166082279543979377870467173523
1013.5716302699078660622487630632545736
1014.1203308418346305304866672471610944
1014.9195559041020502926126207907437125
1015.5805995502193075389623924210634049
1016.3074465693411001397562806650072664
1016.8785680876960209121242738312033398
1017.7087835827363003196187683428531962
1018.4045848821972330363501379250675108
1019.5882391649469266833690435963856745
1020.0013694247421418223847655109681399
1020.4321121590739196870254782873956066
1021.2993786599297212395921024824222373
1022.1422638821388352067232687626422385
1022.4752059949938778819576599610567358
1023.4544403687963345556631438378124142
1024.4709179867732727499711005093661246
1024.7408185310264118974521579307146865
1025.9059866118435149207936160062854342
1026.3534945905415960789191550324706321
1027.0531944948340585183844197598481439
1027.5921075880777382299012782613910877
1028.2487989995981836514753348138896069
1029.3773275472354838692948382267576596
1029.9589496933596755308336527400892049
1030.6642646921110754720065308873908850
1031.3940912775571532970278934204171466
1032.2274500919017531321899556237500264
1032.8557343656676762904130578345299773
1033.1676712573722268840930869660127596
1034.1254323072107311477778220818348017
1034.8589470796028349287026157958621217
1035.7697025139023813551368451799702601
1036.4652424396622639315063049435119936
1037.2256036192133603709305920094556845
1037.7338444280480674067526669199856168
1038.3152822113089190923669361199752879
1039.4110756668333399943565863191743804
1039.7749822285113209818563915896017658
1040.3088949526777885972875441630531956
1041.5604521383897373688820291608780865
1042.3022812253765291432705689974229196
1042.8665164876789256016516984173696508
1043.3631682912068844334272499375440186
1044.1641884876804251662809812108710609
1044.9477991489510883065138877030866515
1045.4696370316325252891623308155547495
1046.2735919369419189963236200027931853
1047.0962503075568847578598528947716744
1047.9884134164898527873419554045895986
1048.5260494729647696229942775089237990
1049.3115582523427627975099514480202100
1049.8999408767264683466881496694123158
1050.3476298638269693227753178506491467
1051.3412755038135650833114439033404122
1051.9668726695701033414001770362750904
1052.9356454781790558296130940816496244
1053.4940599120021108280730890283399988
1054.3043115474384147208268692324004822
1054.9195285055713311758310808018291787
1055.7970010520907064915607589431885904
1056.1311866522703056739408518625072021
1056.7359291998574714512177889838487979
1057.8238813880972958840682294104644527
1058.6457652249359807410018816689955553
1059.1995504385568986980831727965746958
1060.1151488686441813887629406911979836
1060.3957017346014106075594351280676616
1061.5702446988401777641187435571907558
1061.9214007533352326081386438176053663
1062.4382934708214731610407230157131292
1063.4091155754794618449310116428985928
1064.3760755379650066876240040810789294
1064.8944894656877532732728631621954785
1065.8470191782600393103342190300695196
1066.2351899979803400942329910369696440
1066.9784353186329245954694598716005647
1067.5367440606009190872591997626076947
1068.6154216761116426755387878367691214
1068.9678886266737478442703122124124068
1069.7128486188330127783334308793266340
1071.0082524620831140769119186608105961
1071.3638825204703420939769166954161955
1071.9680774335315604577544883550294557
1072.5640990099486760691963376166730759
1073.4429347989477103651938948455690949
1073.9963149426956584953001910353256931
1074.8164916043351602260523702607704611
1075.5541409396537275266328056973799349
1076.5037506942326251458206863233201145
1076.9632788391614642787508141676394733
1077.8557943395011540943921037202074184
1078.3540868435729038157964389686493367
1078.9956830952416859940441352151962114
1079.7357734350183859275391273962861169
1080.3076274270728273820617504205079364
1081.6842799962228502443223166876509771
1081.9750894422062362906962987593455196
1082.4778480091504470870051561014831898
1083.6422978850149254461848726514377983
1084.1309374728988605828546133396611593
1084.6569751477556329308605129742597591
1085.3108523831610977117895092584794588
1086.1647080646574042728903010728465537
1086.9713606371029378641596043806725523
1088.0435752957266924246300566544491677
1088.2622583132425611707530720184706231
1089.0137319039507012587914030369812054
1089.8789114105793536061341668400992844
1090.3493598828348801548322220732254333
1091.2429836257218398831359856731528818
1091.6275827551835450017112026454449569
1092.6860616767428855480118993292919525
1093.5655905938935311493807014128472955
1094.0675135614463658551630033961549380
1094.9336575539670411265148558646539528
1095.3287266633542650710232520044327903
1095.9890191861295780931511451534980306
1096.9178170314458797948977367034099375
1097.4559859544606027640024484705746591
1098.4156100351776219387295285272575503
1098.9179728111733661807053007948463984
1100.0071845765708924783514195472416094
1100.6349583978842535139921223440902276
1100.9082890960398474604688332656279434
1101.7851425549806591867039559353680812
1102.3810085216422193935069278162230119
1103.2892167207293360342127387675175372
1103.9740121986551114622793634264417484
1104.7900995108328628489723410346466434
1105.5055873155040019566290097312396912
1106.2299746303713376432882693277527063
1106.6771891813560301741605390240677933
1107.6192540281321673077911089896767269
1108.1176953853811336787600232187128005
1108.6168364715950808913092984567484505
1109.7877671387379631766349805828224721
1110.6311262314893887014943359213841105
1111.1541922948478330198576107914000663
1111.5921607794778735580639545048225352
1112.5640313844808845708599387264109972
1113.3103889797416439920426984292707410
1113.8032886595700758783640259644507573
1114.2244327130374166274655626910242211
1115.4943156018519579389868730074494685
1116.2045321996790736896859776640839623
1116.7148652317604503678791602830692006
1117.7206966344706503665979574783732689
1117.9967893111703783553837941437939947
1118.7097997096573494441903952012719185
1119.6045758891566687204177527250626136
1120.1578506363408389947137554660947103
1120.9194936348073602768981409826433360
1121.7972915339694882680446504834880092
1122.5735046513262428513483192351826918
1123.2056274612137009709791243862307794
1123.8594463798736908449254408152820068
1124.4407689556278935459881217389287934
1124.9314763837152290073843054590999718
1126.1296488803389042137898489676439593
1126.5030686244993119211683497100811582
1127.4337917292352140816418855212561826
1128.1763359776879360426616284031347267
1128.9060902225552585681777659719007036
1129.4704646440207492715499987666116059
1130.2146859003043950057204816362808551
1130.7135101796708786683843456496617336
1131.3701486132513122851785078049019060
1132.4568106223223411774437468713906457
1133.1076212761607501857787889887675233
1133.8161220778023454739944024358205585
1134.4259402201830712867951164176306906
1135.3555929306812105991985469760818077
1135.6158993540195532421052390798816270
1136.5641910742450347140533734058713427
1137.1547459654473962262071662364040446
1137.7443234263992169741579892234222726
1138.8754290139364745705074487977565835
1139.7179426439118676213183534335429659
1140.0905082757423888790590709881777407
1140.5401545738518434418463663087880912
1141.6004454759158636023719844243574560
1142.3654324846916936492093872498658740
1142.5396774428917503252998832611307033
1143.5512102448650020870823145606363823
1144.4198514824405089888053851461752765
1145.2598695587179347961952551915999577
1145.8164964470427529257412668394727380
1146.4406777891291079447621014393888713
1147.0436131248534885591174801437258397
1148.0240542363256832016920197238714902
1148.1439852927986893700550984560541913
1149.3875062923089949618624087775146876
1150.0558001745714672822421156699062588
1150.6553182439866853496402227927206242
1151.5021311458926785626090003447752914
1152.3726083506535481970629026231086403
1152.7101809974326266925554158898219467
1153.2402189762798659284986478565129459
1154.0643749186540675153739372777799916
1155.0283557158749525158186201478369706
1155.6270841489790728233571802635629874
1156.4443123439074309064537218071808607
1157.0798728200294753769054052686883846
1157.8468372309565554978247024484074883
1158.4831244549232676389982036430196339
1158.9672010981061555719452699198379548
1159.8837520050344269481565364367850309
1160.2700408407269695286458892358777881
1161.4031758593348490362047207223073795
1162.2911445709247512908940784117311497
1162.6301009263382069275128284405899116
1163.3560053687091975334772464430285062
1164.0765728149257784962175934081081942
1164.9188372745037894867739442514460756
1165.2105258068887784339971585320510194
1166.2401729239139611634963334617391548
1166.7121853056679376134117980241267385
1167.9615179586156702583484919994564148
1168.4620793436974764324916492074901200
1168.9496528787185886812506721818822169
1169.7704421119186315923765025169744014
1170.2075364309127895104720989089552480
1171.2481177034125345382856205752814597
1171.7074729667396016729160724564412456
1172.3963481299302415728861458323765710
1173.6592576364553426970199612911396398
1173.8206351471066053466325143778158526
1174.8801983928572311382387880248852202
1175.3371161447830359387095114679011173
1175.8990058431389052169959739669589717
1176.7278588985041902575356305582937738
1177.2965436228486901702144377487769732
1178.2867897866380034295056127541091024
1178.9984925648501854868956033460889965
1179.7193436525472321615686989436521652
1180.1732509697344558469207642336222581
1181.2458577084443757995275374315307050
1181.7231657440382817059282945060902653
1182.1476381041065939602814929778549817
1182.8031644802050907840475548673214768
1184.1422910644012664748879113405874131
1184.5637708002788660878109854946919805
1185.1253835261760966305608126506459293
1186.2059524173090249033997302977402220
1186.5868873766865485543040779661040997
1187.1857956053343626900288984820385459
1188.0863777658275826960537224874999462
1188.5872146222336763408417035559494963
1189.2554682630137266235570552617694271
1190.4316212899526497836967966373588201
1190.8778475089440889963186919980922984
1191.8307448529039314215476948701574973
1192.1039394174071899335020402462934712
1192.8119496393881929958890781853388699
1193.6771308074634972360299264854695848
1194.3921086817527486897446884320793372
1194.8448211138353599642311961551733247
1195.7964531337683281100357584816667727
1196.7219802311417368138543376672747051
1197.3827892867193131370740300151972658
1197.7734788386561693586770428123912791
1198.5062756853341762540937705219081159
1199.2456410685295020331056518982779024
1199.8607306130509593104289755193748709
1200.6025688977669840603235099256814347
1201.6472373703394105745750228045782324
1201.9885899426469311439018803197998110
1202.9451849172082185973801755053478041
1203.7015492587261686668505335933445183
1204.0607424930208056429510631241779682
1204.9007877804875187009056579206550230
1205.3402889578056947143823207290949387
1206.2944979461389565511770780965696401
1207.0695749365419140189022460118342741
1208.0104216053968519045876525598221111
1208.3662899470048888700444518574160593
1209.0433459714070222753595489996345500
1209.9801206016273301570042943240026842
1210.5999428140751673746291044506316445
1210.9120259832663204331492559162560097
1211.7520828540101230057180848095102232
1212.7266762658056975604159081271380528
1213.6604495762548680068685579266815850
1214.0050674897430819760443228315321479
1214.6662389408606660324046187284949349
1215.5866263516572367595234418695292734
1216.0190102201382313499336582670754757
1216.7572777573889264498727995430592752
1217.3846243516554766563351008999707273
1218.3318868870800874096529366358744958
1218.9151161226476963041248094585621516
1219.9063905529179476841380799354972474
1220.5239061355091334720448219055512253
1220.9258004927245049198297312794225450
1221.5897123939462967879893348404017038
1222.4119853956204709684622650132497732
1223.0770422026657626743684800076009189
1224.0307406560200073891252312737853539
1224.3112491715783005067331184591470769
1225.6064468531600107995895237997940915
1226.0145452916495156728153918652846206
1226.7699004720494397729611465800693391
1227.0825957912603957624674580735756559
1228.0597132373763891038722571657461514
1228.6760603433424712742441689654115930
1229.3023161217291674606730461504178119
1230.5719228297160911470954241645365855
1230.7734043171095744954602582786886291
1231.5808042587063654088860155602762467
1232.3056308069129765661987940962866452
1233.1100972434971019193809083069277965
1233.5483577005824357282939052171668995
1234.0713075302174814203907576905248025
1235.0156384443874345452941837149429062
1236.0579166740400088852035091463265601
1236.4681555280618704583143471020226096
1237.3937018514467224554894001926661425
1237.6613294853016627825051428141000669
1238.6665986685485329373908712372138107
1239.2268438068988614173199172222227451
1239.9332706571122434589297214758161089
1240.3512606948637227234150183109412169
1241.5683636895496537069251587889227027
1242.2129899515285193419324245244161613
1242.8922903061742963574054683823461268
1243.4633718693208537282697489177092870
1244.1694710633474227928897448003410489
1244.7264781853427492622437624631382633
1245.5130747055650812325011613696279501
1246.2927171290886517786376452373843914
1246.8046602412068108827749366291269687
1247.9200414050722499358941274080944895
1248.4823734420886219600854706163900957
1249.0346500840227106842530957292399452
1250.0014167739560443244767183741979395
1250.3019666336370977861967255415828093
1250.8056288518911835188265568523043599
1252.0035392878751202964034466696439367
1252.6381168178056027997191133522439371
1253.1901124956863161718931719452751494
1254.0658984891512304295168220831308563
1254.9371337149169401855046542573980149
1255.2938667880471583128139830075900827
1255.9801186177239496648211437201720433
1256.5916530894328430590355699080224769
1257.4265946807915839975133556052923683
1258.0488845391985332397857678327372600
1259.1457648828993686463459291832234784
1259.5870557799439666981507338260447435
1260.3930600439930179873708692555780794
1260.7766848460001502449578390584343303
1261.8272475353212004762352076827331809
1262.2040164501380847652219690491326710
1263.0236072212744821419308736014094409
1263.4210912528910842869134455128749021
1264.7965153510002986428692166365936904
1265.3114591478212062114636445361924832
1265.8286254321372788331390095985431158
1266.4964070836530502297011096723288885
1267.1944212236921875999730405319748326
1268.0884032692461395218863899630685332
1268.3850087441259424374707085276516242
1269.1941820070579024683829936821216635
1270.1972455119441328871052783549968640
1270.8273596778359274898160517288815968
1271.5355059626549735079539033085058004
1272.2503949718061299707407633514433113
1272.8750712685438827423629497353884750
1273.1754535178246313755976690552357779
1274.3513421061717142141789208429534379
1274.7076223621558903799514341305147840
1275.8337123379125096889047139577607111
1276.2477594645408364307837358467661348
1277.1193801374437596832255600345783269
1278.0405767498698288181196196492541009
1278.2383050538148938155331833372461515
1279.0003654410947387003762131254494235
1279.7335518083049223072514301545332713
1280.2795717589598467177260336366897945
1281.4376367612393160782290220471991880
1282.0239853498689104940231806882920835
1282.5224888491419174868821490193271011
1283.3929179843353148388627596811995685
1284.1678008849904950114898102440477659
1284.5639547173922839855182799542576207
1285.2347189529041541705696485302758126
1285.9413777451676806044450730787424551
1286.8232597986730025612905318235993161
1287.5396149964283289700378865991696062
1288.5481904951984109147462903163474339
1288.8020964808280525016188461298358442
1289.4282590735694205258206378946943725
1290.3766117317595035197902142042639036
1290.8387843087278910919270176028975479
1291.6349057773457805824586150567788284
1292.1815642925396675804176607079217651
1293.1134583887645212844660109664909394
1294.0201793532320854618974835215757409
1294.7864400721846067732295657507330371
1294.8721328169394492901663818112245116
1295.6803921638795730065250997355898188
1296.6592652758389521071524149331182346
1297.1833935147311994485169308552739611
1297.6605003321602324029649322396096813
1298.8678587072934554190932209623194262
1299.3464878241305747371772942796206278
1300.2337298196317429842031912890467318
1300.6142352429001370708460903767529604
1301.6022555984941629097013045892441106
1302.1109103520349476990095975443301622
1302.3085513728675392372134808950514852
1303.7003752275986469409490997816137834
1304.2132433652237629562707156687392922
1304.9858707307886839572544432126742700
1305.5903014403926561196174526196434742
1306.4845526255117181033286325366605866
1306.9569878333689643370082633956425159
1307.7160245611119935258315053389194045
1308.1382315608675982855808143820223986
1308.8822727329748817774091884160934956
1309.9534624968740177447943309481021304
1310.6234388825762182508927499001217509
1311.1390663909721889805249373311555038
1311.9926097532084636156767345649012084
1312.5541773829031509689408040632276031
1313.1285596042373415367861979255351464
1314.0227843432571961305086163644089689
1314.4401081786613831236794505084355091
1315.1871045734289723513580629654177810
1316.2565105056263359415650140431586382
1316.9809216715321973271209847119822896
1317.3666092261575569893622327270188906
1318.1301466383174646115446714953875095
1318.7832163988006339142003482279669075
1319.3392193961784015739640072602589418
1320.3198931734767522204415829174563227
1320.6914381692424864703008176206902051
1321.6539629739020365648667545077871853
1322.3869892663669244647056792696167445
1323.3357477260922958395053634345276659
1323.6106832802291712416559834349897776
1324.2296272056542834964286148933116211
1324.9826273503017548929594254396250693
1325.6829234228574909471188577732184009
1326.4968732924621145726571199481154323
1327.0643959744169379292623088931655766
1328.0834709020390205236618368503298027
1328.6635438467688065772639227578035476
1329.1559173034139431990530526239269854
1330.0578885172266329169088269106538887
1330.6299401234280291485473097240206206
1331.0710380940955360802474589412488070
1331.8277606488533136274415240454473446
1332.9227270274522500105434116386495483
1333.6091430893446519531536543336024201
1334.0912061454347934651998809135867534
1334.7038301964502412542073050272073461
1335.7294828770281720401829121645558216
1336.1293871691074175549828040958897089
1336.7477662389433977539912321845568922
1337.3094939805775026033200704413186753
1338.3418368308318280400188886513740174
1339.2011448236775537570478800435980404
1339.6657802244321116122156591491548015
1340.5036142186214770433375998809917330
1340.9457064119445969123657561851239761
1341.8062486295912853788165420977041135
1342.2448369658512643177872362682054221
1343.0702606753793631274424306028641724
1343.8776970318907048709825645372462565
1344.3610782576140091525169883161412698
1345.4946367988519733242069845112282686
1346.2067584835549783204701311473831957
1346.4258363587041874956756102454767765
1347.1790505646504105141501750571073904
1347.8731937216508722338417693069306219
1348.8089505408038716590086264684125911
1349.1107795262859475267690295261865836
1350.1843903024134849147054841483821395
1350.9196259780147557021042569621224226
1351.3847122849443711045584532783191078
1352.5396482549582307152610959721852362
1352.7540788228128117944322556123063050
1353.1964265246155567415324419227342832
1354.2713428927961247357265407249570527
1354.7572027380629268472556763735106997
1355.6871513186054052283973635715544911
1356.5003271458513626216996680851145358
1357.0456009971917098848043574768273164
1357.6543106107633216273205480750912078
1358.5665433198573968571598445213989657
1358.9507779789866731940696744972491816
1359.7626070843358282481733342588544068
1360.1694451580868207554058464690647374
1361.1641343944268476997637026931793466
1362.2141420362178189520010701034527434
1362.5140024895373476803287787602176880
1363.3438656999545146166357963501137306
1363.7835291007444689123615791583895404
1364.6629729712150248188900033417266674
1365.4267744866589030371661882948968413
1365.7589962617419378627471693288647080
1366.4698396406781650017847522815240840
1367.7931540690353216512404676689837011
1368.1153227255363560540987247224854577
1368.7584097617905279652769179229169796
1369.6321553506064032565980792653688908
1370.0498068428411005493383886757059115
1370.7974288249878559214164594631203491
1371.3273353299341394892128846142232206
1372.4399512921119700542577838232592335
1372.8125544427835291941044938061418906
1373.6503306671310166833256539703646212
1374.5688478070164976813417678497798796
1375.1669418180197334419475770134683785
1375.5964351398008598654746063003411719
1376.2049136048961707811659694169683745
1376.9973239173542185143026975720734476
1377.7239144827908405125275207721577236
1378.7141974154668050105911678838434204
1378.9793297393489602125198623424475040
1380.0680888504594115500156214475183561
1380.7576743018783105423713210179602548
1381.0371455713126400895896628508861777
1381.9977838579227414894236276777451124
1382.5383474444664694489306365968817775
1383.0262075399307991304441069978473624
1384.0913884360124223705665290386781863
1384.8537755090533369826322292778891940
1385.5815289360343987100606503320025877
1386.0132012448265722119572171837828867
1386.7485328658264270842353368856320730
1387.4964217760688207437749664195369909
1388.2610534353618824334330480314157419
1388.5321646391392855790119900243771275
1389.3920218316400693361724582048477401
1390.4574951020762668902282087338609439
1391.0859776442919160524457645199133604
1391.6776528070165475016925711996892360
1392.2832996960234725535687962207139739
1392.9380304313647997025779640096561912
1393.6170531464145131418183628403025382
1394.3652013916904368641160604367111544
1394.9730426149794858071802054172098027
1395.6357021697464101668708175068670031
1396.9124630801152367352026282742348621
1397.0308224281836717442385706868226887
1397.9713412141702969876659945235289788
1398.3966091728540629637248883331765387
1399.2648820172539674923420196189196357
1399.6644369811001781579198195914937466
1400.5057221635451873081655631866725197
1401.4567238654401138466141110131710077
1402.0299585240563099221718137212811287
1402.6212149294956795613812284180760594
1403.5665266961342029129284304639044607
1404.1444544289555920846244844934272822
1404.7211236542275793067698593691902941
1405.0979610430181313584259639064436438
1406.0411146420111648696476932774483982
1406.9294207402972172572160924883473501
1407.5304311607983490434211474712063540
1408.4526178696610422311970995967921605
1408.7009303337260539913388634790102877
1409.8173640962268588291666894450713086
1410.2213494998233613948353323836797699
1410.7462400941247102184922894354662535
1411.5633467143446790649441622787399659
1412.3014363808552866012509814953860645
1412.9616665129391323723548806100442893
1414.0649812935185708273902606458738207
1414.5563612668263836325122968987044486
1414.9705523024458117189298925770459157
1415.5909137217784986426970532336550487
1416.6838995208277139510183903755903497
1417.2027617999589410865266769341332038
1417.4095220508833673289375533876175891
1418.6577336473997795007764940764465937
1419.3677211125392664317423934871370985
1420.1503003555650272660085745875665743
1420.5925867197910035607855224168088600
1421.2785821059386634909357390565308181
1421.8835053232799641342074581831185686
1422.6325419499201743577222626882497678
1423.2752072510024191210872894618082527
1424.0607883032298189625860133543410306
1424.8152926213169863334239212812681645
1425.5913748340877925728303163060396194
1426.1928520160928326544644152182167711
1426.8838892723644351477201543758148654
1427.5816862527698175204047501126484916
1427.8889846382999929567805601959317155
1428.7718263595233030147537935116378858
1429.6184793141236692102464303111373219
1430.4043036037860302401564079670175429
1431.0421104523144257403038911994840985
1431.5945043770196938309598408211998125
1432.5557209413415190076578703935040009
1432.9348537691804507648508412327293349
1433.7144438592978230788355813636753427
1434.1774726323825350926664017388874720
1434.9056105134087256255040234975702524
1436.0075306147774369485012695637849515
1436.7095381741023485669726488780336293
1437.0255611773376643993568776652506089
1437.9151758914086810970383493538781504
1438.5808550410542145523564363599038902
1439.2472165564452487041089039427630965
1439.6310424799085394567297677574436894
1440.7420321925663768954223689393904874
1441.0158063856348998822454860324853759
1442.2637787966265928279004824953544849
1442.7174336300989215914646632945301761
1443.5170501790236536075767912871983291
1444.1378758552879124056535708855341791
1444.3512841243360655259276682087394758
1445.4818437272582033641292783511383063
1446.1594176950311753230876408802814669
1446.5982093369513748356079592319886512
1447.4451615464327414822340486907743942
1448.6241459078403970257098296127715285
1448.8144780645304167407963198266251592
1449.5186618096013503047226747328261513
1450.2251088408390899323271070339562083
1450.8118588346330008605886966051142416
1451.5022692243896609407071983043132072
1452.2281787317935174425484131723224445
1453.1060014880416700310182049385831035
1453.8333920515292007076890288159015677
1454.3187263520417347530253277086684152
1455.2192537822454474953088780535608929
1455.7083722653446350618158824166734347
1456.4228094176292759080892921366960076
1457.0539379793713136034253437866626360
1457.4045753230470429767744983903187007
1458.8812412847042075116455791038173543
1459.2771451163720969883630454359620059
1459.7104744582317743399295140417439651
1460.7807247593574855512481953635790574
1461.1835342157306345725495206067209524
1461.9297935958165648343410569104604180
1462.5825373764450914537475822694361684
1463.0558206217813616594353331651206983
1463.9807408536046837321512780518739611
1464.7786574354256343671993811401055180
1465.6619476462557380015243862236334673
1466.0827166339612482281638489914653277
1466.6211067403634581319697783957746005
1467.4221611177907758127182777728475022
1468.1729330920491930770348446943002048
1468.5999823036612276852831718471117399
1469.3983224791779938238593758788774625
1470.3341250687149483408588096779446412
1470.8216634019287094387834322790348338
1471.8484579045893293047187200054259819
1472.3088040356403785386659424732363577
1472.8830322225167024843074756024541277
1473.3182569573502674286492408976739098
1474.4210959536824094743635812829207918
1474.8138165903328830030352862595454418
1475.7662264197196419324802715374620792
1476.3469358443665868920617523732175306
1477.1984182677944014835481976534297051
1477.8832663889880349097606465603126089
1478.4291013788741342651833955989552091
1479.0822355936511511651835877134558836
1479.5079686656456078778592762056773482
1480.5213829252905585238355104455663627
1481.1013270825607634299499036199286059
1481.9170844001175724611763263388725842
1482.9184145287424607443068449238913254
1483.1204595360609906618645888209600016
1483.7629440800438142271507191639656951
1484.8671006088320440585527262588858758
1485.2010572152507660582028854735286281
1485.7083285308822213038706836532825077
1486.4665560099252748910982211580217117
1487.6057251192290317318850392393437178
1488.3045178932713980912430550703896898
1488.6246100201706298064190100239268785
1489.3305060800082356853946595206891987
1490.2349072678076269097928249218786286
1490.7188849438495811046274422703283943
1491.3239927633236906311147959582310784
1491.9896620795024983761565301992474555
1492.9013957205051308846976431200982390
1493.5997387513511649958835657780711335
1494.4227981096207060862047198892323119
1494.9493323434634783481084388304803947
1495.5459307851903949599649530700281386
1496.1926683142434916005804089827881118
1496.7622610357296078569096292168538264
1497.7340993258240491203550309011716253
1498.1875697232817303539942582287806049
1499.1160550213714370603129114970791991
1499.6975715026747397072230175342168819
1500.7030223561727851693353058763994197
1501.0540919902743874994799726093859233
1501.5999384918583914155624209871644594
1502.3883873547588189047813700928975086
1502.8975365482609982476402108254034638
1503.9047059420648142760335846813010654
1504.5034806434051255022152462965694143
1505.3213123394345413428909222088329481
1505.8545849818938235395657549980654308
1506.7183875839700970134045024848187313
1507.1789209572336039637911798374393117
1507.9448777472751380655945839056149130
1508.3739484521977193392320302515619415
1509.1307741477103293615148002417530011
1510.0932851222683259599974139917102251
1510.8293908190887432224147767593644645
1511.4004189256907204062933275669722997
1512.0797721394757770582267901731209918
1512.7484616471577399560299335237693015
1513.2373683051852432795711108211247691
1514.1672821087273425914233629692729440
1514.7967694857169326148512060822033802
1515.0210240742625111482755714335142902
1516.4370201596733648272054188156046213
1517.1254599775772649597001888830683658
1517.4600085865879995512393835834028359
1518.0264820329158528281092104821403087
1519.0500973672875820078348083203892502
1519.3980413002172720824506088393415923
1520.1673290825049912142825473255173517
1520.8239691264135588719549182283899255
1521.6612971691758853666223499140726440
1522.4285120002429387300796997589887546
1523.1837033499708165851731190996082325
1523.6195586815926864402224657412766819
1524.4429020974382990208416317364115998
1524.9648287133197324700484181667441843
1525.4415234861419624153093180286188393
1526.3949341784221704050488109240595997
1527.2473408159653874521121179091984570
1527.8144168186912856073885950315769864
1528.3932815251938803032258494164134264
1529.3736530120173182820899301197018401
1529.9496864773693427969902813639811995
1530.5032436042365537365658745146833234
1530.7896434165153310656388496823162491
1531.9842743423548449471167716619526044
1532.4301808483172404853435946107477562
1533.3756849438290251007647046152220489
1534.1477126730751113012106363108596673
1534.5876679128834636696164680838894143
1535.2938725745033354182369728875884656
1536.0366491672269914262934552665142362
1536.6106054027483660330150110328492721
1537.3324191961679587431046671966306079
1537.6885650404795871548149961533475864
1539.0054692173819532160225588356904891
1539.4041169915484408091603502773282029
1540.3026167781789449835054231003475227
1540.8635064375134057258433382936347203
1541.1967893686249431439288930373450547
1542.1993373163760227239181299535513898
1542.8087847031821425329908985595503876
1543.3673495121676256079813724525091810
1544.0362556604945440491756680057151776
1545.1280739836603824285880766693515157
1545.6119763279334724954606439920536886
1546.4219289055125010049992305044722627
1546.9660805933738135510978263595471830
1547.3322687615663383307231044192508522
1548.2912614685362428596907862260125147
1548.9746546998808343620383662355460505
1549.4608103038919278469087997907885265
1550.5228064132279682587866098113948684
1551.0523959191607018737722773211045856
1551.8408246566140858966413537522062373
1552.4354220490816226892184440683631698
1553.0930155303194929752670338118558699
1553.6496763787035616333105760222726498
1554.3021155263535613409255089594254638
1554.8966219690957273125906248512017183
1556.2893824012821475053029637912790205
1556.3363602873058541541681222448366488
1557.1775226310068848993532549022179364
1557.8588324404187803346158442872008792
1558.7192972096085737339058674830799698
1559.3086886849444421434575873477196125
1559.5440172240894536541745337758958324
1560.3839104135881487717326918776412886
1561.4779114139185741481640833364584461
1561.9240590789164855414311486595675797
1562.7815216477383283079477365598963998
1563.4410432094559532360751323628539430
1563.9541520059062057568180866022486348
1564.5709624582182654819403869066278489
1565.4159258534686946772650472589325150
1565.8913233231511247516334882674430424
1566.6667479198408524872004087474556734
1567.3056619083884473071015307612595123
1568.4658595314271617444225379011545941
1568.8175563368941543166999961899974990
1569.5744113778740304602547525583496911
1569.8749051652213716266945912791609823
1570.9026351749494317989457461648939098
1571.3006209031178772783960109592023698
1572.3358467131031101099879827994665921
1572.6179094895850587614169672891699938
1573.6487719339556167189550339442933019
1574.6654126693512977199409797765034821
1574.7366431517026737898977025799575992
1575.5884078568300945388571221382620548
1576.3319735512254047965935234208381336
1576.7581829836041839724437079545225904
1577.4514433110646336555828807797152900
1578.4168756413248831478083583965332043
1579.2097349332375762534365565848565046
1579.5435228932871108368786718913092520
1580.5687909572031810014623089663217579
1581.1300863393742810678914009585779191
1581.6441872065708416974842848697834003
1582.3684608996086136434524420914872007
1583.0198500057528412058268278616431916
1583.4863757094036798516549078049557515
1584.6895148578276212435604760484582086
1585.3235696140406299235966435442703637
1585.9284763054992389997493406885395120
1586.2642493254041112136152086540910024
1587.4307662060198611835433376658827201
1587.8634433780327062909487924249972562
1588.2871441372176253902712506458549095
1589.1434125942582812205684757557760611
1589.7925697655409409557558996090557885
1590.9443349527436754225176205274435272
1591.2726968926460374896192105683833561
1591.9622489919974585036069154333714969
1592.8826032448263630313045464045405617
1592.9956411450115470349974304318143947
1594.0105107995262764456921089084110532
1594.5600215093028854288242754833839245
1595.2949175129675194405649383172709741
1596.1318498142679591069776272440967282
1596.6758819624517595994911721530930465
1597.7801788682300134569213664124077692
1598.0693247173670122890370397765469685
1598.7587928402631863443550261935484782
1599.1234085868344797435377781686050820
1600.1114970614184533901675630814618647
1600.9966346765461452372946028229782596
1601.2032235398779639599798688821304086
1602.3020073199230068695439530820229304
1603.0950216111040475556273396547995457
1603.4749397451619282649749275459750954
1604.2536888405613374009145634461807072
1604.8685297632786668417366053473653222
1605.4839910738311502298196347781652204
1605.9989915101338366950987066451706992
1606.9583809123872731449139431260137469
1607.7718433470204530930073923097050134
1608.5295351438994020019497864534504302
1608.8259169341882447832053589988614077
1609.6596810912903769148047297874721696
1610.5072984580266651053877389734165388
1610.9163425261237259172247151497251061
1611.5030497738259233225302904152996420
1612.1708222037260100578527752998133735
1613.2472712910951105683897364558409440
1613.8429319028370863514142390306896746
1614.6506075271187694656730571699557358
1614.9457854788487617420384243344694085
1615.7683421075924427853731972353582929
1616.4354299588215471173032587836015932
1617.1705938979009020467057615429916555
1617.5637342373132374835932755774672537
1618.4468843684647607951866836449394773
1619.3471975865464325472718188817562087
1619.9658089608563643381409647699679372
1620.6397876241685205663448935805888901
1621.3436295224206536119979808456129548
1621.6455760352889331166625235610675605
1622.5154584363509071680483437178276932
1623.2207836380940258483964158166473017
1623.8241560212979591234980977220604667
1624.7291070672374172565068556650102343
1625.3646357028317347566047634739035325
1625.9878353996703812785674641995554024
1626.8791129155555289952874757189501325
1627.4129992764272929540443281378301558
1627.7551162858444069448787288883116436
1628.4498442316569266882755900420912287
1629.4552396553968509428955832609584553
1630.0956777330073765140366526774983103
1630.7641454255749666361099692691872659
1631.4448809526987318562272058320691859
1632.3181531399186440138895846326826207
1632.7702539805262793381920462729532842
1633.2560689618040654782343954172663515
1634.1889034901305446622980751614643004
1634.6818927133959768983195016997522221
1635.2192092327095578532107135414253684
1636.5009355223703776930852687951923481
1637.0292565217161656462121257192264256
1637.3909651701103871058382180955303148
1638.3775160112071075879595543814536557
1638.6406251910740196115371863125965035
1639.7939034288976889472979171692890827
1640.0415682002324444346736454351883461
1640.6856377208342427884340048801472365
1641.5706587858502518628755048182651048
1642.6086524068325713044179025389943311
1643.1515781302797498133447068450657475
1643.4542921643097672644497291511602525
1644.2921549687253762380943978370974342
1645.0759101865687645828474547472454743
1645.5382959046810433741139933389312021
1646.1119563340783031082282593870591934
1647.3363994914548910908338917969949052
1647.4845814525720256495123424565202397
1648.5171736986755303181340689203409846
1649.2608507587855680400282997233681274
1649.9035215228083090520008363698701478
1650.1530330732721162740458353785013463
1651.0658725825045132981948688782714006
1651.5976045347242784041822180387592984
1652.4462256314665297110436152517062161
1653.3099854731679850382282975588580703
1653.7535760029751322270549414731040329
1654.6453451118683816526044268894820957
1655.1844857771422400366246349338864834
1655.9753393355958675072269642494472990
1656.4597171401231186694624905268162256
1656.9843412869909895242803951545062971
1657.6911749362409401719103698686458991
1658.7529532530977222258793524278231826
1659.3183246069827356875635801567018362
1659.9430750407013517093257624014356237
1660.7772774023726038470816444501419572
1661.1407932335585223155259117020117017
1662.0461831208762826355317206492508715
1662.5554401457984606159589488489107815
1663.0934588327204632369071977881061764
1663.9525922778733364862481030535157069
1664.6522996560101846350415527918852814
1665.6178532285218960559089944561076274
1666.1720011135056819921750217546741399
1666.6062079822460915712835178076970370
1667.3342565957925925887856683412427387
1667.9110350191353391789549220184548937
1668.8823656802241189970169045623016983
1669.2465130177733184576448453385055344
1669.8797131892089340859723628043765502
1670.9805556130644171511140147508976720
1671.8134984160181746643231473968076190
1671.9413136505708357016597641730640843
1672.8781043174241744623017909951418485
1673.2885738342879333585773845443959451
1674.1749625607541932520888669411338545
1674.6890994041550989696993227219101709
1675.3861683187162749679085472075526704
1676.4361018845204910723608876455694105
1676.9116545356854567870227869784189953
1677.4651486298360669753606099541412915
1678.4131924298188020220695243393788056
1678.9750655600034608038212990138381202
1679.5227293148525219321517651460568960
1679.7893274143924864726368843828942427
1681.0966536243923451222824154360385075
1681.5599820971521043547219119805079050
1682.4768446985310641812509756992590761
1682.9435483072598747497664736989459170
1683.6540054146370342499328628940535403
1684.4502782559129808707691828393863363
1684.9027371759324988085529860140013979
1685.6667826306864907126372888824775611
1685.9967202460121448713255017947818909
1687.0817368434097076872410867869432154
1687.8281901865623068114588644143397799
1688.4639337571188057910598972817391456
1689.2459748749018671306626382327772197
1689.6055560022557230272628541367183484
1690.3622725075840137502510411230886558
1691.0249418640416216157616767067054440
1691.8460392658676649077619709824039695
1692.1428918380347946135169634892715642
1693.0877092131514169614422034051581807
1694.0741489184045693625246013857143202
1694.5361508914280760765855061199358782
1695.1862217444605497392781233351786793
1695.8442681088421327260959510971270840
1696.3004038151173591747590138095263392
1697.1111009953031903122193665529525495
1697.7931607945768933069207817754886033
1698.6036027170152411215130670064699154
1699.0571521436299005661162612879766793
1700.0789861542265330122544272615511906
1700.7809318763251887571005692665391813
1701.2812955591747321660518467647062445
1701.6141426713868870695752818076956097
1702.7356113220705690781995719763186146
1702.9935823103435612160842305653953246
1703.8250331838460546164073459825294588
1704.7556402311232955106113907966793866
1705.5197517003893783348303589159550439
1705.8461417738224947193322393016263141
1706.6763608180160318946644703887819266
1707.5210010200788014655984548649927911
1707.8251485495554560403318394636869727
1708.6315504005983156385447857493012398
1709.0292504918313983651083884042251456
1710.0463425873631691867608773238188535
1711.0554599401266406413343436073347097
1711.5244096735322875868345539005928398
1711.7254481364968143326646232854094128
1712.9370541814849752412037892175343362
1713.4924148673824090946704482981065104
1713.7985994562944924617261310408310777
1714.7372935615133528957093740854326052
1715.1933006573625369956875631665501707
1716.3940492573773087560193761102245883
1716.6855638700986785311743400372217547
1717.7282382423843509980951210830243881
1718.1626318514303822904341925288837849
1718.6713553896609889148553295722961841
1719.3704283324521978835387038376648474
1720.0975022595353502508411350614355869
1720.9102349973155262175063677286085353
1721.3065146336032327094253987014045499
1722.2411101592522239814074826907806029
1723.0825725698070462431325676872609873
1723.7445718551812153207300987507898313
1724.0474467438505636323671178914598532
1724.8965942707083248935637331355790973
1725.3365737208648108253914533956753186
1726.2372266061707784176652663739638973
1726.8004322700976323418340503130846715
1727.7689031214855552448875522673454008
1728.2343133028754540982321700186170439
1729.0074459025208231323048875601958834
1729.8783575921362562404023710708582638
1730.1161229705458322381975827575169201
1730.9062620966079347295285614758770539
1731.5371804658373630689307183589250292
1732.0736982637245299368561907789135562
1733.1577869296661252263427563040999118
1733.7442091976265047147154016827788250
1734.4382593435384246549731846523161635
1735.1081300302190869596141512863486551
1735.5119600228236561892296448837740969
1736.5382298476272611950931350846945407
1736.9786506080368683676111243573623131
1737.4508600794034603045554301807379516
1738.2252632924806799984074561194797793
1739.3190679534817901495235631407534895
1739.8167158785581693779049524874074440
1740.5810037126689661539508573612847782
1741.0203115222508252462724937891243666
1741.5734262844172784786128402824081297
1742.6886944068599383473129896813487857
1742.9629672785643575455675848121934503
1743.4406364151838740284895053999877630
1744.5956327154405805042015910031895038
1745.2565760738957218264402753025725028
1745.8521526589893381848689904613999557
1746.5611428882267397655620334494622023
1747.3083971762688944419204218464461505
1747.7425737607895451639130363142303450
1748.1494806931176834494133812201549384
1749.2369579164963532029929928854329397
1749.9975013535529954236835034957957564
1750.3207416006701018385433125894561022
1751.3403809994363310217420927103545739
1752.0515007377142617110286724771617478
1752.5868273878792768658453996937720712
1753.2898322913966153890440218827516051
1753.6733286825105191198717538637466058
1754.3990551918046928060303170196290195
1755.2475312351765225501321366566933173
1755.9774492350879227999433539834783894
1756.6292647839432719205122266134804655
1757.4587288508871415126036906562310750
1757.9192363296779238559908039869223254
1758.6290531000978830567129454794910706
1759.2950130070260623826478531273941942
1759.8773161454518842219744149770315881
1760.5222271761201662112228204004237232
1761.0779577317493556338128228068674119
1762.2888061853678007368364874274791287
1762.8028784867426393875041729622026452
1763.4145430525147281203849944634185897
1763.7821278653542006338416885131944520
1764.8960090974564746000139760591036821
1765.2582986902553328279887973014146028
1765.8217652529140620510729471969445638
1766.7105924063412978865415743572807300
1767.2120626302950384390450497119098500
1768.2551931596191063534928095047884708
1769.0713504650613937746496241868061214
1769.2279982663541463386614959152506489
1770.1012741205187925409344252464341717
1770.5550477373921203743928844166073583
1771.5099767452947616144678346058057588
1771.9074831695226257130630978661043281
1772.6606049051997988380496786879745297
1773.5966804095405487343285056999241084
1774.1395160125899127351904729522246739
1774.9019339315937010956799347272163656
1775.5856859588837533505615916877762618
1776.0374932976538241371980177885889500
1776.7426036857929368668682610594452204
1777.2495878925760160681978889084647181
1778.0618045291725777208774882328768004
1779.0664888151249437189882017629135804
1779.5301407264961225363032682102798735
1780.0449201924515693205544797967046690
1781.1124527925933447657136612204511231
1781.4972720445711135462538437307754979
1782.2785788093813849018109847352672487
1782.5072565353208464887144055762798214
1783.4407860558734872025109264984659793
1784.1732351826467360667404798257067275
1785.1203140914243066387792359096280233
1785.5086897062736571341941330821070284
1786.3934708110756598033399806954421527
1786.8397815563589875087441276469948550
1787.6540397060692217218472364154653471
1788.0152521840505678477010494234909811
1789.0292011135071972625638312011108839
1789.3818692802588415328828551963491240
1790.0902163033859552094420671360232038
1791.2927904049410497299591627073985625
1791.7498036557295532637637009386280401
1792.3171223686008129155933414045822113
1792.7156989064572816763805872477455653
1793.6764884714408272511664502828697846
1794.2779461758280162373601448598092196
1794.8954393498107848299350992644928156
1795.4013272771708122518309047239681963
1796.5572003608143779773363295050544101
1796.9967587066102254568733408717843271
1797.8256952014464099749993142149533263
1798.3764805746227315178990845272050110
1798.9475600832348014130488532746369188
1799.5374720004267111328700331735882706
1800.2006877133045552116050616020128991
1801.0559041444365824120817945131048608
1801.6364973177343918783824842551979760
1802.5109390067498314934144272727624128
1803.1336667666411099865956045328979180
1803.6563822209605280507962035517446251
1804.5879544376110967837198310141402955
1805.0510789483461774542047467759487255
1805.4216700901414877019966872716323891
1806.2311750127626677130826509572508916
1807.1183211329237799996746562217652878
1807.9541333560852981935713830472276297
1808.3552311390259203519363143304111571
1809.2692343823078051164408826539756061
1809.6498793215086992295312860517921731
1810.4861069063840834796012205504975969
1811.1098185100974832607714925317283307
1811.7061892382207205015369947888253229
1812.0473647816734860909835996650984589
1813.3596823094980400748289241490507807
1813.9425222608029354138266073532351077
1814.4079191196749763629974760618180458
1815.2396290444408207575893509322121067
1815.9638204041771131724149428392000374
1816.1714163552638429208687085655428246
1817.1169134803307138146308278479348321
1817.8519530731716941390260615053587456
1818.2914107963950160912332691359046723
1819.1776264476003241831590669241699389
1819.9760324341661881414036875629158120
1820.7964986594844726982667338525419225
1821.2439668009747104147791128488199846
1821.5197320421785265164678480541107785
1822.4720679826561788489667244398430210
1823.2559313242103354719074293174479032
1823.6615518985723692989871883204082438
1824.5617120896993093655933768414964755
1825.2128365422651718311719722505858742
1826.0926732926677960265399705559068261
1826.6531372361968353973853800209041799
1827.1205754537741131175863551983362175
1827.8806417587992561261633833475395413
1828.4868533790772087742158726423270444
1829.0095624013771460528026121456686289
1829.8369754950745701384886921539837427
1830.8282737484228297731395273596451675
1831.3601999534975591725309240747023239
1831.7677868457607494002235855183935692
1832.6679036869645269508627222033489270
1833.4274164526574304446052384749456899
1833.8341983511567056768763917276931517
1834.3632059595834153360689848290334021
1835.0597032532086007189390561521025889
1836.1263746226335691052430629905115149
1836.7019720703991912039467393606360577
1837.3745977946077891667043903286240335
1838.0014438670214755406599696480555294
1838.5340381314319466135408807080443363
1839.3593693280283911427931521960701932
1839.9314795725669365507659936476188674
1840.3802929901563969660966829260139123
1841.3479725154826808732729666093928669
1841.8477801889611888977231887339155805
1843.0629441316750543776370195483032410
1843.3452271271559598283394806647148902
1843.8785984761773738033822443928429273
1844.6608977740772038339759295801626740
1845.3257063015385147583665922553343253
1845.7720308998280556601709836124545801
1846.6700316271455049613769445812799304
1847.3984760360932453090004405506345113
1847.8949622052312358870069081799676163
1848.9230979379558816323834052683953511
1849.4521954973165899481151229552915328
1850.1212656566939947435336647329001423
1850.5238279834412558978948176138686478
1851.1351078711853431878217101130226396
1852.1125098639725616458877934296371619
1852.5349016817200277713886676674561638
1853.5668759961234935096873074294272568
1853.9828828977687863066659426494709430
1854.8323696064863399121730667443987582
1855.5612801925079210393330887353692355
1855.9229354579606803083709790869724081
1856.7669653549929635202648395050773562
1857.1273156610818546880258605254844495
1858.0773518988392632526258503897486735
1858.5413265037929438061709989110460654
1859.7295796812656022801120617559250549
1860.2609311049102617039028802155054370
1860.5796428885108668433078102885934060
1861.3402190863731238702899272624430036
1862.2145329550585449399253486120071865
1862.7939409943460163314862138313927657
1863.2068978443559958650107359240805720
1863.7629016974484154885287307543045677
1865.1381927080827106445233763402066386
1865.4899213116162942757551923748035536
1866.0590227614368570693454903321762759
1866.9045180670306071426893333930419143
1867.3927081209577300418054680684436273
1867.9979592433728997119234480852619342
1868.7117744352481156501355312485826984
1869.4209622312623317750320003205580276
1869.9640606551416172756907513343644626
1870.9038389767262831282374691336548519
1871.6511749350839891313140573130441094
1872.1088878074688217027083224660861212
1872.9851864085405202678729836412590995
1873.4227098004475873982675926793971114
1873.7851730946059921984747006977311712
1874.8114893284525186317503137596990131
1875.5041580678812796496770286877990219
1876.0957313823093909604286630974102910
1876.8469638861051445051809277230553666
1877.6315895692831035624955477889979749
1878.2970868693974303144582334069848555
1878.7582774305649278933045161689487955
1879.4152431311024783666594133388121941
1880.1377547765790780681311269914351112
1880.4786954480255613808757121293300719
1881.7539697214406678706313105682702652
1882.0925734969647749152473831113966424
1883.0902884553920996670077336752978104
1883.3469865229028424724391901099636849
1884.3878058863714106219034012245012454
1884.7067628563839547975901381624734635
1885.5639218308417323365227953212585983
1885.9152963364868673161839934371293649
1886.7800998323277437109065884183945719
1887.4675053290420965272323814588006571
1888.4467437942249262064752786519700136
1889.0171716957446335171422516505723051
1889.4711124235395280138623645783885407
1890.0928560822012913807234293620434963
1890.8090701828490304857722482032797243
1891.6645859389708888410313933863886515
1892.0368584786083805270343300888705578
1892.5759585638809183424919935286044643
1893.7587040200072108487196793381133189
1894.3467762760559692396658992119335431
1895.0542289365611812716300430735628756
1895.3898411404585487387457167647099340
1896.2396208352958270961172136273552032
1896.7520447658286453139118542783469796
1897.5637626172425138305374966229276915
1897.9577578748920538199188619919652186
1899.0430064582066931239486396765581612
1899.6081730455732614601576006571565190
1900.1981881943633968763136453748844795
1901.0733521606326705060280772937164141
1901.6984629078855737084779754467964582
1902.0399740044970708114659738614029150
1902.7864176673799109271450517582750135
1903.2979035099264318462782179442255180
1904.4213182976540251488183183841025505
1904.9227414725536135234349653928037606
1905.6189456288617771218265924575464771
1906.1725878881440292903633908549094714
1907.2673423640590910013483927215671793
1907.5259834050638913928958912586205839
1907.9223549478722738684567467761053775
1908.9763153248403297428611061539755077
1909.3562275079753830486070873675165108
1910.1798393619332209807960687238810821
1911.2284136432368679046903253684696487
1911.6101573169415025877093840504372231
1912.3113567826801313556510757567910944
1912.7533076370713092563373830628932360
1913.7488360966394948417669305811271755
1914.1389805162060226969240314018732775
1914.7580247687277912856009542267341490
1915.4531515832902610241592513896674889
1916.3098770594521320669680574680407556
1917.0608874106318146766343494144948049
1917.8172709863079247160916544772020491
1918.3973964013379006152934130708598971
1918.5646369026153519274009755245448832
1919.6497501578974011238954271551526381
1920.2519901281446300605315612074777965
1920.7395693989709913698085630661519528
1921.5757028592816788499061967322388107
1922.2860538858055332547068696990960764
1923.1046067191548209751058653603520207
1923.7884416669670113098870019941518528
1924.1930367363908018723132443705114112
1924.8825885621610147793102842396841611
1925.5112473995036004134657491708087632
1926.0775790659756373228082438522058142
1927.0182941577082631005218655611354043
1927.5069666216368850209393946728243547
1928.4815761785704039142523626937442716
1929.0037801200194304452472524902574012
1929.5505556414781199131566046017043209
1930.3505215078630919575457099703113364
1931.0324382249768474932975361486550369
1931.5360804246204586995706865656131093
1931.7707140709646292971140593299770111
1933.2022855055381317125146741756581533
1933.7353421559034347047220979659850792
1934.2373125866064663144175773848148821
1934.9529754299440747820801140824216717
1935.7295660252643330339820014676389190
1936.3102045251776383141270643957456859
1936.8206854078083699624950885425921974
1937.4672595266107322912210641150059022
1938.1573325424968228811763192684340469
1938.9505238293080227050565966330762863
1939.7738621987800280542374831693224794
1940.4562924706874591933233494424351039
1940.9109247765191070006260719209821690
1941.7438756289813609492743112716666887
1941.9955096919893109110616207894638119
1942.9451183622010116005551616802771941
1943.6638660805635351739765510088871379
1944.0799727251193491434277362606110135
1944.8575855119983486511645540875899247
1946.0231025727233228588026679496188109
1946.2874283250998484451479397991023212
1946.9440587461274844770289854609839450
1947.5942196268079284668447515869582518
1948.0864497137687713336791406002794410
1948.9392190950131765278578362454829885
1949.5517789989632379687881577990438823
1950.1883559503599307430655795498114205
1951.0660904165073013774317800632483268
1951.8437760546095692766836474245842278
1952.1251789471227460141525033001359408
1953.2329709064387922512550131791048488
1953.5147070027933638930298652627423344
1954.0079779395689787346000958226480268
1954.8909497952821938644390020595412742
1955.4663000247598985967353224974302940
1956.6126419516518250103400704021644480
1956.8315029589671531221998854259482185
1957.7079184185009508615046298632305258
1958.3242656898320427212740413670200649
1958.8993750343533372291324800501291098
1959.6642000695926750993571566163725317
1960.2388853856123209048467450503338407
1960.5889999619783580151041280376437229
1961.5803854466526043930491791209418658
1962.5846940485735699386074377531723530
1963.0524194575214536934480320278440372
1963.5166194891886284741389453462230864
1964.2203695357774190818676035289935605
1965.1138492642911141336435639463634138
1965.4717106371944687586453081270248206
1966.0804159577087710750453058232906322
1966.8594410968146564166892862966798139
1967.5997846362156296579366647297450518
1968.4175827663820085810954174553630621
1969.0174567143503536466569061618055921
1969.8477170252078943297171030454800036
1970.0811952109605228343959562387588711
1970.8151110289333774906916425723232662
1971.5411272950055904056149906926407900
1972.1496888306799536042483372089488012
1972.9593429245263423839558574399047221
1973.6495458956018737510262270220840605
1974.1479877265791699681020948914538847
1975.3104879479048276602334049041274342
1975.7792684527920656441787526545738939
1975.9453021727103675139964699962574400
1976.7191641433981977119949330655143084
1977.6729282895308936102508652042947136
1978.1100269062995047646838341616878281
1978.8451580650383671193551987022280917
1979.7804993233885589954407340791844158
1980.4428076027245258639944492477104915
1980.7405104750973395446662217098506986
1981.7131327093768549682178251962697859
1982.2686390282465718913871508556886256
1982.8055386086088315981910721144891623
1983.3412771157325156544445875114189558
1984.1162360824314507105888893704054799
1985.1405293953421570894795561055916392
1985.7101355179167424109421858342572676
1986.2402223015792320918343864803108469
1986.8623995264878806537220795268383690
1987.5882287651306658633841308716247021
1988.2592362951364984264156114739687070
1988.8518837295886078638218715612177697
1989.3015710933349046032908259766103002
1990.1291146055775851288439919281237409
1991.2570044491525692879691439287812005
1991.5232865408469128338389601701866253
1992.3323250594612127379962568571800332
1992.8531086360001005361151813942682983
1993.5234975730114656234012068470144216
1994.0734407108181264372756803648489055
1994.9074490934213128785744261763013442
1995.4174707311556761890938742414538503
1996.1370480855873076460085675308310151
1997.0903344876884135948339820779604334
1997.6042594222526289019775249661721364
1998.3512521286236022176504405634058809
1998.8084640472819409874902123442531093
1999.4976730870838101056940292751906791
2000.0311905525362345738022778880248703
2000.7025117433101565664763495665063291
2001.6527460675322936383716638941165592
2002.3887397097377136277491653174834842
2002.6073381948105509657343954052039246
2003.9356677736254445410037396998802457
2004.0718886617677462594622782055415061
2004.9306108210198879152202992264603498
2005.3772808871844110756936846521173788
2005.9287938283242881886042293246268062
2006.8191952744786290632921399612116601
2007.6698957906278006624334200445783517
2008.0864850718764424886618194900797801
2009.1454583830492634041556727942219276
2009.4371931563705884316998760189627376
2010.1772726745966105200796677165937938
2010.7350154053226970287624712075003301
2011.5650232318186879808384892793818782
2012.1543099473855459220549797931105155
2012.3908470843629457611952217977721739
2013.7752654438783670751550190835890192
2014.2422905094915716750793155605376019
2015.0106396718908672727297815008040261
2015.4197328305127674299624950300233563
2015.9615453255740888228511343957718217
2016.9899390108660210540038561749664191
2017.3775379992121869419958192323431284
2017.9432924041360389528418544812790573
2018.6903099119514850123415567721929366
2019.6181502907561109864497280766120023
2020.4292349289611194247651567158948657
2020.7073163699109022549410363870855363
2021.4670557586565811265759821821128577
2022.2062908830987884765185797994395507
2022.6132661330593788109978909660891851
2023.2384110679097891585143669788760213
2024.2221184053263825169191844733586735
2024.7794273032078212815071230974042894
2025.4125404299934415616375788066061244
2026.2529340149430060549761323475197262
2026.9495245908654317863779086333993377
2027.3866557677245296456208658537811464
2028.1909506957297131913891882510587419
2028.3763258203018627366824540836926579
2029.4690602107497329725074824970486661
2029.9417273997729550997959305842861629
2030.9824632280992423027556227315373127
2031.5459717723163806738483194778623738
2031.9340714542595354782774408654918539
2032.8594297582394141411548009205621895
2033.6389654887301294909194018999927239
2033.8771128908484703267070653909764365
2034.4572108491843360096731397794188205
2035.4010920430047987947503044730829591
2035.9983431748805142821453010092953390
2036.8967921525620079001394490641782463
2037.5959503136676835960572339414028464
2038.0047628109700922315968874702746624
2038.6696390344622263252273936976338123
2039.3842704345374018133165327767274466
2040.0597399448865903184261458512992407
2040.5014125958019914190834805718966654
2041.3293569024132067989809705606573667
2041.9595142054220062471511012604926134
2042.8726741998090454754173746882296759
2043.6305726002574899845654057291527046
2044.0347267650272747755208931780774349
2044.5536597227667651166022995847882536
2045.1554498936479400536482886265814460
2046.1762923382244386940505565182824311
2046.6261494436486947658216712042608771
2047.0219793052919037551201280036314444
2048.2199338102763512014296829279002620
2048.7708077712047297543873123861265854
2049.4509572839158571324419962585076636
2049.9314997126333283631539529339871713
2050.7470538334445153408146416922747486
2051.1677287747154394052156140181686054
2051.8252038512852345676897038719512169
2052.4979597738625238611651392647932266
2053.4818046067204963849322045900223551
2054.2502354719247084585425708546084915
2054.3381646687124364675020490285248402
2055.5106602171746238971466970854600584
2056.0079213154443139455796029693415877
2056.6264028018699838203600789076575790
2057.1259227542096973479486568099670358
2057.7015180465077601674015472444721515
2058.5695426944082503710018929441892387
2059.6313900825114100835130242365284840
2059.8193061327922188670728113411231331
2060.6389970720420175392828206891597083
2061.3921157279625716300788234754885837
2061.8306381021798094034702158753757286
2062.6235999600190957893552179004371459
2063.0924112808547049233167739127913558
2063.8124693739806494842536512883097827
2064.4360057059757252965169817644830651
2065.4195709178542976779439593418257611
2066.1162793933530596472156897908413019
2066.5560707478680577315448012872463021
2067.2403413839312767866399387585715468
2067.7704528675079351912856655196694850
2068.4761677999135880008155739361971068
2069.2608739661754957422442322879711153
2069.6810124575186640614501758996390655
2070.4926451159554397828300411935191022
2071.3187397851106101616203484312939446
2072.0886793384754113156520653712384753
2072.5124341033321505060268896771355204
2073.2540308585738946837575823427003178
2073.7440644410014692232405810129080094
2074.2296917851640118621929630483700885
2075.3180018962266099369535812856565491
2075.7146310260561852597496943706720230
2076.4759284102324875758031793945769923
2077.2469133293908848247888154180654482
2078.0674547783943219403245267078619393
2078.4682825706779805000711761876624219
2079.0181180424365560446619493917698435
2079.8606119461408565443388670782430415
2080.4509032588588763669954673671450417
2080.7079971895425556996998685800980555
2082.0221592565688084568034092156017338
2082.5304969203273390561414942558385053
2083.2506915942163748198579393853578796
2083.6744041743699106961716752961364625
2084.4649579943187748968491596637341011
2085.3409195012815553471974225007834611
2085.5138856042177194039724218124278710
2086.3592164329830999936810947986816378
2086.7602924753367514890267125471774831
2088.0110171829914534897951860774562881
2088.5712980479876807218730317507410742
2089.0859458123896844640646523078636267
2089.6523956738054219540915275056165195
2090.6127941451805807826950605184838369
2090.8578698255979403847588203961368132
2091.6890066716318638336024282115854676
2092.1829971344961458432576894559483675
2093.0572881184134191880737219476819253
2093.7625850244626225024706202583455287
2094.3278294267658361998847360070084502
2095.5615842317125769431455752297411430
2095.6960670264727182020020036848336796
2095.9109153619141666293615136782217520
2097.0157612737126598967045708202948210
2097.6430073530447776335674264208823688
2098.2470013220398591403667769541784525
2098.9300723550037445016756840145043712
2099.7657098783530242615119656695917465
2100.3822751185322893972996775935137514
2101.1393792707711374862684968896559145
2101.6892652614535900825123211526823046
2102.2427308790685886977463138843074845
2102.7462762016239287050150183691054776
2103.5297645350908756257251074140292788
2104.2869161167195527139480099369246150
2104.9502975278982419074420205839977744
2105.7952808256091634447976030896508330
2106.2786980993607284870704746119062009
2106.9505766975267612625232942950508143
2107.6262142435084949977145454797911752
2108.3357672783735571706130653204780961
2108.7058005772463439867454118149641554
2109.3383891814736405312621709596742864
2110.2823996519147202261942789589314470
2110.9480605592319744973748030359919847
2111.8989170914205165275105110622230505
2112.1540696072692968449715124386804394
2112.7492883719873031334217017031501643
2113.5858648197678601312738756381984686
2114.2571069558723371111659068286242519
2114.7244873753758051228384910901084871
2115.3380134786012919489066072839997533
2116.0755252426235553447721371777009220
2117.1928470782038019733178796426710511
2117.5871442822759300420387371146558052
2118.1770669779327125949010858661728117
2118.6984675590832866695993232594151533
2119.6118309639540939291792490959733998
2120.0252863418324979315541968250206678
2120.5969161046618297326038057696070963
2121.4914668676451456794805450233444363
2122.1604332574732269619490818332760639
2122.8440512131885484667748860087212905
2123.5195537337244425067289615921468789
2124.3232506675499717832218971310667438
2124.7981961584056915437239075962172804
2125.2520630889856145382823863405782117
2125.8268538094898502371633158578635467
2126.8007325044151268884169379922896680
2127.5450076182731732939032868591883287
2127.9063095654621660103399895114135783
2128.9361827949549277757373365611454866
2129.4100411260905064661851870445630008
2130.1868638199868693613677070399780719
2130.7949424180494686128631104460938463
2131.0615366728158686659674442549280465
2132.0942914917127965285152735789574363
2132.4301058268685142123109364443955749
2133.4202232497153673971006726489636256
2134.3361302769561342700704208575434972
2134.5483441217251569156357427235694304
2135.4853987877037154352639019915099736
2135.9437347786775686125495907494740297
2136.5510781342061971851993997735835656
2137.4648917965798746923179658930261932
2137.8739191517965039304273402644725531
2138.2302977628621657990984300120795600
2139.5311216715129421193937424179529593
2140.2521838471028942748639650770043391
2140.5315022028020357530848348291851546
2141.2692142681677109941897433118559220
2141.9898274252147498380350384917322477
2142.4990877766539115294087795552925814
2143.1380362796370580401406536192513475
2144.0141907507946853860549134058576802
2144.3215652442190574697278245343569953
2145.2707527479313690862881497434609508
2146.2269402102448355921587843850356156
2146.6048861881471026515204461607398236
2147.1455885053272278734987782608115281
2147.9025309146272926761557443622320101
2148.3516732818331464574314461457730509
2149.2895419129753023465538766356045751
2149.5387606428170272075322305012182355
2150.7366596287126787747491214051222413
2151.1759128889454852716221386388270354
2151.8227386510360242929872295882214513
2152.6620335412513931207860837590552917
2153.2404601002056140301294248590284280
2153.7574542738313480063315890183983969
2154.3408831995143359897805411386969147
2154.8616551223299058156559639913454824
2155.8589586637128881251231596269897280
2156.5720198506156712038275997399843500
2157.2184513463111406127141610356745563
2157.6963527602534592108835526800518330
2158.5365915561486839910111139009318589
2159.1934610551265935755393236286414332
2159.7174912452535076456941742833247644
2160.1736591667233784380149231736206687
2160.9062064691257614653499670299194364
2161.8577438829236588894835579458472463
2162.3065176506251439113400363156860652
2163.2791834962165213920503254937517239
2163.8613028164977214617860156533445853
2164.3477754056850100701832689731883843
2164.7466841075770255059358889846082115
2165.9520083636648564008636647679849620
2166.1298519702153561733321688167308024
2166.8977066638026216586459128680575398
2167.4544591701638314507086518352458363
2168.6405342433447734309689728892613161
2169.1113284399344510161999575092333255
2169.6286564967285679479404454589189144
2170.4215437063905771497568843452890017
2170.6337073584823787258166963909098634
2171.8378977939721888583599203692066796
2172.0110544875798356267779735267539721
2172.8080007593579020355276948959547589
2173.6949048367599139931544580146589247
2174.3311835105417283382176140871500883
2174.9659040036630055671276528576807870
2175.7106019019446479904496561106876183
2176.3007151600015887059825454387113789
2176.6757089215562343321451491217475498
2177.4559585132281741770380227210635075
2178.0398816905134005711772759699149467
2178.9039981205852902629481514023421856
2179.6801235770748083606003088258675498
2180.2079788101304414941736655813236726
2180.8156738056574521550028973565851350
2181.6417606971459531684653799734290666
2182.2060957585933239442841090397719739
2182.7040478020846188820382612228525944
2183.3181382032460679651951174803582286
2183.9092843807296684741469816902326878
2184.9651835889069330358726660820224387
2185.5089686924992576631863786702554633
2186.3822647812583261584428623467458420
2186.5865968755534650860299109000089857
2187.4245039548146726888003671181627663
2188.2011062220112385219579632446032908
2188.6522417389253254654363102418399456
2189.2117628878542419971708442970816631
2189.8976581449172645568308176987217873
2190.8888618283431216433475781997561317
2191.4151864242049587098707921483579217
2192.1853777572248881692220594397379878
2192.7762269018434572577697643118645960
2193.3644874929089752958696168503017720
2193.7678095348081855432353936438239430
2194.6284736323875875590663290019182286
2195.3549413406518094708838161577589604
2195.9503914197825800267774621852819973
2196.4400135026028961684917889064219138
2197.6185549749748735137586132503458035
2198.1539841774025517475335769400376261
2198.5894798053110122995081168298431292
2199.0719096978590080477863974809563529
2200.1121731222103701833391071399015028
2200.2599272307020445608138885874942410
2201.2140350899381786426926877633302201
2201.9956993399202329416275518488894028
2202.4892076907377661529525771766891563
2203.4677224020024579936468067471986607
2203.9424013757352968704455815899906730
2204.4397532873363972187346046820081556
2205.2967332311526530372595945074453208
2205.8308910233366340935075652625009931
2206.2435165102557798077881500424282259
2206.9770531960816054717983080132892494
2208.1074789031777601072467354160583407
2208.7061925649563185119369359318484064
2208.9829061101344300295586001923719736
2209.7658453738129025738604131979717237
2210.7016468378771337746805450099878161
2211.1274010558768161835603227168882910
2211.4605310567782520153922540811057285
2212.4377423493047304219782169908458760
2212.8799440713092892506376675872977121
2213.9175860335055725822118615328583413
2214.6169004300376846099079726670800781
2215.0699210710605902971694596006737751
2215.7536998401453434923402585183152558
2216.2925268404744048532992022031494106
2217.0023441787510152610236481192127407
2217.7310802814762360725666174914586463
2218.1063216246459445531630939286841067
2219.0126434135593686805431639124998487
2219.6795631311787408687677308786343197
2220.7042062478833617402574889733962352
2220.8331299315971528013018387991551808
2221.8412396464180424527410809479061604
2222.1763438509005284852500733332141508
2222.6896120067452620783055937493825734
2223.6307286747993366617952701701524434
2224.2942174172745027234236492882090998
2224.7752706885090120271245816129433669
2225.9070770292722936129404288159878998
2226.0546635120759251894922462477753511
2227.1939555592998186777003857580944785
2227.5846036334333123621847096227140533
2228.0659292011365087075003318501757244
2228.6537224579986131731597929702332681
2229.5017264556193935303683212714794547
2230.1403225393245916187494821623426275
2230.8982367887463788910266737048897698
2231.6042385029908030984442869714314280
2232.2749080546245929044337785891515115
2232.8076163568184441996474845973362032
2233.4415736898927385241752625744027810
2234.1499818040932851506974218179783419
2234.7362944110226373788284805987909747
2235.2076965320718367468975141580877252
2235.9470739980432490324974128369680938
2237.1306611852998587614953639853062936
2237.4909799277665192030983636074136797
2238.0889346662423619646492535701934891
2238.5727354380026126750424715362233493
2239.4275336886239780065690724712772973
2240.2117888201748374390064623369237524
2240.5313618325704516605767737054897629
2240.9722736866309628556238410159025878
2242.2976316400116860685143480332615412
2242.6011864310423260853939151198581717
2243.5005554352212904148645601608328949
2244.0448597719593384379892970182717368
2244.7365747469429846617372574914795702
2245.0538307638375672843971027417015084
2245.9427593887643842176673686501709817
2246.4980469350208582443229508493976950
2247.2130744018302166211997414650117041
2247.9603846301868340557153706182772406
2248.6044411316869570960058391794368614
2249.3542498244732729476110642235324378
2250.0961805762294899590148997811226026
2250.4943590602152249923807991958320922
2251.1808716810828071682002435751754414
2251.5009641703876448314514435719969442
2252.7323331547291884905073959332048084
2252.9341454486719919642643481015785844
2254.1010985096579360573837288085129124
2254.3375223168813917985633678274235473
2255.3603027530034262020768044510942041
2255.8202028336208954837104703023292336
2256.3938904379747869617463209863305700
2257.1865549236361532331605164034528141
2257.5620481708579113644126837763535847
2258.1678048471378505709272380569170521
2259.2309358324887037321163528937183479
2259.9132190707967283611222650591114158
2260.3712864085934321009669554361744934
2261.1249879756980588118813003226895600
2261.7500483872749168584148483843968083
2262.3260719606680929544284869499792180
2262.8901226802690734574193688365250638
2263.7444828873221398700367070640161697
2264.1100183023707378767912494452637792
2264.8387315668339794777649373925967567
2266.0661840312176297441593384556278206
2266.4476752447390798605884947674859906
2266.8109604339849279547938646980937473
2267.5182319920929391397408407948145134
2268.3585077649198757998055043189166156
2268.7738224918729223093207175048149383
2269.6481396938031586501415976007354569
2269.9393012164818185084697310193129446
2270.9987028890016397890153846621397150
2271.6714259257493645243582847543831099
2272.3713162993784796262706545816795174
2272.9050179778472739059006999369835105
2273.3720852979119637147888717188455700
2274.2593469900719730689165651529924988
2274.6439890784854597676615283168711172
2275.2481755991963734853448596207041432
2276.3346043845343923850199354836713899
2276.8911940656106135135253493887377442
2277.3184629878168311664927791948985543
2278.2723116725926055003002770463435528
2278.8581223579914359154911895700551001
2279.5477368812312459770886858120545418
2279.8345018844450728798407672821774867
2280.4549823969914507555235489723738343
2281.3934207404042647881563631696685240
2282.1871867900503252645038541507734140
2282.6684610367965431158541303377015553
2283.4292883564349578978129493747885536
2284.1930157946223962946135424809626425
2284.5422853254934740359673338344913508
2285.3433312111285661148938572167915465
2285.9274457958000516559519153914937879
2286.4953612620445696345832618358614075
2287.0746165781733516606343692062085866
2288.0563102835426406524780471215707219
2288.7417259767411176136834750211390725
2289.5071442906885390477778795213478516
2289.7668267619267331476257099072064044
2290.4688002919440572534352341860117430
2291.3133300662302215254348488820522130
2291.7087836759173884562775701997989686
2292.5658422820919095590268997295742138
2292.9201984728989663110294076446306965
2293.9243598251610535656955721257195379
2294.6719804173872290542922794785554685
2295.2921895045848643114801355704212999
2295.8959273822847835398897816733010661
2296.2488917188003537332907189423763988
2297.0721562689361202589904761940372500
2297.6801049765081076340858356156702765
2298.4220979717188034901868187448937714
2298.9492338841064089606069371958043602
2299.8203008008985293860340891590472746
2300.5861508299478090614222763566627960
2301.0080817500709591012916031904919316
2301.8951686915246545949928296101171584
2302.2392385389360901965213662664420500
2302.9075723464212167715581871473049431
2303.4538880726575447084776716438108080
2304.3657891264598904295894387595605178
2304.8647615372156629301475544221561381
2306.0389806366765120596219594503813828
2306.2541065468621200322575977035099362
2306.7071160347304720477094065929799405
2307.8521936491136960536994601373830249
2308.3530489261031449815446067345916183
2308.6935944378474870871540904759385589
2309.2215611599540044912215547812272564
2310.2072716683246184911197013674569575
2311.1947399721154513448979623608418715
2311.4161781279727708116045787089502378
2312.2556728753911090177405508558320335
2312.9090528756491925325067752136189049
2313.4832135161097208711784811288144300
2314.0653369868596040911339785457549613
2314.6733549815702615955813907929929668
2315.5712963543265064305798354376334977
2315.7504767400027422567870878736680141
2316.9541375985425421958360496286242141
2317.5024127620815485662199156267336749
2318.2336190229930320615495248719242763
2318.8226847636315373595019171767111721
2319.1688958873146692225736699611410019
2319.8913268705025269473776251465980910
2320.7938391286472520866859820286051253
2321.2104264800352674675814998406745569
2321.9057428651936121792181729322797350
2322.6382107553498953411798917860081668
2323.5889587366390632142479377229947191
2324.1566338274195639311306284865299649
2324.4100791752648934670126599264278961
2325.2850843148278640905257876315597430
2325.8113509564201545631004568480245614
2326.4903809648904720770200844321645008
2327.0451835524966506612283067575615203
2328.1080911502790288366073477326586439
2328.6071494903348920881648402540827190
2329.0770085415270081737060720205385952
2330.0929532583279472280201147969318676
2330.5710596918663646071393669955802816
2330.9722055451766064652469930929429601
2331.7798412372392374643158826326245652
2332.3093220802532093494674871033369321
2332.9239799263413521602781310194314749
2334.1035305091449009010502634763963619
2334.4424998197174639004822690639647589
2335.1326012941841029624830898619621313
2335.6788613853887691219572986466654769
2336.4290570441194199517211414798172390
2337.0821853984185379465346386018734972
2337.6592093459646702115882860668925814
2338.0548701944951025048681334279328895
2338.9056124383012711986504539580398561
2339.9523873887493201653359165939271883
2340.3496706067770371683644155239153973
2341.1205021858463178527435307054747224
2341.4644023889849241066496354818845593
2342.3318821969290768804806835531728548
2342.9375356245537959603752965903604025
2343.3290879441625409270853159675909481
2344.2587082018535492074344062720801461
2344.8025214089786379695410572220805612
2345.6020542784592303291043996205365108
2346.3295091657974964994752298720046209
2347.0033474193260387146151202030307554
2347.5427055836116871635064598763197818
2348.1367084253929932802159043383354207
2348.4883401232289197157169853492056270
2349.4751596931926395765581266145025087
2350.1351690440153623650277640420424712
2350.7758250224651758879020199676374332
2351.3387303991488132746387573774739955
2352.2977411125332820904600722058233087
2352.9802737868060630771414318792962472
2353.2253747911601417765355787006728244
2353.9389767879110104087753607604815057
2354.6623088048915085898254012702209278
2355.1843055924900206107212973093834660
2355.9071335935799740857538773870972827
2356.7402763270530562515890495406092925
2357.6222000500272395891959788155059125
2357.8645830811006922182921519855200661
2358.5401866973625003452055179505372940
2359.3735976832060140954942401316574164
2359.9473170269012639032275367488731597
2360.5480760187392275358162437672635174
2360.8338878538399739749777496978049354
2361.8970807939212159267783089422712975
2362.7280332515539403947086521984556763
2363.2940925431861353642875483395829068
2363.9050387981231059854513787715478700
2364.4882781138281820921762795263697298
2364.9900954193217994008278774181744241
2365.9752576689365800751083819524537390
2366.3791277753155056683884384810425266
2366.7570853081267248720030878327055292
2367.8378946310859951630398692913733255
2368.4819226975293260332699273045223839
2369.2482724887655180948053368058444981
2369.7403014786816001628718077758810603
2370.5318975006533769299218414341184897
2370.8167671354054297622451498807745449
2371.5062021955098194556545770442244643
2372.4684136383037558091051755482050745
2372.7680649511597796303352078282883509
2373.6018717351491577583273824342067010
2374.4939729793983080061889243526680321
2374.9406835620113056784091239719931438
2375.6683386084955247852741930506270036
2376.4555527184199097787384580036211357
2376.7088138046654417773839253054792941
2377.4751604907317087426281828456478272
2377.8739618071361490511849908531111679
2379.1293499513539915643843773246921858
2379.5139747105783089332666256522114842
2380.0354258796291401825578122420743233
2381.0983026214017858038768657522605731
2381.4189607756914246265420578501897448
2382.2130685696770005015454038056542934
2382.7272665913540985624354677255688121
2383.1679617481739704205361086929974359
2384.1029218453600127753691877729557063
2384.5600447705728475858529479144092253
2385.5144698445520598281279903229776454
2386.2859023059065597258042374086717449
2386.7338015515627315090420302623536131
2387.1964255074939428484520223051149469
2388.0512391057693041153234313282647498
2388.6360448220438524649969507851750661
2389.1804954275523867534368525397830784
2390.0147472784688829206726396428134656
2390.2193611167131333240796701059083879
2391.5755735167164963173228197701786015
2392.1545332744120097948694174234723351
2392.5218136253120007597799803259943269
2393.0782691039578899701823780392206144
2393.8523198414829849776649863188461791
2394.7126615657635317731321639659044022
2394.8421930996950170847540447293295381
2395.7245169357245778999113615561306293
2396.5227453302027092509446596211255155
2397.1963176399748274089520721443291635
2397.9039334767580284742031513704402307
2398.5054289714043406141199600965471161
2399.1850083956132081099369702747526709
2399.6511125363954253139919334274493285
2400.1699930772457775331703312257266890
2400.9362781747899562300914262862118067
2401.7512011977092017576854306593665963
2402.3554665060813519163838184010994430
2403.0904310747697764241296585114503224
2403.6319706816916102741269185758522328
2404.4764416408602990051760166666990885
2405.1285261482801490091661053683655629
2405.3115988015117448496694429356709720
2406.2759706647011760199141643596882887
2406.6450552837049487383097549199453598
2407.5017293644713398065213142661978807
2408.6444256629179086890728610641740840
2408.7397895100624213507740908261693670
2409.4616118143053752655335532319991606
2410.2934190521429039863018397647352040
2410.9584788418143980788358210043126325
2411.2281962752041108819879848480647469
2412.1592194346438548727500523475553061
2412.5443599696518444429889210200013995
2413.3575725303197526594753584842090627
2414.2492473338783758077258293790413606
2414.9464463338973831610068786969919970
2415.3396938776330864609268412306124336
2416.2271705746065842608504814721205564
2416.3988765256534455493536373939931347
2417.3398255453199678521803205322774586
2418.0223895849676775806936042271122998
2418.4544534465367956504530792946509021
2419.2357602717353870630734577797846549
2419.9815252203423035723766747815273004
2420.9126496467925328187880622251751631
2421.3223490118290293673905212023378158
2421.9223339716507648602337204075316266
2422.2415651084525102390306485768845754
2423.2888298007910049852729811050493900
2423.8572902094671986614488967804524315
2424.2346504930725662308551530615739986
2425.2384811806990216265443811928751611
2425.9424130966417782477435026363943972
2426.7049308735794068289191823284749723
2426.8627361574588261087615632179460064
2428.0836490447353916253936596471472908
2428.3361498247671191031578497722239765
2428.8184587638265278883933040822868049
2429.4674137962961980203434908385305927
2430.5038453842946589251872183660977475
2431.1105159515860451212213118081728114
2431.7296619203425010412973462450168083
2432.3033304087153291502765466721672178
2433.1275975625470072692391389375508010
2433.5475524924859086523048908861563740
2434.4312901053142503938020500714616864
2434.7604627723807098865735984505910910
2435.1999908664794350829395915883129278
2436.4242217563690639700429940869854884
2436.9125487566080896838785699572163004
2437.6270261374576905438633896347637042
2438.2833176479120184359488270508996314
2438.8867428085236570516235890652328416
2439.3645714350213883396660395303069999
2440.0755900499868585560875329704503050
2440.9176706783885624885521759793847178
2441.1450080412542963574822991633873813
2442.0069932071373453490129950382794886
2442.8545550283317957995982322356853379
2443.6863921124306441552461950235420327
2444.0428083168714745597131901572841927
2444.6464766694134906972104097001142739
2445.3221759628600476803416566553185441
2445.8531418564015568165768884441337353
2446.6038762580572736970761227704610954
2447.2536829183749216198449741572750016
2447.9164205667668562627811462674297966
2448.6263159733396537825034942859682184
2449.3736502050845510983125424704879719
2450.1628038524677432291271184549894919
2450.4923838659954289219400007435808406
2451.0643218110137011768559024497201469
2451.6826236279467729411948442281318192
2452.5590321536653298303011260412107950
2452.9810263649871104478905812662464234
2453.8635799919294004060817774879861443
2454.7165019185469800127604747028190923
2454.9703362274810211468490075923422273
2456.0510504112458647688305680346684734
2456.1865105276708741795101875937310397
2457.1489102634521837137137916946070167
2457.6906826716361879329432425388267482
2458.0067871533717684623700163560907599
2458.9340041214088745174824741526040281
2459.9406810472481972907924877676935210
2460.4194160427240368105961394444154013
2460.9982349355637656937772558843323557
2461.4335704276363970376405403199797766
2462.4765734168914992530848932114102378
2462.9073526863253868704187499755696123
2463.3821157752245004797786591830477521
2463.9967506188047614973765178142639338
2464.8459332080513199726343305297088847
2465.6647906370748974531659450939843730
2466.3577096452781292666675150801680142
2466.7872535822683147302168406461573381
2467.4849548418516167710563436451618655
2468.2232490655206214922988295323579771
2468.5177995214818680249745400750867119
2469.3397538631602120764723221284908361
2470.0391609118494163643355176121243273
2470.8374237756083273635924652902546429
2471.1120406775241698725766643345391113
2472.3856461289145295715792049280880721
2472.8179775681748463686513732851953389
2473.2430281684221567303864397349460424
2473.7919561230712004662296727689471093
2474.6142800080770417385541773935828741
2475.1187212867355408509049752596633158
2475.8940030422414653280688401998745129
2476.5754350901700177269013292872377027
2477.3210103978399428708441409208378287
2477.8836479149505118459128502317525088
2478.6735420691178199390288668330048053
2479.2143478976489844642619770888525035
2479.7783701839905218879898342094214968
2480.2861430600979163828262814694799511
2480.9785144121074470585254891905221608
2481.7351587484181214130398421237846411
2482.4568830914358915509332233051296454
2483.2921572106183242318676891125986833
2483.7928372371169416180494298558483318
2484.2134518114201124345858768535776742
2485.1830402926620980033231127327473081
2485.6245218767421279609841468312686826
2486.2167479774238958758559287515332228
2486.8198816456073078876358804164176192
2487.4241241628033451292815034684280964
2488.5215303040010121534676883611733349
2488.9822869478886937926144045976711472
2489.7922487827036940923414640591862923
2490.0647739985067356807901665718886036
2490.7921045986330307345753026767497382
2491.5165380246066404948938954919898290
2492.1933957088688057297079185478557130
2492.7314052875470277123410546222144246
2493.1169700065405553297838290244104352
2494.6009761973490323866604409573514079
2494.7534073651469815214477475961013324
2495.2766815210324063549994780942478239
2496.3392085422206515683337096033872683
2496.6491352539174335624305890113707682
2497.1125921896671521920531216779896228
2497.9273626839332831581883885932715581
2498.6183166736797292468580686938509793
2499.3886166324422581583707181262934380
2499.9327799822611782853631177728037825
2500.6361158388147581008030340819071806
2501.4768453281125201421371232638619164
2501.9835317890694217711662267838424004
2502.5092365039243753895821438347821109
2503.0028786249776284797738280490438220
2503.6536261534635822870340819067366497
2504.6052722005185667544845152338592921
2505.1618328466212921390565844134782117
2505.8074005730693819039174097727687579
2506.6207089350192280724586321158783320
2507.0887352480523239717054888378851310
2507.9451919621020603679285099030118549
2508.1852211341923025382585383010196524
2509.0133032816567803387044319149628568
2509.6967148731998345816425020592498171
2510.0080706618138758341767320185388804
2511.1823831441519029328369447278913626
2511.8585140918560690655939124522331904
2512.2852867683622829290589523499186987
2513.1695034134856691154776317922206405
2513.2465748528453017499822085796797380
2514.3847269101225489137393678813000386
2515.0201519967243484402765196345978289
2515.1482842044092110191020799324288637
2516.0542348435471291181866261809695246
2517.0397803821617501610553316574124439
2517.5073333083002342160910756672407167
2518.5125205376319105087353643877175034
2518.6214658477578482397747377325719537
2519.2994572204652488410475520230827206
2520.1434137308397489684561618792587427
2520.5435488830637578087755604116029044
2521.4458608069895225460089722103500841
2521.8269757235305649046610074098253707
2522.7762636600321481806445427378947489
2523.4063805578898447030700521595194118
2524.2482974624032809574861366314992715
2524.5234262460173332883113280280323595
2525.2413106134178754876408624599224664
2525.9063661232686300760096153483422578
2526.3825651235290916619105490503031746
2527.0541810440341215902311471986511336
2528.0101856878976604486388222150558562
2528.7328825929804925409487156602759171
2528.9726202438460529574339461143231962
2529.9454500885151644306084243153656323
2530.5648483475515191677537299269224199
2531.2794551569425615563681618314012534
2531.4420364177199657194783627814841041
2532.2701559857030886138441556565678119
2532.9182572594829529819783100688057496
2533.8237919679947576444414720021933027
2534.5961284854227872363653387113543062
2534.9041008031695711183270668541316817
2535.6760317038262769619656910313983192
2536.4283395409410447164932850980143813
2536.9449883387159138301563127809521803
2537.4066166204893139030245399542109742
2538.1234721419164323908567622454775585
2539.0148581024682013507743978255347771
2539.2610244474974017158606017866503402
2540.4417835771734071592625078430490170
2541.0998211199106577422660360396465974
2541.5546207344691269624857033171178512
2541.8363104065559679541869446863977340
2542.7541756556050195641807356943445672
2543.5970774310104118097022401178717637
2543.8912937423265370824158195268982636
2544.5278486532200470729446756255271128
2545.4124806826097214655787801843056156
2546.2260628049758148678426910873907938
2546.8029127465467993677883210915460001
2547.3540659529725757379320298060328855
2547.8923807021760184926648213445387843
2548.6448157191933176998094675571031447
2549.0083315042591692524782689019915936
2549.9792528970659973658027260107207151
2550.3993238613057847400763818101584999
2551.3693941855741889846221120108108665
2551.8807924773545625196543121870348489
2552.5990815310596259243889331521410105
2553.1793445746907843851712466619435542
2553.9421499433469025556503515214237171
2554.3143088009585689113284951964844952
2554.9378839033167255482498798729931176
2555.4844476008653495549386593527803052
2556.7526288514960656417839797107257901
2556.9086958030608198792038757818484085
2557.7609436168558048757326680801564477
2558.4630080336877993696407658531368031
2558.9300546754059528844242323241945615
2559.6494450412997562746053606222016744
2560.3670832179390349441317879212852964
2560.7403184476155833247735546822142144
2561.2872946262819791060303564954107991
2562.3038316769972736509024518474675224
2563.1361977663594809626431009635585586
2563.5300098395590100518487206030017477
2564.1899460121357158277747318020123172
2564.7812002678824453459595300220680954
2565.6057272193975984044346968869457887
2565.8812832835442403512247541633219776
2566.6954044716605242711897312911662025
2567.3537898136601384499413290749121039
2567.9426217279376111186740647375046399
2568.8742384812012825267130439644769912
2569.4312100145025422677224038530014212
2570.2216194343093809479836461011739159
2570.6013801322228557341434550982620382
2571.1131324558245142162302799911762242
2571.7501843337535332213486663812118147
2572.8276184070138388813416483613762095
2573.0261740682028182543028116577805374
2573.7529953775795349466094771686326589
2574.6732986282818041666275002940647585
2575.4360714455907278317342171855998559
2575.7694800188445515470269030047225983
2576.5127041432900447373078799901849470
2577.0559237459588892973753065279896520
2577.5694480259463328839258423680074189
2578.4196395956173791221404585638361919
2578.8858909440049095723414837672320618
2579.8693477755419818175842794920207688
2580.4815817720073311367162196269980991
2581.0509913882323902407762765350104503
2581.5646867721008908322682247919420892
2582.4131000817936360734918445728472205
2583.0651612521195069147965881601662704
2583.3518845348381926425797472637463649
2583.9799235952397052843768280836678799
2584.8343069490427946507276757805854715
2585.8700398586964625171145669492874352
2586.3133140818632388300336436968676230
2586.6023022413564433366355818732493452
2587.6437792467475013599874136585471222
2588.1183188674173841763693327833005574
2588.7263720337640838049765915459751504
2589.2320715073503344421048890056656789
2590.1389409408139245093185010171048970
2590.4076848024039614147852302018881221
2591.6409586072594525611041745203383395
2592.0218816320313331153346232423144427
2592.9117595160216472492424223446728858
2593.1984004221207477260358348787316753
2593.7520016172453549232245817016778370
2594.8268609737976488768521870363632089
2594.9480581240479034121643619973564431
2595.7549973113481603212851821885177784
2596.6563790899161609474119206001915961
2597.1147007629385135800042527574971397
2597.9068205572901757460092044446018921
2598.7240621034575975240174367810458317
2599.3113964137927235963525776606738365
2599.4274745830393478191363509761838669
2600.2817611317718370722797091455617822
2601.1291742030761946440769426268430940
2601.4645651012562606214535271942549507
2602.6001878724940558106644694506934923
2602.9095289307001259758357188891541961
2603.6959207179849820851762503218338132
2604.4155526842631557696747210329968474
2605.2099635723113608129052771253292223
2605.3192609312108605793380242726191014
2606.1040520965351401755630983792363690
2606.7864440144734200032908396913319536
2607.4363810735613293701661623920377652
2608.2170175713871878299944087995316553
2608.9459520711994564146973621009990820
2609.7719907353907210278850284450447160
2609.9320415970512236365154668021981016
2610.6640290945197212926618040155745065
2611.5041330831136736537585111240357966
2612.1617241428945875330305754373159881
2612.4160933869862505728217950825665338
2613.0571880937782581665564108834509044
2614.2467632197866610577785378766180784
2614.8478947392146345771168370351907196
2615.3228400432598612640572904175656872
2615.8112139480166413885375383619364742
2616.6846788259584706998018043913158511
2617.1077256245867117818997482744723446
2617.9872872854398727043952411528365939
2618.1848609559580877674794861710151034
2619.1626267396061574022280669109034262
2619.8409664881052199674703582700984739
2620.5577436968680342161813417928243284
2621.3596959530003760891680689697437086
2621.6256089409360860509320485267744192
2622.5506532790674965106609584054903359
2622.8486106540018113557541793020389247
2623.4441834897958372012467912207252387
2624.3961639390949864014149697686811171
2625.0293342209735332852231037707732933
2625.5221097061761748112535702522689370
2626.3717645971432793986902746225929345
2627.1020725875882235006947732738952024
2627.6028430988203144059858345378152735
2628.2021627252973675230057962501608273
2628.8107355268713858128742114803038043
2629.2001942980167341645604092175354839
2630.1924807389445968217085859283361370
2630.7208872488803012843763013562294690
2631.6883445598894532287322885995127876
2632.0280535525410527402657489524886429
2632.8195891979173260728430760141152270
2633.4124344804284133107142154863418142
2634.0085553552040778802343186607626516
2634.6778260919483999326311966459483862
2635.2098929378430020866756123639773499
2635.6298632996131863277324407528285215
2636.8954577435023406839227502444985087
2637.1759513630489025799200249097460526
2638.1120832720921773565773863279559211
2638.5877099341842302922052799495424374
2639.1862691754336743438630625799643027
2639.6467355841601346095859862073611375
2640.6286744392041332733680769739716004
2640.9984706889142037987064554095015502
2641.6615159125000502600966304864778445
2642.2099884692007729069210293049927536
2643.4593487715300694590517550266249901
2643.8755547212413499552228371435883354
2644.2115093408126740716474459885412705
2645.0754624359111928290687725373053495
2645.5005903576872487600220854432866471
2646.2847858077143451023696146829481097
2646.8874168417675260413568691512150123
2647.3959780664580507631632828845534585
2648.3343690707536393048121024592660747
2648.9418098918791583225981009425338744
2649.6087521267512783543790463236497682
2650.3276121877448540231792439841511389
2650.7126182055695251487606177222607893
2651.5934448949003716950334924196047025
2651.8600675728050288830261620351218363
2652.4841596288427973942205642330301263
2653.5323572803090449895005798260037696
2654.1068488562611059109482625739947271
2654.9182951757177680840427117496552810
2655.0302426235871036368814960325325914
2656.3451288554553193669139948036610926
2656.6132039671921806022033712774791432
2657.2005360653790186375191748152123521
2657.5931848474079620562978370786760802
2658.5623254753590679701955535476713652
2659.1631213840570312568897685024881037
2659.8329423897225217680562702905331549
2660.8126971355840755262180516369121733
2661.1949243617438843272599957485664419
2661.5952555847497414364106869600884849
2662.5537777554671904246386622682099678
2663.0241616433748051134508329768065064
2663.6650726657814996105161823704257098
2664.1556585634875621475850096287072415
2664.9724554567232363948991210376206208
2665.6662550503562608938362470097709461
2666.6503626469497791456007658210243978
2666.9956374363995241704330958615093830
2667.4850047576034608237299718171265230
2668.2063323800648617104833360699105248
2668.7717583596604353055989080598328830
2669.5895940688302211068234836846897937
2670.0381952654719709337025703919224254
2670.6567743665852901786089099778144463
2671.6198716368009907871401510339896730
2672.2053756235682600368490044824506535
2672.8639288246856258380219950579869107
2673.5204176428387228621564774258116964
2673.9187378855847632085024700337415540
2674.4720566771556896738701113895697418
2675.4154558850734199197501832634195211
2675.7722142852672972730403378715083290
2676.6739944610038923780235299893300397
2677.3215127696645927259420252305042569
2678.0295401296974276679374149952675866
2678.5753862398076844178446784875328253
2679.3346200365694773279103106453933351
2679.7326111200831303122151814308844060
2680.5177246547976813510988377575539887
2680.9484397472699640101682117234607656
2681.5005261810890507226670944894358185
2682.7055463298472719247178023017609177
2683.2336588430712455445967330824603033
2683.6299961629611373022737210686612603
2684.3057019401202589167917197762560528
2685.1714986178822065077938730475774114
2685.7140850196046761926907373036956806
2686.1093179921076179524763782151607104
2686.7827432739257143367324378647562980
2687.4019433056769441317566998358244500
2688.4174485950190865101616563125742161
2688.9821009000286402588833525878418069
2689.4959162000818876107431262332112811
2690.3464624386181008602154011273642473
2690.8569646712500533219243242578224082
2691.1476161527469256723022541894608346
2692.1613269848543639080301586991009870
2692.7070379755422017267607449736213384
2693.1921031488877500106535978799836070
2694.0112469078456628298817040877881652
2694.7931208495233800869406852762947172
2695.5421550118031750633730362975994257
2696.0892312954719723370362213811387919
2696.4516955245352426531903001685066970
2697.0941146800935579283738547325008015
2697.8828989420263672711882289228052685
2698.4499099924272529655320496946269225
2699.2507003737740710888254438770101372
2699.6211780098023768688687824804880763
2700.7561817175946637267923096128427254
2701.1907438261881778065910708764752697
2701.7606891289461494032671174119134805
2702.3714968228054180490552797424987709
2703.1468783920805415626185123001301295
2703.4988119641853050450897471732238857
2704.0274180025343261581688832078509841
2705.2150961981563016758334483461074604
2705.6310601480881599317202658090340828
2706.2671381432758082783307065876725467
2707.0941650154018987174118278295680154
2707.4709999209824033113056246087440220
2708.3956272204282559277324029194004205
2708.6296259881861696271294581984449642
2709.6104449211075221832027453544318040
2709.7458591944805782286955048006343610
2710.7043995941920646651121654320168724
2711.7438465141001820019148934676501108
2712.1321274295727263886960884368423122
2712.7336027347411721984537000555928975
2713.2354730303163868379421097102752023
2714.0685091223097920487843860932670924
2714.7290915040768174473112905635366243
2715.0853017721456069867619865037869941
2715.7247630070770223950396933121052163
2716.5930727992997916807143333342385080
2717.2810430618747917830640662847356814
2718.0783506717586997309882903711196039
2718.5584963979807612461541681217197743
2719.1545019739479814100410960990347797
2719.6792379205272950107875608836165160
2720.4781291029686244060210958142581220
2720.8528480806603654327809232000450145
2721.7088635532421256798259418675097275
2722.3813473148896167308624253834035457
2723.0550260955904010891416424609567138
2723.6258685712556812970378428204267341
2724.6092835598689692832665082676648561
2725.0340818622947456969178795447139390
2725.4874226455759819804180621574873348
2725.8621106428366372218829968258098117
2726.9609389470135806399354206889097189
2727.5100191227333395107902708218530696
2728.0136215586875094996221670213792182
2728.9800225392433466370279510011477518
2729.5012247780032806290801484897764933
2730.2113493447566813281671369648318094
2730.6876506073235468005182702966161696
2731.4140626078593805908772784209389327
2731.9364408235482700270278310947259238
2732.5083343826674903077281220118121988
2733.1357488704122306376622340386257582
2734.0248138549884153533191688940163237
2734.8754423110957595065175433682274536
2735.3328009942210234261855217411724377
2735.6939621688139719919826327499126786
2736.5956306852253026792313366390086714
2737.2247798547842025450207244383619029
2737.7761547329488639311504472836458556
2738.2865071889332997526091647740738671
2738.8589773008392612250374384028755313
2739.9218297945846161651098918277735259
2740.4667999430482608170601712891268660
2741.3528529050673682204629602960983267
2741.4956305608999094352485567260979382
2742.2378353624307837578450083114111296
2743.0514651830486512107846586857725585
2743.4629987145278171801974488401430207
2744.1188409307122819530210618192776535
2744.8831952015897420740697930290681252
2745.4527838880334611539925645015986971
2746.3221618249074325756422601977431047
2747.0743888667280811685288109371813799
2747.3654801968333526365499197380726325
2748.2772928240361687361089728291579728
2748.4894095229433232884765986517727032
2749.2783325954859590428478236766309281
2749.9943465678614342439908096284419207
2750.6055819874120153919055388939101971
2751.4520880606990305799073663803973928
2751.9858017925908108934970212823391643
2752.6232570703322897765335933768962429
2753.4049565716057943268519741753117905
2753.9646702490603103131177897026727638
2754.5113141050238604517879255152571799
2754.8468546560063542552260559866711362
2755.6948948257570838658373908864136536
2756.6329413869591574109226460860305408
2757.1395400257717371999512751235934982
2757.7073222065271798165401124915242579
2758.5901744607066040893960875370887962
2759.1011825055426828980197490552824890
2759.5655118802064076300247434210982849
2760.3001600221367809931917145438833263
2760.9172892605199436893887479503320312
2761.5052790312574152475649176447980830
2762.0026423038602272899178973333326916
2763.1764131857719272672691140481125800
2763.7508980218554881475512103199444898
2764.0933192239792414833573314155716817
2764.8528085952732513730282786966475585
2765.4067803060932995488287952225807876
2765.9967311412694431888337380511265339
2766.8581258198225684486879133430556693
2767.3846547874237546439938011790642412
2767.5840952734653388199278001313797904
2769.0708305084613614379513885284437484
2769.4389968318646746639384473541100760
2769.9035162654587569739677169807404525
2770.6801066930708102386875011231713911
2771.1264019484908221174241154693470589
2771.9923877793314775542323706385821800
2772.2678685867248764853808028451731980
2773.0754906158909128191333982663845174
2773.9319109976515849099144457547707634
2774.5051071882935626605844093837650283
2775.0386688179513915553256709346067500
2776.0517704952308635907990680808047852
2776.3764312775637919467614730716064226
2777.0358425097595382805716354626894266
2777.4325946154256536087774218250490709
2778.2243303190266351167839647978456715
2778.8674175443337612199842960373242814
2779.6675123267675346357766926765974468
2780.4367236964301003139741122949661626
2780.7946566375569889327476651386807037
2781.6131456778134961247339993382883347
2782.2401959044980902016636839821125529
2782.8637272748186489714228581345075760
2783.3436942127871757159288940824706536
2783.8803062218868024299449765016225747
2784.5862093690143844406284679086002339
2785.5937753037277111398685948053646858
2786.0267344397159941192223901980879236
2786.7917071909283483413148405417585718
2787.4808905032436621281409869155468785
2787.7065453830346263357212748276200566
2788.6836978541505814701014721235555488
2789.3289042046710757370246878437940783
2789.5232846606588647076644845178345389
2790.5099189861336630336672618607180850
2791.0875900527258751786022426944965948
2791.9725189616993730405497699774219489
2792.5767145430706952009136526304279799
2793.2523288962402455805146660506613126
2793.7129482631947312268249970581977583
2794.0259263726824745423276352283211808
2795.2881770768684781497529037852693436
2795.4107008283714190825552809607348370
2796.2069070287817425101127544003952684
2796.8864954333520679828794301301169886
2797.6502064928152543964815730953758555
2798.5574787597339604010390198194137843
2798.9401796811528043649354305737766027
2799.2508414924380607839389191938900907
2800.2660461288280420862183702311928083
2800.5969343748130671355976822103204899
2801.3747354047237597113325237147050726
2801.8931470319611186643172899204405381
2802.9654917794132864224534471518258406
2803.3875001171298179037594973067833968
2804.0296860083763173586179878859220565
2804.5708581552586129591864800466780722
2805.6680761000695085306965829052773253
2805.8164840064845413165611521984012438
2806.2210449427629068079560316260333220
2807.0697997029219108859457819753004854
2807.8318591100493620735928978475772959
2808.7098249903016868139283073628591240
2809.1660659467945261370074796675829059
2809.8159096611608693692140916363439772
2810.3676716220794863771844891794959802
2811.2322976745032967992664576110926938
2811.6275451697720062686339943404402724
2812.1895398174209774612959277204021904
2812.8514511044608662022540827075445741
2813.5154626851774594932211558810225339
2814.4301603350039296134078514458347823
2814.9794760420347511065553431004849446
2815.7249095395366554299011721367505318
2816.2245712861653882391112403973027968
2816.6781448602288027172762842980677844
2817.4313659536063886274174538515487784
2818.0780733170421264441864713290044663
2818.7825845141333871213560251409882822
2819.1564135430909672648303267880388983
2820.0669282367071842467829974168344487
2821.0064286985267592116505602276996399
2821.3299064277439104241869831291969720
2821.9616703503360673630778624680963092
2822.6395035369690883842122338466938865
2823.1682636525364540119362073565275480
2823.6039810751197551213275210006583571
2824.6741810785201119895068867934798923
2825.1061096285741010461998661027413466
2825.7615713271387987216358375515621516
2826.5170276144198270319416584966312504
2827.4208134758793886634528734319652218
2827.7126435692018824232977125293067905
2828.2026704687981149793617345439292205
2829.0868317394120969897925117769733288
2829.4904224375672261029455696603671091
2830.1183018521794276614914972436024659
2830.9452727558299181620185313897643379
2831.9069877678303901687450653181593741
2832.1421369112014374132786416120832770
2832.8787386070046608690108855502284088
2833.6010046571497574942926664655086089
2834.0616663093137683161012402599909215
2834.9498146997140630175968021789348920
2835.2339292338130348375621462741919463
2835.7684844231540303240684341436682588
2836.7135494490116839203046708583900622
2837.7267187467313341544922158929533263
2838.0589306600988746941793702682793267
2838.5005264653894478297798383326886748
2839.2583968861336232348104685953540672
2840.1099010359816111059419134522855927
2840.4065046824672403525007843247136313
2841.0785553479443098073879445716797768
2841.6464448134865685282674795526957052
2842.6069454575382974251691103380929529
2843.0948342653054010151825743030248230
2843.9401125081820731692009764329220182
2844.5153841917781279850015706735779884
2845.0730936931122978916244045085220725
2845.7162530463368170054038407082746226
2845.9485617819326695832789612183051038
2847.1085007179634289223037877244043240
2847.5606129803798613969581730099489316
2848.0758721790598384165291813065903341
2849.0152309862987895130801509331592408
2849.6293480932480568044523976149276990
2850.2922264927986767937836674002597004
2851.0238012700517386243252039489397343
2851.1789584700825865242284819734020497
2851.9833220053625872080449099479840331
2852.6271346510712402358461923053260230
2853.3591790258372833597315423819720530
2853.9768475159739436411318365579040953
2854.8952447391911092893430523881721003
2855.2401003656935620136810255125396228
2855.9904017988512481587620497137864322
2856.6634079871645057346523301230822909
2857.2755429906945598875084315966675020
2857.6419075863642708613436055266684203
2858.4234272069053353494577311970395431
2858.9472893742532520300337834547132406
2859.8695348084656212292515153819731776
2860.6945504945045805492444788423932107
2861.0276042029260884026499784656461682
2861.7801474672869207543316042651080792
2862.2003229738957087748970715086205868
2863.1184385824555880841032143181128244
2863.5304061647740008949874974166598451
2864.1857751210698836914755459743038789
2864.6390896770694110525480725604714690
2865.6381134706894325825484731728335976
2866.3163888143251577444407937748770588
2867.0960322996685758747389003408741542
2867.4435559072486890204299260352095529
2867.9190574992421990808974412994305813
2868.7452013022098979540593553313156837
2869.4371114309633173819291753269073397
2869.9737472980874903743012459383172450
2870.3234013982736358380822534110373860
2871.6482024753210281897324045476788947
2871.8925564352272090977184658831131123
2872.5684232919076276105336882612795792
2873.4770814454438626866724707531795894
2873.9518745430227523908900408840588632
2874.2675503995933196139015553759731506
2875.0256617409228132862232904340342574
2875.6317947672851440476201658679091512
2876.5510301589340437851335596766925527
2877.1644175312808518180976361517730601
2877.5500498064512084816164504988611148
2878.5267195344646987051707615787451701
2879.2547554215031578610400888106770612
2879.4451403399741010542627744992320998
2880.3280804372295601236891743329416512
2880.7062829060533794295361953078806626
2881.3260796816726418866532344821865452
2882.3282926746036518233227635795711268
2882.8051170458600534431111961447374237
2883.5757438761012700083866237778477114
2884.2363409637070261500413960798464926
2884.7540069622469022176437103483569530
2885.3677485127368951467560652706150960
2885.9622573073431204518788977328510689
2886.6802429302323121961023299300327862
2887.3286643843045437971430201193930245
2887.5151908759916354014211384842978026
2888.8319108112738203879485208376318044
2889.5698728801048654159184509203858469
2889.7579016524790166983256848235089382
2890.4610644826722604587612818435502238
2891.1123334852166846571186831656861475
2891.9131897164742886608499940595480547
2892.2233472816648131684758956137757675
2892.9616538914518598459871505332131120
2893.7299719412785372332789328926158463
2894.1914629460897432277059760183320869
2895.3762780483653645035566173303227429
2895.6672457381027075416725054807491881
2896.2393269021133323666811161772312517
2896.8648495114486033252988745730544537
2897.4506582633521512378569019611767649
2898.1652048940025390537431764414490684
2898.6270483401040135095156131185466211
2899.6146928308686821170592877846865743
2899.9552808261629458352298284016384260
2901.0687564212412076348073549558562481
2901.2667412506358603712148392238158394
2902.1436035323934600927527540259576536
2902.7245988847813881409240212933357444
2903.1992100628986585204342576997439184
2903.7495084156801008933205149084096824
2904.4010983002541142516232968816905305
2905.3352018668863524579565275294328273
2906.0001014494511725598482324217097299
2906.5332248820767843867663761560822015
2907.0700631152306351843444003960800542
2907.9521828718433359067262479053732920
2908.4285029584047225018216640117801686
2909.1189115510446070841461478040392130
2909.3748988550114973302912805288292637
2910.1874846681216038508195289494827373
2911.0362455248781101881817124302651492
2911.7634208342989827505086788190499098
2912.2583961174484215617650784198819061
2913.1061934867970696618728572193325001
2913.4298486689578186541927228059577908
2914.2950543964618564315022822821021678
2914.5076803415812294546960314930521799
2915.7205888529761606371966223734977004
2915.8029168762198645605435438653423509
2916.5472742831452115149653032517591860
2917.4642003260396401771199338349223503
2918.2806707974598856275247690126003841
2918.7966658929659863217075850039427319
2919.2439661723576770689682053905670820
2919.6562635332830648319371798688197209
2920.6739660855059413272991574094865752
2921.1912163930626093682165776626434930
2921.6153138207623408015226991893185010
2922.4488183131579014343654664984522975
2923.2128739331823499462443037483148826
2923.9392455093497858561789538971824203
2924.3849091563951513382082665625817606
2925.1751812151682946232797844557476672
2925.6838371723389224327202050506339666
2926.0925498378018847785536638671791754
2926.8292674100649348424128783157008433
2927.6059070416267525497107129493783451
2928.1299665946341266959576864575540530
2929.1443178933088049197017294340158926
2929.5422976984949167751821850688927162
2930.0033474038467736626040126321063335
2931.1214930901494895611673541291269359
2931.3235163800992547082855108062279155
2932.0355089882841373845101819934813987
2932.4013282584881764010004585075013353
2933.2443405466994651726692920097312546
2934.1293779304143826458275504875290014
2934.6469823101602522008635276986956759
2935.4471067184741934028122838888197831
2935.9324771065523686127976404694455128
2936.3923274397611603696704774752698292
2937.3155901431603893419174813404553052
2937.7971746432018414355552410253934409
2938.3128419247840298153700668659547590
2938.8319068377910991002415295201121171
2939.7880654123072836932174518953395110
2940.6024332529137162844562361175937350
2941.0672792798160476532431081486919900
2941.6311357971090261698808042758289017
2942.4241399544559479556846324305743110
2942.8649682555736402988990275566901445
2943.3184312239553333833033997898574635
2944.2628389604031358256074560904780962
2944.7957480068524038858690138843494249
2945.3630694995258115340641151043021652
2946.1266181072973999833972573092384167
2947.0282613917992641008383056044591016
2947.5331255420155130323925652677266894
2948.0074689904978206192089759522927265
2948.5329188180028150632264072029277567
2949.1491774112859099766436088343316027
2950.0351271779377423410707820762309781
2950.4177908675364439642139654633480770
2951.2627334326299383223785506021410907
2951.9112114053153351843053663554306399
2952.5746569361167056976077392881558240
2953.3645346919388789419515520768530366
2953.7779168484522045979274064658013263
2954.2142387929462506402637642098909643
2955.1753620751537556186939532869122427
2955.5795552753540864191982648367145850
2955.9679369131254533350614744471878280
2957.2822133238024122066305669821244702
2957.6988181340713568278224287916218385
2958.3196456890196241387018584332056205
2958.7191255334877006373102814294031207
2959.7761191399971283748813131213257343
2960.0664945497165002644127824403216929
2960.8678444316430969375639259127332207
2961.1438393816094369913340345219520843
2961.8849336551972327801736723140273238
2962.8859333373119623671836851502965925
2963.5679765430874733908785104643459108
2963.9416013339456133914817591457682086
2964.7388200690156435618985866722571692
2965.2633902481914771834993610318091709
2965.7806088215419047228116772391840302
2966.6771716578524171852885251692014262
2966.9174633029709979148229422014984117
2967.8299259298553612418292228838531311
2968.3092630445114753055692120092435265
2969.3439324202945298634189242205768122
2969.8309988912074048033335935089314412
2970.4909823175802131127754411575296015
2970.9444235956997556095099192096915247
2971.5718305738709756628789721355008394
2972.2080547921653192363329289423726161
2972.7990039225518190405316590641049076
2973.5575007258690592896354430075223759
2974.3476702401048850779597147747284952
2974.6505321777039269452749822702313851
2975.8410380777736409851144013998417021
2976.0616186963357263202500400125560340
2976.8858855802779276106527261467355268
2977.2278548880106338715444986928447835
2977.9273513781094338758011263758003274
2978.4583517133871558211274248540874297
2979.3967141832539029903708271558280812
2979.9752594219378632811740491324940457
2980.5887671937338445906021153853913606
2981.3839913574349009206369233999047619
2981.8699312358538076388684268903879729
2982.4998727628562512214320481381285840
2983.2669451343813847961799181193469039
2983.4891340713558137247833894377702263
2984.3429807041155717744604939827782312
2984.9341969240293134444926207656111586
2985.6456150043649000808973488159628957
2986.6680083812617937064957124256604945
2987.1106999074890105089245450611519297
2987.4456126255110590443625643081680628
2988.0622993690830228901959344668159430
2989.1251836592935658639177212896228027
2989.5139450223236387801846167002816409
2989.8505741123419754161178026072146997
2990.5571589626696288275826006296812270
2991.6218892495788635194138707978789856
2992.2713369188704482584766215224208825
2992.6453189736440958148858789663398642
2993.4548828413902785513283583566625304
2993.9705537708493904827589123980145306
2994.4689003272969211671122337286122085
2995.1870909827868099774323895693767192
2995.8949655204382342989683787542255721
2996.3130606275251610818101711518399597
2997.3082881386915856239794596413213374
2997.8118940707586714360618032359696667
2998.5270172695340312511643435445547650
2999.1939196361696861134389641613785820
2999.8467464231506884638158447185265612
