# D=5 L0=0 L1=0.43040894096400403888943323295060542542 Lp0=0.48121182505960344749775891342436842314 h=1 w=2 reg=0.48121182505960344749775891342436842314 chi2=-1
6.6484533447277147161232784599793178473
9.8314444328866696163483213474584438219
11.958845626083514530265658688262841817
16.033821128384235674593253782248083509
17.566994292325555202701595268144486404
19.540732622784750250378690022998553486
22.227405454459410911877624963081473365
24.588466217408195207656269976081979066
26.776095948004140116523574965270948586
28.461035100177522475186978272325256271
29.707909350480965569230986518657313606
33.000456006870514367949759177211937317
34.728812978904808674143729833981379137
35.868638371812274594595048638876426333
38.129184721436531850151418270372918926
39.560572946403181705055095059954798426
41.842438545791694308509306885312933147
44.031290061441695044700908058424922515
45.427300082782289388841561909609720650
46.492727159491405345339199351675833673
48.345661821067846176548201304493486930
51.087751926746491355258257204131245514
52.125902231316974188604130695930300525
53.830445195442163351054269022338568937
55.589280335404810150964588998492970667
56.838865942890988462381701087979625874
58.386117485358380826793925742317062297
61.138864751921745109095463915572425456
62.132904720233877934071529440383543137
63.709543060981146771798494836335680246
64.637359665374574101088589957514469170
66.747641845937807830433496332522277799
68.590727924825006540833515068030970994
70.115837159193504702254162003288501123
71.605959479243017199477227381292487651
73.350105431468259324986481309687463592
74.293688438016568417563919573323746753
75.534904117228113405345989547687724838
78.072170864382337194051431823672802856
79.786062490097939106371571243171617631
80.567300856410698261373757677661867642
81.923380893154115311967989553905914195
83.699157001874113162883288392240055677
84.952507103754973661846904660485113866
86.809996679338770496962453824123865539
88.281776599709835593621908069365568911
90.376573182128156802963266298552786636
90.715525933146974977269052021613460766
92.450243253774403222656651609940166533
93.394423937828017400982646092448145456
95.970001646037706939832706231680914850
97.331588252898071590582881239627993663
98.227457869901077077061547196562023328
99.838050807536549892458178740443727323
101.18771709691861068798936736486157799
102.60528794105001059190163380972442000
103.66613107976776297478914945489310650
105.97319379775878612971837503943176558
107.29710363752595752401094572363306726
108.49810662426159836013777728699136461
109.55025860718412724395354151195280962
110.63619767262785183724738291974741576
112.61576994504945256034204776312565733
114.23063987238195242052362591158647156
115.57841398237707314928646749077529766
116.63567175978379928607166162443802904
118.37116230635526215193045195504746399
119.56149162588000300146402846541748245
120.28173419185275799296339878934333959
122.06163228389414363664600699703124592
124.24283714895035744562804624315393814
125.28153616905447868499596293299225790
126.39869937842457311379913037576750041
127.32063482811523511660404310838841531
129.04830009432089513290539970181614938
130.19703826685774787383462448941366172
132.08600530311752175938188119882209931
133.03022838833194440073160231183799732
134.92496389411156063063893544614405632
135.87449769009838315291549428793620380
137.20108346684063017168309966538110718
138.03569903130490200427496190654827296
139.41059959514573286672966999907358099
141.94624055160491280783461367641386321
142.52451243298775164991380870237755331
143.96159112328732496797002609469892755
144.94832761326170967166845838575002306
146.38480960910942336237178182863647867
147.87972910318246470015553559262845913
148.67913769892728287806558715314891560
150.56251067115826846788312241800734366
152.11474855011540309304123432887392043
153.28741049942933146022477205153932240
154.49071569551636363846047536965338389
155.24207999905581989699979280355767630
156.49972854394148999130403096537045449
158.40002704182464424798128031964899206
159.87277757331362359160633417588849236
161.24621756169409060416607137488614857
161.76766259723465913078691187589458746
163.75767372831084062769697807942543685
164.61200939317564542299075433468199257
165.78491326557121566586563696186451104
166.89840766278787353719106683943762778
168.85421526151915665003241501192768444
170.43296176275621066006269248286474814
171.34359137672453485642739296673736061
172.11097262964600689164620746375358617
173.55943502659213614718045897363531726
174.63872556342505482600602696949402106
176.35604132093820415875397914403621164
177.72594205774800278084836311405750120
178.79286498656000113040343503809317870
180.24293513551405527834053496588937528
181.56904101980140674246592367025075997
182.38368476723031536501400072740535163
183.79777318558097268563775758444671291
184.36283132664728033067472924777701049
186.89606068022711348044833998874025116
187.94502598742311598673642418099722407
188.95946867462994296790241575340034075
190.13959676339321025766934561960454540
190.97022227611209172174166931955147208
192.82307540823511249524031071009247339
193.53667863943284647627295013679585089
195.09681468864028930638059308550681986
196.54076456244967267018733746529279679
197.86100950772366771521398079814060003
199.09102170624125905531999800239938205
200.24544084542500411275161805505607476
200.75406014018308544858305968739718203
202.19495144288411492963735721410833796
203.84390194495930467047905866383845958
205.74617652045258329778482900885854271
206.16141009304710499293272609838405265
207.45768007897174545929413791911487196
208.62576240717071864359042033965703863
210.30188630352539635397832402454903736
210.67746219450366533035369746020058311
212.23144651168633993954704886770829624
213.52087414078261070642482926230181848
215.44645145119333895748779974960657898
216.34003414934312906169343655277902594
217.19833396494243032767597511193519739
218.44688310005828280493779255210148471
219.26209021638039910813029725777070574
220.78738839261883759828155602584380185
222.46695426366902727429878710896567503
223.52517484589979327881118759202391568
224.59056955474022502807252485758415964
225.95281744601754200187096280559800288
227.05061523968700753432321243769030912
228.27026066831051710061314391609639097
229.12934111877763185181823192931518268
230.06554672224999949603355122270349577
232.35041357031701062518136115019292852
233.27893591698509505285298591806442721
234.58512342361590035792507399723247570
235.27814408497190897234679165766097160
236.31946510621336328977974612590017062
237.75024598594930914099475283354869093
239.01843931841097161628609838946805426
240.07923859691339060360368752990459270
241.82953819209811080630365898464121923
242.47144843724554248713260468144323139
244.27813995132309792043446000388278193
245.09314654217871448194010912826789296
245.94144614214409436328944136791932983
247.04920197523806413869801094360734168
248.19259163394911961192127456088601068
250.25678127047181035146869643760946439
251.24120278616257895988294384724984071
252.44264286749701542696848483453205100
252.87834555165202611809928497263646160
254.69954281109103206349172238314190858
255.48171435187586764774883426602966108
256.79509600826092299897011449121920038
257.82704196453503787526238728866980738
259.22550844373288156728309912117253697
260.90155690916968490057393795378753009
261.83584724328348968320880386341006544
262.72539639569078998180365375935959362
263.93903286533040792277081087353425633
264.58951659387486579713754301736617061
266.01835583878111411064719066279878140
267.86674183204408830299778841073310946
268.76897301547332797992190302510311728
269.92001993215730702446661630672080759
270.97662522790496371966096623862233651
272.11290281495796622817109106826968010
273.51095638984939369629548316522316256
274.29485649173974637474670227498908198
275.08554641804493336035423136480267436
276.84412046745133264076594152728672368
278.52594466653621764882200105231148516
279.30173472418402317769644847593110176
280.49587766693259721992941452178744546
281.26003520949619634507855335042517223
282.17004655562858599011949209157545105
283.93460518500693155982115364679135322
284.61416074426627234598523792060204327
286.56937156322723421791247492155302696
287.12288295761810288671344860682942221
288.49510786139053036361769066071601908
289.89652086694999000370286841239874154
290.73878496243315096539799264045083023
291.68464055576741916280692768275192914
292.63234144598220830638840752577463111
293.85378441766869800341396699156086536
295.79705642583267354604136867432887423
297.10550312614359931111720899383778433
297.38722134792990640756163216338913981
298.75269740144322481125161187659212632
299.76670302265459527454765870343225059
300.99984287608029219764067526662450320
302.12847124448042430126435476509476900
303.26087022095503429774728169724410520
304.46129083120501576165746966409509636
305.99971498722024339566797844525728895
307.01353918750097831952396011419475216
308.19262393319992820037843672146869388
308.82912078831233514491873260485004126
310.23246636150374440287322152970873058
310.59003460770282257789042311296925607
312.83012798224448967114931723802375620
313.86132310522579297202363483266848166
315.03726359256876395876406954163350415
315.96366798387205195493521313660443314
316.80659697134558032232576990317378335
318.44476162909128490583313489411894289
319.18105254224240016583698233951897352
320.24001345947261570229816118921479291
321.21399484173713985833445054333012608
323.06610080445533490332109713637425888
324.06677485257757136702382937991415356
325.54339810102107952665153785533138793
325.97304355573032369641993194115450399
326.91039169527074661110148131123395189
328.16832163797230675870396928683685587
329.29806223246387402271433203978819382
330.71170620632530063199352639935896301
332.15823476975932311835413109926637690
332.82984535870301761587857920714582711
333.99462735753612031786423006565926644
335.45268987157991490097047807829284606
336.26271777005484668753588551453303450
337.16168469063458286139318653438801720
338.28789336869140544369869022289432412
339.17802225061097590029648256325698666
341.26013609106315910437441058394075241
342.42485163386883310775723373497840500
342.82758498632725092976073351730329487
344.23818374904307307353224543229120429
344.92581977156135280238818296457534477
346.17575948702342920952978995331255829
347.49188762870762605486794135587897112
348.45174621433245166518762491362370405
349.81285918419655566312529046518479430
350.86268320042578371569613336424934800
352.38650864856337869156770758663071465
352.96804513933289139168707281313277452
354.41929658650703040071637322225165817
355.08440287270562475086040416159099519
355.73405208827283378432151760937556154
357.41019222267219790424120706559547910
359.03563110074660334589978606451215357
360.00156887826785586068895885526326446
360.99094235462274869564031419034240401
361.80290737378301852225530557891335725
362.88888176840195009881627923843874997
364.34765979064526009463135032022687172
365.15592046062745819445739011044418526
365.95570706270875970014013007498878665
367.60921376231180127633841735709865582
368.62196094767703555470360104765268534
370.45239968165342727190114436751110030
370.65464570463808333307820738792003986
372.05322072715282815332902889800016496
372.56548124851118449229856644009572521
373.88840097410473132720310235660524454
374.95788275580145652862699700505131666
376.66196562409363233838605392765644579
377.69562685147192379374825122272485402
378.53143435821570867145608635882778521
379.52091688116315841069040231267762150
381.08344640164726891252509519870243107
381.61262733034752644803202606880336055
382.90091409750733559019747802219768146
383.74675114506977358807839334935417053
384.67232508445267204453871711701378207
386.80196908130759981084269403198295668
387.53195809252683394437065892910784064
388.62665657872311718512763196937765709
389.46450896366583955555174048938658451
390.38143492121049350863683410069281725
391.40819613481013763490906032139816460
392.70376338392879913289774550122572521
394.00078728242864577349435848201456285
394.89025514652115382654274262821434629
396.43891853134590508814283954548593294
397.04335407752686548035803440175495190
398.48771655357733501780788567110044835
399.60632230504574947346792995085918643
400.12732186691373407377686360791121023
401.23951672642658453232940188916022551
402.12500566830441280028470811587837883
404.07298799300443237088985393793993035
405.07303907571035688478713555206060237
406.23672111477299842872503283583855350
406.90136473494834399594668471185116359
407.73287822812662151086406662929926926
409.16353211212518047254996896585245322
410.29906369233184908874283816612327537
410.91464197617824102626665122104026028
412.46053664660841260601599479443176067
413.42990352333487764265158859903055041
414.81102021947001213636329006080267726
416.05458960726821324622247542055686319
416.80991653470966471435383040111212884
417.57805074393107543290081103969760005
418.77949011659025356267192693309824401
419.44673722136862483405633997662632765
421.02009449817607073361399345541750111
422.67757164485335641634628247233745809
423.37682206857229894480576807176000990
424.12960240489399748730080971627544867
425.55096297246215798277138600271287796
426.29835079716692964515118179960861729
427.62503361138947327929665251075107038
428.55328135768563513722815898288761329
429.25191209501900248967628173127550309
430.57570007082744872705025026003301264
432.27199129948295777747227318147323241
433.27118701660691523468248111147083510
434.05712462424398175989906140686171442
435.08453918141353698579864410287857197
436.07702062219040912604695989964409774
436.59473030955093470164962501915935997
438.46608976303394955621121799816853018
439.16902844699378925034137947829561886
440.80045286112061845997569746297502280
441.52260901143925549520213179788660468
442.58165489764877701282632221398483789
443.75162866356561847623274912949790056
444.96602262164779672152724968807089569
445.65494579238409448584952120070013991
446.50473490355188061816146435662967855
447.50451371906256750858190963588198344
449.10648968553247398753841623671529163
450.57867119527406147329417593485039834
451.35203258932700643479261039070253194
452.39102267804689809473661959817347941
452.85016443383600707593724971533509867
454.28392097895482825121303163540536011
455.32484975528521769829900224614275331
456.28067355157775812304393981230696812
457.54301301691494401850347816830418040
458.65779191318956265908314226566249143
459.69627234130113031808117728167492443
461.06398825066298843894441387039907506
462.03663735933530342990455804347429584
462.74131852161986959294347468802555236
463.72932736257427282814691648002670212
464.75996719422131945776185522283521572
465.49497474124781630374944883482445821
467.78836757615243593807445593123753104
468.19229827814076672659908063758153708
469.38954066603104589018758042871162999
470.37516725253616644595092338050825754
471.06570013804936473447946383492293064
472.60184224380577876015598558171929311
473.23097629385374174745790673392628728
474.74082343715581759820523266970133468
474.93902070686991315136482967301321412
476.78489134164082305572650482922369040
478.09973895854953068643202067690154848
478.89527524745760170851143110514964540
480.06389759800330874103252910542277902
480.91866602448098446279696229188576866
481.40462012472462378669806457264668953
482.73416019399497829363802897539817606
483.94229925466689256719940848474997368
485.30213603756990948978681040820073855
486.35194518130664646227631606577487633
487.49404228985904701493141700714874836
487.94745147931836979915345031564351034
489.52450610663397948664857422763492550
490.48949894166547558996755634568772042
491.29923455846256877473244612853370043
492.09621412570110499020811626100893043
493.23452301679862136730734655932812418
494.62154511255818464065019675412863576
496.23237662857871668524688465556552413
496.93861604622167283771150363473522778
497.59985109463326646506741681391210656
498.74311870188342210476724642760698290
499.52089255601755812649980780539781582
500.77947316972259609251991082145818699
501.79933124406371483320251967148779095
503.01048202900771685971846364672041254
504.30727202016749736179768256365288498
504.85491489231956400970046757807630518
506.54703656413049814353284071907110322
507.23386390698100740097378505794348667
508.14226526351923944974388269020930343
509.46275506387161156009867934607684360
509.73061753443563257839872784288483193
510.88167914616481655039243124725877522
512.73972334460219762474406381584423161
513.83882645810096067206970238949442288
514.66467096780397823118821035875596041
515.46211595630656873698700530951777591
516.64540898852288877924929205599097577
517.24906606530592727738041677078781891
518.86124142932534724872672276198500911
519.57196699264605257946147637914359120
520.40832951784323782451599475418290820
521.86934904735111838446541874147802317
523.03194615833286597598744802173007488
524.06558987509157190017088890347688037
525.31572861290819571748295553526923252
525.87681127884501501281707121000267275
526.81298778196494110284678242437350919
527.62130809775831694488903860063258405
528.83461764556924521416461874234442014
530.23359779794982484447893352606853911
531.48718748667217473619092957005284001
532.50979639736402664914598019854470339
533.07048705030161507502540450276850840
534.16656267167155385177269721972221099
535.52156599906959416402361199648616576
536.44240420912203940722412307991946809
536.94219944638881076083380066273484225
538.43023566701464218308550101124327099
539.00880675964069421815837432539091553
540.97818551268955209547192015728811063
541.78240902811364320450965081638586789
542.93230133385336323726532214861135871
543.41434667552610273407885485306019000
544.45310205922664230736357319247923728
545.49885288058132934671573320897433532
546.39467801854764561759499093735261062
547.79864849113208882530290689410381587
549.07371070179391166721766524670151789
549.68262063745842834525278112611399519
551.08788988139062097570935647339397787
551.84423981261188660363718557980813134
553.11980312922361296191219175191616404
553.94528128698354169694521920506937078
554.84384276589635059493800654960094087
555.63480851207007460086426100041393396
556.58239668948802021553369150641193265
558.68579059815358379361877041605779008
559.18171674126709588653788156421029157
560.40563069409303824459083161577137330
561.21714129240683547264320914927461785
561.95524442075503230710382924440401780
562.93869432152493222476886108854748855
564.43942722099959972231326740479029512
565.02903019866096585986628866892012341
566.11150477595529526620165257725494338
567.59655661858396691621826839095538657
568.28885961870518729273140150823960527
569.65909571730815326626117924284364452
570.73066436265973977594342865137785133
571.36883907393554317465302388998053689
572.38750559546343582756774792935139446
573.00331807122640661416087254669934002
574.25878624143539599451094502944726555
575.56605553133147901047843481301702417
577.15991780732057358654386681443904926
577.71512952357415433245192323376712044
578.54630329929882483521544915808871566
579.48453575927579066926999867338904561
580.90746187888978794888298238376014863
581.41716290663031495522638467464972039
582.95116543262067917623790902641699771
583.18928796930685165000094533344975371
584.68538484113235580168385076367572626
585.81910346285218115021111544776637383
587.45347453910812682441166408366126289
587.92892222173204083323576496541918238
588.72206413035221010676421875801829541
590.02977158308554418085244277673779848
590.45839140487904793336032500722107846
591.52656668733875739448532588672549116
592.98544935387580571296725946000560291
594.17081486004316200355696143795304191
595.08988426717740274271881072714319318
596.14263579956109531943770417300947074
596.93645368677707625319644080935987997
598.17029781077832200044695750470612596
599.08050910324251750050760975486654563
600.11794973757074493670757109571419423
600.82981511504821318509907408185778834
601.54296060347341732954773078792241999
603.27882367926152040538048624447023622
604.60374097761216096295129822258055549
605.30638841110638370902784756280497077
606.44136318165300378714734630096003741
607.14551211022840492663129824910578055
607.72522658574531819830201893312312378
609.28004834213698172436661154975306865
610.07829962952518616267475186776078726
611.15094407069128892298180434176600775
612.39410818115396704188346050899274658
613.42051430635906922491511807183321996
614.29599780903878633667370944635907278
615.52899465100328349978259485590262165
616.79373372925448249044168201131766057
617.03516701404735372863979296384320869
618.05967200308979366733601333296792528
619.22111288059370395163062627823186115
619.90319795035873998855890242203872929
621.89038324341967574400099790665976368
622.80167386593121094585004460024263533
623.41040269177436667170280713764069213
624.52884048466824718122344153393995025
625.18568596106601053737321880635099881
626.51779548276166729945348954832561852
627.39983164018782167790309977831003479
628.29757078637807001531230740476229991
629.47950240015008250419653030167926064
630.23892185792016082500485609455455654
631.83554209892949193473949117960938568
632.87434218961456390313841119881846618
633.58808876554423863607324542720372822
634.72290804656898247038912030609884469
635.34811279787506171717091193384176532
636.29237888488073818041690795852258785
637.09652203143786481279873982552116623
638.77327943606373815656192612718292570
639.75209475854187735453851672007583977
640.92491782418623826533453214511263548
641.54052260689549322007431600804247300
642.67378956803832495407505546937584453
643.47652795755493140222724821580539705
644.88207628998470909859830639797399910
645.56391175302841643874505751917945845
646.28253290195135755973038817967465930
647.27762872994826637636253465170619943
648.81004212012923831014626256932326316
649.91960887207353002997709708963583155
651.09810910080633277909224715856505737
651.83818754396102182509557186322682430
652.40279383988394921179772780616077000
653.58871946570088817443242518504105852
654.28812540389053837154712058647927680
655.82567572462648968216116454932021103
656.40939380528956414532949086720247398
658.02652106708060983213069169565942343
658.90284270037041102174675069854250930
659.41530798386167052304990795872955074
661.16131883222148166406024226804617651
661.68659779359800298126839808179057480
662.71948214466578760666996509808472094
663.50894194212583195871663965882664648
664.50834522687785274039347544208005617
665.19248855592231842084188314361621720
667.08336875551487548515752226475087644
668.12359037681472872316365914454599809
669.03793665982210355062779586996837484
669.47016854104377694729111488894266492
670.78611463288940729023640993237712525
671.48295077500803000965872209689926607
672.59655868254903389902414782118156419
673.78285658618510747912096923541146635
674.52749013247236091479981882986116050
675.64486215537321686489977213636832129
676.86500792296999421973968010359930893
677.97410850271643614058441588247720543
678.88529189685893416205630486881574965
679.85903885480322547280795891927857684
680.71910898969135095500537567469170477
681.41823702675582332776638828284630024
682.23466391220313876034343003952809095
683.56640765623460249504534049162792740
685.19566891561548664748570586091904239
685.72726498232282069364627320555922805
687.01518869413160122281699382571714627
687.70251193189513949531553720001335057
688.36126671169063778246548139506370372
689.89612975738820051480877155832692942
690.78505656811011222211540915798043762
691.31405961924582998965866722843648638
692.46647279713552070488265283502178833
693.53860311816760262429319409950983760
694.87106805974300626090847074984678714
696.08690470525308481852295552232766331
696.80103069503353391008496941392092343
697.89812271829667328425472625073036555
698.27094520352908608937908681918594309
699.32883658097903048499562298320956784
700.60811901102426339463817247377625907
701.26813845381903017136007107340329848
703.14691167406853993317676572155170763
703.54458285513580289703631341125471911
704.73703736004805549528098930627984408
705.50812432572750640306270610161407611
706.81021668657481053404375150229849544
707.68007847549918460407485438684410054
708.39985212460430468839882360670866610
709.58661520834075990511127559815047066
710.02567702742555756610971511349539917
711.30600720960316989411086603258397116
713.15366823582973341488524115996390056
713.77921709076915976771214109620785420
714.54769053097936475802612907297149592
715.60641675897467844993370460711942795
716.36577398788601656385572465941213942
717.16495569289425409627913023069310315
718.41642455683709650508988152096438924
719.55149635798902589762001397314006620
720.23607043314585397791762981030818149
721.60831153149735884866825552488601422
722.55260855468537746484083484587184911
723.48486982058021174654005745749201979
724.79772826127566821866545318236855992
725.31005781634949344114879503048347786
726.50925207108174438364667806718433069
727.03619054820050073666904856700665591
727.79988622756161059568903015324893597
729.42431761793877347462780992371086658
730.57723632705184879857397520527499566
731.72296997983827989525449079346096870
732.58657195326265703885982012754577787
733.00977199643265454901481182047083059
734.18587793929411640395385320692646487
735.30664451287842282433208885331584663
736.25873168869726032585837006969438932
737.11068943486078919272460780647780537
737.90995050235526576901919229663404096
739.35754841276303287417665978048926284
740.16284733964406063386964713967310515
741.66195676629242022218467151204361838
742.42123065532692291956377106158116349
743.16472082352647041778864271837102688
743.84699693302205267917805704037916581
745.28751418764031004965148721050810149
745.39717377128828452893074799447694440
747.07130250612592126006528584536492465
748.34047980915802967887524726593244469
749.47195466989617840305213630904801847
749.86449351717897066712837980208958343
751.08396311691520892591790335591009259
752.03709023452182222201082991034476747
753.06483370853212461586249686994004577
753.94517628951203172452283646809556200
754.83470726105907172948074630722704753
755.63350288822642686720022853674944674
756.54770076039303970521325867288887769
758.58925767530579136907511657694898593
758.91537324213554204765357400196043324
760.10720407354308497405649871536458843
760.91279998591539796319961798368379698
761.77716095416960725325172997903204008
762.35430064562179517514826032240206186
763.68764789309070392381514010228257365
764.76117095596061283696213076200910021
765.66553652516065296721810685500873939
766.96811875967393902029721695153040742
767.68771707611881373342313988203917683
768.91054904620042284948101121518393562
769.55846350474359959790747128290185857
771.09354427422257960488230802845625589
771.60462679217701642886737362325177100
772.09815073761867867021458766646726172
773.39350748566203117292104257835856420
774.18083223978250294394833761171846706
775.87159154708751879122058621734568155
776.93912697735234972967981069516394380
777.62372588032098682622702099278433316
778.58562134965613819444812108521660758
779.14520445297756549923800664408027925
780.29816785836880346385617617503986714
781.58260249686572092966988164952025735
782.06338062669615764617607552908695540
783.22365126887052414004889602691131435
784.43610645395791976759047276986471529
785.17863880749071200230770003045588374
786.56798246957479759556403753286940919
787.66647519940143906165580928928452996
788.18614789217426168771569994641640117
789.21020026977893747681484688502658999
789.99206101596526568030442345302880431
790.86543185064795060193467132490512749
791.69459197531347820109387705571009939
793.42306759598302506938921587953238238
794.39342558043418716123381989702748013
795.19652251473919449223300978570504085
796.00319346057130504138443568380106682
796.98882878250182050619976094562670862
797.97133490525826380770458154026830753
798.89972785413553366088745182484596965
800.00200437454371687094586255731649175
800.74992025523647516452984446416075300
801.32350157618648768186517076784839796
803.09227957244877996565469338073626761
803.99501169399888017029577161243096795
805.25690963738968405609490795506660570
805.76320740896826603280967671059106389
806.77180309438353687660244976132245812
807.57724851288821423781990197460785626
808.19367315346008116405689327439590660
809.57063831725281127393211516732025217
810.65986245738058795464619009935606165
811.58010607382639651518459042971008447
812.97025653201601313640474362803329535
813.54889116836675200565757386328620985
814.26907361485786459119317400495253567
815.97830159608779502508672079260831045
816.29555306541958848770831489644951559
817.36400228968668539024080321454841112
818.19003190390122537904186372229553273
818.89246672259640535745463967046365480
820.21928160381375479625869444146551594
821.62943606760006625316381626813868256
822.78132271679514200708001112163876465
823.27984616751017686559969135851425951
824.14474118934305019910224153295232578
824.96561689141175709113998369569974606
826.01790382308328245684288015843898249
827.05576587562233138177004000064862524
827.84849432345289016775428314270187244
829.16646667704279965249168988746688430
829.93045288838711700578436395658487695
831.05480861330875361389334466376988125
832.08871959012127957587780504850664056
833.38630178153954318631794786534205552
833.66260145555980761907026810488854946
835.05477845399460316400608620595273663
835.44772623786947415229665924689667782
836.47180838205870161965498551413818876
837.32239119650452538742516608279098040
839.12907870993131837858790571154597352
840.15431387567956665010669079114564288
840.45265398620966333520556620579218339
841.99343285509180161374577180069993363
842.29453465489802603145113684380816634
843.32352350632773849802906243787907948
844.70873785582076807063646672226788881
845.40510926908353322834606141516218187
846.10693811076222280450052671508293173
847.24586507388931800130232919627812108
848.37362098034560187987186051150880180
849.78173314515287668392381649989185985
850.31858801692619416385304103286787939
851.64538180262125134038410783067539818
852.15765734470416901971001433189821644
852.97093130920405498341286214627504138
853.69709960526911716160350091486009654
855.05697106432658142015211051185722761
855.91287831333464431001033504661400158
857.37211037644208704688156156437777562
858.25058448454415698304111198477545627
858.96292703313022486032072364602913744
859.80452269755835427991264711156893743
860.99983185004454228656288322998837925
862.01166946116588943838463285221453525
862.76863778777260400049292085489747730
863.42862411621562438472251169041153912
864.58064647699929695911157072757132774
865.36108302075054344378625700255112463
867.02440988516702261390283972766277234
868.04795203081269288300451829062396656
868.78170818064354848186588354065709949
869.47532587676074226548028891561184513
870.29858573880545661735849523853380145
871.56073296550213580001832984091861091
871.88596666400974217141994585963554609
873.53239215586698813629767043581871599
874.18995831391752752343015877541170577
875.52230998636614259627454010947358571
876.23222333283722268730222679897418248
877.31074281621399906085030804596838252
878.40949256185762946563323346462961894
879.24227472874562837609708673831202544
880.06937976289193372826544230653659673
881.00876763741226302902163592644887566
881.80394230139958268898323781857192725
882.30255859764872249908931840164726082
884.35097410434083206995743481876252787
885.06180522927011472515034576478003495
886.13438780011114215542099531016245961
887.09961928853033444495820480538640607
887.44768803459455621469895706004823284
888.64508423069185526445471921036726552
889.52450389924394690958992738727738383
890.78917583353404128368105596683360261
891.42679294065867163944300645220590952
892.22626810245600885185398911071217352
893.74451805319210230263705109855513710
894.46429657075625807833991703110146307
895.65352918136458411747924814315034244
896.69777783848333143765216319519008638
897.54377560342672478040766474669327035
897.94518677853914342383494356469007784
899.05880105815847333369710484897632811
899.85502422144105576840793105915516624
900.97675149859421908606383291159711321
902.34757840266185032535663534756540135
903.51374829196325490638943517721051562
904.05795401708255807861066471362384421
904.92267935875789670486617747767448835
905.83500811994114031943572807549555022
907.04977995528854698919410036796460816
907.88613915422953966903752176318488294
908.54610838429893228233913377505530250
909.66926840144697080385374579527376803
910.37673455881468179046738589560439623
911.60599115416929356327649110952433253
913.28426543336414159292509400418518563
913.70678902013562646614363014350411253
914.48209586175192138456813750937062043
915.71370615242003337988196525625988325
916.09200325084926746400364680501164546
917.06625347349312607574043510835512772
918.19754567941339689928925802940951215
919.20577495827722342308765671357717844
920.62042226495419113044410526493552186
921.06422124582482101421761990505432612
922.29838678277769077837108325769547765
923.19927818731151803514285969226657469
924.03272843208797621942644742685657967
925.17392561775695686945612039469730483
926.02819798453356719530515136775358249
926.68308041953916412109042143473001212
927.35596439262605824845107860567954854
928.60082757918470826265838732165171778
930.07798162366550081563889413573948070
931.13522891803449955817020381579155808
931.75000457818187406850524830983376485
932.71852101172737322722804958594862496
933.68855826152945325068019652102247972
933.89469810684751298078908714784805172
935.72383152035259297022952883788975522
936.16796118756690753775128359408903754
937.21866537917120910462858836355839650
938.26899672435712416292860316146007744
939.61369119337963496273107197036458708
939.97658647022444173284661460681623983
941.52120077386082606515319378185280421
942.37446517512809406856460745572129030
943.02360325651960310531115952846773493
943.80397554562560392008857292483649466
944.81152365753004056520664921855335223
945.43909458681217395778482668489819705
946.73595401475714550479194266783418168
948.26610910998045497520563786593816285
948.98655231805619764831731002011493363
949.92315393660664517490522883179048597
950.38553341109052230701687779355175309
951.58902977017095031258047934633120826
952.63976261201474741508408733897483160
953.30005823068301708069364889989363027
954.44161206916365510406996375737991630
955.27297731799273834802257439862857568
955.93596384528693281606397552973257105
957.51237573253412492792928221137429213
958.46048053862430682986419432164857338
959.57327449738923369801602257313827193
960.14098234826338592556644231559737780
960.96399227952808445560117586985899554
962.08018923366459987040050903549115360
962.44309836654962618600529762132045614
963.58864414371924705049747527853188659
965.16698396379259929633217285875042929
965.73120694772492839074015226300767178
967.03628206229506917299653818188703990
967.79512223889299009035754578877365093
968.51331706464582416461470559152932777
969.61363864186591995886432058818219230
970.70377299468459276869470662456063671
971.46640095040261793041916783724715696
972.21145756243519452803400884439642891
972.94732502540196390249832735423434173
974.06234057498942710545655133740334804
975.63819635479927134054697761820394564
976.36339799777717574472694351186426782
977.55425699131134442070159334880417575
978.13252511664743194027250986404415691
978.78823190464564674074556677434053460
979.73185990039641149172479423964164104
980.77093175270360514672291594335992610
981.93467451348697188766755044204423182
982.45621575041778633748401939151664074
984.04640209865971386210269143819052227
984.70476597138813295635386701042883262
985.53519773365281738814286299933221807
986.87424205150644951463971664522360024
987.59635633348319585222857008536114462
988.66339053244182756229629139599683716
989.16545930613762286390551756979082412
990.06243242657177890043666798189120786
991.06071364156083238201621030347199902
991.80975610964679564409112829318371641
993.84250461664614125813218786984930496
994.22895061766433419191093185901994331
995.21141439345709292924712620429404239
995.85074276106423820391585457403843930
997.08562268773343535720027665768852114
997.51124800835174683405213314216406848
998.83588461640298898980459292915171705
999.84045761620824003590341871053596769
1000.3279763511913049347504696704468402
1001.6469070404979339925758276680087317
1002.4271584505887100126518339031287928
1003.9709027679146598535138148453079403
1004.5769063870052600023051355887285156
1005.4827905003189030735768794995793891
1006.5070481777026241183759675435579151
1007.1703702402738390403023323099435206
1007.7583830017569165322397819207914823
1008.8056405729095091678318582388377000
1010.1369736081695688116424682451364526
1011.2108670096596130459964104687201620
1012.2659637650876512957537102393037038
1012.9961014539638720346492833738427158
1013.9087936806159169658415104358777557
1014.5335693099549492617219288871891309
1015.9832150022039414455692900760130586
1016.5884676528857439778744313071763315
1017.6689387629385709708264002870305916
1018.0222360267568407257156791509259010
1019.2877200920771608764851991946557274
1020.4909129785350177889609742944698006
1021.6480460284619676253451703089785323
1022.6536792669725358611303776846568422
1023.5565343632275302843096915265041312
1023.8461741830307596611634238492799454
1024.9384272175108558906962697239842219
1025.8597759311880416252679419080447020
1026.7656892843453072855390035678083939
1027.8204300545439086176392469883131829
1029.0241304783308631111089268988127888
1029.8947479946134313435127902351766265
1030.9073217949834711183587776414747111
1031.4544792527276234281195854516367247
1032.9356015541899328519215620127427390
1033.7532034668403465708058228141243863
1034.1361894175200796748532513605116582
1035.4455410663831331575374124074054704
1036.1968469470823681691676802057464892
1036.5786481641402992919874994259382737
1038.4905988467918368447502645736539551
1039.6276563608909124324373130607260947
1040.2043241923104269490561838923861715
1041.0713482158790358531324630776232573
1042.0474443967936367088570236500442238
1042.5524836464032600661622814491651510
1043.7790580897054532147656757761286060
1044.5808494482547261883277513510030959
1045.8901428560113309790317686580869567
1046.2800952440513805460705863401404992
1047.5478562364631938689491151904811194
1048.7769012049867766417023902967672134
1049.4248734090301889608235919285707196
1050.6587797492840157020224747095177816
1051.4139455249015263822522913346828960
1052.2249085066000290586982437927684157
1053.0247642100794605803397123502956627
1053.5572612580842019561395208980540359
1054.8346265541858882251730246720678106
1056.0408611660064873005511257303117662
1057.2990546277466696909279051966912009
1058.0108171334469021403457290374039515
1058.8373644222010423845679008696682930
1059.6502930330833904979370437576986324
1060.3673767821542958144049331430416879
1061.8538800221856197311765012126082047
1062.4075408573020416671482995921438475
1063.1385703381132950843512176015672082
1064.1395220035602721869479305428348707
1065.2608474149777209118704016448638681
1066.1813343236970515303644664107988323
1067.7294814184256286941504454814793912
1068.2487229544933801390157905906590248
1068.9876403412464101251431779554357672
1070.0338031313878525141811664096750321
1070.5138816425580645339431199400647872
1071.5738245122873618638977608331082664
1072.5414317728355788291125688842096418
1073.5998952491477458212224350232869325
1075.0829210729799547889983238686731810
1075.5555346937181412108894986263929603
1076.3290473129866090869558894308409954
1077.5861575746472326957647959975555462
1078.3506019961020912219340223823714613
1079.2334747913181479734894526248593633
1080.4076669265818056567862155759281565
1080.7466742634694121432800164728450546
1081.8171198975133169466585927233250364
1082.5260783789607188684912215615599157
1084.2678071890925167551109150704597838
1085.2776779771225146301062770608519799
1085.7974873140845915720480334635669678
1086.8503685995415997133097797946316340
1087.5605699615227215800673773764504911
1088.3488873484069181172790353037945846
1089.1365320519097912012756757113719155
1090.5353434301484123374095760717848937
1091.2177083486910634285277451778809359
1092.1083119485652507725082591790056731
1093.4571394781563543391336395547176091
1094.1283041264211510369589547979710985
1095.0928131426201960435418145757369860
1096.1988047666422996300340936759634916
1097.0862105268216823523244039663777815
1097.8750827236298851773220145263338623
1098.3208250726167437523724343021986813
1099.5228592121774790936436054375404245
1100.1391960404230479201758046855978360
1101.9147501495677468971935786031772811
1102.5816182441001996224260660086580564
1103.9289747985729129467888445381821193
1104.3412995555651394879929200333058225
1104.8876998746493841650946098405808151
1106.1604700723430544963097817015024817
1107.1918415650783698521034198133472167
1107.8540381646428300257469365030980403
1108.8584939899224683486748365105984088
1109.7155247438916503416056652402277601
1110.7273668429510463874600459133677952
1111.8150148375698010059079825865179914
1112.9692242005633157541632929621126307
1113.8643837967718636521115346133237154
1114.7156968969505864183403484347649688
1115.1381356474232385841599728180263102
1116.2759196118945445112892451719975887
1117.1094648198120862484400701574493053
1117.6764750971078003602649169153593525
1119.3748232711380723397932548169017937
1120.3830204283844444846413768554386211
1120.9863294514305434448757487070310313
1122.1818874794455385981843718395053713
1122.6054329572630605600641549746266821
1123.9192037914284503298641208740601660
1124.5695013220581198359678925869483188
1125.8281758671355881427605928846923036
1126.2706734107972250562619563156308490
1127.2190606220395760542388146894123232
1127.9771382190636446742187213209863245
1129.6160498860897911994845365706220933
1130.5675623938128800364189001827121724
1131.3323024429432114204569385753317219
1132.2081154197888342755293560708696297
1133.0849308285178357114556017505539953
1133.6477944579333153457238696137708052
1134.4250249885381489923404699668255289
1135.9696884633300117364610304062403959
1136.4056924732486381755023053492211749
1137.6632872866998031595733981344318665
1138.8399845426870315052277355324565232
1139.4280054516231513274892228683205375
1140.3926301203077039765508777937508316
1141.4204664541083900240080154360771668
1142.5512514561614966112008358154438592
1142.9970477168293486902649778119388348
1144.1341997749504813218599976102336619
1144.3737477434249488748994775620732048
1145.7759325045014631833172978209282129
1146.6951835411185333140235647650566000
1148.4290925224889704078379354056466961
1148.8799618189713586204270700852409496
1149.5943715639022154409869681117814963
1150.4820840070404377872109454954374482
1151.3435521327884313649468837515955004
1152.1622754489629113137641038572399893
1153.4645819992873761627215154949268548
1153.8832233822109610720423841070584095
1155.0991063076763066596586978610490860
1156.0648185043668984436195745548988430
1156.9181710166999114782716381282493419
1158.0889605425754169852169896803878857
1159.3033370849755166074210558397262318
1159.6424897953834464782628482027703297
1160.6163487349833099716339426270437252
1161.6791174811766362603001675075477391
1162.0902801247074517699232253755847801
1162.9323296982219395981369293331167030
1164.3320818937994994429952907311652483
1165.6922610521960812843217215991325512
1166.3215117996524753915187641373508474
1167.1195907291351885222324741751738767
1168.3102479512672806347914720747501345
1168.5542060754695156680831051778648232
1169.9014960717392900587567300637302496
1170.8278182444433129493556489787228872
1171.6004559892869958715558523437966702
1172.5603232717210358235037872157402947
1172.9813901914108034457912401147265856
1174.6271164553815044004819345008549439
1175.6028486110481781836515529409091635
1176.4596639178795693284851880353522395
1177.5969106230475505789774468948557322
1178.1264595951660183367376714213974714
1178.7656823031516329828800399934635446
1179.7186760454514785000370791037734051
1180.6258202578516141710216095574403083
1181.7064449064641087410975227353801845
1182.7512621809219666200419949722750026
1183.8156043031197132953389179357309947
1184.7970341547703765323345154498360802
1185.4223480875221850039960567717914838
1186.2104910585768141847290544893346998
1187.6801872622708385359364056923099093
1188.3237852579298107570427525094686583
1188.7750284246700021003245766043229442
1189.9990228434038374120357250394351444
1190.6390376786833875409168209126991996
1191.5210225359552885315302515006507331
1193.2518933407090610413856903300341963
1194.0026803927130286436768247754390047
1194.8758990199568557496241445316180192
1195.5845126064865008765294739094024236
1196.2246958737082129210814517225473252
1197.3277117947568115204011283452553280
1198.0930981954222277077356551261935681
1199.0707581605450104720952157205352111
1200.1608179063434762696004727792899666
1200.9659097949872091299132811669854497
1202.0758749930512269113818332009780122
1202.7998281129792257323145532830005509
1204.2600914404294296141554332017522487
1204.5938722684040868930272078437994296
1205.7982579521461266967202643801351021
1206.5631567432952263296499530926873214
1207.2173264128591607825657622345502886
1208.0284256794619831224406695235411029
1208.8298667959317801071857906437992945
1210.5111393111245601776149678490737423
1211.3558142657137619339532708224415538
1212.3001418425014863805582460568629149
1212.9252213885308896005136973285360905
1213.9501649444609807409477909718276365
1214.4945889696827483053585126333948997
1215.5740342851178072549642731638906309
1216.8253641387186634225770587515966705
1217.4455841337740631357261441369548327
1217.8651776222413405342702706334600283
1219.5257494492534926892825946906892681
1220.1200967369362893865057357222623713
1221.4568483340247394387463423535734388
1222.4014911900987582450010332281282429
1223.0492500401670028968460388517828073
1224.0475158725027236860564092147669859
1224.5166327335694307873246336544823443
1225.3599314514777080439373866143143803
1226.4809466958050205102770926195161309
1227.4131120832059115705668701228577495
1228.6172410480326843956451032903831707
1229.9027822705989039307032596739608648
1230.2541024402967913316912236971425206
1230.9623432404932075968983457679406339
1232.3281796250636769362698638428705718
1232.9718388844260170873199568294741469
1234.1235361585781982916759363008092779
1234.5856353708636609970620340010918669
1235.6587033687759738118223050585185561
1236.3041457517327575398446152565787884
1237.4142324623148321325544323848419356
1238.9278019453218037636360466871829284
1239.8221596214579456745579648937214784
1240.3631499842637312967883629902305936
1241.2217385920755975087357720328290532
1242.0970765857998446643727989032269534
1242.8364863219122215450355909407212128
1243.6809227119975063734272057242334020
1244.7839379408269768487170215948517800
1245.8967089252792290873244158453164318
1246.6692911455792477508187742198888504
1247.6719988141042376229684758522298982
1248.7477578965753153609194709403425204
1249.3295485855742610845620138508858805
1250.5902201556396101603264805195933596
1251.3147835916364561080655291731042395
1252.1251098970815541659778524855129992
1252.9330468925589969787966499877569851
1253.5536257938591474369857351928421099
1254.4888297646605752377451984295589438
1256.3306105156036598080374382302334645
1256.7270676935827991380954720822591822
1258.0026528601387654985518148878770762
1258.5660518982799763526199130022142073
1259.6198732256985988496284176592381794
1259.7470220764520402275944372214170246
1261.4252327681265550360493445146911692
1262.0924217959517350854361259834372414
1262.8538844949310303959507299337763607
1263.9254787020640407151079557907241971
1264.7555670395354576806651437028612715
1266.1312961602512345405404347064610603
1266.5713844575617059766047478606562839
1268.0555061771495228079017489979458977
1268.7529910877059758922848243559199333
1269.2638674656025200316969915866374599
1270.1534749963994757718214741380119452
1271.0258052199357339223739046420863144
1271.8336658633686915256524334976251776
1272.8720425627845270724169782620474690
1274.4524372963879833078174288959815088
1275.0959655408450862177484687150693292
1275.8115299045042914935413530392478818
1276.6953938172612321296589697508470255
1277.4941847482826723647838791153801860
1278.6110023917999987119088179894736959
1279.4176910012096802320930893486134615
1280.1728866599259211043652154178064090
1281.2158550679607369559024007158628809
1281.7383564726280145128880953375635548
1282.9116808725513470522482157315186374
1284.3128017351990499035781306743290572
1285.2382163200804774249678453287463208
1285.8957780167286590279233508592783679
1286.5802977426065287566593336707928794
1287.7834882312181843088327493149147530
1288.1509989499593769862822934045544202
1288.9025551193365350479561114731120085
1290.4297180623142881294504678863806620
1291.0432976811096588593918701964517903
1292.3583189882522935453956302178169391
1293.0896656557469921350528951408243576
1294.0179885671004801478892387841412353
1294.7984286479931895127959667505201512
1295.8560464412930512402447508762210114
1296.6488301467644776829398504501827668
1297.8048323576063505968932801512890626
1298.1956745626968684444891236301025920
1298.8312088808548333883436390244913765
1300.0447645038443614451619732568581407
1301.2786562393296986298167968889102097
1302.4014679087045272972702587502347553
1303.4056630213631980427395422840313374
1303.8670610384407920813318604156620889
1304.7820661512019742444042460035329074
1305.4349391515799087969834029333317809
1306.4259656054494618968170034210139110
1307.4791953047599425781148993406433769
1308.4415548456846756391493296014370675
1308.9312788285599026765701463875141146
1310.6910707138142941282458721347939496
1310.8505359949772452122971202588815875
1312.0417004263410793304104783607619897
1313.3013293310810415573506704333809084
1313.9328887475164110022786527267497740
1314.8412217686711474499161189536152535
1315.3296287930181632835174924106805989
1316.5080703384955826995501041500719953
1316.9887767752227612935070916768337131
1318.0165755186378473112732803418382937
1319.7846401592432729743554407360766436
1320.3017748403780765650177361279985577
1321.2293037933442466316006028163532809
1321.9994951624461278500152499401626080
1322.6641742827740194826288218648811328
1323.8458020990883268901093863872469983
1324.5101397648481907771158250588721011
1325.5944307009327833547822542184802571
1326.3731040345937380827418555213982535
1327.1613735841419663731981237167682836
1328.0217136443048073368002116891593671
1329.4538432207462264775803290161704307
1330.4629497275450159641704651523139875
1330.9513551097158477935301215401151501
1332.2188580945634116376789403537649916
1332.8068323596243689429210035591923279
1333.2555126631865444169208261629806249
1334.5112776346986787644779251992766848
1335.0031687925994135170437144265111719
1336.5771918329739044946259407569664178
1337.3791071640701882753359079320455070
1338.3409880303373772446610587353188130
1339.3634427136278977887172060923910175
1339.9488180270850093103010812435161095
1340.6963453472350559818884132180735687
1342.0554736432040071206641063700585262
1342.8471757826642204855986594221302259
1343.3361409584399808894744366111826994
1344.2692217465873559114404361952022399
1345.0939701349319280021815036964934316
1346.1834853104888320354338837847133255
1347.5923428212358696984079222681563150
1348.3627992934424878832917823251205784
1349.2829414312100745895092542630051302
1349.9787469740109862836004926733862763
1350.5280637027894135734817363198954864
1351.4976209100795585440150120017174967
1352.5389138044120654839256733592435755
1353.3450169244754244520100889833340725
1354.3000501199912605451806802409211578
1355.4456636243505744293299585225046227
1356.4247251080523199375189280812487642
1356.9112344777033717842859603460835716
1358.1707014167832375805338020479706424
1359.2689298287040473333588926432361005
1359.6800501404001261593058612982049102
1360.7496619416678538959352728550051463
1361.4340687433986140110235284472412200
1362.2999222008003701915766691686061857
1362.8488256025630114017638505325566710
1364.4078237646148791724307571145204919
1365.6962585525775532678486186287245574
1366.4099654374839243768610919207950267
1366.8436767977188132775191083605897650
1367.9557817420861877016193276453792907
1368.8538795043296544525746128927462191
1369.2900158859499521927930024119862018
1370.6677360192869413956517518256198062
1371.5153980763881408093831413499532457
1372.1694986462353691585888128055494886
1373.0380060983454743732606221775794770
1374.4480692351601573590902254610781933
1375.0280766729982168296562269952352327
1376.4195011020358435390692049830782066
1376.9074999012063541594298685348135909
1377.8698872525679763861045619950020826
1378.6580573053398157476230608667771263
1379.3973198109880993363242233705815098
1379.8453165820157075948485853319800857
1381.4107071679715104380560130437975159
1382.2036726320575882663595013376127559
1383.5228874770597351616565832155560632
1384.2897084776586977295921435186216418
1384.9751122329236609393257376246338409
1385.7273948339981339726638035198051650
1386.6412596524293427242354488954364565
1387.9440340833493819535803435922976875
1388.4082037068556438132006799652745940
1389.2428467668384681555300629357829174
1390.1177596180238482088319176067218388
1390.9655099442189783546888419051244853
1392.2026862802189688420498985539861829
1393.2795573677847662395276973840606313
1394.3861423787956880161278432768987193
1394.9500290613264619834657090651881578
1395.5010408747487449751368735981962525
1396.6034884452744752655737568491057842
1397.1408340422675975025136852226916675
1398.3490932171204578952907932841476709
1398.9575672783676125998867612391821524
1400.4487449249958197515940131555174332
1401.1861172693414536721611082658370073
1401.9953235121457104468684020826453084
1402.9600805672825683840192781438805952
1403.7861708159344393497562816996990563
1404.8257653441410893087264728205089111
1405.6922649696259018414083114679584973
1406.2875454985224669186584437398660544
1407.2189247976534958041393148167045134
1408.1158956223534561984047995999430493
1408.4922282877584031116186533898832361
1410.4952391023641426515456989758875674
1411.3349074094179254940403050087370948
1411.7459622705210734038734795813314157
1413.1539921845344540750318298889147898
1413.3889656227560128765172460834979814
1414.2993549227020864902463140247475741
1415.1709599237563344970549186363906540
1416.3999650538135883671482662520575843
1417.0349131224248248392500383658871979
1417.9830791416256491208363594701244965
1418.9072319376137428456317078574882438
1420.0439102285861332214966087661228499
1420.8718101065860259453821633072798892
1421.7303012532778331551407515981512486
1422.8769830446260253250194893335437869
1423.4881606427751558117201069747634347
1424.3020321904521044907377289958971067
1424.7385758849944373629373419235783943
1425.9459901731657038287270164687336567
1426.7091169747209340047346594109219109
1428.2265228447773963715789682954617343
1429.0110184464709995164007591763490146
1430.1942264862861371263823192263154909
1430.3866347472677908140520881911283646
1431.2972754158996668910246765200628274
1432.3915267012062538002164577585850827
1433.2893903718591509149892398848380258
1434.1574280382722138051691270149005445
1434.9172805561798082425960145245422767
1435.6114193040905676680522992136906590
1436.9315513802694735091104880502976982
1437.5249117910066481731727090674236671
1439.1352478000583090284756419256129202
1439.7379273773632443533918222104436804
1440.5415129215236190306274966280177435
1441.1437913718136920445590847714624416
1442.1776822177799151796477610852245494
1442.8639298190815672463152869097520075
1443.5179562352775851687883786322492897
1444.8669264779950746734443576992694999
1445.8791425088915680785013422399339929
1446.8857959438768988639052909421751959
1447.7203329359634897364563670759504518
1448.2491637883416890921730571174086801
1449.4742883550506662969319710026664824
1450.3173382238611675654889256368086714
1450.9414739590099918887802836344035187
1452.3172298197264770028031187308533514
1452.6239426139121889185930427745134598
1453.2565926952058509363776800807576368
1454.4399253389636900791262517899945312
1455.8385263749255489583419026003699475
1456.8181017769122753508570883541308942
1457.4671552402933889999700090768018820
1458.4879831311929186976338805830878012
1458.9734456144265117447900118946450937
1459.8954569466922239786555352560069879
1460.5389991186975456845453022293645740
1461.7708647968841629882955634339527905
1462.7863243623515811283403561756232680
1463.2546222213423048822364722504969363
1464.6704527415407019205980173943197514
1465.5002262157677876741926114370711576
1466.1749364693122222574124478445013367
1467.2141863537388764531264633024657938
1468.4054933436530467462055211733624006
1468.8952683708442691327940435838607819
1469.6624011437683659846642105896907746
1470.3944289133426974373282358065771957
1471.3403899553506184138971898952213545
1472.1158335359516283477110195777055278
1473.5972095715794589218212921919458639
1474.7913958449694551084086890243758694
1475.1517628475889534234722053059972599
1476.1495174407446255100401647959705042
1476.7898937058498254244648075720782111
1477.5481539031565906795706249962509141
1478.9706989758298971288065186549788699
1479.3019404776317430530965588213399851
1480.2956486417661921189925415614334217
1481.4106473248688339041864102092645432
1482.0083089757852791982078816525625473
1483.1045661307120723707911283004686099
1484.4677770549033205547249839204934338
1484.9555985470319460481624194957613146
1486.1496055356481988153353243346057578
1486.5225585496459612306632139750214988
1487.5254614222966023443910431549113682
1488.2438521480353944392371144911291214
1488.9437674987845411875340874369123217
1490.0063811259322197177750138730709554
1491.4540226133330527866780312960482881
1492.3176274816553793709810226315211206
1492.7903790428851130815469846322080512
1494.0254304823778415305145290447472959
1494.6646833875443525493177617977178627
1495.2957226570822830774583943285567267
1496.8308879691334664346110612825633242
1497.1330307235075158881534006656758254
1498.1388143126672691870544907327311100
1498.8276237517129734931704072358462524
1499.6124599770068524255571524676331012
1501.1850800728148567694093213290556778
1501.8973187216054872668852909480490065
1503.2041759744531275447156046154166467
1503.4140931876752536687394620565869104
1504.7520968780471239806343571267362597
1504.9178573859752418044689248263455983
1505.8726394085034388548360911463322237
1506.9582203318735271971945192250597976
1508.0469057100481525634868873769825565
1508.5979599612402761051238891638093334
1510.0803261866715978628845645730345592
1510.7580897302539890689336190654236069
1511.4395949436168456823414803165034757
1512.3739437856211694351428525466832117
1513.6754360507037465854544548882867629
1514.1549742218860540884456246206419866
1514.9633131368388781161231214831306602
1515.8331188018869697680956143992124835
1516.5088543904712643772775633188502725
1517.3470915783605583594174681131005710
1518.6820011093351049828922800650246707
1519.9054784804044015090096000559520307
1520.8889935837878138530515475720048012
1521.1388116815773516812977039606912625
1521.9499524685850907796730579775873476
1523.1699142923078739937940780587413423
1523.6120725375546018684980841283168421
1524.6789866571061220885013524469198043
1525.7081852327794526560044455798829813
1526.4655820265654604409926499481020656
1527.2993269514844061997194717373971558
1528.5259774613545026060165550415098481
1529.1279243426581125121028348315499360
1530.6030769417144318304015041655284074
1530.9913373202659029215693577835468022
1531.8978574564350333023001506838173116
1532.8221641688690505515304092629875203
1533.4946008877098633257528474346777764
1534.1073666891855930191094888655326244
1534.9933498887523795853989081717768533
1536.6176995320306441219002739758701285
1537.3084212223220552948643194719314594
1538.3168904104923639613762765215408210
1539.1029583109062889757264040441809264
1539.7852142675621390592715777749261118
1540.5359247733415018751782657559790878
1541.5880253535031058030896868118516365
1542.5510374136023179592498918508108815
1543.5495822229720340444012720129907838
1543.7087232035949537146519017020431835
1544.9481662063355930169012666107498435
1545.9897695819353450217269818878161816
1547.1319861740421288087608810400180045
1548.0218210598556036418622943917699293
1548.8964429631188997633464329117020114
1549.7432255965609678039454919059323314
1550.3633391829980298869821261290967075
1550.8119672777406256758054125383422083
1552.1924048912906677480555129765183035
1552.7617542288453539144571388271526940
1553.8707320634466752123445249034039950
1555.1872322485665984467203054966092667
1555.7722976407837129315860124724228270
1556.8763520954778405222794189211562790
1557.2047985656048752208038713674969351
1558.5235359597383092277922883911681278
1559.3538107648865165298624259930506306
1560.2743442958624269734425865472443442
1560.7630807500518825621034681926780926
1561.6437679830957613780762500614433251
1562.7841843819083746860444914311985722
1563.0798678809066755024941764460739626
1565.2393319757925960454229414173304544
1565.5606106450996751322591047069481715
1566.4119932746718490092740468401677996
1567.2974213039877655823439611620391708
1568.0057304532048155355672154863806490
1568.7209324460836321627150448188352571
1569.6512202679072319043003184382254127
1570.6142618047625142209955661803791871
1571.5496031838269364883295874824831305
1572.4973995165477018154923946452804745
1573.3158971196402905253636799512182779
1574.3402224607712165350768589899753401
1575.2393524653271158316680274010490408
1576.1706870262810793289346521511688312
1576.9168598122633848399107009449722050
1578.0016899054688746043208521040523903
1578.4385126075176424446570884891052326
1579.3717174242007255078543536815332045
1579.8185694284253377760378093430209380
1581.1801706721139835523205034189880043
1582.4602456859364675980626399032679824
1583.2997674692785886530123243270442738
1584.1172082508014960861988456717803656
1585.0204055281052011308807758078428682
1585.4073555301581314088752411714122143
1586.4385660622242631811851420671051474
1587.3885224124030606237742232006734785
1588.4811482194792711779878346750848570
1589.0286187255174143862125948139560443
1589.7398151214392046705964058215476629
1590.9522408488385550355617599056976295
1591.9969005584563358414771615840443623
1592.6711990645418287658411173128309023
1594.0922824261298816752919191647414441
1594.8123721657431372422296992348317399
1595.0518523023565045969980401306369776
1596.1806583103092969270758463954288353
1597.0041436697624092892792920164476809
1597.5104672962031111483803012309430071
1598.7855125307121355665317841769063602
1599.7517674712172222185300825458687492
1601.0628462256104801037314911974180537
1601.7091051805576930896739173682300518
1602.2464944243477787307602345640985465
1603.2222341666844841813111934818651060
1604.2314752904024476234828959619776017
1605.2032102377449457398306256544626386
1605.6545705115004291249459527266426745
1606.8182495370687486480681088020155604
1607.5863057876444215381428044742803175
1607.9446032811655449254514822401602389
1609.4742003329954311043568245220412815
1610.6883814488487196647415358848784521
1611.4608904473233695612850058500079415
1612.2046403415785427470155374453010474
1612.8658159969256483959285016107561097
1613.8014761028534191810457554031762657
1614.5427827505336067666088076767191505
1615.0881804612322936106044809462855838
1616.5881136207753977479773302274639080
1617.1306664124199124102169752732077260
1618.3842368583649295829658220829986505
1619.0085287779804439719376056665475840
1620.2234801285565441164081478077043731
1620.7730097784980757750437814597197946
1621.7144471225080977038965852787308091
1622.8282695283669489390658286989524751
1623.6373559112556315390774412399174879
1623.9778747230046145841729325910338018
1625.0616125180792954076071770004029607
1625.5978935945693488287696418718224822
1626.8949644386424102474039509133707591
1628.2306204307886658263500068388526162
1628.9612796462939666350281613197978385
1629.8028889833694015286921869379300984
1630.5449750653856047628398171153897801
1631.3050034508299154706182289503241568
1631.7839513215348058132236504358224615
1633.3631971027189542090338889095986436
1633.8221251852933776282458532390940966
1634.5950159726250073990588312113084559
1635.6786156751268504025430873934666535
1636.7566641664875194913232053945746255
1637.3021110808468184818735241327936219
1638.6622624707121095571252488464165434
1639.4041029037118639479342661574040783
1640.3269741402982887666335956005937244
1641.0515344460261358874806220655306075
1641.5815665659654674848717975176492264
1642.5321369798167332047748140240506758
1643.4127833197431088287082827769206001
1644.0663833062162897563522793728165363
1645.7325569275778899864396049415313712
1646.6401881158256791661324070743982793
1647.0871941803275826980700988708298341
1648.0208839222295777024826222658018551
1648.8611085467338098384574928169075399
1649.6698769005821624980286258799735966
1650.6221428667724993376235500498952565
1651.4675418887034684625730594294163607
1652.3805256707677777257458877470257550
1652.9381074324464471097488742201617703
1653.8257186124721349843814796130752128
1655.0122399548839933196822867109952507
1656.2871662208136925864810788166402320
1656.9755028486647259708269283394820606
1657.6362832900969780482995707410339094
1658.7580039332345878388296039295156076
1659.1238325070064511839814138377305930
1660.0530794883749522353784369095764463
1660.6910797380528099915696418634636639
1661.9300586178745694460207760998681497
1663.0419842059217839370315543461080683
1663.5777585641956411446342582054192342
1665.1069844403303646005180216228249565
1665.4485322147331560151905717635102814
1666.1437740117410113911552502607931485
1667.4534576686917572826919053607675593
1668.1182869767769799664297540138235399
1669.1402779390922875251452240935364312
1669.6722616021853217124993604619826393
1670.4502100973348454303250253672628430
1671.1783606537808543978194623926463812
1672.4645435174316732195912942239719550
1673.5721758899730013111419244262826080
1674.5689803927246805887374856723082707
1675.5052189020738211624294090594138771
1675.8380890666326336415813116859145358
1676.6181437328887724819348493885992828
1677.5905468578280639735172983269893400
1678.5357724364758773335594365646173056
1679.2239750321121453579450830557712610
1680.4397927007516063259099380365454560
1680.9440153031962631377156275582739362
1682.3843498310016750134320355763274134
1682.8359315155277388193083441611822253
1683.8123774328775744854582740895329342
1685.1139192423831408294161084989160295
1685.6955799506893682634832215862665263
1686.2777705414315476104263346124275982
1687.3675168409344991509483534291771089
1687.9177519280084610571366226195752117
1688.7536038917114829736843974645758223
1689.4889864748361545427803229819921731
1691.3215966893869862768812105576151825
1691.8098544675531982453821931666717162
1692.7928797975701025492706443076297469
1693.3583749479952776331541701066980802
1694.3698384185722409903606863912646965
1694.9782227419366210086287744816149186
1695.8960305629442302966845773161230654
1697.1312447957570987379857705047305766
1697.5002563981393821164326356175890595
1698.6224184969827006316997455516692413
1699.1535858912902365407284838152453665
1700.4593356126123835352245536309967157
1701.5634938546666013224685113196705449
1702.2930249585648157040988612809738833
1703.1587797970378950388725281960362970
1704.0480915933943480495941578101495111
1704.7920319149949034083569353633559214
1705.1798868196319447826830449057228205
1706.1401445611587538159125429354905109
1707.3207411990547399578963978565686506
1708.0803729613464867627973132461886223
1709.4598952974764926278609428850749833
1710.1223468649824999817964058886113835
1710.8610704117800994285712363240081703
1711.9721258796553123879617933735629855
1712.1807914384241165659067960828660809
1713.7004576738558169430537330658180069
1714.4962687881110502335957377473596045
1714.9905749986877847541965635479733343
1715.6976051705632757846123041796796237
1716.9057367709945712308024402472191618
1717.4323247799288478316539950418414576
1718.9401336837336454602520286295228159
1719.9337953840975992784065139998000191
1720.7438285367821820130322259318792125
1721.2267540855805009798489436222662269
1722.0596396120224052711523632268913459
1722.9850010633355073641086246983555499
1723.5059637800315714162296862639724087
1724.8702739074789545781466963881464386
1725.2965760422067464680496675448729336
1726.6256715073459261105527436078465495
1727.6297712315001700150304177700464761
1728.0644412162947290153154889125360176
1729.2575437511635977608141497767680380
1730.0498569624561742287250345539354573
1731.1436286803945009878488945969243474
1731.6339818480714141486878991252774443
1732.5342673291861337891614060604343120
1733.5103911022184858971703067719565262
1733.8734709278072759607631131519369136
1734.7051317561113126900503371050028631
1736.3687706269449282273184069124691857
1737.2377627586479393511733744382157331
1738.0372976980805013421676736967833819
1738.7831197940957739594016316114428637
1739.5045626453563281012747753631143248
1740.3407978338032830678376397038638520
1741.0550614733977433146598293073085312
1742.0599184149284242358699185602758141
1743.2211944487946727431203172181025709
1743.6328843165140141428546191057302734
1744.4629709644180973486846666078068635
1745.7905858429574324428030348851452763
1746.6303926180841068855259093598423986
1747.3546613136394408783192579101764396
1748.6456571025721547796509846965663185
1749.2188249676089594380991931138055180
1749.8347964668959969216758695111428263
1750.7064432108840263230787987410786401
1751.4094429098323805313998034572596831
1752.1555592714302820854464220980890943
1753.4850583521216143385664242387396905
1754.3933874900127305674605543711419830
1755.5529495123826180282388054778909457
1756.1973681528839641717173312331373898
1757.0046013953248749700726938919851172
1757.3640687424790832645451143253954987
1758.9726903664386189742358772881634213
1759.3631722678188682229319365265800039
1760.3715417388466214772715529480472726
1761.0698601053517916482183269546496583
1761.8787646570594077437302920617471458
1762.7792294236579940754225028568687347
1763.8142443178230488569579590540965731
1765.1197792160005901984117725283297608
1765.9520218842757731360431662480876345
1766.4141744332842250320213634581357473
1767.4727285410845897711621078406502202
1767.8588721018949439659552896125317120
1768.9763466272991823157683198438240133
1769.5888541266814800539541131623841040
1770.5546430276866629637553044694767500
1771.8093419318411455182092147780255061
1772.6063752818205659222136437790683401
1773.5522980671249513016683891289311614
1774.1394434901495024088925170062917496
1775.3245645087020218899437730196632153
1775.9244856139893770008362768180842981
1776.9373672645752852947523575213908702
1777.7689436154721307074515421850507681
1778.6401924687382944798351199330042202
1778.9711308812660739655318109386203844
1779.9935420586833988972006845971748573
1780.9488393086079503163217541825793105
1782.6510505599253718332799549405850410
1783.0556466237503762295542906018521786
1783.7636124368795676048580751018142386
1784.9954869883088374574904757670300055
1785.3983600389823217777038212614363335
1785.9417534914978651744626493476714893
1787.1075862606563684882818048716697953
1788.2702550885671100835576187786573016
1788.7331386389592217173905532886231574
1789.6346697540704693131784530405512779
1790.8645245214171236388992678724663006
1791.6054978144695417539843865821596803
1792.4028606691910365267688567354997921
1793.5941653498220683471030956979862189
1794.2050941796188867587311117168689423
1795.2553255404530070200192327446463035
1795.8863283276695991635269191165202312
1796.1865426687051884804832525352043848
1797.5449905566175554904036692646516730
1798.0628285603790507770347435599198453
1799.3935926329633587088321788529107361
1800.7140250696272183806006524975458943
1801.2652022632094292705286200076102637
1801.9509576975283880699356998592055908
1802.7382878876485538262958811050485244
1803.5169825428691901753223573696261437
1804.5969388105728205095770546747418789
1805.3815081809298391028255305815151562
1806.0903347322176964495278394489927407
1807.0937879942372688593025488756572754
1807.7001778798575721467466067888491631
1808.7810077130262678555867524136865584
1809.8085635018487452434236409104815636
1811.0152660780096131266565607860393741
1811.6165820181636347473773078017477693
1812.3940950604204968624356046312332716
1813.0011765852342714673530718487438337
1814.1091052726842865606473554535281715
1814.5592854765586352342417602408786891
1815.2936581935322198844464336240025653
1816.6901437405861081493885947660463416
1817.6898156496814394744073221375167636
1818.4024114419566300292727700841809418
1819.4890276007111690314835561016664094
1820.0139188625299225924412903569574887
1820.9121829172711593941438573674390949
1821.8178278131535912810107430921455982
1822.8295726381902644880451004933572368
1823.4331221760889237053528877283943991
1824.3556100671841164919250883305391792
1825.0197434362641875405805509844887920
1825.5469853573962524564100018087524258
1827.4401598318937593247512315056171589
1827.8155976039363613370874499577849100
1829.0813390708138767928108503408904409
1829.9197415259587887429267662257934851
1830.2448413882114719924837575250332530
1831.2322697504791338473994087520568466
1831.8498761224090847026656839717659248
1832.8531722695913272070634306985087707
1833.9864462993825517211753789429474399
1834.4760879939750718748378667217739867
1835.6720543413772433025741292766525916
1836.6183402288883268738852876799090678
1837.4849742327049773926713840588173645
1838.0229377615303092132064555636819704
1839.2900943818647020747655323942068655
1840.2215875135208808061987346997425235
1840.7360911234683618038710273725884352
1841.3589429173467980501669203020535054
1842.4433902686816683944386344073525280
1842.9807194563896023997294262904510650
1843.8995222514210852193302239981323436
1845.3879970817567405534937949406932267
1846.4029516244835319223453251430117104
1847.0155696571823866343744216672002688
1847.5457541339224542494477704690087034
1848.5527629879275161607111634812079665
1849.2935724673834449446174094644607692
1850.0689148822087271224202674930798371
1851.3102791576166246728132583339006220
1851.6793238430640364873108302587710918
1852.7712977524381833832570563768321680
1853.6811760489108068272514064867442363
1854.3650808232105750795435280382944365
1855.7235631864513359496917994030901218
1856.5725468278352068554095501768645541
1857.2217677177818993890927738194775259
1858.0512468660693245416682673225723040
1859.0083881387329785685488910052909112
1859.5264310489501740093349503772141975
1860.1008809166063302736490131700993720
1861.2332650180031738829582567922134933
1862.2568509847185176347497103165917503
1863.6430594032853601238833677596216231
1864.0106851172458071102583233501424130
1865.1081988491669388428006358513020490
1865.7097312787513833403777812407901871
1866.6727430968692715678789367907060846
1867.2117032905785939804722098537586986
1868.6275261918808586752297096308732467
1869.1887508343784687108070843101738581
1869.7965931017779645714978899035484268
1870.5279867548945917214240083689146787
1871.7178685106386758866711234863845175
1872.6256019974715097485634410344378082
1873.9380755357563633376774871400637875
1874.4891097730059323017162480643287368
1875.4766855650851235304697394838199945
1876.0975743714450941108075923107903931
1876.6791583902864388177205798629024774
1877.5272726590901090209975961729161289
1878.5072274271031514489865407436128675
1879.4253033599560909682248361466775156
1880.2468659422134754690620388447126025
1881.4522282347621631709014934019230845
1882.2776193040105372417851714042688582
1882.9945476845469404576294513070790278
1883.6067604209313924777708814883580341
1885.0173178896080377151036034008334388
1885.6663136012000587032104083065805303
1886.1775188512516045707221181178504283
1887.3360704576441345754994279542885444
1887.7589546008605500905190003470807756
1888.7042547953556415914264865613391933
1889.4479684336935210658729110550819020
1891.3108314845728639206402739533898532
1891.6050442708625414082890275021393983
1892.7326810766998176943025608613166713
1893.2149541639259215989978885504103597
1894.0160914208704061821640735869236212
1894.8269430225589679074277573070481314
1895.8745869259139086427969018069590108
1896.2963542404664532539164383293653684
1897.8516792517359577872333503218260289
1898.1580047549722502366421273534203668
1899.0681970617537330629657434320892096
1900.3937778592486633394866762692490726
1900.9453680685564098335975070359401488
1902.0793741239763579598385531971177989
1902.8155120899733068216117139752123656
1903.7817067250444856993497175209198528
1904.2291167509369030680078462330392026
1905.2831409956266651734956739151993517
1905.6675319709531304124076685692017060
1906.5738610561457838076188222433304632
1907.9927892306757190997516046181835523
1909.0221069561685104077804920306907012
1909.6222637152110816452780980863068843
1910.7956408793444382083268538029073140
1911.2809317918530916374092202061406473
1911.8013725475105423497098910097476573
1912.9767412746974241833834849158010673
1914.0317526857274131511762005302099455
1914.5589605570053053808546144289294358
1915.5195064169421923687941890368327969
1916.0071601622728688211741437319580321
1917.3077176722619180737269586906533313
1918.1037029966979288620740918312084756
1919.2661213259705209380267180958760710
1920.1424104879996790261571648906158670
1920.9721083090882947996246248840468019
1921.4543464536217421334254788675970558
1922.3213364784171885715224052532455933
1922.9555167854162388124712934104183120
1923.9750044792258749329822385415495227
1924.7805879026727259590757740211324495
1925.7838811383117556510967657958115890
1927.1441920435272993273201778792023758
1927.7352197140174559693381534546589026
1928.1873714311069846955894571476956955
1929.4368391753475065308222662908623255
1930.0926954886967687824861999843328587
1931.1064813841216595649047817133680520
1931.8844295309361748026812869159192982
1932.5704912693140763961566278653905689
1933.3851995697982424500341648994016977
1934.1169711794949681082775347709074182
1934.9354670842015946551186095940316998
1936.4595672049325969855228930544030518
1937.5223064978728251707273596560989726
1937.8699926173343821349729916588117666
1938.6124422459454030813448977567800461
1939.7489127359722259014295892956377351
1940.2864702957534495294211269981471781
1940.7654873742096081270815721372946519
1942.1116162284079705336707874743888438
1943.0543633008166967235666628755070265
1943.5492500880408876309338972832468447
1944.9031312787284334085885946562487809
1945.4600491544240231809061713784321041
1946.5387376354916470008312348140646173
1947.3705924588349873324369324817256441
1948.1103771478467242357531689197980525
1949.3049713017458776894286338426290200
1949.7019015322440977512703226781425981
1950.5230692239533000836286082883974361
1951.1871927589347013379733013206131475
1951.9511205849994167998558713752662343
1953.2974191140933550402391918564742987
1954.2962512643524628359740838633191781
1955.2813103394776586712014107935858131
1956.1303887265767142637480512005459482
1956.4765919893049673042481510742948240
1957.4712113038403757010082331319991854
1958.1010495208127848890561131279670459
1959.3339337545911575801969471444461637
1960.1007160164988403224503500355772340
1960.6311629825580528892874161231292175
1961.7066643343933053644412222401801904
1962.4953680722831349239693592255032385
1963.6290464021308118987132616262312661
1964.3468493610828451113850328846760850
1965.5623417215716341635044248063662784
1966.4380777318691784812458013028282609
1966.7355092926533009157158603413168832
1967.6050709621849241485793533835162649
1968.4594172270779290216305662554031863
1969.4591254366957161167466453585800039
1969.6647531968048172256949642772917365
1971.3974227998004309892525818791242630
1972.2197549465050053027386988732876754
1973.1615265445701673080567992446049733
1973.7366436838530814106888389413059782
1974.6014238783753399367565613677135437
1975.3271723155590155650029181275900621
1976.5438432143835536760985040845064221
1976.9964016804486321916065864990774399
1977.9580832906620029671622000493489243
1978.8943276670652043212357721125093225
1979.3592153120546940862104276444026356
1980.1567939488286416536637490330888460
1981.7790432834905423626672555144373629
1982.5560002136571924235660963017892864
1983.2474035856270175632128409727003899
1984.2832591918697590610555644237072130
1984.7183444875922199528584938787004764
1985.6931636432940297495340005312182290
1986.1249459242782871023687516835179000
1987.2098072779635832089835396935009461
1988.1695146244798150739991717074467331
1989.1896567422764928958180980797031069
1989.8620760957144590354569485428863055
1991.0154425711399757123349963826412287
1991.9309583977524005837176194869287464
1992.2241641934886533426401689750849710
1993.5824411892201147058509138455831314
1994.2723035319865351950732760536655902
1995.2627065382415631846390159969147024
1995.8386878909088016889080818988085679
1996.2742958489395487583141429392750205
1997.4488997898762008783465305891194485
1998.2058533841713932580628161881780339
1999.5335538736183690568074138198686957
2000.8247290332350026455965177089973212
2000.9610448524018602041273057762015241
2002.1088127640600734387280056770759363
2002.5741067586007498168270365459107731
2003.3666255505765273130518582259893566
2004.3722092478551117396374630080539153
2005.2953719735877586502671611492826303
2006.0659764401792765857015484435572708
2006.7350816322539119449729165965135645
2007.9896813951292208166997514867792787
2008.7231599336531893181372202381550016
2009.4085512542473801395777856823652047
2010.8791895025395797229142815934599598
2011.4481890256902046911288922603241889
2011.9778524873691481395327547751835315
2013.0958872336993361323117369711022039
2013.7164141856407313961729301229654323
2014.2279290688848859760258603297158788
2015.2705365394841211293478204945406493
2016.1078280208483564354077901234034936
2017.7500869836421986862478092577896214
2018.2251038809298638158616733002419246
2018.9722149653385465000429193514560031
2019.8016214953730469044941469916711558
2020.6263833443392023759692805733147881
2021.3999818369028002149572275360418910
2022.2044977819025257688550331298344130
2023.2996291340883208596570060034399069
2024.0749519896618470410815629955513903
2024.4494524423575104532691915701532706
2025.4910608272353220326516376349985503
2026.6174851111768533677564901335616791
2027.7108931732158802966356178340259079
2028.5250716763159774124387551763615460
2029.2743016814423762648935305899291807
2030.1551723263456327069598077891907013
2030.7300760803444618033047387625352501
2031.5048272223929966024695501488386919
2032.0982736215548537601181393141020417
2033.3010939405483180473684252695955852
2034.2123739535563950107197005963570805
2035.0995266252357321967651754800500888
2036.1983949463867982528588265803562594
2036.9086317943485704930084077603586159
2037.7422842685971851592131744370951749
2038.1804411118252594884002961325683744
2039.6841677541995817747036357368906332
2040.2450465140258211243635748216864016
2040.9392692129280642165587388582801625
2041.6045561377111622949540519109767731
2042.7725973501210478619593343862952413
2042.9781735484293024462786899307936489
2044.5372234352680419080014934908601657
2045.6205149285829319959142864609109606
2046.4233640743971423749253095892740951
2047.2366584004637647374368499213079219
2047.8522974530869468275464613092978913
2048.2913649888191068772727329302695032
2049.6714635221104719615779164359143070
2050.0372856720263910543370224220097637
2051.1739525082249673026119091913888022
2051.9250974423132911637386289986679480
2053.1155809538076438598935956890497233
2053.6545239000725891084764688864757810
2054.6890053450318888733947144314939617
2055.6273071901945441369650411751012584
2056.3797909614200621853574501729580385
2057.5740435103130018208959746843479989
2057.8921618245163918417757216833745195
2058.7058601006797566054463823838068139
2059.7951611843622551350014660953044322
2060.1483275691854836812272880432975491
2060.8832456637642168919383192138036702
2062.6404790765372171838452375925674990
2063.3288857480136323823952019623849113
2064.2125255230168359679171082743735123
2064.8459182647867668943939607466335932
2065.7261745003046765045243652295963135
2066.4749225421562959010223426717428479
2067.0195960642029728408707280782259791
2068.4050682859959146383658481397800422
2068.9587291523598615870527157120345061
2069.8354219806363127288969820175771650
2070.3913724714579354675576824766114650
2071.6191729132312282723773818290869858
2072.5190142283992196685318087440682959
2073.5559089080862526450864136026278422
2074.2805844326053974139601252574857312
2075.2485846203080595501741064403673415
2075.9354607930298598998228555210564436
2076.4460505346778000644744376743247518
2077.3312093142832308831875582476584185
2077.9476395746556709986924949321843766
2079.3417787784069867915084138050760197
2079.8359009730599569881739734004755497
2081.3361512182455784581753008483044136
2082.0794222332230459670156257441790864
2082.4985539620032485325307543200221064
2083.4095970749056126135676849244651694
2084.3278915576977942849127263183304284
2085.2248401834181297017174837049513208
2086.1253286639512489906094323686863766
2086.7975270743389540619059124557723419
2087.3609077912747641832793584866168537
2088.3920577046602983556868262505555920
2089.1883731709556318984305335292824241
2090.2707743159989676082642075010420728
2091.8407154264855401702337169365706349
2091.9923970321764157379579063811297566
2092.7549310962335236528451078509872555
2093.6225820414489299686825129068305005
2094.4824027611612536348480378794724689
2094.9990670343174268809754203460941666
2095.9795420726188806483015755220496678
2096.9266447794213325970260985186840286
2097.9176060680173516555082514524516172
2098.7394207896252650691405066814405491
2099.8446714225486416272847900415008726
2100.2138183620001359516767210750559738
2101.4339882017428534876771581549480004
2102.2663914237579827476055783645370796
2102.9273740692520109622455234111346282
2103.9103014692520895429288332281403134
2104.5905994317410350060668878953044362
2105.3192447762960914934577189571375583
2105.8012550737691525286301614848050069
2106.9602105088366086256926600012004269
2108.4996946916284960130734666030962757
2109.0268802312871589701589108347017506
2109.8868884708698368576071667505612041
2110.7680381333104903323676723810377035
2111.4741578012740287237900430611974319
2111.8580288067980835601574632029667103
2113.0317427688943309609525506569899189
2113.9983585841772133187260100378179296
2114.6605034566578874969451791734661498
2115.6888761047909411716089754787930454
2116.1011696456334892602750475492173967
2117.6504674370720321542407126045223365
2118.1343266763225332525136991822740075
2119.0826737907415136625265529628740099
2120.2404926515981962857824545306344694
2120.8405478366219189444475275929579541
2121.6653181577560513006900043630045598
2122.0223923708703887320072659099089584
2123.0379735825136810394614559827548832
2123.9439228743467580535964716078473477
2124.5390379677867264024958383663919279
2126.2278611477992755900721233578426966
2126.7285873470537131783527250255384915
2127.7360456767916080425247298260713775
2128.5416479657812397294811858884377363
2128.8058041781224240547449326558196901
2129.9856253670977213001527383695812759
2131.2021491771708910897780266695856892
2131.4303242181581952916012692245491810
2132.4122685923490384390433490722750820
2133.3969603834903494956718350382296317
2133.9201713459842788875890624046106373
2134.8761308920423294920508043075988879
2136.2246702235348269439733315072345775
2137.0977039915898841042463835362077011
2137.9130286498810024793096662271048722
2138.3518946443652995678808369446947869
2139.4789473292419696435435326459579157
2139.8621442248835565277234604822035166
2140.8218647610713880705344766042388486
2141.4848613794557988958248934660272331
2142.6344609125697364236983227706459506
2143.6756466807128989733390920245095403
2144.4937589521335904934603304897696556
2145.2846308618503883187090496873293427
2146.1610376405298297734685557226887231
2146.9202504534228068785309295534616295
2147.7726770465595026284616344322481988
2148.6657700674757150573540750120756899
2149.5366997029288439265257157171834188
2150.3479925188150278463975149114928696
2150.6548371704449569840337163356994649
2151.5974387409057738813104164400329628
2152.7172053254633813818969273397360099
2154.0132774215533552765200701347570198
2154.6894025226015742352424164931511204
2155.7874390946757329813214025854840514
2156.0757021424306577429517583941841078
2156.9938310377127517928345910920852734
2157.8957228886095901075607750797096058
2158.1859305959851671300144360569209478
2159.8730890586640715422524936601002113
2160.2239227413243883755211277501103268
2160.9229719089996746718951890559425519
2162.2764255388770620160941315646345438
2163.1401653004070875724274390074778724
2163.5698668361233676818070295967280183
2164.8138434572473305916644732820151158
2165.7523411754218131718994067895709887
2166.4166219918099904882341504275797102
2167.0778196424205147182145527393205557
2167.8605348560456529148661365240686519
2168.6114917446544898979916612987768620
2169.2945834543200141517135743179984772
2170.3594122992233584420805218948154960
2171.5747006072876936651185471118563917
2172.7780471734894772511016699001117186
2173.1711058467033286286472733491364311
2173.7023909438273217517675539299794896
2174.7622041195161639392167401692038730
2175.5325578637447702668071417693092390
2176.3364142810267039244718303694906243
2177.2233479275742218732111351975202604
2178.1802590288427722879138530419665838
2178.6329929703577619920212827131119852
2179.7847656368268570988313062091173683
2180.3514300680707233164540332322969224
2181.9228871358185300381139216641919027
2182.3740394522724116007535261426984756
2183.5324491724789569650604361152584158
2183.9697471921422165543752846205162618
2184.8494827048468866531705028955793678
2185.5794077471263699053503305148096185
2186.3252770293048679148454366014154673
2186.8730697516303809731535799809471837
2188.2540628869570561963531138360199433
2189.2175591118407408242655863882103744
2190.0478381483424211810753084055398435
2190.8293208357703950755726900089846085
2191.8842940416530396726599805505830330
2192.2120540037228951726410353384800962
2193.1522105310234209411250517694961622
2194.3490368126733512359674364112382237
2195.0817121030345004341968706767394523
2195.4640058832409691967022328981106704
2196.6093306672676286645937187210523922
2196.9808245479030278123927870350332864
2198.2105635202913224885764746390409154
2199.5910566177980646544738130929409624
2200.0680631923960289644057321000746339
2201.1668624109733879078886440710477947
2201.9126094878754404252958791748381622
2202.4318480067380554687643693573563264
2202.9405618567955399761064338201807952
2204.1834884546836275546711464978263432
2204.8985062191525576054035038014488652
2205.7410299976956940783394292133633659
2206.6813813945267013013535801036978686
2207.7549583545278902466569346862017001
2208.4721480687660743112958677682652199
2209.2911370649668481363696039388148234
2210.0464183199825638237101089521650874
2211.2105681563930684358240586240414191
2211.9951081400085454193849089698583067
2212.4436340786940069638199617335651251
2213.3400212954705788824481359186342179
2214.1177241437534553796800779512624450
2214.8412261169275584320666926650358745
2215.5919915474464878788295023903159486
2217.2351588433793938021359777363244775
2218.1857327963621090299330503380478717
2218.4040783464886083812128053171979321
2219.4182293341546402084130169685477075
2220.2166802259056580318545292079754747
2220.7970829868376915622574422703116299
2221.8388897534149568874148667389597625
2222.5049318608045232482628010118699796
2223.6944751650078024197187791758843078
2224.1903994834814613522898880290654875
2224.9849107861284196291170276416590543
2226.1865472935769136744661051217608258
2226.8860887622827114079863077612825788
2228.0495066562057415947012620933561790
2228.9184965145671282225248624282629583
2229.2123152724894584350134604476758418
2230.6397058863196689158874333780443512
2230.8745541283476040224751732601265689
2231.5340647167706755958078692163648409
2232.3879713082136154488481332474472880
2233.6059234352402286168821486069546154
2234.5397839507051251792499196066375285
2235.5671683809189784879207308862626853
2236.4037165516599697165094577228933172
2236.9963361125602548164022360921652396
2237.7653011874258888949988690736150738
2238.5156491336736965694142995017430938
2239.5823365900912016771413310741834398
2240.3745323808505473389542940123113083
2241.2446142265021670739267176065303959
2241.6892798837366820936578917421233733
2242.4580497196651443165912270383417682
2243.9328207574672295349481845513058924
2244.3166425643643377220340494427561751
2245.8800244787732816649474187533384135
2246.4605198012111451134412694426286759
2247.1115358886293343237491085974914328
2247.8555715282011135200823764002239970
2248.5603787517921424041842235122161191
2249.3296512742920457862476638649761825
2250.2142720024658792479744251309352223
2251.1184028009670211392193864187672837
2252.0156211533371473056191247534166597
2253.2366697635930010728576798475885203
2253.8145349887769904429389942186860323
2254.6844990452609522673672922904794344
2255.2613002156782833123222536647306495
2256.6669522521536392720087721593306978
2257.0086152039881520060692136939073800
2258.0900781170886441713253729389449760
2258.5661923654669666273789644440590232
2259.5710473172133318207385070327228182
2260.2183295953004893490805277645068571
2260.7697808570122289147984134442651814
2262.5707878805730387943613012398171240
2263.2615119381538010354201051718253112
2264.0527651818214923295280188344962616
2264.6669183360656751003560004071495565
2265.6102388527212369984498690678374383
2266.1838485115695498469882074090989933
2266.8908156098968854526904024208774928
2267.9774806805881378530547166130825596
2268.7519318266494551518184924782613660
2269.7065055449374163332475992694461675
2270.3950916940990320108221639699050846
2271.3070154275260347611048269516862436
2272.3985473346896022187483475243833227
2273.2280821539675951410560989378339476
2273.7896896874231610933679486997955429
2275.1025441287337785649088152551504735
2275.6423245570238099247281640252526295
2276.1672484541254610546502036586776048
2276.9677624108737208863712247246251302
2277.8254013195661753614697206331628596
2278.5069851897182463246360681899433070
2279.9829924709170764569739379683606803
2280.7863018813601838311006424221298005
2281.6421483464496742772542899341318313
2282.5183681487434081399929163473791080
2282.9715605908256833520360138447624510
2283.7245277140585059535971391944420079
2284.6740809323227245635246153076056826
2285.8491725629954860590040419445616891
2286.3995419625865975510132502212478114
2286.8269585354094879395081674536621514
2288.2310193710297677703322881477641017
2288.6213956777471583176748529610158487
2289.8681218977587785872628392596826582
2290.8117410356223184023626562084811720
2291.8415801637032772218767140031647731
2292.4433872091621140733321237151039234
2293.1926936750375422880809891679094906
2293.6803113875923196332071978370272441
2294.8930473741818128851526620750934103
2295.1557366828122707392450805108231228
2296.2774807400558680148197794780225002
2297.2675235171111512495074072170947428
2298.4200552773476279839883601178687397
2299.2866241600255780196455664913356503
2299.7492756814281119294700031906401495
2300.5850716816079292339258069381774904
2301.6801072005148601911139791343499086
2302.3087194054495060902616223100937809
2303.1412249494769835541047409208542611
2304.1292063257998029054158214919282636
2304.6764304052899340957652637086561952
2305.4296862539332213991958543461015100
2306.0672902294829292251067637974810435
2307.4272135609176526940966770241834592
2308.6479174451303186310514580165696966
2309.1553090570921005824207091641843872
2310.1987865705091190291525133023876993
2310.4951317831017381467361362570541673
2311.6290183387717041368921469992512832
2312.2420596322564348537192503145932034
2312.6892103877860479735540202762146809
2314.1416167424166761420833660425265574
2314.9588088453765785960757217946147590
2315.3766044438289196705103432051594532
2316.7408430644865338196655393306176753
2317.5835251186050147788288094335742671
2318.1105188749435844635492425978906642
2319.0986678080332800177513586176264849
2320.2342875297879552316302006505118289
2320.6687185279903533434325699240693195
2321.6207669499367179541433056284896729
2322.3507923761485710599704678840683976
2322.6755609174810065699625706182556164
2323.8416069386647711003433975283933038
2324.7805760372975051652267756071169849
2326.0246646006269890979195735280121001
2326.9406151634845791663399232806753279
2327.5582718814431856798433907141955711
2328.4178129265695411870313242194470585
2328.7241146814995077595608013425634184
2329.8300813173940409258947139006447940
2330.7697827368941658459334740201657682
2331.5331288675195447092717173220945975
2332.2454403341321058182432551922607495
2333.1742361722484767861678975654951612
2333.9367978797026667961804600704213684
2335.0049927972145302991779754259548281
2335.6833690523641295100951938781557815
2337.1320606797869493673420363847740975
2337.4091047896504865532776318957217650
2338.4879131664294964374712158123894698
2338.9111387141099933308258358749150173
2339.8341395169013876396153288825868707
2340.5367288451329552470370070008870543
2341.2766767138072010045756994096952017
2342.1220513630665177333689543096673816
2343.7346655881001621640267491348492793
2344.3204300805991013581623751534225272
2344.7982281042639289246105174241748824
2346.1198665867097484050820387269118326
2346.4573491979017626316530916398070751
2347.2413436980565927295625015804884629
2348.5723136507957404232744980790705680
2348.8754951789397152592772694350594799
2350.0482718721799310934560227639064062
2350.5280608200632016114437424249779720
2351.2666523634336837838916308784030843
2352.2225396005977162943377832380360227
2353.6133263875510242079181617818990904
2354.4692206504805222885112788526120750
2354.9059070672522966841301416463505242
2356.1194756289013727192364777461447713
2356.5936387423975447169446526818698758
2357.3068992460731063875798523471077588
2357.7958814553944778883315316753584993
2359.1450868093251281233216998485159693
2359.7134665974554681861865079749071936
2360.8108588335124208672970867283319806
2361.6350052064968773980018830288501523
2362.6985710643381758779363475194778486
2363.3179518304722597304190329827640723
2364.0741618018735566495149977895601598
2364.9065572725957306276244793353863098
2366.1485727428907953063969909169837636
2366.6056997433269055059262792725271690
2367.2719855207236087695982224347545726
2368.0722257964653977048096197679341694
2368.8152120912092920852356187466288895
2369.6681667149544335039749838813326176
2370.8034477605771863724568663128867325
2372.1203518098282663296318630728859810
2372.6878329259177183946763388058982205
2373.3751960071192644123265224324668357
2374.0046644053311850988213326971876841
2374.8142884100904509513311381764579904
2375.7021591293441312170178195233098009
2376.4277295137469486228090807185439085
2377.4251167092294170240151130129970419
2378.1791882216726432629591631280465295
2378.9534698445854397282838890122701624
2380.1429313426089353386084420926344058
2380.6010042590988670854821919176617074
2381.7216777724129445685740176007199260
2382.8227748683170986092833744519109824
2383.3434578633765209297841843279938668
2384.0355680804258752333158372063317056
2384.9296799619051030285369133429809766
2385.7803797692989829423107216168597406
2386.1575839200596152736264969010348038
2386.9273699673132734820271853870323185
2388.5217620639348331183515845497183214
2389.1876223160580592417500114565436219
2390.3321356472819572639216675333895199
2390.8464616126724730177671636594649909
2391.4391316701153197895637126874754722
2392.6485777087628730687225126458408229
2392.9305852272063530623322665107614262
2394.0493818096479877918163960134936066
2395.0868547650586581772527167149565923
2395.6789961816294854463762899490343548
2396.2262552356176363982355810555738314
2397.1514229873556265183287333476228531
2398.4095660344110805558577053967811079
2399.1852984557390097854378915938891951
2400.1428110998795023931685428288334038
2401.0064244215868976894833507310314164
2401.7771956949105450791045279828937526
2402.1883645780011751346922233957237512
2403.1139421970468719275031423997050166
2403.7191408227785976190525105438722152
2404.6830346028427056513450492302905196
2405.7494528682964825923423220260192841
2406.4828325411463794184363363143483703
2407.7047891133770198135560599872691538
2408.5478625125027973511479029019455306
2408.8140941662608379011131634642838764
2409.9047382194481908291122163325411808
2410.6826840470873078803541749022796110
2411.9329827115370782381567960619910299
2412.2552880862839754940054909756940886
2412.9649755541950670915526932578614968
2413.8574858266574601293583431407462215
2414.8232540546182200239919894239270887
2415.1813802197344534148344333810145715
2416.9597504032145141287086658676048290
2417.6391849801426080411171085792660581
2418.4771275874426009836510705096194187
2419.0273440029478706373716449781292784
2419.8505472934649776777807309542477324
2420.5113928610983329954951668066848866
2421.3310071111128239054874555090899786
2422.2672006067929839669928427516523940
2422.9923633927712760789187056357948545
2423.9981844017812652978604408761061711
2425.0851501266919744714407581878684789
2425.4270478087749771326626000297156412
2426.6656852804737982987547104729843350
2427.4497076388519558992654791123149807
2428.2886991752043913183980028299099660
2429.0537115819909257209366511070462929
2429.9578728546975646341324745103153494
2430.7530377471366751921382573974917701
2430.9809885495835978354259424092022437
2432.2755257497957339906724635669597862
2432.5306610619529470184666679154725292
2434.2736122279085482795528388998343654
2435.2078998003266736140016218756130977
2435.6437634986836460875469566578518745
2436.6440474498626633480547576060861420
2437.4967065106754981632936263186524560
2437.8433243833857112249132111282169332
2438.6967298183035589119298611441342393
2439.9887006498613093530431777338737567
2440.4998453395189557779410599951492677
2441.4329618168051557164776727966354284
2441.8838726778443624210046658632123857
2443.1236819480184204615042836402254969
2444.0504610803376701830601313699395289
2444.7732676875768522924014368668966503
2445.9240977505867769872848406785220638
2446.6746278034510913952526168922673052
2447.2551618038255370041273123609819549
2448.0252376935869806784846133121606101
2448.7252622371280277389854852222218617
2449.3266026199403440647639539305059717
2450.5191533020499642101932885955993119
2451.1402419851634122180846062983653297
2452.5645544610117037017154085381504150
2453.2270414379999674759092627555748926
2454.2980421929649210590731320656152448
2454.4392080544750359958920957996061994
2455.3736649358667366637653586358242015
2456.7395969591763281896843214680535610
2457.0433562797780403237161162605307320
2457.9418715246217758679465040871983299
2458.9506485213830480182072713912316076
2459.3988895533028279061555171173819895
2460.1707484032561178072514746616867953
2461.2871908375900463338613746196265251
2462.3522143132632292501837397987607649
2463.5192597763019631943893043526485697
2464.1258682699689615117865487338409292
2464.4084700392180220676010745788263526
2465.6236768073412374335632689409154761
2466.1493062007526890574829385765885403
2466.9920330085169439626156743090918676
2467.5557924338253249495788570005445768
2468.9638189127322764502347269185179469
2469.5436710134723117406296414162543146
2470.5584519787557770147705108601148857
2471.3421631036556068821363772207770731
2472.4096786446741112109626706791225368
2472.7206432010551490101691172047122407
2474.0306897517668519537324496293675605
2474.6442835056451355629973880446941234
2475.4345168476768258909897510611498716
2476.3617353539483909285621544718724671
2476.8666429103144565577250974400202485
2477.3728286249141775455917178987540678
2478.5537422345839274164942448448065072
2479.8188402677808216373924878726261958
2480.7220464577825986538619028213776589
2481.3714098648365625399483116168279375
2482.3622855582082948599205461655532795
2482.8323090657864994265985994594595958
2483.4896509120384286981647467354101493
2484.3217097132209491372303541311031109
2485.4198725501185092683774703398584075
2486.2763621507411896285546352942870305
2486.7046511477471031107449977997385958
2487.7757465483935844254240605575367382
2488.7908616639100409597904157527442365
2489.4794096962792988206044674852227482
2490.4617677862596993376207720223282720
2491.3221427168173308386032380770436582
2492.2876515679859157353593747931527124
2492.9693672040212023380732045908988243
2493.4258095178518475565983162239991950
2494.1833213492917525551131741231662965
2495.2991655419053987635760806895961084
2495.6438594216433477288190538827433233
2496.8273196597415895647272699128154614
2498.3419938575168415404977167324398138
2498.7525976175681591355462366769684643
2499.4957989586958173043725843616425862
2500.2441670385628746094598897045990666
2501.1263319202767341158488973595462888
2501.7490243323529889899928979329665548
2502.8625369506691817401918609092641913
2503.6072275777406429108888797596631437
2504.1454580810677581250942292215774574
2505.1773111049770954031447778132936244
2505.8620673567922284744661262548784630
2506.6064977649975212134668521652749832
2508.1859771322168145729255012574686379
2508.8059069074552137892557524299525353
2509.3551644965201076570052696180836452
2510.4549256582685369830997178875413836
2510.9502191881578208053987447658891078
2511.6680617720602620018302607750365525
2512.4846622863638124372615145210683039
2513.0564052735283875699581377522691124
2514.4677209586380937181196232754441096
2515.0465799380286117838444684868518457
2516.2429437168773425819407285877824389
2516.8631294417574348538922943131117686
2517.7097259991715344103096124925905002
2518.5180576322743236080793839419439605
2519.1889415072996728101620017050055089
2520.2019998890070099355676889853605557
2521.3089930291453490404853705681617848
2521.4363860233472235963943931059883580
2522.4160090499336079827208704027439876
2523.0168690007475373800085549364714770
2524.0136504113829023373319846931904974
2525.3339738162558665049845155955082746
2526.0350826258969983224592443435612562
2527.1854071943987704023828067144770122
2527.6742673900250068235507281862232028
2528.2575209949897398931855820714821303
2529.0384343141495648642257316200151342
2529.8651250998812003585151242835493021
2530.6929289577362563962591941597825432
2531.6806641135514067483379783719986387
2532.4116369019234003110268633412287021
2533.1352364952093960122975232034502130
2534.4756733582740003372796143594003269
2535.0066033986200625059246423046744242
2535.5903586976947981303591889012914088
2537.0545335414951453023963616892205115
2537.5489231605675748012123533329504806
2538.4402398909398813021930834172663476
2538.8072923136531198726897001674163544
2539.9485964925734320682654695019843232
2540.6031785997403028049089058641023423
2540.9650796079464445448385934904556244
2542.4121447263046469247384214402093821
2543.6130323510651636047640604994612783
2544.3431003735863041465109625049588499
2545.0313653984001048073235351458861714
2545.6700226057093216784918725065958911
2546.4111708147444294709805311290439456
2547.4349258724062474976349333831640796
2547.9814058067879550277606076962827870
2548.9933747509826551841041645868742423
2549.8099502204722266124665338832345953
2550.7676462605276278555864548181796247
2550.9377124626524539301529183626259704
2552.4128788952023430838919525857911904
2553.2567004608531206381488529117542171
2554.2098642728226384237620697019943254
2555.0482419169509952764819629569551602
2555.5900928997892314846092987923541824
2556.5543656625147428383416152307277628
2557.3530408132976458625254639951186185
2557.4622476256400080874933172073809373
2558.7085859691245859042631492605827578
2559.5334296025661042228411608960246872
2560.7720377784437547642474955166673008
2561.4792042545861234557570937698567385
2562.4209393959467708245983660282666172
2563.1387120725622152739596164476308717
2563.9583481009392112528571338568183824
2564.3612966120673653992447088471550288
2565.6714997920887418035056664859654034
2566.5892646092792476095920786281062096
2566.9242631240290780219299460265348190
2567.7851149774095704903658672488673101
2568.4953136338336109056933260026348514
2569.4895940717541503743146659481764351
2570.4003887808633969077805238918281555
2571.7143719337061577211764424136021353
2572.3672870104036239676688431688872650
2573.0158379177572218715598565426039698
2573.8413336535133164879740233841004959
2574.5463247792904603971038951987292335
2574.9346555314445548303769983856585626
2576.1909615652813744808422595997503844
2577.0684778381686659196292900797281209
2577.4471514404247700842816578207757338
2579.0645089389658088388516706163085289
2579.4576755057136491831954263529049200
2580.4200123757455310995677315163845354
2581.1165581909898852815078924461757384
2582.1172969826917797224441637219115750
2583.0384162760635364389388787228966993
2583.6026720777774491188627304316511962
2584.5289138000182131813509823048389250
2585.0939013131555884728130572286131524
2585.9084703596147521292935053337746781
2586.5753397775244148268486473045921592
2587.4394712403356393199767198439355247
2589.1942984478114752883149816531034957
2589.5483980084622286988544434561398027
2590.3457207791302371662084246268334399
2591.0674931654470255026475163721678768
2591.9307351687731630462568963912291329
2592.5875947762899070835700753447812597
2593.2043831711071490057056106229024149
2594.4030592267727019065519453996534400
2595.1181655021511845539800150429311318
2595.9403598232118669288258451272511733
2596.5276140019740179697557465985615716
2597.6872024708735936855319596483656068
2598.6117517538922672076405912246741509
2599.3481156610543775100958285152145248
2600.3101333521771609580609161907089467
2601.1654212921769083271614586205483893
2601.6969221360163028248684384414384075
2602.5750260676428155587187879281771201
2603.1383680890467134405042950421768299
2603.7722644625914005563827355040119225
2604.8281472226418438799675590021287397
2606.0720904477725141561361503215014517
2606.6775587161793767784952850954707528
2608.0845500146128641410249464291124854
2608.2857835740625910895713450380862358
2609.1555751396448288681534473995611543
2609.6860804897909555236651868001021610
2610.9939321607060102581261453147001708
2611.5496407441855671901423879644322641
2612.4972389293963616930824117783766216
2613.0980011105565868573337847684180751
2613.8061359596908330526736050307042062
2614.7439511971893331265424886673417510
2615.6982226336723498066851341798206606
2616.7634366175618601333871031444311547
2617.6255878126425309621708818407761332
2618.7113299437463162964985230251365559
2618.9835708639920978366450656141741823
2619.4591569475369597478696120550120367
2620.8284191856455706661719770057578394
2621.1566405263478619007387182119691465
2621.9450346108859540080624124210594472
2623.1200786890104458953109326905167458
2623.9945284141747276525722942200255976
2624.9798171538638886747394872019237905
2625.7737677897038693869409677945801469
2626.2933207913154910070445708778917035
2627.2946217296267205122330919676395447
2628.2103440593033017288692940381467854
2628.8930016994990783322019426803832693
2629.7740985046020269945029103386020174
2630.4230652019916111473046750368134531
2631.2254267450962568137565778216449209
2631.8738030448127235979653155328160285
2632.5187279378290098803502437600543405
2634.2255031711159634949843591587544643
2634.9237304357536290990677935822798712
2635.5930574558745293864291822396342740
2636.3894829036803959341554858516680190
2637.2781536981433658697427959896343302
2637.6832635139408988858179912120896005
2638.5279510415050400376926065789795097
2639.3369780271922020971789407066003444
2640.6712491760271200699787523249456449
2640.9050670250376576816989674103247726
2641.8606147956938884234788539009679216
2643.1357543324093007986635863819295885
2643.4774455280410077840904120051563405
2644.8699015658345190527653110368138138
2645.1584473026419270875396238591832254
2646.3589691697805303888787680081328997
2647.1720784986343486725920812698960225
2647.7961556314902105409064823746403202
2648.2362896653861840733329756237084812
2649.0825678499417681566015464646374023
2650.1039926840663536529558981750549972
2650.7838326746797515438666378291035739
2652.2490436809406803505687213341041850
2653.0063280239423181845231382285717825
2653.7071536620544045263257732491020959
2654.2813766060812162464517003487160861
2655.2564621303236239591468678724754874
2655.6303637474854062705947373660181349
2656.9369949974928012137562277655356964
2657.6913931358172459704621957970668962
2658.2261563403523005690214983343777176
2659.0746022043258652873157858136887510
2660.0239997600733328210455214371219240
2660.8254591293927904968226760931922127
2661.6665605355656925285602015688619783
2663.0800281309732095665339649178272582
2663.5140906771178743542023336529909679
2664.2178074812152283496086348910725030
2665.0561012931769781678665099136632225
2665.7259515018144067044537530121110381
2666.4406137873861223441161435804764931
2667.1734036780600084062930306140612921
2668.0056148308018668650213217560591168
2669.2015369132054820831919566947291115
2670.2317250523434897145110108606178508
2670.8788771238014277566347885367306839
2671.5248154519483330275694205537629508
2672.6546023507576787652802858152603787
2672.9315905424156429401193310840705313
2674.3064758612846264358852705913689380
2674.6693337999886898872153257078317393
2675.7452733715850432677685088668672612
2676.4830967123050443910162523947466133
2677.0269462355894304180774035678562418
2677.5940324475156982819035662842743823
2679.1641541787220806698589637949659443
2679.9163682169802189126877206413257494
2681.0067440720549126395578648502021312
2681.4626953787015836271648710965601609
2682.4012716675928993476657372256834613
2682.9997610239675088697784743176353992
2683.6038376422880055008410590621077329
2684.4421444584912929124707280085389385
2685.3979399141603282469539786512290256
2686.3382037870458866895043601828762291
2687.0950186599162722442400098964385626
2687.8517196254357383770293436478828878
2689.1780530936659502501602806645456040
2689.6684315869258646855004947978962949
2690.1353895142776218579603049312797033
2691.5568327960573179502788811507239922
2692.4089379308960934717042943454742469
2692.6417749479646532387897654259602992
2693.6275973696323020185486826973411026
2694.3510828789865808055510402588595347
2694.9890664234005494643908136382475819
2695.8384471350496578403993600867842273
2697.1310500281887258574630474181092353
2698.1039715785948143825617564944565953
2699.0593348398184121816427066924807847
2699.4238165215076443443255944201260491
2700.1772876168506554182069192547993739
2700.9341692012696647607095204768438470
2701.7763973067027496518266757562585397
2702.8726679435410181331296039095088823
2703.1934218194321953625813449668674206
2704.3850426464195634820373613414547019
2705.0253186399647594531821790555140931
2705.8833112117263441730732481247326658
2706.8084083445023593217641742571851463
2707.7246464582247645413239529682367312
2708.8382318706410783562793148526311338
2709.3404210587263468679225599230370221
2710.0778113421207624301675203574230972
2711.0078075004434098284056052455100552
2711.4579818254084837390756851401055061
2712.3979296886317132889752149577468910
2712.8452701901848252207029119237547984
2714.0686570314095554938415951704996108
2715.2969556381929063088559654613575743
2716.0797728456297754896864851150322669
2716.6080145755511266838175490359234573
2717.5764463388265088153788037870958403
2718.2797139721963927333597282694486053
2718.9888439890320507200407263389038740
2719.7308170368296917468821654702478633
2721.0567043823940582201882759494417446
2721.5235903930767337506699988510920239
2721.8654299341605795648769775796245608
2723.0741903260895749329084243454402974
2723.6987488803640123872292657242700596
2725.0033661090646698030120072488463793
2725.9189116177179516236129891290430936
2726.6393019609781093718599284113552244
2727.3880871103649811588991452108239581
2728.2771910220935700213220698172685546
2728.7314064611239859136898949646469128
2729.3394216974620784664411046711151180
2730.2903378709637970467117004885085660
2731.4795995976911042783642232065669849
2731.8627314886699810843990267210514470
2733.0262763377909603354651430525771694
2734.3532656931451527138058730140165784
2734.4347154865973915067386233278174224
2735.3354764446595428421063326119878705
2736.3811473108018159085924891677852461
2737.0981985644508332251209497111332249
2738.1427180140393499250799041833723840
2738.6698849100098717787826829889026810
2739.2510930131624175574189941033703143
2740.1268965503561036255159092663111009
2740.9952543019671259202013294775506430
2741.5776021416198543019793665607816321
2743.2374875367632430690320552766679626
2743.8890818874063791578052436933427307
2744.6437135837142393570511558061451619
2745.4544388826609002591575702996069920
2745.6907775724971197822111827228705232
2747.0294032032566040460229351611697198
2747.4156455292295878230990590855037209
2748.3085546888973574259918142262215824
2749.4257616240143077426584408189706713
2749.9644510499552206188191687235972073
2750.9832191490874754722373454554199267
2751.6993466195455043164274578268210143
2752.7262621263828030421495347224296227
2753.4718353118683414868230288322406672
2754.5098404364567034448369738475870417
2755.1262313839589327106833499137245819
2755.9149052329623786378877182237774591
2756.6250769363068432211763252230274047
2757.3810666791160979489812673264900325
2758.0603899079814527494673198563489238
2758.5428503166001851537159743680622904
2760.2064642769496285262205587231614659
2760.9992203075532453950120993168247194
2761.6430034181926040138858551771919962
2762.8096329388779763093734069474340796
2763.1760018068750307223440135138299023
2763.8250296938119159006883487752132817
2764.7378989924376583152600492192163767
2765.7350777276623894057882392987148199
2766.4239543746754370775810979315087731
2767.3722084059956496732992554624044418
2767.8144692065748968867049817996745896
2768.6092916059470005756898683492391893
2769.8648113346733961448583433464389621
2770.6751815454480804567688887586555843
2771.4824153003321317446461792896007045
2772.5818182550471884646322363288103353
2773.2396929911127004304886029542231290
2773.6676541483808266569681512756340304
2774.4403300154666894678281159099959421
2775.2816100893065586743737886414806615
2775.9934695857109525665994075132029683
2776.9565431416185782439047632951969407
2777.8170967008375773429763830994780702
2779.1530336359168338744402603213843446
2779.5155199646730770046683956312288542
2780.7085032094651702830136552591856439
2780.8441597808778856049214502946151103
2781.9657053971895733097291563358141712
2783.0454223820798673074525953117197481
2783.6718850886854969488470408955794874
2784.1946738203713472352242246581005724
2785.3490120228132170391655152416850101
2785.6664581020004001833283049180320634
2786.6193439651843617803733935357884785
2787.5114159602608645454026771647314299
2788.9875558685174783234216693438630932
2789.8600920123759010852762828457282608
2789.9488511472713485194803785041041562
2791.0195347585079691429196680713351667
2791.8186001943604257350565173612180329
2792.4812253909000564739052457063853268
2792.9794333400927027962480822505130863
2794.2633859219380724254967228121041875
2794.8453346132553525010231729359585191
2795.8791961641442276534355059952448513
2796.7011981353403121031164060972035218
2797.4942742685353190939386484782524292
2798.3459912711659318112663660971233378
2799.2822057480950825690949240359480047
2799.9789466575278144884652082037513032
2800.7946578337401644495261138755712168
2801.7288821738995719596890784857643097
2802.3336293295882765043592422202147747
2802.9705938300259860028352283388770155
2803.4515737708190322869051866968883441
2804.6861415246288188462776010243868165
2805.6152825997413017009845133861906059
2806.9429704264142626869997033437084916
2807.4160785186470225135372346022280441
2808.0913638710251792656358020664894585
2809.0918406981899153389350719777912463
2809.5883583572108522140726618685408424
2810.1145793986929343424822154438977881
2811.5344402153181806168975263142777348
2812.0587430256529562144446675681002978
2812.9587347555338757500539075539970294
2813.3610986486630765229590177304787063
2814.6761179301403837998604534331178783
2815.4137913457248368068184246708693946
2816.2073448031142917310665782069866414
2817.2850144456792688254555125421982664
2818.2365498422281170015537144386698160
2818.6417330049444311268909399022105822
2819.4532579332258669800029013940123126
2820.0900933053549450143735278020671158
2820.9009597160171391439544170984296894
2821.6452483204116130027479065415335433
2822.4623645177160217640353835414030919
2823.6945898982646014133611701812750671
2824.7010074897356477060356326007785184
2825.3447778461027318017846639963540846
2826.0674904535906484100059941827581065
2826.5960283469591709468206544034404528
2827.7260855529924094781937187420242390
2828.3885473779260996440954438678241988
2829.5147625256847402781929249365569721
2829.6535035451385097990002384729447527
2831.0534746473310444865832237609252717
2831.3802122101823861808089150477002283
2832.0458944612540399085782475343342098
2833.4160750891795075868949469441022769
2834.5978324561726120936306337050606399
2834.9952975040640956299932757704770467
2836.0528401805786449261656759126397822
2836.5784973697186355439727548368432557
2837.2636849960063719165007370656677978
2838.0762105807196883447937072039656449
2838.8419443986826122409380979415621291
2839.3913342844791173284016565162609149
2840.9035740173436910602772873366983980
2841.3306413294382705742429584871581312
2842.2467077592626501802745833511110099
2843.3626419362460077795920645111652000
2843.9057328578215358957519444616919556
2844.6901341413430452648989276368977397
2845.4910488063580332718863729417307864
2846.6772395659858537059966041657147286
2847.0548001349469881840856563671216458
2848.0345178360122788381199555942078046
2848.3134719028328457981604807008912220
2849.4833780139580430370841566382682609
2849.8861117892943870039569615580400172
2851.6871373961645040723670564761499191
2852.0032592488134789041114418496402589
2853.2164479356199787830727302266300690
2853.9459655643064591703185172843175235
2854.2989751117048490565331454098613770
2855.1163175926285374473908634530866439
2855.8856902850968603981081918577833960
2856.8979978202013213524201783339624709
2857.6988947202669911333678654850901898
2858.3756421626835322787911931475619609
2859.1397950907441618216089407521363253
2860.3822107464740489992751209807783558
2860.8836315848130065619037415717288597
2861.7300869663113416127569760503758006
2862.9443092165781824391044376047498845
2863.5424908508775657746360594093195658
2864.3052229559732802094998656059323627
2865.0707967195384152851483025098495159
2865.5823441675343112410011653972148697
2866.4754662886165871842176593435166248
2867.2096039703628524428073644416627458
2867.9027043124227413687520144476492162
2869.3665127979047396120745182236156244
2870.3410784514674042714370080960873628
2870.8260597786639640236456259094957835
2871.4647177325995854447786843450686354
2872.3166263617343037446505004515058678
2873.3716201324227759162379065171327029
2873.6010921499328639854211743274139369
2874.8362843169697864984687113607576216
2875.7371639587879970771298630011606526
2876.1379966199793705989198138653279625
2876.9881323182662224413843788429075834
2877.8649871615300403791303404019028555
2878.8042340121380123679237959428549171
2880.0456583562113611432245966860694695
2880.7094813172744250636234216118907215
2881.3226320495806898164255763034597576
2882.1519076323610204455970569127994537
2883.0334242332406348855287149557107534
2883.6017486396177107061513190826061203
2883.9060436218504046959196544270761503
2885.2790581505232267581803124037568982
2886.0968896879330486683366266060107750
2886.9411850184964997135071041520617141
2888.0687176654297181965270721119056812
2888.6094396753881001711483783571728795
2889.7459476576407485060386093082421475
2889.8641253074518739491688453269815438
2891.0560182167368287782924236313067777
2892.0008162253245864220165530969905945
2892.6724637105299857884918491148199330
2893.5317271529700091972758252774176950
2893.8403448079928514508137359926389853
2894.8195281979945488031588444376509849
2895.6583133305108054620546588097479256
2896.8074590156479828077405443267142808
2897.7659874335063428781362141034978287
2898.8546204648341609568169700916482181
2899.1023141858549922700875802604239069
2899.9799153560885817277968846213560648
2900.5837739364968152529986432603126322
2901.3311291310133303096285426337681778
2902.3873602561199846963139942418656843
2902.9981364371985364882096372070906845
2903.8621642253724258917045113319430868
2904.9002046009378241998913595305882410
2905.6120969050989821328082515608992996
2906.5221134995175663955798026137704109
2907.3107474533054760544985169293447153
2908.0063415635248740460606311708660544
2909.3575080712249303412184199172839754
2909.7384374144563619104374767646152392
2910.1899641674760183070309067527700735
2911.3767025254684050298632879065507798
2911.9988147279542780360625650164328522
2912.4350714843476003074142926826630052
2913.3703265950458415461002190551503600
2914.9457869405228573596540623600361783
2915.7132394473526691324243403253318789
2916.1557690729021370974634677928326860
2917.1589522534835600075898849495102020
2917.9044754021482702013296172383769103
2918.2825002596842468626251053383951088
2919.4069265509242936706857696446166837
2920.1115504793791365894846913685840357
2921.0531021921469248429389025750807059
2921.7464606963474088488264507726054646
2922.6335045745803055636792749751705117
2923.0271071445917333530480170631958410
2924.6103118599246646653455126970541868
2925.0973521088059970368431069823210055
2926.0823232707454409563494193978179260
2926.9119123115531275986228096057007281
2927.6934773000307480674864827372883175
2928.2753452891177000810221453477141233
2928.9359649917579898100600717095194908
2929.6280374841266497042924353779161810
2930.4476991307817972895080733203217141
2931.5559822368306080259688808489228042
2932.3796315883051836013270932076905364
2933.5336918240057616734650504813543923
2934.1173251536986226821673067785841822
2934.9188921272139148781950786670090606
2935.5638473344805978376845269261238502
2936.2189625198881316058106080018215131
2937.4898568100978969248301173454657262
2938.0343896719294314659410906017103301
2938.8820340663816042528820992829534095
2939.3443281550401838586490450866426291
2940.2250570337599660434246854968754626
2941.2182827508568590593578948882293062
2941.9201731146841014491279009637937036
2943.3536823615285491112772577675309968
2944.0266824581596369219950092816975815
2944.6578139102503040445405197769761500
2945.3409533606060261647936424357946320
2945.9968114836593982639815345472340020
2946.9492663157924593434798942571447375
2947.3798597890152783389711018512896076
2948.4783720239221894408176318189114299
2949.3219105965979192951873631050139927
2950.0884220957832737894471419490406686
2951.4597375139005349312647220272535037
2951.7135936548406061703970344822644019
2952.4571366874467642332022956404593206
2953.6909176410501747707938504837467812
2954.3944352656736034975551807672280023
2954.9323683409108111962485592418836708
2956.0453364144640628426494513929740335
2956.6294469281980908895735112586031490
2957.1989114147515227434056872370511124
2958.0178621714708351685256587990323067
2958.6634185568144448410091513726808709
2960.1385236595281778212842267247195678
2961.1266029565940349752823628459790777
2961.6955007829206112040372169053047305
2962.3756564935575613429034505055530806
2963.2820239573019800278651925599601655
2963.8125328140632791444573171232111640
2964.6284042300394136963495020679305970
2965.2814574531479616050722315299843904
2966.5769597182920227682895903818766366
2967.1900306844501704876017142075043998
2967.6114124131379892390672705555050080
2968.7878430420349809190754370097913361
2969.8477613547201192313579499039213090
2970.3085628070303848254893022873715119
2971.5442711194261969290020845430728652
2972.0400424297019804675182250348537091
2973.2346843448622969462384270124175249
2973.6786124221566354820017043723885103
2974.0778212966441757893091616833918647
2975.1740167915214958422408040353533664
2975.7153741353383782487950926881124524
2976.6440484504833016496829022839400517
2977.9067232365579562254721137393428133
2978.6586656007684878221014201451235242
2979.6996945576666001909519797622746187
2980.2337424790517664612496416861321336
2980.8314455853852332703108141511406850
2981.5108026210075938561445880401312842
2982.6881168105660365513971221778317309
2983.4782777403546514355147013290980034
2983.9829663090189377277763252858064417
2984.8224264230385034677185735314056713
2985.7643374953322500727542597156284683
2986.2675079341597565078075747085383701
2987.3285753718642605643630825286388026
2988.5267325786248368841354525694433031
2989.2253456091433027277456622999001773
2990.2071669319276087517399974139741634
2990.5758438984391171525866212133416400
2991.4086704302684961190443913338330650
2992.0207913276733278457574559276916177
2993.0471598964164864729927188203904647
2993.4770183227874011685362635207951949
2994.4250041137014099982099279083666204
2995.8866144967375195321069071693367200
2996.2063760262403879738394163384562243
2997.2335757152527650280511895022910619
2997.9875148128924212697018549569008556
2998.7593690976391940480228032980506013
2999.4787251773243107105248808802561224
