# D=21 L0=0 L1=0.68380724783096443339543673253302396758 Lp0=1.5667992369724110786640568625804834939 h=1 w=2 reg=1.5667992369724110786640568625804834939 chi2=-1
2.3151870643031411520462929597124867933
5.7803682735700495261608243723909276576
7.6546324851636846845667340091286873083
9.4646732073101131171217674859301830938
10.610544854674603960451812526787236798
12.628728375934724403243638725586400940
14.670821979144727834308528958306631644
16.465154717935669189145654649009334049
17.663898928948904814457483333590654117
18.881891826340693201618748534937730112
20.539837853202217165050909868723199341
21.712361174362695437887754087077870063
23.951752678107176840919266306933581647
25.351806386693690170426490644837718966
26.287466037071340082343535517788883391
27.825926780964090451027856182491905431
29.093454570949678265151646220897209351
29.984088434117146568708348347755138196
32.069055975130476541929221973021749029
33.674993230559412052788296367102199172
34.455032738950987302447003018300190302
36.286337297733217516955063033708599029
36.870465848375380248528121907952746521
38.219855939152738927349777956313001072
39.506611553516303891716334601150869065
41.219472049741841599975763659199903761
42.464710664698783903808749515820655859
44.042357200239393405713559806118671032
44.765376555940716903608788899997975142
45.945062489746337265502257326135473747
47.196037519227250077192198713645604013
48.368741885563460331362915837815855151
49.607403796438159520200655270840054461
51.535018510425372447444378139578964537
52.445476916643469173588948523200880683
53.466594248492496136317352480593302801
54.625505177690073116892810524091244728
55.928543232538832247658251282832479818
56.727083439816571062084985694151921545
57.937224648143855460715500276072303418
59.885530129459864972648933326693301901
60.825579950524789659718817314789436479
61.856672685079514026857379303825932593
63.274394613676283426317872857330793514
64.020143809042167269685142506328547697
65.208159766451882364628418294834965758
66.084060044087140290153617791825673794
67.786541818055835488854443031224682366
68.888069433507830713743131233417574277
70.306447210616737823282693857841763871
71.305036100473604329017821091675462310
72.357566039433121321038672204021330556
73.208182217005303628267736232479396148
74.364072543568645535864773907945827427
75.677045972104028166481230452237264545
76.467486692293960263225341169869400852
78.426025136099599839385810420698221494
79.222559125118758396211982201260202598
80.589292534264119505781597751843821880
81.018882630906562353637932892606241663
82.525981508879439655624783636954539736
83.584609192042277309596354015270148602
84.184060526873344669349771342779460826
85.680355089138433727067335704106838229
87.376296362933820436460165869890772397
88.114495644617500170810443276404774580
89.203598740105711205643262627214026069
90.295012671913733285593217384453915775
91.520942688532698849677244612172855564
92.009730466804943304843435477381691043
93.254137170563548710712756517916840564
94.499281332432660272956184905595250915
95.939417250079456600530408716904444740
96.871193852074219921867662947855019553
98.184098400476752625453414845448839486
99.046681020740170026045600987901152292
100.07037620792490300034181475258857693
100.73808038512827004548897912885056734
102.30802192667997224332889429143233982
102.86355477444208498417122011402702487
104.35256524014991585562136040942764799
105.66872203566251233031285236069675949
106.89333701056983125461993610651544187
107.61737739152886804150666843715160143
108.41361103821592788185206603898626437
109.89400164818274210982181161674617033
110.46867119950922888850342085078952887
111.63268928383673896391659478249710490
112.54362346150335335526386953847228382
114.34823225559128064816502804034739731
115.29194851191523957699907530605748084
115.93450425175694902107898344272520835
117.32766358254808580933522101042604132
118.13232525036949840191679666715522902
119.12202714473649195963060566901300095
119.97248905758087157069419935648474419
120.96899861951832943854242114408123460
122.56828525746757377901477308505809434
123.45633847669353043165237792785697866
124.61900048698010344163243270472446301
125.75827957612703592652524581353231846
126.47840856435412719859914277851434462
127.59683974018983689737996746666780033
128.18976005125116877894118888677986987
129.65887158393054075833201008702263254
130.35117043145908567174636137669784855
131.69856124849446720970905010855003620
132.96958982235212722188478402142261273
134.35541357419315933142894255403211031
134.48733972997151264770548511688115370
135.91294275200164417761733287417757278
136.63649912510806637135240413501795144
137.90385903437707730237289358064059716
138.65188305531969826455971910745218700
139.49252753420955750115677516568153798
141.25111776353183696751385668722184015
142.25872400574948284741976184697634337
142.99401101225705468672548223338927381
144.08171145076539613256921329352249884
145.01539853816752599899770650084298962
146.06545393361164009626547350130092431
146.87676363023382462994887722805632379
147.55002243266225590725033027927164237
149.14943613137238087785771422468013597
150.10783176484339092528323871416133185
151.42843269704151580211404071050211916
152.06211327319910590074972782160494473
153.35095209245079452787724446824193964
154.28848530888712678921157520883357853
154.68792048520025961815083335715618205
156.01426209709500455083229867804284979
156.98264070115914842227667027744445713
157.91327334145412921320422058942881059
159.20743480949331506168046532820952318
160.38862551407312137517736114226610337
161.39249065658468630960217724530171681
162.31504610126015390788387560044829961
162.81038189258904949632060571276696343
164.21633395031574454116872162919680569
164.93591711877748981381642237087829990
165.97609443974800797162597578763954111
166.69951030125911363141470730319154206
168.30073150545296742570707375326169153
169.50076204492250582852811534188984711
170.12466422411206893794789927035513964
171.05043868712633740445093215474036846
172.13755750328138925280776311964468955
173.11127801835311718955403113156998990
173.83642698864700047277898185918369818
174.66266106557860357804406594899276134
175.83829266729816991042079503529221388
177.13055579614743840178020080463644036
178.33729541956893178609975275092889698
178.82871716300896237193642219073034297
180.26015271453888314627258634299721866
181.07637994189304655105437319692247394
181.62388049249182773304800238551956966
182.81411015478919112813479578543026751
183.58727814752977380441277153249700769
184.72018702645254359208383837435762626
185.79024181932500702212386865592343276
186.83754803113926227242074372671248396
188.31603077996453296886860918208123339
188.70329958189731522162068820791182400
189.79984627074029919703532058750435735
190.51516627795292535545047755043204530
191.68591967445310701773209658743595183
192.40266801918661305282354127193276562
193.62320293788105007693635434570281056
194.05180959538678155378571584802679943
196.19985108033864579483532930427455442
196.43751531495596105965687151668986639
197.72294155497950725690022908025067809
198.40464724082535257707273776958378014
199.39421845416479963771351131268064468
200.57504879265167869208683867827441451
201.04242300585097993080067979979925207
202.00322430521819955539548747531036411
203.05670038986433928362554875171506421
204.56520852132334979842212073367307200
205.26176817738130214812803022867527551
206.31319900769998830321573990173180087
207.26912762468635164643788960331047069
208.19949770400379407066332579604656819
209.04644298428516583037935254927319476
209.71723025304974361859353264178213162
210.75092955664590957612826529809734316
211.85455144862180783008998279223323309
212.74640961745495626845024248948072139
213.96180054943434457413935040058547457
215.06997925236541086457689659986209778
215.98926139344283083904729437974712660
216.68517806472601994718930365588639250
217.72071586661906587974608194730777666
218.26916602117546730090395622851269502
219.74255351112922258316563608038832167
220.22334054555948074011593192555552617
221.07135306151710024809819964067281855
222.61470705599286751382764548996790084
223.60832158674655793229937719796732305
224.61518278625333346783836747455542670
225.24010424997039578561630607053361023
226.08744885698280864416142656563539451
227.39999745640898062768190965515718468
227.95779696563284338562230479799993516
228.72265140324601211717690921761342149
229.75930903786894135004261654505699349
230.85504713493517262726669286375085539
232.38831285607545273672536556850802117
232.75504049698724102129357588045462554
233.87249459491051555298062484885796026
234.90313682371373851187571372296637644
235.79977139302125322931176131833232454
236.37299448892266270412759856353382110
237.33660894481219561778256476352103940
238.32843031989150855201409496655721903
239.23548424662766212188021534063467064
240.49382887977789324214891980463094934
241.28824000231422061032130505960539118
242.70354233413112178489982178109607360
243.19470271083274153428867502013039543
244.28799438012416433074802781387985362
244.82114128526392812073291774302432719
245.88973420711285161808158274473165146
246.93453850947353040109285212380592274
247.59362672342361992765676178927303735
248.54389861139633721633549985124269964
249.82474840420411116834580506827908024
251.06657087742567552555834874114611063
251.88870622057313073301557860036166942
252.30813026026122858709696711804473652
253.56819696491765959369786493119060912
254.44261659830025303970146623392313644
255.13801307181011124227007829597690843
256.31490332799944608070038627460068010
256.60044919768593050374795317780583144
258.12593338848001781025553609316431426
259.48053840454718863557523177403340296
259.95683227569569008980293568361614599
260.95611898958426864598615684373284354
262.12752144319445382832957409881167589
262.68624756429815777118009202739286678
263.62182667566987632217615617424045359
264.61175566554723856590633403770187522
264.99702287088973680807288945611018384
266.63070984149724467602662439994048417
267.15394959961406853520692499705460786
268.50326644763554976796840461206694461
269.44171837867642665241612225426987121
270.37385747585177307954472283822187071
271.15391959540134653231038550656402197
272.04618988805098302634783906184958232
272.60583746045410675536008021428936037
273.86854112815091876230346911247631856
274.67231181591598624824310959175732312
275.34144305243879127392066731496378760
276.55033229548260894217159176103142218
277.98258271673421572228156948966848778
278.52163619612170573622838280111920371
279.67326172342070129906417258783998357
280.04937358229991036259628326255135122
281.26367845995649822503195265425132849
282.11620750085233871630773721720675858
282.97996048112415873002518151505110863
283.56736618155339785595848478080455860
284.61935089326362118635000519170332607
286.05148975871045899423111367604708746
286.90145704039425746326094953781545348
287.73306535813620306292306815687441027
288.58544849672483713246588993453444193
289.55859219643374989901358652739522105
290.45831074454736616907385941500048568
291.17765576501979330903577685487141627
291.79835545167802465096723746167105579
292.99541449050725793718516367654780633
293.92164497850496167237356752662260224
294.91076456370957319926496907181306926
296.24464611855908903145025845741052309
296.61196506344498794108291082832080567
298.19358373944145711588896583975003254
298.48561044896027212843738645862634121
299.21077167387288128608626014246086077
300.36358961805593144255512263943993635
301.18449135285594743563036517819524876
302.02891534870318630738911147391590462
302.88665780059389809974617347246528119
304.01899789652527220065309242304791074
305.27626194682168569765001792980628432
306.09160516979529218119394762896145434
306.84861955294509858839704803149913630
307.41956828900899461810345196007382663
308.76713855193928256164896285706960102
309.29828429711081346797872506848528767
310.21059025084521543492294548932680648
311.10770174514394701758618022730509749
311.76085757809594135182685144081034004
313.47989360743827509567398224001867283
314.12260756152950649764247272070335830
314.93936640731420914800962861257763576
315.88919894093422757267441868660053857
316.75436224007273391293605621425217725
317.70328908558978268816363372896595351
318.35003278535562561508851137772875880
319.07961608609522336302594447476367738
320.14324111841733200389814667847047813
321.01713669695541168447176371373558233
322.39655207846131549362176073460325715
322.88059324220605155391442699685108461
324.20498337586100371568775706172071188
324.96529428196025248450915795503882087
325.74350043019088955148708490753944154
326.53069116812465335620775334430017779
327.28303322697455985797815043092317457
328.31172928194831726241270108589279035
329.11561357725470533669361196165597208
330.04913658059623407815276721362019296
330.89398671411120793250419626445002637
332.39474835556674992916752014853707500
333.12337537464458895388224284295662145
333.73401580442485345519771963401756312
334.76820227410184653252731354183357206
335.42471117982245079353974004882239242
336.42492832080985518361144805093874851
337.31105835013917006430530405330921072
338.10648481874295102492212259689720379
338.58968027631711868975292968493458690
340.31446659856892003161900101009344748
341.06731874113494623926932009163424489
341.97914322036083275349969701308116896
342.83401822276976143475650174415754139
343.50878723148818801294845155516985706
344.69096116280859371008614791113369577
345.38160338159350726879135796589885544
345.93220167303985447872787995148104377
346.90754456137840044406150911714172743
347.93445548955299180497978942858526109
348.93655160037893669711410486733483951
350.02674296487002840572777637371751525
350.80033587100000898882450898264592302
351.77555572668990639913448526570889980
352.74790334563542875070574613831413829
353.31153733068586150941447248462104963
354.15835075579761260481237666468968038
354.89131572848742804095796685822763390
356.21102702993073379655485717184215732
356.51403189202675681015971767333748725
357.74210434989963770823409033465550922
358.74361101852867124795343651145333945
360.01353317499496175266424579001165773
360.60623709278166882779530220779355211
361.40066635160081400884105590358835541
362.27277450012361417331430700646122387
362.91865870777706695796447288047152669
364.24627904761829218035191377564099941
364.66231048867720108651174009446253556
365.39155935848562590674347433435681465
366.54538521881212882130238595679733075
367.69249309215493546317647650501689681
368.82549854528351351863831675969092448
369.46457908287365991335829757560690933
370.00775039374584458810561356041581525
371.41612689541126636140841989964594055
371.83868710832383480510257191579718664
372.93744459216434753116591564112461035
373.29728707073596459604943466234563695
374.50308000640748249340241338493189250
375.22432390061513090685572138296104910
376.62975392473411379574713723689675920
377.34589858552922393625127260199404870
378.15577674129179148715381813754140008
379.28655064327338281286280607932097694
380.22346262985080062322972430100156910
380.41766201170391313201228241043637801
381.66931978429943741133554608317070535
382.31872332554073136589348120478915221
383.17933187975280385955539704148827703
384.38849625605327760472586775314077370
384.80012888235959623845402487072705228
386.23962544109730025905651909100270819
387.23666338559360451201487212812894735
387.95674686448820586853365818000988217
388.71629192335867982444514351644724197
389.46597557606656532182604340805332853
390.35550193255359024977098511398337949
391.27481831127686222239523623141743803
392.08966956533267220245598582749485854
392.74233720972573088427150654682112238
393.63484928588024852103540952527358039
395.15229028309016658385979936307890225
395.85260938709340139879412628463079864
396.74496699296788417107765565870335741
397.29878118788511888066868098932858225
398.49562126002586059020588735976875464
399.11224658527805249102899968879849802
400.00679137874834252789738610581276773
400.80045459426801844940348833129146148
401.33881039529672727532050561916276583
402.59536286143566529381508560990942430
403.65355523396430769266011146257858907
404.57452097481525234117366054399766173
405.27491436098459588717921504979567804
406.53045039608787412408392883420975099
406.92919225960353244812274332285712284
407.98340396773784184929338853857785183
408.71263304824930382043298439466170459
409.25689928719747416744704862638539223
410.41030554030722467538692370241881373
411.45668922984841027725795115502528779
411.80132684398737259894162474841399056
413.37410252757994257701422104715646363
414.13167597355689444612125626046011453
415.03390365075020716109363962482261759
415.96288059505042432979727217896457513
416.43822616590066522416070561636301522
417.22880061502309379128048354917704366
418.57595150308839091401525937027293232
418.85148381701628150071722985209502454
419.91759294425318747932688732007009023
420.52876728230416637512769353767192420
421.96649136900775733444511628539016222
422.90537816709510338165549448085493767
423.73428690257750198536276879253207748
424.44615917194271766528804361860944250
425.08778331940514559122740543608790555
426.39820546240108341637420758410943363
426.91248245154195379961874911562853703
427.52941434448790253195021555212544419
428.64791334336909568093991640847635356
429.14611960888740119423501805764694055
430.59483725263363157285318612703686363
431.45509122282771973374238690067177246
432.24526723222802980691612438893001796
433.17499437454839784990495581409092139
433.97340040020336453783538526903339844
435.04080095672583365407259097675562805
435.38971117286697379097909881301476677
436.24856865352305841829492754297857320
437.22173145691164940344589650041560665
438.10282227041113199205991238695110677
438.84211609626555935804077884434894321
440.01699153872357944613586031669431625
440.85503788570424755612533744015387764
441.95877725115529112573115744673641948
442.81998943770088364620682589450736173
443.20265716606892112207703356435641851
444.17376206049968689760668348266609256
444.99381803666581655525717042857055867
446.05990617666807205754572239195526856
446.45063108798727261452292430409255746
447.57433093978155043952284634024760443
448.22153482237745129638919336142182498
449.70632571815723897838026080865136978
450.70169797479867830145144873837572446
450.98673956988612597855815310146738516
451.94474533346362348148558655704467367
452.99161044774404102980575761685575401
453.61831293235740238445518422149729454
454.44706682611241227501096382995680345
455.44963847539715444059710733632064379
455.71494706973094386531004671579435409
456.95318055357722429730815366579247762
458.31492193613917762517429702757236648
458.80729538928202488795475974673287304
459.78845501757073484656911550335662002
460.79530604955667620276830263332833472
461.32840267700237172712237597717537852
462.55281198265193899751707778691535540
462.84626316570804348064985308059778592
463.70086828635996190497612366249025755
464.70500309700475882746812223846533062
465.50920879026119863929711626471093637
466.48551558335683902283833466091525689
467.33014857464829149913646473302887775
468.53074396907029109591697911434818400
469.27773522715744311847683717923674043
470.07909696291727931079420034235712548
470.83681973926373959190797441854785623
471.49555429548268770113550350586588262
472.37407809853806495936114176122355817
473.41384730340722508509411377850765264
473.98736816354404540985775943476854591
474.77958118481820458966077575383090591
475.76846916268847857858768267320651812
477.25462748639808871309671128216088220
477.71032981067431385328687922763367245
478.52170003310508584779956602595311182
479.45048957691672100840032387927602329
480.04299975112627891792660909404674355
481.08886903992608657254949483350260501
481.89592414030806854416188970896527850
482.55052935216113905157211543184222804
483.06342830908465880547251796517894490
484.53301744791001907009084453861810295
485.23126026987391611189719361163816805
486.60660901060244640229845578990490468
486.86011562988508954084957149863978248
487.87023773189853452968240170314027889
488.95077414916972966599738708780450036
489.46142773562445341371972682023536438
490.46115098177660146018232817710494117
490.74268158694949331349000308243710866
492.04149739461808022346613217216517809
492.77053119540078435109983282631444506
493.58018649917379455952695673831088336
494.95524133140580837032342163400505375
495.32897007605171987859104533442868757
496.74345681198722481518561992205695222
497.24404487230164738468488943949917814
498.03124891018592571579002543256470546
498.60787579491763373517791394420268728
499.79345279584014170360600791653817729
500.30980384915439070931519163722955597
501.38194432999548409120104491612115715
501.89818749902507656379990068361818944
502.95534030296256924231869149256236210
504.21819191789202264714592813364882353
505.17427271561009709039734735169167841
505.54947638658816816323181855258360259
506.57496747659868906172750634242274663
507.17236976069736012315011789001628129
508.32065615242452179033899395404440616
508.90761809849916245129446504550890072
509.63277131564300877103969513986533743
510.42407548662480569776217217057630994
511.29926153922007416125608813403299289
512.57232516899785979820349571891275115
513.54170889260459809946745591663081187
514.03349533236011827106329880761590171
514.95561866521856851803322907661987109
515.97121109813970345590202505835233135
516.68920456329001112402343856750551071
517.23768434525350760575096543862723882
518.19922591399416923409876261292082662
518.85231141279285790862050418986444982
519.79469484453933370919057938506035291
520.79749373036714271965299534937244679
521.69705834752978125530797358335026624
522.54584113674711959188482080801606925
523.61726463232268111452740571967754405
524.52472802782806420252278572591412633
524.80039781358612866914485951729670808
525.85267787589189673020779312870091345
526.70943733761308254216821529332668722
527.18789351682747484652542558518683424
528.57320001779378278888517524944042307
528.90321862814904608120120391426181621
529.70125118408986842436872576301334265
531.28773920073190507192171480669578745
531.87653768054379858687261519861693869
532.75718682736860362455305869252380589
533.56490291181836770325620343817656416
534.06990773675244230752959701794872958
535.19301700642603610595454914932543659
535.85675929248841703511798188573010324
536.80417953217709519643388306326556201
537.25204922627117750243632992646628315
538.10042039850255382546663307635103687
539.45635942824496766196913957151099698
540.28722762002456903849422700492976188
541.16241041149930576301223259518528985
541.85760820351918616636964283752685320
542.64982998220041525486644851755310684
543.69179643278769461087222865153135914
544.29148695323540413426963038290795258
545.00029403779888330202362363647323862
545.69967710340673401104916481299111189
546.70693662328479155171335489408431927
547.48592877134666160927115934809947486
548.67250428338793877797305410471466906
549.22139061220337826301196760545968816
550.69247418035357586379580733062523010
550.85694972863746575767607216288877978
552.13419804652314280676368796918942758
552.64775081341873078733874656060837158
553.32816120373436823998493168110461906
554.14431782728371797103717870334316139
555.33784556929567907006134070348985055
555.71777035963847512674309716910022585
556.57200569893054423611232209134057527
557.70203358722220751675326090258972186
558.78716877948130878762858903338117543
559.56112329234392761476507600508059814
560.41293407346839132969340956955305047
560.97113081261971288112058614473135407
561.66926431391916672879295574755215981
562.89663752666774403005972056275861411
563.46879639587139059222045936728904744
564.01929399370805572435458645430437338
565.04082189123501015167720039816497786
565.72880088216289646057890391985595027
567.07885785744006831319953101411869674
567.94283390765002117284397865210848929
568.72637480332255610086995732777917524
569.15566929083812273985230229247276717
570.43603790507833793164426733948287487
571.20519559663613529998869420590834684
571.54314694204864783931273266759620062
572.68213288999777676040662984815906225
573.19611587991604149876712315006261777
574.11711192349482173513831313251931567
575.17826386254428424339270713576003049
576.12339760193062938263102800775618426
576.83351656166814781539686169993640997
577.92180559996932054743226955490181947
578.67734987984766226049374156485581557
579.36742370975098905469597704970025575
580.24903409738786416013662011577666532
580.65051663534364018189583470067454648
581.82401491499672193831702419758731638
582.46651647683434696018232540740231873
583.35816384709308354365925860449511908
584.08225989698490479948373671551532211
585.13555310982327664427716160534556677
586.31452025109189001495634276899500785
587.10374838564072611187839803509188441
587.52194070187303292851514954054848854
588.51795791031402630892744345235023961
589.17411979836014275824536111374109311
590.09661560551490501763005581514784908
591.01072681373551509138963777221706920
591.39712111608217718900543688206919777
592.42496616806724876749908379826107233
593.11256934948016530514093827740770981
594.71199352308361506468836367603703375
595.23704841797345476886601227003459114
595.78472870456295030596808690764831882
596.94533627063105281087169133834165105
597.60154446525396435957071927291197142
598.31190958050995884224267624485482139
599.34122260706730977146557118891506103
599.83149225276771678246621805177212811
600.43189557093678186627288660669153311
601.62060899102626579286939748016822828
602.52200734078862178642367550509233113
603.34029096737906827767151193831234017
604.38369291149052554948677867117851622
605.06731688086251291718847662366649842
606.04125275496378521627577687671379363
606.65291169414359959956471996402983337
607.61533080291274482804660729321570009
607.92996898976428646592647270432222012
608.95846072883019937293045981843387940
610.00395788588863981112074045891656214
610.50973156879495328875817209409298969
611.33158553933819358877481143238655759
612.60255646583452410201161819505839471
613.39913420134178999749883803703119897
614.31201404257530154987119600184561224
615.14164094357363314949828195021261992
615.45560872580077815515411273728045509
616.49476311473846390892992884746586373
617.40476365171883623585549474532079461
618.06022158640313665147698106096211376
618.91289413416059611013000883075035224
619.41379007067258973396481460154270627
620.50592505017678208299919088197707401
621.83314034887037452320786067931830495
622.36620946386649685880632699179452258
623.40841181563258122015177566756587210
623.74924225445250934992708635569676911
624.92541807651743070145382336184903717
625.56391858580885783703160011625416512
626.50563912603455407639576216055012192
626.96627548487604221474472415455874004
627.66528774896548704453247566155725267
628.89775450073341391528548771829106968
629.44969975780221550151741612063554299
630.83044035999708197260900179344619280
631.34148307750256598830320926751548056
632.20802524954376568875872260816454117
633.21249278922745991481206840448361716
633.97936873643122071345239268683343491
634.46632531019779070643506279528159553
635.27313345057073319250317043800102379
636.08319799329224422972954786985270626
637.12025376424258802717890551974302022
637.54461189125868159314397352348260801
638.65463164188038260071925462812483010
639.52770333799241978816252920327114337
640.49403087243544122917723331285075547
641.71125436628597461803222393525019433
641.95263721421251036313861390697119966
642.61720157730688990306533532032578783
643.71807493643652340911572616344269237
644.36944597314187681146184820843303911
645.14674476391089634994019005004808936
646.00852116338771808035646172020068557
646.69931406982956253725751623857661878
647.31047896239960713133886697592667528
648.98572797828276845424780675455262478
649.41468715273852551820675890696360110
650.35932493523656393327912505025413253
650.99761086229023298226186696662693683
651.78000060645513155709176391756082423
652.84576152250039591591192909315656798
653.31850006056353113198122675942579970
654.09745069631970887658058643976861861
655.03734549408257328472572811949263735
655.37355211313359150172643776423851163
656.86646655983190524940571927776608930
657.49528520093994518657116979468490589
658.58782502392838902834394337674397735
659.13866453168442509882427905311222690
660.22285037878998269772481586689936256
660.85596035735980385642055996374724034
661.75515069819105374968374627019216727
662.14435796164720892194625941176200024
663.14140159571379312395016390439075448
663.87517047501264469473450081635180828
664.72424136247595292482093176835612448
665.68234056910856940075317194700975281
666.25556681464666673085730864709607629
667.62717069497749969353445051558800978
668.35431076170067472683624035566110555
669.10583906939681702086385184920085837
669.71419039179461424280900734660983690
670.70379379653885555018767121153776450
671.10684213360490261052675948652254091
672.20137146014522237578374009914123977
673.06312115843834047787780679475159356
673.54926618008003911780765444625258785
674.22563723859016041203218252025688390
675.63956014843344807345705299410532942
676.48442059568264184372425509442869124
677.29533815881746076799718210713911392
677.94633508240075617422552750898431001
678.78302781846058648051478654724420346
679.39395434466291911898282655358834966
680.63347451649096598202932669104269894
681.00185449018048488142022143724246229
681.63055580388593253052275583259101278
682.54780746534360640898257017262062859
683.45101495810308171499032553555556883
684.44712519751227161118378230527938652
685.39583319394826752567474130987043739
686.22374884865528303360525068036361996
686.75012893008742860863229428774524143
687.96479742111488070834438006781466921
688.48916202903294089580873134028625368
689.29982416102278390280420328365653098
689.72641812434299105302572736925263279
690.91480328014301530356748405679185860
691.44078902271538119364984114449936667
692.43151134379462135475185481299825372
693.23989277766931503907413212069486356
694.13546638431597596804252745449050630
695.32435954092263592271985802618812968
695.83020424218706181532506406950338458
696.75964895873140905548595001692929809
697.47403707851262397644393101463672884
697.85819855381748014961737120820552408
699.07124342407482442082271224878285590
699.80527473285527933630102938964951115
700.35553667603799257288680976992957382
701.24195970585428009178064395710139800
701.99948652796548715247608873420894062
703.25521068964365446110099985694761834
704.24923095721839962526576726204115785
704.68691840977774725061211780425938046
705.57924702691413566485203258705360633
706.13120286780215410120521526353260454
707.38937431868663720491685895947543853
707.74332240849112470548567649934415591
708.63717882045925223683189445745766656
709.20649042113509994917954704252895816
710.18650271263495657409642078655775004
710.89942904880852984704258928270233800
712.32683279457837986835020975172572070
712.88843919719323060722243462830108746
713.41369424406936414329848431512467234
714.67799291373346815840411574229717374
715.39586544992638376995962283595848632
715.76686986366244219315429725132458066
716.91813000436472844335205700978226554
717.35698268552796018722930829455797421
718.12369353918074722638831945833424132
719.20177506878665700026040467157582017
719.87599627198835155022306231000541092
720.78223638388939154506738718373787098
721.71420487124628138528857327139974525
722.78622957749728529628935715341527433
723.40977982712689529269076171031884785
724.04773684168129940962551620099471756
724.92383312405682506982442911440560841
725.51265407236336871813488875133166894
726.34351192176167083516736463064344749
727.31257299726812235375059433866739308
727.99017376958907375621274349612091192
728.45686624381984378369545861810297925
729.65018328958872397949408800877003935
730.81148780318416068510891641003739247
731.57416729372476992153629935418597904
732.12699666038815199339137301422009433
733.02651617007315158468678473081036868
733.61574520060019332356488781657717430
734.61143617006277774508221236368269512
735.43673024607253379293144799589836252
735.81434624285086162960693104599426070
736.89632920229287093648626745200499667
737.26661605205188799507122399606211013
738.68726944718507712991903419368584616
739.54536827910752240017675518562586968
740.23011040535156124249759627615371603
741.06759470745928008398219641518179729
741.91932807805809492647622759080239315
742.61547417068801635753688574160520351
743.44195277645304932064256597084766486
744.24932822678485424869145325073688334
744.55815163742895493878918433499528621
745.60006799429687285174473958564593228
746.76769103224006090188419455477930608
746.98990184469124523674147507603571290
748.29686285476494562282748713331713794
749.15932611421327330410212477783474863
749.94795574621584773306369201894324160
750.82133745279259930731448957556666909
751.56380925145731682186244420635248557
752.08901571260137466819636934720724056
752.80751746524577186747838493100916906
753.82879139227582189034819508292902721
754.57693183141529051617674988521317483
755.24574988661152690513679962754558742
755.83224592229555920643500504604692459
757.17675298913205421053463171656847287
757.85664046449979045168464682497203302
759.16024777587293163741544240824233748
759.51655711919311203157443086069575082
759.94774555358036013232723807736777155
761.19832699375453297065145499908085704
761.82030411570952802955510913894874334
762.61325106610338143087394831568972810
763.25182397556255216650721886554936232
764.06770359743824747375139673514286799
764.66102761372804253765691961442424442
765.93167187386083637061744571214468354
766.86606405655692094698809243276537400
767.58175391530118542607001532064824693
768.26903146177154934926977094334630157
769.08312589433350871855846403199735184
770.11764822964693747191485124071512252
770.58378580293731387473094407314603547
771.27807301566979869638674853427411467
772.10974995715074326520124529713697890
772.78477684840303368288158489818290058
773.75989161002961463171549981176762115
774.52024888951867823587426008741512570
775.55020183041400110663511683614619062
776.25478282612943877130049707780766026
777.34070854323337812690453622659921954
777.93426776372807295314644488234627744
778.93855799676722759018597765904857019
779.14528851863299900900230230206818523
780.09435006569160789114908957737841553
781.12138604614230453282054495596667766
781.58467189775213144931995747271312493
782.48232565536935325299372241185478540
783.33037063812983900606160255276421717
783.94337560493998696136163993178406265
785.55834716542854080058103839048372338
785.90821090790566245033999504590701451
786.72718675200748991529247696406970412
787.37913363190048142640974254935808079
788.22810388060029223599237046703232849
789.09062223071657389935055336840799068
789.62691383589093571832900298954782759
790.71187984156567112717918968292434805
791.09773268113951731771437398910825574
791.76731009512309656126495517231242844
793.11279189523252884878963713604187886
794.15353500985795469908309887510896887
794.48854977600903196802738213644847255
795.71138505948345978249527436813735415
796.05281917622902772174759108316568326
797.20629790609155509925862328652971083
797.74003205579099264022339439434038151
798.57891843798511717799715163012800694
799.18466754753779899131846183299957355
799.80598389993763261325901320369456109
800.99939269840729602552377653307489429
801.61038675365400892344233317240927276
802.55579757259776860095889144209931772
803.55977864803408283698179990757670429
804.24387458872165975303662195313997890
805.14123640308332494218119973445097027
805.93159043971313386539771865955789397
806.47018447198469325354759986793198770
807.12289278676803100152267665280389413
808.08749211429907105905985992624828022
808.79632592803884917440808057946524128
809.66613928632153073378100483283489571
810.23205871825796608701367658306852484
811.13754745737229813643276326890468746
812.39533419150206961369584671790179578
813.22646891976932447965368883493733673
813.64306400071383506840513686500677280
814.76221713249468181500175170465006558
815.08455545212509451187976401378191473
815.96765544765671266642751964956689321
817.07112400925905302662200635343637687
817.55602563181605359296520037053898564
818.07926372995750921016080909289696065
819.04342072578254055746204039599447109
819.89626494480642773498198011627079040
821.19602148156699443621111950547310166
821.67067978306608393562550728581509265
822.63229692754551394320400279901851543
823.18983885109749638197710668741782396
824.02239603253466428327073966708446818
825.06112038332849738065853948256193595
825.58033064411768778093787751203449225
826.03601618373533325313427554745024117
826.97804776965446248335232917296936506
828.02289715406054245224279004983694285
828.39753038705753677877137883303427667
829.78213720786285304853965394196983287
830.44541439204353922686422221465283780
831.10043060323661215930905361946270933
832.34759921455052703149700011739166678
832.82105475190937143829863663731780673
833.45095781294441783131435676211452672
834.26008412245080788872721761959387163
834.91714113632834575527298326972301712
835.94961829475732802171126877000130372
836.38720908912051362661039957991421503
837.54163919661332424098710807300362361
837.89500995745600623696350712268886107
839.20817887181335307228130333625706353
840.15561148139871593598092549423915076
840.86014443243914927915716298768576272
841.56530715769370439949756737267548724
842.02354002128138465213452011591152330
843.20552402539356058950632581809097159
843.60857553715223732976650429179626122
844.69957361235743389091991547707461020
845.17890569284447036164186946066114033
845.89924543991178908928315120310304822
846.71075836143766947719644286123220051
847.94827891015529918044297684188413839
848.84232518111267278931201941409646689
849.47159464362152505118624520550588088
850.07322619548023041129148755820994409
851.06222032274557433710380805485882359
851.78856007130776747763428124169789296
852.58508576832611891600837653209825722
853.08516859662466093817031623463824859
853.96237189529381954062659854565923087
854.59246655549751936697323293585791722
855.50323181073465187065533539398069717
856.52561055980293880778452859821257704
857.41144168739278131697232405054807911
857.93660259401765954893475716033565019
859.17547645850368246985648622764380979
859.78076888204768399967317398662132300
860.30751855608541646674611470449902951
861.24897928361470289261022691320644795
862.06196680580352770438894378365480088
862.25278591399511922472972111469216580
863.80908335748102921468532743008814777
864.00752687935549389562716747420780846
864.93866572818058524518672061013451247
865.81140829549075896684423585660290363
867.08761210696149421263053213935330076
867.65444954386791244877515536534698198
868.36817666326504121932607928296547050
869.23949794574944651678463490983709061
869.71012846920101321830005889614406788
870.57501315606145561906702293637290119
871.42539050283752232346287427933990033
872.44948853276997632194792455233891862
872.51293221005492544832355271789560469
873.44614554863962536027590972252749213
874.65421990639830312622473173520326505
875.52453799121947151855605068702879591
876.40301142648651876278645260943550322
877.20511631462920211080408318773083026
877.50256359983099691153552568546015072
878.66696702997140217289016687408098318
879.49479513427826571658326777164223157
879.91323386780103616310287315601683907
880.81540127196124795945392530225569343
881.38992134741945259701048636015390546
882.19065024606872876132287052039691819
883.29575566140338765413414901202309358
883.99615970284325685203285742296348678
884.99870559014217404770208310606932106
885.72023141505085660050326849173446954
886.43639726869171222526733646881068754
887.47017990137415489115225976895680819
887.98211443676960327920404838887082029
888.56425031696874039867350256595774384
889.41021802470620874015458497844316023
890.13703602593641933706754475467904472
891.13223492300716661445644590572371631
891.63989461649554406645782810112737897
892.47609689113962504235457697025319108
893.63178157969883963486627934283429100
894.38035890893695079311247162944921759
895.28992680027518003215539161732340045
896.04856920063571115369029999550399253
896.45847766355856434655791533105441469
897.23495770523990709291039010194597930
898.21742664716965623077829365006352129
899.09074676597468385428427497103338919
899.35297229873158073818637314136827543
900.37361562416700946252628463169416843
901.05438390551730715369808720920908028
902.04642720825297951746640906070620575
903.42002961687192509292760156269955862
903.69158784794447171745155107952436340
904.40945147557480786667695928093814954
905.20849888438275596907394969202365046
906.33262910238501571952531580278559360
906.60182385433702018147190640902778070
907.59894577752601943681177269343216860
908.12614404268462559207016896506881873
909.00340119583273619118584308764053013
909.56107594176128793180116888754103118
910.87794055742157629638247327993405214
911.54150899772201604671931841132082402
912.39964683133679955646162644706261861
913.10255057193355996782691232566278690
914.14067674641612967745768194917288551
914.66462771566323852706038837593889146
915.39239033261017827409215416901125768
916.19901418953881854681223977824897499
916.66696850416558965540343344911717509
917.73373388184645442980545502331888036
918.31052773683191701640153398110566395
919.42468140099634239769784424820010468
919.73874649562647198335678650022819743
921.15143658003517003306379245730043842
921.85706357064486047447917756394963103
922.63875660330351002696574854851910572
923.40515179436804850397847567566554198
923.91354081862580912102909966662871377
924.63498884739947720074731508636310217
925.83077709736706176115373909555755035
926.02879192948048782798178006278199249
927.07622838160511450759414206784728344
927.84687468024181797237550846940960462
928.20170908136425036266841521785615113
929.85046497574539905690582250220062482
930.46845268986013917102216439261977833
931.14328491302850420053409635712489305
931.85166762363170446731631695104158852
932.78417797310451856645007998279045611
933.24469396566628607510149596282484921
934.33316500858058106568494370164583807
934.90351858352132621601534164472650629
935.49217549305648633811551730420077530
936.20600750498543224287732688399263927
937.13381448711059127919594787643610608
938.23969154972684733744599314511506168
938.86655639158334623573397669518249471
939.80476836306346101204392615688204360
940.55833533714163702420112353639440187
941.25702278190392859232757238801731381
942.11827678235158902849402220674066286
942.83287990341811667581104211390717810
943.49527946014027145834272724085133901
943.87819328047348869379933877713321606
945.14250436681691574642360364139130578
945.90908515670646288698851438311435899
946.19469374811000198752370341565211241
947.68355383229469523085119483829789770
948.11359130756101979125051312696912830
949.33182508614603019927952089723161010
949.97198869028472797950805481835581524
950.60385177545729993214769854202490433
951.33906013165006704648439826632419582
951.89629297387698205705290448507813093
952.95673680364673729463360847397918729
953.62998539610360870877161520137251063
954.23411629872869050782259496519431878
955.01976478104327689615310618213273258
955.75575858256387240414736354924779100
956.99993501605486712720549409104617641
957.86545068523205293523179919490684669
958.46366117375194842298820539301172953
959.16844959335899686002003927358258402
959.83862323705315443675361406600075743
960.74932828903975813300016504202535413
961.55366196484112303744708654368145218
962.13166767396500302080560501469952113
962.76245773463333343648332485081536190
963.54961378897249905397619573784506150
964.39154386752558549782702467571692020
965.38368941468123586055519088497616189
966.42720154848438078731685960858910497
966.88330598017716294779375358836871911
967.79285955200556515748466110266916352
968.52434789923777185505845168929718798
969.47189359931971377231804415640720223
970.13662159879090834930283275146896882
970.36194580840428081605857022713163498
971.56304407038738011361768488153985438
972.13693855724484834840589406938831959
972.98207960938432528187440700442961923
973.74364719891171082731995432613304672
974.83144744898657642664621155323945514
975.31195525694689609135206048471623456
976.62046934174993609750980631478934797
977.27775635090424814780693848223917300
977.68765673000137257302121894392000990
978.49318716266881184866166807723397313
979.40876311294842360723284475902207729
979.88889516665892967101841997844857535
980.84795367668612498479624763791433891
981.63270722206527065052207194236793720
982.13921783561379820969280489123947238
982.93517599110489739184243786136911689
984.19930583791752172074555604487032380
985.10760385347298983833203043288523705
985.70164519100646225588254170331710353
986.19146337009826978014377092500567338
987.26249217626811206473685840661979285
987.81328507423507184747910731280066762
988.60394964574027411182189197117985368
989.46310981616499399774456043194555483
990.17423267674379052137696844960269472
990.40198627220771657609621542556890811
991.65433382080535327518551089191899540
992.59229613875031109805184871048392872
993.40809711720518736229155751636073172
994.42171205992625798246995839268003999
994.63954423739071543931338029307812629
995.86833777800263821716193763163827235
996.48284933642335085758719206945057606
997.15844445041303441408428215826196516
997.87365407490142749225508236451084467
998.52956687981378271563759596468625068
999.25174458806482311577127590163071282
1000.1930581806223982887809477963673746
1000.9897541453277041496964024402992587
1001.6827599549819109766040846683434742
1002.7307934054407165716702884452010236
1003.6006654976433383312964459045989693
1004.3217182731217048329429274257020215
1004.9431337871829466981217772064334634
1005.8935751302276959478770044235178843
1006.1551216456403988212543547712742266
1007.1333840056089361739005850726374426
1008.0318664923428773903713331777777049
1008.6274219423300292069132322175318921
1009.4574907231991097689174699635449988
1009.8728288385639082989278017284814935
1011.4420484124479138798764025231868762
1011.9650787142057854140540771998464975
1012.8301356854242213265090648360115338
1013.6737847687940922234066731553133038
1014.0406969185723385369123084734182810
1014.8614856871209338605262420246793277
1015.9617409122620298938984148546662251
1016.4232021065852174123654374820140718
1017.1216328741271996352332244054647177
1017.6854632707993328849961242251328324
1018.7285845972566391870553390339930567
1019.4953687594364237490739146261376607
1020.6510175258264729398054173335443787
1021.3258506321457303501640996503080388
1021.9407361599229913426287018752816917
1022.6485480039146241798127301263218791
1023.8495741561965376023013444714193611
1024.1998922671305046054177080302737490
1024.7747908145419160414339113254463138
1025.7908977907371020195026435113930348
1026.2226590533830252696888133946967130
1027.2137621460415178125339942644439373
1028.0168668604640608466259958397370868
1028.7693613201034328745412631696239774
1029.8648852809448133679131958228749342
1030.3639364532295841051923661570468122
1031.6172161318536963837219215848861600
1031.9633967961651135079840127606806214
1032.7734591296856168420352882648988236
1033.3324242622697848502295486132585309
1034.2048048752722441749224303216063964
1034.9428087143113752169430980655919065
1035.7520207156373542479181829677960217
1036.3960146193479865145829609721658572
1037.0850382806428618291011521600430217
1038.0637109047623325012335065764693368
1039.3415552228415156671420282110737303
1039.6782984501199433706284647828838159
1040.7556113710011025212862614049849337
1041.0701761586911588792586305155995755
1041.8242115987598315534737026959091271
1043.0572427385106924963290364693578633
1043.3432219152008614380643732178687967
1044.0629895549576721592936106603113177
1045.0299192541750870904325824353801428
1045.4517123629421428248605027300027559
1046.3952867131899100584888847269873205
1047.8080281083042363744233960968891559
1048.2578254841533807894232490884276677
1048.7501708891177091474247963924233480
1050.0407283766981198718342941705702533
1050.3224076907526363343099633343943543
1051.4014697093868624796143483548535968
1051.9056277666052722035148406624884792
1052.6131433129339720937316490550158078
1053.3610918343053235897823829820717357
1054.0195993234666005843107762980676097
1054.9670535110615567993514556296616285
1055.9579835502622259923042981718603862
1056.4323544786165013638042529261475957
1057.5539652741304443136537635908347350
1058.5284492817738459238715765953841005
1058.7996978786135069873897249578557693
1059.8982434761476201545138643856833185
1060.3612833960972706378447231041025005
1061.1086655100069220871941795225307531
1061.7356629026250925991743153737242159
1062.8599057710738564103865422631445305
1063.3897939507269180707215077137804371
1063.9195841106247313362447212110099145
1064.9629532947904090501271936936133711
1066.0354079797351192013048168072472922
1066.8540138168348389859321414324200694
1067.4919306828901244315606071369215864
1068.2738820610562916469600794562023296
1068.7190350293452314395156754649577371
1069.7174407688572610072217013761315250
1070.3990354986930741544842375485856432
1071.2270260393737241488669770616929445
1071.7617419947299108953284649082210300
1072.4411298866775975754028037504154383
1073.2335277429922696441809649567886464
1074.5147209363856261805540205365001099
1075.1277318594839494744094568836811754
1076.0816907999028127184597131921482741
1076.4788084106493478131321547081781692
1077.4899288422954503141544059603270190
1078.1263391375867503833063767547877741
1078.9621838535087260482341621014151385
1079.6921263011630121722225691293977162
1080.0455218197937479563010747402274365
1080.9354813509954032350316987231507046
1081.9398790524587572658026132599117674
1082.5204067682622832702493077173955959
1083.5453632489503911093636867907721624
1084.3503407547693292448594938609687475
1085.1607445406656369496572707017982702
1085.8932749326499444198852515639593724
1086.7467936008669799383027545957656546
1087.3662647539021463584489780585605822
1087.9908362014401438379219806036408903
1088.4850852803529701949387921585316621
1089.9576721991787813831523788864752561
1090.0344768210674282125225806267158265
1090.8006729306757540702258736879106913
1091.9409824798100463413788727834471245
1092.5197170433534936792577838998613024
1093.7338860158000865141511256115570538
1094.5163460500188393315914968019606497
1095.0812867977337136573832552650036771
1095.5998655297242681552185760552784200
1096.4977488679334657874436622200016504
1097.2965674098046061613322173527485564
1098.0058190546088322910111251851683840
1098.7024074086627201473545477032022007
1099.3257949924503474867374170880446283
1100.0775905154722049717562712506328157
1100.9200856100448437648980965183499457
1102.2106376491182010841687358536253623
1102.8033377687877516096322179244844993
1103.4375136109279810455269440410263459
1104.0954134612401445895494212672004522
1105.1861605627138900226489630578645451
1105.6440796177222187188793770508999373
1106.4284157543632055146651073521256039
1107.1658119521563573102146750798427218
1107.7296295975170559037968897190985205
1108.4542676674345036802457265216979418
1109.4980406785147477976575129897436786
1110.2011950365141959498875140038105909
1111.1436348835847793660078805329863806
1111.9835886981195130432522075739916397
1112.5288585703649432426698581935672609
1113.7637487547904128246331850080829678
1114.1365844636329100112016958654960767
1114.6213662601212097397126001965759988
1115.6810830767953396967793022787292827
1116.1795604817937446842755404559970089
1117.0049386911263312003490933725905401
1117.8832427195800574185779582320908732
1118.4816564674084109205399686542709026
1119.2584748488558371363127296863315939
1120.2984060126923146528400103777156025
1121.4732843973047152173049058726287360
1121.7363417845522151784974063979830553
1122.5206815656059635195275686868508080
1123.3004437669768596069744821853586974
1123.9353695905665243585398622185752363
1124.8086669285293775109735117865050042
1125.4048253603657110114502070181813249
1126.4453181961018457168533002956659102
1126.6885885732538134255873863803656849
1127.4369200914173487703147232218299783
1128.8132057350886465412181442605664536
1129.5815812338666669906561091154739820
1130.2346477352430780355402675851289840
1130.9431152836641618692584089725501304
1131.8103716454093148662837575994543017
1132.3204346720034499938770121824005723
1133.2968096064429122572569959492697581
1133.9784649853574130163029931439567051
1134.6262255102686941332315804558865962
1134.9569251494024398645505777461325628
1136.2688759993814835125565138510433302
1136.7760594652826121224094094511375737
1137.8301052008626057127628664050546241
1138.6324728779439043554618006113683190
1139.4163944556928993399758911932782460
1140.0830242633005188103428491562198775
1141.0550664906422136095774432296077395
1141.6642344058599446225108165784526547
1142.1907242803047738224604266233880278
1142.9110615408158063140420638921756151
1143.7752032749435965516641355280567310
1144.4303505475165132397151023177946324
1145.4854397307723871714194812169245418
1145.7099924225128180260624876638150948
1146.8726045017180891742163577957834769
1147.9328554842196517841498771762422339
1148.5051973571475253515345537626131994
1149.6100358158647006556782783389799568
1149.7899855642235472524785070631419714
1150.6864295764097472610239217939401514
1151.3023355082301261475679037602318300
1152.4100833771498641253952133887313310
1152.7660209581291523113168692639798739
1153.6871649129564583135505859511450211
1154.1891810384661113336119984024065405
1154.9741759204117808506138135393990970
1156.4631246466405518687692398721934240
1156.6811558958461217968527622488528038
1157.9552716325527873646287174805161127
1158.3384182883348642332081619064004191
1158.8459580908847952076395914864011019
1160.0750576925473255172348357892497189
1160.6631307245360842295865862452088805
1161.2695932865707771747120825988371857
1161.7693728622439472925369196863393228
1162.8614484167985003198894519156607345
1163.3009566200983280434651587397626641
1164.3130239990379360692783961395882209
1165.3973908258612768586485811772084306
1165.9915385098017518584441146624218055
1166.6275281382728496534894691480613753
1167.6956442626337916193427376942313556
1168.3899408821715710168008558513851040
1168.8879652768458114185356528057985326
1169.6780558919162450678559766435727277
1170.2650763969485193782432752808298922
1171.1621250456488859631505273936656579
1171.8406971604012964915808193074162377
1172.5638949527241082509863852154856309
1173.5483931047820528096614221436913177
1174.0398825770007728866618453060853507
1175.3159844898454184603127163096910097
1176.1288301399766728046712518154720695
1176.5761830084866646333845830179540508
1177.2748922381998104710990458039414717
1178.1823016441360899961420314517041440
1178.5998085484296123337680360795697666
1179.5691738131218259351739223264533569
1180.4110276555602872797465785844725604
1180.8064798702091633839551369610089845
1181.6476960675250678621797895187268584
1182.3384809115618270888438212329214536
1183.6970503834522772348000264822099477
1184.2980411371617723476306277861262445
1185.0862891388275521143901468812965438
1185.6061535118472058643030434891419547
1186.4297641984131451296918102582013633
1187.2700113241194423750988045605131554
1187.9280834775521405402686611420389642
1188.6719777457465512911725617172050754
1189.1685862725560865592528147691166768
1190.1011207243204960575347869074958147
1190.5604724330584281612662961874274220
1191.8860911930777543904276259958404070
1192.5622049604947321482554522621785028
1193.2546248394776281357087011577405672
1194.1324879998623107770258693956026273
1194.9549469801312981882197591514616511
1195.4945993292947914143731989816691479
1196.5251180884495892764467135003784639
1196.7547582108267126826040364599298881
1197.7382426006682516169585965642632091
1198.2250025825238821028977716996541968
1199.2418578244456798914028729017146491
1200.0930405890641574821410860417713440
1200.4564240351082202913978370759527189
1201.6247514833706508579107049803103135
1202.5932869643981608712770237663187591
1203.2699461476190745886453564864738947
1203.8902014024354882555795921701680856
1204.7306237239135177039441041693629343
1205.4927608746043310686561587270659507
1205.6333706878800523467444373593423407
1207.0742118368543893614633051173192600
1207.5388456951977405339184719705291973
1208.1407295318854111939881149541604141
1208.7865375392229828171400599049609141
1209.8553791481485952459265514365650645
1210.7184391673383510345314552937073151
1211.8120315625477680881096088777080198
1212.2404855863988835981401523319718777
1212.9042979124890094149553807006637017
1213.6479938876553202803098295789874570
1214.5070938681829417794694391729490377
1215.2466303041756182577917764517483962
1215.8556687153095070528050298715395088
1216.6009246343783479509818644523277964
1217.0050971162193544982051098591834152
1218.2519270119423282525436005957280566
1218.7277931243259225604468483247673734
1220.1338845749946219334742078791237114
1220.4724634295678460664966784586673945
1221.1901905271691239116942971487504045
1222.2632543453602460599509391218228535
1222.7926130023017002151993366847868209
1223.5570627087503190527678079973047453
1224.2681968899532755397868165601762640
1224.7089424845213375241263525395579789
1225.6453812092493583506728082744090974
1226.3995287934410713420946145311831253
1227.2384368935966176426712800474697785
1227.7657261835229178816336108388224797
1228.9917342499696450709734307258532151
1229.5680228434564692224710871243905854
1230.5197861245451659102186416629128846
1231.3946088153754172661845012843156242
1231.7423752943219103743780480638351768
1232.4054208984096505697940006336834587
1233.2405422648079451129160085002203807
1234.1481625119002772713985838289635861
1234.6851365898273998798338414937177063
1235.3487349890786319158357863824332464
1236.2694001362222976559516174261978115
1236.7503089860728941429939911139653211
1238.0374296070197229345091353139803714
1239.0403198550872067265191753718404399
1239.3659968507305406912550949065871845
1240.1243302349291991621620455308237872
1240.8064364406765008887057571380262661
1241.7401238603257917036944810322669354
1242.4925560655334715778514612467591050
1242.8203969042033111932461892292388044
1244.0323985711028818535672140689334472
1244.2265181624125448657667175508399653
1245.0361433030934356903057800330266903
1246.2586237691070129938876335433365090
1247.0853095218422726494937584854490353
1247.7054003296598865021095213790900198
1248.4515534088016738950079895861263201
1249.2903394129376196477158930381600277
1250.2304486801193015383779894996820085
1250.4101436135466035285033864664898856
1251.6373858471108162098260523486147758
1251.9197477330197616500199843176703349
1252.5955361008240815930845727491440485
1253.6294396608892982552258614388391077
1254.4063427014909545851790838771875584
1254.9374222975481285860385508089739516
1256.0411754934874998204081076332681023
1256.7995291996733508854725261254871398
1257.6403527723800384190049172637538514
1258.4636308808844330768269343764196021
1258.9606971118055444593815018150838498
1259.5696494174094366612986747597995946
1260.4945250791322245961527715503990676
1260.9949769040988675682619978763546928
1261.9525460078016292017772097286018213
1262.6829654740370634790453145710201428
1263.1513931041592613161991074769489755
1263.9408512159731618022367650817004820
1265.1936957498683547430735918214741064
1266.0215760950479863590187395597700506
1266.5357432824882079035528876754860097
1267.4233841854918206046927077143359673
1267.8449697032335688568087922228721677
1268.7982041722327013874889627257544527
1269.4412288462613305075315432939714962
1270.3480890213415652455941905357805050
1270.7558988051118158461921178442063776
1271.5939699373406698190543437968738875
1272.0508607532496256059380502913983042
1273.3830499150706743251547028308768203
1274.1015807254915444218988417419710071
1274.7973078401901014623061177418612514
1275.7917326636017669509402099864627722
1276.2288990697397064174177288584255230
1276.9590506042989839625518793075533990
1278.1379394828490416077080707156651590
1278.4974232380172741305228021194376931
1278.8441297570633383032464206832079688
1279.9004485802998374168122755454293099
1280.6541253669759184097933053420591486
1281.3717213882966273357451202608642958
1282.1223662632704498942017409204412510
1283.1167768050691551444086807132931803
1283.8332920216063784052288901374437526
1284.6847928904588919198070652540130142
1285.4804911559959192233960909493662992
1286.1914713696810424745970622293398103
1286.7615190582783936110742961334390998
1287.2206461322992418729005459693625032
1288.3833572960836988431117665392760968
1288.8672306277456997216425494970994372
1289.6945451670871877798959895582428470
1290.2832052355385970532733265566292860
1291.1077692675445550109450951282269067
1291.9545478001789715147713127459516016
1293.2764831467156554122427121872949866
1293.5620588618842028468665885147602443
1294.4369499160452318304778535142843326
1294.9599492657253997000865508580486874
1295.7356434782371502987671461834414097
1296.6404299944902149684438656114949286
1297.2259794466311641458357632203169775
1297.9176503675675657911907613200489105
1298.6782502854312322780447260620242133
1299.0916876859771619540024072134774392
1300.2580843206450981517248061001555084
1301.0806462570635728992935437578133596
1302.1842341918868855549619419149110363
1302.4923300653437150461311063163508417
1303.2506848271410236593030358350023206
1304.1964095986791051985642310993027343
1304.9260615986638597407752395507273149
1305.5294037335225605839224434409329947
1306.1192011759149749502582342923817040
1306.8348437096904602924379794075018830
1307.6974981505877132773910047920889655
1308.2597965692965267834420336043988221
1309.2249878635012962587416844025245925
1310.2290757855584277502869146422833880
1310.5848338183867930030825884593123247
1311.8198234297282017932866547498440287
1312.4732502050396037261007396485765606
1313.1434723281520308304559600438278834
1313.7421285586553985992275082622408706
1314.4676677752675909994202134270330530
1315.1613299906726253380544099677784600
1315.9220796494056160674631437635901824
1316.6556805053207114074145841151812108
1317.4644207983750714259918079230997272
1318.0188076476091717697870811036504871
1318.7942148092670252706560461669723168
1320.1963682695919636203625206621161882
1320.8410089205241948845856786062722920
1321.0774749664301691542858107841316667
1322.2162396989269160380098707237414549
1322.8185184980589883148187011362769312
1323.2490258366675158674507193073035442
1324.4041381928500943884463129061935843
1325.0619645152635328730828269580296121
1325.4246913999945728318501418060805301
1326.2508148021331350788256474057338013
1327.0046521262392176097010831921136968
1328.1187335559905913250384248574611253
1328.9932457636535751454655701474295339
1329.5474595654649190595810305993200466
1330.4177918159836464778295172161336145
1330.8862308892434693138976565655208552
1332.0959200396645631576902678896984279
1332.3035281414458702826882530698762945
1333.2724266716207396857466785326083909
1333.9941284121010256103886307440888002
1334.1944917133655734467337047386837300
1335.5608054541272620322718383418689887
1335.9720339995246793519564801319995546
1336.9860036796556834868227668575432864
1337.7997369912133766926056862878728804
1338.5715024143024632329187209317831660
1339.3663030518491836965716007020654131
1340.2345967274528384447034601779646394
1340.6878813086896314526239684710627173
1341.4233383719059542946105050576448135
1342.1838725522071506753245019951118908
1342.6532804435061525086135452734287119
1343.7157015046185954368373179666597975
1344.5930801516616164867029385878085133
1344.6753471758485940123029012191231699
1345.7687051606246257733537131082174503
1347.0106265753650173559829718661165075
1347.4316830467507298482826921237031078
1348.5697988122265384145900754298710109
1348.9624840271582319901874889418189979
1349.6317064531242708639108328997786167
1350.2829336982188629755133177603361193
1351.2455264125537496278848814173320984
1351.9682745379917169347824244735843243
1352.5523699492524065816914959685116804
1353.0006402469560005167762175517954048
1354.0730483106899945385893633749909761
1354.6831175637230168226404146551012448
1355.8961042404194738901874735308151306
1356.6800277353417301059535181435466839
1357.1797064141584071112136955415390888
1357.8118211503534175202232680422173238
1358.7521054141338417050197525838254826
1359.5800375557518293314731918977111207
1360.0464358841554843104221552169982515
1360.7272805599288637424972319239354349
1361.4274031480801918198239985170878163
1362.2026984046329002685380799302435641
1362.8987067146558970607087141827671272
1363.7997057706072496345747813396298476
1364.8777726861238888036649372528230965
1365.1897121200551657009958391499045870
1366.2714212974599275985801958904957938
1367.0888552018163197947311147082303664
1367.6915146718041777445521561262248114
1368.2693778739966637217974660603680936
1369.0650047184550132789363377035291652
1369.6301724932477572537340579735620091
1370.4479015482073838798414663119497974
1371.2347188491449862034574355430465722
1372.0215920843841481724918949682610639
1372.4318886465246370036661413847747492
1373.5926513158842666671880474408247827
1374.4242198702942079394687711098759042
1375.3957997231061366694121109780292234
1375.8611813793813602202696589921014221
1376.6598270648527854599686966304065757
1376.9933038347473608279445465881443514
1378.2430489111407276740155971806350662
1378.5938787866559973651195142731917772
1379.4248263255803827479994044454932967
1380.1547384777877500967410989261258102
1380.8413953774978979131944179466666838
1381.2764683596121292292749842493427228
1382.7883774672849968885431020742711100
1383.3050685769308303496725241465894476
1384.3330668170447599397953078751207115
1384.5633511784822638531561790447849597
1385.4787393269310530518566722737987848
1386.5191099225520907545336038157637645
1386.7893203929140619181216488771981369
1387.6537421291700569607097875809889793
1388.4188521451307270895900617951489280
1388.9538562276751148913973758484984010
1389.5282602333507186318515214544607491
1390.8073875159093889950391723335671170
1391.3549368164052996415073707633413019
1392.1762546203065546130196499278537862
1393.0467524247106258686561761740821759
1393.9413334694369332324370391647567340
1394.3197592100869185573199410467988013
1395.3231692145240512758621995649361525
1395.9908261032491364881846360279798591
1396.3579927500951540155402825157812890
1397.1480103910052090988165183311178498
1398.1335704292672781193020066406850584
1398.7408618377621690784420204803954019
1399.4049661772736684037540699812490129
1400.1218461352015715052293898735423887
1401.2596534790584939791941960850988788
1401.9939097119644561179016560284395534
1402.8457029070952167898287629350502321
1403.3618733886658846470601706511120639
1404.1503511010194102797580466201482398
1404.6356503621827209407005285789273020
1405.4620306498122996252486773632595947
1406.4348195853999674730161957866390869
1406.9351278155951772142265087645841916
1407.4136216243984763964517192440827940
1408.4088093830717400588761091264315070
1408.9596343071396687200628841540410968
1410.4348822826606224513281272632504601
1410.7659694471069229324677071974991415
1411.6551089331784619164068015022836672
1412.3123899767004911361223300308814726
1412.8697990895973092014550491149930085
1413.9125177454229564093535527072140340
1414.4390670536977555681683298254044123
1415.1779886358534103255487151860657001
1415.7296878212573121930516185758260000
1416.3937942601009487883381352569895181
1417.2876264305795511326885031172102131
1418.1729625348381473611917054985210403
1418.8864167188367081586378345046148235
1419.9008069778515933739872983744850292
1420.4621152009528330582532112920581310
1421.1431258753976135680283046101022433
1422.1814301059030993585089477207412134
1422.7211895023842102260960716523431121
1423.2482434114146863614987399674634961
1423.8409206798458247660095404793315096
1424.8213350991099244713673439644289625
1425.6139710285896312388492534698889512
1425.9577613043423149609542962828750475
1427.1287374834742591763692118523279221
1427.5987027481647940837905139593147426
1428.7405039109850335531902794967617701
1429.4758793921626934412768969172681770
1430.3745816798542711376993185417089252
1430.8715935238436552827175491320919606
1431.2966488884693808017699719608072975
1432.3042978796562045588515448522485070
1432.9620061054480282552128056946146167
1433.8155990482121540449284201112081383
1434.1796373789726000202277964016952749
1435.2863985569351604281309167282453476
1435.5348903961484801077748398894502314
1436.5899348144564305821375406890363646
1437.9371349092707462491541468286646964
1438.4096880170240672127063588383827483
1438.7513954458143116689326112435376172
1439.8778430584448772744399407622682641
1440.4186569436165879767936648371270388
1441.1554931783584382847426299640449684
1441.9547664696219672482814136926321837
1442.7044483410828461835969334306770684
1442.9841987391316187256038402372755447
1443.9272973800971962125501076585267059
1444.7071844406042097380020160081240900
1445.5848147138556857038778112507943676
1446.6159478122566120926145360261848779
1447.0719880285963966180166067910317388
1447.8512634244892520382413006907776756
1448.9497109213053365478706889878303818
1449.2435370055673036507406780607305801
1450.1029638067930278951555244022297918
1450.8013462043570966953683253345463845
1451.2916343515847979050976624458634182
1452.1002840592866697353306671739209611
1452.9708978109565182609456213476262021
1453.5929924956995253544576629580243885
1454.3705697251478525667270305662749913
1455.1719990047143058193443834119260389
1456.1150739358960254994928015697473974
1457.1208962540218120507572939800986470
1457.4970445599261229501947420113343411
1458.1667255593314613785424297471253134
1459.0314540691273245685555815667918399
1459.5097455839034940730319425292292794
1460.3522374053308232574277509920130894
1461.1003410650646054102286436870543791
1461.8595852008557217492942379657618347
1462.4837548186696970277985691497030717
1462.8518727330349288590016397216547263
1464.4044037605952892634312749958504090
1464.9843807693303337227113970723914719
1465.7307614584000945129025628980657988
1466.4631526059536591997735750476694596
1467.1500786496413866135991174788231205
1467.6630844783955060047526248510077809
1468.6507389796533368678432770630059065
1469.4769930825230659900032278216080760
1469.7394001957222484468018184636160408
1470.5811068030294003382950837374423416
1471.1556305292752617836189674341563529
1472.2975437243514708161278409938071648
1472.8558067215045830031146117167150742
1473.9558277743201530926272994947833360
1474.6669418078733866779122824002681322
1475.0664250254814342127993528491221235
1476.2234509417308417017576441435941735
1476.6888975249961730328493867964419571
1477.6144677861954072304320346154904072
1477.9302608565165567535092768052012036
1478.6747047810430754072019430044409515
1479.5239853772085461071464501656535175
1480.3234694256162763829018591168889140
1480.9034492767901734392025446952921642
1481.7205410094267302576002692776244446
1482.7335548287058385300019653020497615
1483.3025182904476637657170749770769658
1484.5644674893596706048134686488493623
1484.7658158018528019545266071449559365
1485.6407680336699884001129985693823452
1486.1248533148823056873383623445368208
1487.0673947362097154389526105065061402
1487.5221681826593201402558381617140225
1488.6305440745196373522669163021651353
1489.1233157387016355690744996693028505
1489.5224843893978772550912528148527017
1490.6012386224519194582986482025139216
1491.4823090271631283539643352985325259
1492.4605272769174636382727348113951234
1493.1474185326294223668655583127956061
1493.7966823630637456256995144111902746
1494.2074968025983567987071179318909795
1495.1881537621666042971515124002416528
1496.0427011750790428004458591357721664
1496.5585728498565566343912506298166404
1497.1010516029821905730425556868201923
1498.0150418932599822228212781266543259
1498.5061589375882889837883236547662415
1499.3730105795468076734355432568357469
1500.4987325333023622322317564975256195
1501.1265291140394936539347271775652391
1502.0522285049843841789541558650531585
1502.2936297309408919573923959599004228
1503.5268179081840679842184204162947357
1504.2128311887928441289494251326748242
1504.5460847718819298217957924163594295
1505.3302308080590444920496262397334486
1506.2018267023029632906983483364998709
1506.6667375469752368944789993254478067
1507.4606660796741380388361765997307390
1508.4291759399161891582224015280148335
1509.0952274221654055724626364958619034
1509.7108191976833162506190820331930163
1511.0567498293280214956188735549422326
1511.4220240777142433265325398306103316
1512.1783014395251105575035117255194797
1513.0456306303494247777917553339732925
1513.3619198940260132955295487890933622
1514.2258794519027732795997175688926902
1514.9937478772021055642914692665274441
1515.6407422099658686082669490679296852
1516.6501473651784196519625251850338510
1516.8115357889235684025386351245828868
1517.7081831951705882660246945642443942
1518.9365550822028637519078578388912422
1519.6674652767385124787152238703091615
1520.4491654995278342226239210129858906
1520.8929449677306405143880727576066354
1521.7218514201641734813808833524383695
1522.3419200126408701679447869615480370
1523.2292712299752384788669055191390563
1523.8237208434346343549640955054895873
1524.5830546608119775341584584404581031
1525.0660411534528523340769213206201602
1525.7835978306928773327550198965646876
1526.7017758293888558136501725863260404
1527.7364963587221887871354076956209383
1528.4491842338277843101278170569510303
1529.0579906644246280834893806867464360
1529.8616887029480022046427012710383648
1530.6094558472386347456358990018576251
1531.3457429079076759064112338046746826
1531.9631629942332803301709164424000100
1532.6635846618743711765622004760036918
1533.3311345759933615753739048829738813
1533.7895981918005927541030432282702525
1534.9569241095274539912387949805750851
1535.5562244178462968865546431017693536
1536.1762678562380688633307497863530783
1537.2386414818561033763913589019126242
1538.0474775023244231926319210029757039
1538.7465066705948875248477896791422928
1539.3849505320735967997357757534384256
1540.3521704552740104139738498069458159
1540.7163461600425568254393915079511969
1541.1604120151554207367689589883218721
1542.3475076056401440706958081453942561
1543.0922049296047571551885139538324822
1543.3591061855916615382091149445476911
1544.3751319965108378070707344720917030
1544.9064789523721058689655306012865255
1546.1023977769547233030723380064794244
1546.8731626005669839448985445421890231
1547.6917002911859114456050500587726294
1548.1482650190114728492328740828040046
1549.0579997868257732697994359747939161
1549.2740596712242823166647911779169600
1550.6629509079994617840965882802049872
1551.0563748846723374746767951159596985
1551.5001523814081416086328690101669320
1552.4409870901021277949191462212268449
1553.0767815637874753675215787826479494
1553.7436401671549019021196170887337309
1554.9524516802686562115693080654411875
1555.8514118262933527722251477053413463
1556.0833436064775666933851442045090510
1557.0616336426424141141957638552662907
1557.8003770822803596462117673246486860
1558.5099245079738455020230181137223567
1559.2605415429918545492309432211976923
1559.7742689343174373583621196116071447
1560.4656474032781428267622083070168965
1561.0875376342422499237484611537328011
1562.1449637175144254803665320292279265
1562.5492031885096792163578888933562909
1563.5768111543218463534368149966481115
1564.4203220808722366885755059447685899
1565.0270267957569292227854852298332456
1566.0112579803456630826480620229675523
1566.7833419341647713846525105759857854
1567.1895367791462023646659949714565352
1567.9167624353180697056499749669618425
1568.5684548323718219105425448172183739
1569.4052568493212620373606564725090290
1570.0255285785952164872894784162045336
1570.9635541122952563934825134468597697
1571.2402218065389745403225658182583542
1572.2919766135297211242049629945196292
1572.9962738532518098234056502110986978
1574.2707502706860393864131017620020796
1574.7324484557851423158274668339304642
1575.4595877261752722365735278516702883
1575.7895050894488871696191437331491461
1577.0285034424681442136754451353646158
1577.3498099834343694730124565481968999
1578.1827726602833183729460041743575240
1578.9914405755980612376200936625603073
1579.4849509085449433540779790799975636
1580.1873838343148171331106986272261942
1580.8346463214620925109590888423108261
1582.2366180940626163879236978426645548
1582.7844067249002376212852041603267441
1583.2989973348287877447188702355113373
1584.3468757635342490413276757074483279
1584.8033891966024297695744103228374205
1585.6681411235624534943260062360936707
1586.3224921020223161126748264057408030
1587.0385274362235319024138501862911313
1587.7352083540601986555670028770815405
1588.0056692076578750226036402919736887
1589.2594019672473613367342160846514971
1589.7734826836244774161717020228540121
1590.6509924798164930589967147187829004
1591.5096775251436947347502795122961972
1592.1941933098773264302396389707843574
1593.2164179099566750533653239746093557
1593.6276681241481523233473030038702680
1594.5158118124522057417818794645061012
1595.1282519165003169936171187054653211
1595.6215363800666764803764036613399680
1596.3848581372968127808984877676594916
1597.2949345754379047155418955205649390
1597.9230526170969124564501651243409949
1598.5468021941807932285823602476802024
1599.2296919431013941828587763693258665
1600.2043977018819305696066006590054867
1601.2808869648590559047488952436187141
1601.7776914483333450023970254246796433
1602.7136805986030372045652093885460913
1602.9774591630260668508567437222392499
1603.8381163852377276971111865062717061
1604.7324002692329152224526064060923632
1605.0876163261417313391612302580238410
1606.3425368912645950042711443906638227
1606.5634481240250442270549523730559297
1607.0229366856453570359523597319406228
1608.1384040190236189723405190341380916
1609.1130089115946795270638636511324680
1609.7893901041954700317610422976509309
1610.7503031272168687741010530692521877
1611.2778097955168753658805168357601787
1611.7790197515498201003751265398021609
1612.7881537966672767208128644144148605
1613.5850855342177548980054682500231457
1613.9976253924572888923681753803261803
1614.6663889246281713397399517267183335
1615.3822555049936713180550784536733729
1616.0668226560611763659951196050411576
1617.1040091840403235388785982862053238
1617.4912625971991207687521818952477909
1618.6902816360493546912408439526579932
1619.4154368050575323776013531547556594
1619.8321863683071966355024786770572325
1621.0439957967511473142830782542543770
1621.6503125022350662975281205302862216
1621.9651515473210659019564935473558217
1622.8062725381704342503961467303650682
1623.4441807276582099846052616049018444
1624.4519640723640283569694862948518458
1624.7698152674472292362483955571457184
1625.6954878730397845004046817354551789
1626.4518916727105137040350877367038948
1627.0244805175747137603217660400401930
1628.2685534750282281428594828302756445
1629.0184678834584844233115974333262396
1629.5722858421842713033029738125953712
1630.1770151829184781733551721591610878
1630.9649985290384892493737179928389622
1631.4878025880627435475211742859866352
1632.5176131563262126977487226524559678
1633.0001324390848504034970766736957954
1633.6769603132870232488392692568836995
1634.4585314049478327930935137091356157
1634.8989430366447409953025565149509035
1635.9980443546824599822830028791121165
1637.1160931498269534402298974252742330
1637.5459599294631224888327452192570660
1638.4049535625337375305731663930570428
1638.8195777861719723623281240715432240
1639.8595649812555024804144672531223520
1640.4172888587012645381410925506593001
1641.3728646266460865503330945635080439
1641.4858271784222168001445132338874482
1642.5707678916677766536070572138417940
1643.0272595202601514326545998660163664
1643.8530398099394268394200851919491453
1644.8027888194883194372107543225427532
1645.6024505255438491523008813817544851
1646.2650899769964428540522619352101839
1647.0858199334632931652876897999873179
1647.8677367515968876583218819278443858
1648.7768114655608596430079092356869636
1648.9944830542385054736128257052294385
1649.8059110968557012413753392251457122
1650.7197066754224112615390401710530159
1651.0186977445449236351523379815913245
1651.9644936115700565405559068603497445
1652.7893174834509469326697454843035759
1653.5451640778421618953621309702264519
1653.7804575378950902399802684498557134
1655.3842534025349805126396258593421231
1655.8483453892610589286314775485474589
1656.5722229882501093792617889941523639
1657.3597129659304717211805437504008617
1657.8988578515694285981180738323541741
1658.5605960425342979813247250871643675
1659.2548004343914061428484676257626268
1660.2142742290622955010851275084194355
1660.7394134137775761978270641901257842
1661.3353781362472545327537289030024895
1661.9487205990777567988614312821424011
1662.8732795418859873305148891154556526
1664.0244247779421284582850000098386550
1664.5973832417104801886677499548730922
1665.2995996112318368305190204009459736
1666.1230446148571587671645277733382872
1666.5244823452062276884862760992554276
1667.4280040117411957078169606518564689
1668.3652710355106719197122884007414213
1668.7038074003307435530099948592986334
1669.3353997049660646727901784597623453
1670.0523649621199146119153172013822503
1670.9651396011021319773048715114193590
1671.5072694455774764188140763587964648
1672.6676947370005057019031660368113280
1673.2602881048947086853785274144965727
1673.9705625953486797214054701066730434
1674.8557702548732533263705599038406817
1675.5856547430911500069222893121735206
1676.0895246650407465867261867324307945
1677.0429830342247607281041184939964941
1677.4170722151033917792429226239306065
1677.9709715032632895262292911816521802
1679.0731009386417291014945286232124029
1679.7617388106040073725466717151563249
1680.1323019479078770578123014448459031
1681.1616434091448235026550862475173575
1681.9045615545479450534286833150926455
1682.9731814586850471159233805907794899
1683.5025291942406328468528684276400592
1684.3482709638421453099230918259037949
1685.0563582426568438311538025088395418
1685.2689449904649267451098851693404944
1686.2692588595024470610179637286444832
1687.1491177380477056602275862209227504
1687.6654393685010967911908102178259311
1688.3269528868951070637723869306336122
1688.9478283423014913430029088453035127
1689.7662895836269863569000635598879787
1690.6466839979644017017185380158904597
1691.6958596432471801144398034285278966
1692.4221358486492401118776222203676823
1692.8758474426174045389371840304828747
1693.4196686549991318300163225839910625
1694.5294012848317841236179434586983739
1695.0667239127600903073170388785855341
1695.8203006385077535581039893145707548
1696.2119156846881053885667862210789922
1697.1815649044086154871793435607643093
1697.7027075216213743969826973421244361
1698.3548298349652200399359858614247618
1699.6348692603749717905933750826890410
1700.0968484340787455221593239076314530
1701.0311426413880778161763803393704048
1701.5143937117900643751545538766589033
1702.7107843143197043354167109421617417
1702.9922878834057048445613326432443230
1703.7721658950314658166051904737428098
1704.5174414404055330394929274687090883
1705.0357223417983251926319991921968609
1705.7187134794274696295107794615908734
1706.6197613765152318993361806783742297
1707.3376662914988152860012966387206202
1707.8515659723934202356580060687908173
1708.8754392116552937939267380002628212
1709.5662352224691078363090461935442765
1710.6522578007768249577681664598292907
1711.3978441819178072137651881547314814
1711.4891101887536081522290697810070373
1712.7099548542469546301925653935658410
1712.9913743436529613360075132579198664
1713.8156050536361010395061264501524373
1714.8052266887160656998172905829219505
1715.1416026614366837856182556621515977
1716.0495361729791402558330280425853261
1716.4539777055151142137149718071306320
1717.4261090145069109869931971946044374
1718.5104533431937956903665133393728226
1719.3567311175387242266189365429142746
1719.8139102005263651146048622191358033
1720.3242413732826190305263964641820199
1721.3974556674112505155405275122733575
1721.9278446614486154079120983793478480
1722.5160731160697392317236422344176284
1723.5428749301022548593194322884412466
1723.8981171198592694686472757210663463
1724.5206826056015295103737512502305617
1725.2154091740795157172828487283252518
1726.4287382589896525545920212495820670
1726.9235230276968247980712099284590179
1727.8445452146885132392767789603977348
1728.5888432589635445725865105347790543
1729.2701601570967958683592439465156745
1729.9368997763343302353116635672945086
1730.8293660607029949683004001722605927
1731.3429972644112874298469949667257883
1731.9567007294340448638397573864628374
1732.5661320961198961177314735061808410
1733.3599960165509777648450349665104224
1734.2580792434128964703091059329700040
1734.8626657763127644227211927307947562
1735.3952878516980514980234443622140479
1736.6316070169715716086499279373872788
1737.2755976696603510884046706241564067
1737.9468496973391214387812523968641577
1739.0186605440841017342068596764469928
1739.2800767697042075530352534022792089
1739.8836112582255380266625656420751692
1740.6498905661979276445952323769768305
1741.6097978641942797637682552947020856
1742.0939769673585059249874339314330426
1742.7909943846723443643550111226315759
1743.5329250589270016481424650940999599
1744.0469844249283638075169583912316614
1745.1920563131947981612735818504242065
1746.1014419877412556608086707579584166
1746.8272028777014769820168463517572546
1747.3035227190152797723363915919212448
1748.0552428054289571604807293938823722
1748.6716145015655750380134350090486022
1749.6194046368984657699266181841313898
1750.1542277772280575891405026559880649
1750.8642188156300213293667753409739652
1751.4547898774590070182003043908239206
1752.0096519461992440437406080317139289
1753.0325211869283347125611580188562947
1753.7149013207090643122926307329613572
1754.7629578274997646467543815596910966
1755.4041187362764658502976837747915885
1755.9969605296012401151251452501263720
1756.7465251510862421453071540331679887
1757.6745031751500580824679903984398933
1758.3108302448138055393402826973176438
1758.6565177057863207025501873661821120
1759.5598653078881882734165997735626882
1760.0663212729826379857900239371578842
1761.0238740617627647829549203547087915
1761.6302830873140669924643132658324176
1762.2794570748257511516013878605586591
1763.4364693482281012426315153310382434
1763.7747552214346758962352363762463339
1764.9427474537411025317093369937397786
1765.6397923988188896839202009345301832
1766.2678467389344899781668983945999897
1766.7808511137980996850066911730748947
1767.3851974637309038911790407407277759
1768.3963055834377885045260435314062122
1768.9172696111166003849255871680330071
1769.5061659872891019923812265901581493
1770.4895765349322563174047474657492729
1771.0334304422191996423882664493581824
1771.4409982011557147558818621340407619
1773.0619029306563506093464529765735750
1773.4727618163890042519157478566161696
1774.2079327768878947805778997286676915
1774.8420073221805496552006711716362496
1775.5788661103355025208556409294151468
1776.1653710150185125424691903334915506
1777.0889575782798451361289316277165032
1777.6570731763540939812563722869248407
1778.2529522227013453763818623714694185
1779.0701346075846443024154528889762464
1779.4420826030321980452203851936739269
1780.4476093795330967261514517005977430
1781.6024812268582377052633831581432231
1782.0265145771739833815178324419909715
1782.8066534189201372188112355762770154
1783.7731013575706768516679229271951717
1784.0542899097853404723694828378985198
1785.1751826276460997323268551173233731
1785.6271018259426014247817482004508723
1786.3991533455672039296683912108484146
1786.7399991967714064539642323383974688
1787.8243773299915999485728504686285448
1788.2057410398658167892945095130208744
1789.4022527460175709774338564568422078
1789.6613118440800616151762942385409102
1790.8634986427669432740871339072699824
1791.3521253981047471869137462666914683
1792.6294427731908848595786526567230293
1792.8820090018823146422776514159482725
1793.5814544274996645116686113661834600
1794.4021927942271141922163992414043333
1795.0449120201076460454779243424344916
1795.4205053103619077005149482714065029
1796.5834539978558636472495462989649725
1797.1115299412302544063547599343279416
1797.7964108478552284451615998245798996
1798.2436270994783810556757649072421034
1799.3429826878623301653268881134208687
1800.4331673002925967652430540663705670
1800.8876730671314622480675857241045084
1801.7199013829364140314655775669896414
1802.3528639262634547447161318192188221
1802.8938305926005543104851918801209557
1803.6454149682873442699016631344937064
1804.4984038418459508206285262733799654
1805.2515379986005225839473321189581492
1805.6445046246491984969486495585417740
1806.1978259109550750996973211010072052
1807.2031162287887605634433703364205292
1807.9343337397873503979320651981123343
1808.8363386951592722997760388700750331
1809.8707872032470750046616429874207689
1810.1037830503584168305418811703200555
1810.9706170800922374345082207312801460
1811.6830670150386868109420598257576819
1812.5944296702154243967092370471689203
1813.1376378460852714576720017778319184
1813.5756117843700572442952707682674280
1814.2828403407929413328660568840102903
1815.3145388377482259978004685461010079
1815.6351436388449739738904319913282733
1816.5864002568072971602335115596592506
1817.4881725310294989213501600047804692
1818.0649572842893496980626352070285483
1819.0010901025511665392027886242059547
1819.7962098077810909634580087282806740
1820.4828179840389688570657855759824145
1821.0179770369579781969515379997906168
1821.8189976675722726976477141274475975
1822.1804724589316006891542969561053524
1823.1716442159583151502083775943350575
1823.8147296932782463817707914021412361
1824.6384418567588582169123004715797515
1824.9684735177567143423773046275121778
1825.9608242342868931974213407855396820
1826.6673560642677938954060028648989578
1827.8698832756351430153166053189378892
1828.3980879297527050095265680535550775
1829.0759197409331045261804368677505454
1829.6667292426681772295293130649809693
1830.2652677839570973164154200742531857
1831.2545927361229201565748605114883675
1831.7523258020551882143995718295576237
1832.5420844881523352572371674308799089
1833.1030831319147753229299951278805597
1833.6792038739684189738836831749551383
1834.5569143517702297797131287445735662
1835.3064911447238560998575159774050188
1836.4798752144404575910559852334632305
1837.1956116746224356993263662151916712
1837.3547266064940035235967242251306934
1838.3600925181652064883359769563502750
1839.3600349001168530265385465527440460
1839.7672591384161965117102174816503385
1840.2520070800861288541949672383352436
1841.2938774791184890703257109332554119
1841.8496634002986119669637239420825406
1842.1109606163494188307199051955052697
1843.4711067175136160011827320143162120
1843.8579331446215623371868472785564638
1844.8649175569210878544568108173729150
1845.4643234249291280759415433820895695
1846.4550401330931099812817318247284743
1847.1344646288565078903190332651515167
1847.8405365581168808067632752639969841
1848.3504707040034684837336221303586819
1849.1249886997595715544738100314153421
1849.8080633889972929010191613061277880
1850.2339369454450607731439501120633698
1851.3806990186145556442116699677136242
1851.8409278201127557860370774690534293
1852.5475091785020176637681506663733799
1853.0948306107949372743910033357080915
1854.3068418519204645772818995187973048
1855.2122587840161495055468877540000462
1855.5892660975474589099537383143338347
1856.6100977414142620197669549553298380
1856.9537396294584141607570986090738498
1857.6337618667403745624813676364463244
1858.4801055567581773815091743010201741
1859.2753932276266906901251424997520781
1859.7880765580845463839687910057233553
1860.4664522796227965280345667377963480
1861.0772814258488289802844014103154493
1861.7938584272407867255326333344057362
1862.8799293499078558252694867525650736
1863.7917456794368861538710486226380324
1864.2650753149201189366141228796416655
1864.9926488429131213856120712895034490
1865.7860793964304594235650175519021740
1866.3586202310249560844838405386755368
1867.2462806466489649459465641692113547
1867.8116182236856776466061449864567992
1868.4340091684497489486464414281916601
1868.9933116437745985862412992215172709
1869.7381650692803267460733336594395466
1870.6562836285950696744990225134099067
1871.3886508737701202329744642880285492
1871.9732401292564643329599985622995740
1873.3099669776425830581197095722298028
1873.4047530821556478411882596326897220
1874.4105868348937277227890502666243325
1875.3533582532106662059850486597689945
1875.6547212371057274147255446743435550
1876.3644807929188051533013845445061339
1877.0175466791896603841542137575200100
1877.7042200407133439251345090800844115
1878.7685248828504028649224085314246287
1879.0468395781884646149639793760502190
1879.7673284252942367174524143095630703
1880.6380404037412445918350216023025588
1881.6373390494089967490571457094324689
1882.2514060346033040886579776406550801
1883.3199925466017129262252113964913774
1883.7473853778328172156496437413809166
1884.2003041141034823457534121828326949
1884.9092932551844100680149880294310336
1886.0532520702767002314817894491090863
1886.3660402297124148179425780691440202
1887.0363368465469028632189063120387290
1887.8418211816034865325459113024953060
1888.5043057092646586450130151836751816
1888.9570033864649993462231646483538555
1890.3114099977661879246744711849683585
1890.9782857230400061020051815052958029
1891.7436091505552199945242535432876981
1892.2021144209476003943935797373112213
1892.9598142503809193486516995970810814
1893.9139857654120922936139692159061255
1894.3137967786687853100434034791481232
1895.2814378810789390610696794393931100
1895.5586441779081617449454113706525806
1896.3219480301488367711155105300544317
1897.2314179716527000298533510984350084
1897.6371531110806597301822958842136223
1898.8388692351132136442636330348874615
1899.4329392268782229250581985667498723
1900.1369170491751180427094451776421030
1901.0757583560124362222568139699791510
1901.6805351757841005288801988280607204
1902.4344622795488326059368566154727179
1903.1352704959083502695022695128025327
1903.5909351603966041578548048508950415
1904.2373955944958083151599427102134443
1905.1462178309254543586473852125630412
1905.7892367045757973908910779579485160
1906.3769716770757719348528061301928162
1907.2570744920303094591251840071158001
1907.8443403475250441395193387534335691
1908.7217581514979190132906726948574419
1910.0482552981779453216687116734698775
1910.1823939987817366748946589462097105
1910.8892216811878176149420471201216257
1911.6967894922007598800483949701571297
1912.2295511207413600844969167051884065
1913.1246172079671578606224099155322377
1913.5927426979694470795024611223036443
1914.5564649236155714756804035134780628
1915.0094693351876028821324261947114398
1915.6809982065545857162024831234873235
1916.2555576936141447812727004392351692
1917.6945600863121360290257400384012390
1918.2055743123557231618769280722062907
1918.8014083652531577925130635517871859
1919.7376424274963316928187632116363257
1920.1276475826645850144876029764105060
1921.0350368666227079045666207449958470
1921.6624369843866035833259279385186621
1922.4041801400852043131696630229952581
1923.0787760705254759143941886783489616
1923.4641828267213202900668182702886246
1924.2171435314977226003483463082072270
1925.3093875413259035675367518204335493
1925.7934123183254680622576204910220407
1926.7394200817650993068827459677228123
1927.5285693729609102096995750795864918
1928.2136641945076647041630186226290754
1928.8725968229331173091922401677809561
1929.7566314646183765419209484216606192
1930.3106115277584272530571005510071146
1930.9207174765082892779046766161189302
1931.4386265920214943690213757921190811
1932.2655007654137586399826131659921426
1933.1938067191522739177462674755043392
1933.5616185274822206314861140527149370
1934.4027156086632260097048092099797995
1935.1502436636309240882164105556550666
1936.0092023823034103041434957483074817
1937.0274062906890393743363685047739379
1937.6164822682664499982550260180392558
1938.0948061411135304158822522513047868
1939.0141577510653724771831127622191283
1939.4251019009389261536799390810401383
1940.1082088286790355125454672836851509
1941.1123425377617322772055610423973458
1941.7316510110997893519270459904050263
1942.0927395645453684211634313862317952
1942.8918063986423334760576671541395066
1943.6641245914036539651575468247294143
1944.6424850435063126708678563151037815
1945.5429877672112030001466682530383974
1946.2539070015934731865703477150774277
1946.6378958852665819982609251875712141
1947.5113664111116762986446906838499686
1948.1232057261675532416299489111845400
1948.9319065046182281345499041845571287
1949.7909602635357849803751861536508059
1950.0495420116244729052390881901907885
1950.6414588424596447271167076326288739
1951.6991711328414340491101506172383830
1952.2242179459100012210009372605846187
1953.0427129606331507254100226956367488
1954.0893625364015774959224850099921802
1954.8236532709297027997149466467612657
1955.0996570312389694848129074220201698
1956.2272894269996780390041516792178254
1957.0464271096000548155501586650169233
1957.4331707651593407427083658774209570
1957.9247029864291431926990419404073292
1958.9046281225793614815954285188592574
1959.4211578199476879923077465797672483
1960.1289882807317601499408230897898955
1960.9403554212035268167220992268582816
1961.6562378271862175902162047836385867
1962.2451944182999065101598428634815328
1963.2589580787804579447829571028933793
1964.0589612631556692173975139129868046
1964.9245371219703319425428070319030528
1965.4756285576103038376981732150454450
1965.7902012300513743303536039151052487
1966.9633656149731345351286636489940710
1967.1716293413277091840689407048285439
1968.2623133590275207149283019191473805
1968.7147368158975871218532732455963205
1969.5239361893446910724506635708786256
1970.2106228814310226392424565007952580
1970.5247645220036427691696269428037468
1972.0431146094289158067157527308020839
1972.5192425323729037294379313794699541
1973.5077538794712022022820203058888154
1973.8623648677016263037582937195772840
1974.5530186693486376100973828632457044
1975.3908856425389862544665629060243504
1976.1462300602700194417790362940275077
1976.6345980495376607678913315681379075
1977.5396587248048326016554123646377533
1977.8538841068936513824253196314812394
1978.6500426711120769648175467531192338
1979.4281326313105983514298267142736490
1980.2676008872130524353515606408072187
1981.2900962555910376041084804238500989
1981.7610023549042570531874343279758507
1982.4156941969684045204868497433731700
1983.5054402471260572191271204619233799
1983.9541835461547356566100030311495898
1984.5286446272480975599783153586518912
1985.5340084368639966096790912868148573
1985.7416695238101614821157741050902643
1986.6387711877800437732160403581738246
1987.1607451006611692578569203144021367
1988.3703801033509932973880927601253901
1988.5937845139099620507710265964319515
1989.3872235458326266073085725055498215
1990.4118103379882986569958810441177862
1991.2923162831416965497368644915985084
1991.8460971650290352233247817336233100
1992.6480112671719975450901882912348725
1993.1442488251157518830045340824093739
1993.9876940401455150879047302954181550
1994.3122867104488703454254240980939999
1995.2908301695257812766305820965343797
1996.0432543073184922332151709216669664
1996.7466443333517604324831880244163317
1997.0128563155173241854405017727051955
1997.8984688627744616405498584087516885
1999.0019977848051338202530051212887975
1999.7755386101925392854607877401650745
2000.4197309805550303643379952707744425
2001.2852684015033733490292345467802125
2001.7826775536376261882128242655383147
2002.1330484897043141010380438208547595
2003.5841082251553357447125794698248309
2003.7640003420100816266023843722623283
2004.3344636936461345542489952413662661
2005.2744753051404594527500640967013435
2005.7173231231916292876264252547983442
2006.4479509130973350246134927562316491
2007.4741296874590484206389265908894039
2008.2258229267198776335854330789685532
2009.0043451996793992926598889251720423
2009.6688936429384969308194924920654194
2010.3164744099129896960795117215612117
2011.1176305185389110247326130683818177
2011.9311019002620467046290748930301856
2012.3852078582347722095830725267333841
2012.9379013706791749712135473235136351
2013.6994243746106505600677752898123714
2014.4562143222070213698999760056618610
2015.1281189327791988109825622031578127
2015.9340623663218313125154205031879587
2016.4983569760483789959320797109040384
2017.5325081531722587709530687425181839
2018.1792170401073151326257267378311569
2019.1935663462049491196999421336939634
2019.5551701025651328432675218809566663
2020.5302235728656410218889922399856031
2020.8329472353826749787253003589820297
2021.4464627634604428022127427084338084
2022.5398096801487258727331361688602904
2022.9828698244385180395137070830643824
2023.8355186383316994657194253086183931
2024.1311373862050595837593142160235428
2025.2195520034939081837699683297658670
2025.7224427634269212436459411827592997
2026.9175072301313504402327793003750913
2027.8453080000751175935343904475154093
2028.0812451716024353016003637281504218
2028.7056166764198951116221653711481177
2029.5752823143011048334257754802876005
2030.3180310138811230838906801186936018
2030.9952566741310270533265349984262784
2031.5203353504826947436066742871265819
2032.2892930614262966525632633971535742
2032.9224122646223955081777612746515534
2033.4630533878258826995100377416089308
2034.3683483698049271186427324756599577
2035.5958396902483858605977083788733890
2035.9115623937914428344285775624854565
2036.6536315573257780187276825888534730
2037.4903712038941928884324107365665149
2038.2604470644957895103185158576813819
2038.7624114120341446228822228273153481
2039.6144950844869046855239312040319591
2040.0910745840258761857585262789728387
2040.7515251427177281110221094329054406
2041.4531288020386395317107139179582843
2042.1511471130967750137174117837004889
2043.0636099125158875332959446766937150
2043.6486827341167721957966449618878281
2044.3419807417935733864206934254041292
2045.4778463817701467232697945509444333
2045.9836702584590276494407661519860175
2046.8407521942720751786367151244387112
2047.3533243104067556848927194996669506
2048.1629049393497136195578078443763076
2048.5168919519383415947329848646939705
2049.3392376104900343967627200900431549
2050.2465566043749343002937464293348223
2050.7336404366920027864868360551914527
2051.3772277661968120197202214327565848
2052.2441918539481003389500801945997561
2052.6282481805172855464369006944987436
2054.0693914068448570551323630873309470
2054.6801808044961872081766160097374285
2055.1861968716063373440855704371454811
2055.9281043483698530964862171523958805
2056.6139918475355323335886169080179834
2057.2382530533803539004745705495720530
2057.9645090903035754233804231010685055
2058.8009888966744602078216892730579582
2059.2833958045905353861328160673462356
2059.9879332361020699808542057931086987
2060.3719041826492628002116510515245888
2061.5610514233665956326338410709961951
2062.2522673608242210553917006791192363
2063.1903189103757280072367883522484916
2063.7844000035427976937537362490256734
2064.3707159779723107966297628269771286
2065.3734901870636339063117215576499669
2065.6967129450710381038871158304692684
2066.6833636391960552307934636049586702
2067.2537794106447691324544058718327506
2067.8857162692506408529258637476999061
2068.1462800413210699625728703150273045
2069.4788055181706346227113069258322959
2069.9897903957358679386515365074523178
2070.4406657968362201084595112312231421
2071.6595162938076655213390509933920294
2072.2811491142380150572301060877027634
2072.9568565961851497107383289060543836
2073.8677807957847155798692698625019719
2074.5953584232034005207315268588614014
2075.0451448579159245846734817700995622
2075.5109734971428369938725690300892900
2076.5411905305288945389993487278825488
2076.9604318679543185533147813047417772
2078.0626150238613125411609667091467864
2078.2830258400490724568936059012761034
2079.0897289325491012785507669068102412
2079.8811082663949555449165287021024459
2080.7074353367879529394617052141254507
2081.8001428288951358305868987506263364
2082.3960192354512884617939127645563151
2082.8055147074535241470316700471894002
2083.7316085025111329490663598186872200
2084.0619054708272556797631765159661790
2085.1325343375048905648290210834143311
2085.7298380317087250153812202995694739
2086.2484752736401677402957438332034743
2087.0152918614801378328726681399465555
2087.5801439322163983147360336290409016
2088.2536105404829107461134310385072847
2089.2970684988610862722049600904288709
2090.2002488106852331348148529757637810
2090.7453292689206154965931082861945997
2091.5460635870624029699611571913372628
2092.0006279498227762199555890481602726
2092.9483801737101320379451897704359451
2093.7141290819823503019826243807628985
2094.1390294014693116901005843049437788
2094.7639796001159269317565001342604361
2095.5221466205419394881653779554216973
2096.1130890895247990600828674122338328
2097.0463580606364980784425150177705897
2097.4920755664348185919668965937469314
2098.6449191236865559605923997089071131
2099.1658804262192769288161963133266110
2099.8990294635394390917466162125975789
2100.9251125378530220802118959258965156
2101.5579986105096817128475553149583821
2101.9545162653308320715045918408999668
2102.6511332540710176095404198941461657
2103.4065647645488337170194825046239153
2104.1891820487611118184425118909210013
2104.5198189426442009843823157650395148
2105.6859301444526285610044273826799906
2106.1484682712834519164151882584549751
2106.5985820226432280056568556530909366
2107.6605858527506299029086804317951964
2108.6932029141516116544341697620170359
2109.3775714495416102697460977468865464
2109.9008470383529791039778047801652429
2110.5529114187690921427171306812593636
2111.1872202928927956372114364929188558
2112.2094442294825764964494426714369854
2112.3306445871527438053502749444503727
2113.4842371548523569440142014597148590
2114.0355988855686103027015711151691937
2114.5262587876115652450067294962500238
2115.0705626747177377249829455301192068
2116.2481842085610000903676856922543686
2117.0906273460507605880408900591484508
2117.6724398002439828580480825103873115
2118.6087514666028053929779134663714379
2119.0069982033206633143735136584709513
2119.7207856836878739815056960301744471
2120.7250083840711378853214397027319366
2121.0968429884079992519963663596585012
2121.9329023506563148747131909841267162
2122.3109633309566099258198508926820994
2123.1175539409425102829687471325474582
2123.8462034157917963362168071524876653
2124.5501266854338119096757077288555831
2125.5896391792436764143588364449947570
2125.9134162900365570890203328615720844
2127.0907861688002180065856079501468188
2127.6134837466065943643451045167849612
2128.4387371201904569432921785634301986
2129.0597406000137900402656353437190541
2129.7426367046315887182347191711884620
2130.3267370989671146475046549808565657
2130.8141457963392441503654116194611320
2131.7973922349215267594714659503300527
2132.4297433037259878052946656910019759
2133.0792660650849409147761239646464765
2133.7432411414333285324325072200655360
2134.3604477960783041402642008560424158
2135.5844451401667352724191517090086356
2136.3049928576473813784780410716665488
2136.7610055940786467985856432759823595
2137.7494107846884730860853541254730910
2138.1511865564044090368224071261200947
2138.6790946046013050717987352972560585
2139.5539811886499238667158225684239511
2140.6278155239983821145174584821769053
2140.7202203768564035739977503619582309
2141.4231769155403288821853526058346620
2142.2377603997940817711249885067368919
2142.8917703128708482526009182729913804
2143.9063111563305185310313079997600740
2144.6848141331697943168452577471740232
2145.5359033696630501517142469312529073
2146.1282997687985729760338190797791475
2146.3511430801499783319527025903320472
2147.6994027062669110153115251106090336
2148.1057830355816408640316829086331827
2148.7466562992326775829182131646738185
2149.3274148131114216801094409385065328
2150.0791178177288629534475523520415968
2150.6749011045812153099290710360481371
2151.4976515916745283580870637321172056
2152.1688059353473362211450517681542525
2153.2635190221676644496617425654056662
2153.6537168140752075681671912909700687
2154.5521256243730203305150204982888595
2155.3328430177148805015860426220482278
2156.0398846606337098746086382264258481
2156.7325537446554384707058935860094318
2157.0618644059937872124229586763793550
2157.9547471040215648956538852223033025
2158.5357304233386698132888462294139203
2159.3232654985197565335600063117733180
2159.9707762877217825151520865849284344
2160.7573668712742645537915540572575654
2161.2388730349363927978755118330008005
2162.1777408966996293671865496798344571
2163.2104951042750305699888758177244916
2163.8408937761884946712985812821461372
2164.5593518781342815679228806351569210
2164.9589977651539631963061197092463173
2165.9271536549101242932407999285533868
2166.1780451782935629345668564448781926
2167.3230564542955947974938341583440764
2167.9074389775452732944800712210530950
2168.2993819344847099995843122080049004
2169.1238232625850988800449542520151895
2169.9212927151515412282126209825461631
2170.3145376373429935590419027352642050
2172.0025783746353609339722479920917821
2172.1092186075140702667263429553514654
2172.8424269697828956520451584038875310
2173.5468430640999956539543130898025552
2174.4577239010413224152196816114893700
2174.8632518538272452058099301145112292
2175.8261698139011645560097080585088985
2176.1985151584697597430108274081725566
2177.0488796047032494478515666807845391
2177.5070658087480971820675831876659668
2178.1918196818005508856522936463450797
2179.1917044416816647001487274444959760
2179.8389439489491685101968846292807413
2180.8622280620673092623316925262703983
2181.1062284519534807402515108504397673
2182.3645593688080099834979330992649981
2182.8301585740878887070143059105614241
2183.4087395000619149630859539031447163
2184.2357753445723462831279958186283708
2184.9375300843555623704606236402572807
2185.2424525694239616844244888135471139
2186.0383226431429677271924088375628427
2187.0182762219806950049608305994220558
2187.6309056169587251961459101707972384
2188.0330728772713094178998284625383521
2188.9128615836718087627450194785275923
2190.1196318936573846710196786623905711
2190.4638014226214044471658224426687174
2191.5006721169942752735032832100997665
2192.0777319755311675281042282593000897
2192.4970272431416623741700843973985545
2193.2657258914636738902440851667663098
2193.9546925832857558840704093658825365
2194.7624916173897315673989824005714649
2195.3693828763344437740255240735113203
2196.0711384941286599870868835181950792
2196.4557116313862516328472650216351871
2197.3453410165986220014154750171540547
2198.3129372683184651301911686672044244
2199.2155806517527890250693605983203042
2199.8170779003938382803208306435655577
2200.5134071679516406156302327027193864
2200.9712717467929523420725490749215678
2201.9112673128020084980953097358534297
2202.5044037604946499226184256925817461
2203.2382897854232800766922784237622627
2203.9718028286703075521705691706051704
2204.2266717881921977198168018119217841
2205.1079412789255585341550546539875305
2205.8705217902480973151227598055268370
2206.6830402746571035592079980359656231
2207.4271512940517609663786681180349482
2208.3171416518971280475337798027316907
2208.9147407419404113470984759342030246
2209.5704527823429165975676384426209374
2210.5650865009499441365946580320747943
2210.8889723086490141051077362909217562
2211.8781465419061933890514788903636547
2212.1443345447844247460968256927360391
2212.7398320518043594286652852678741778
2213.9290784907619189399015815634549703
2214.3200409190705154007790455486418494
2214.9195100584364094864290386216245736
2215.7727726172308025504452698129879316
2216.6996127051687162525925843522343002
2217.2432345843324974148190819385531578
2218.3650714161041888245566230777433086
2218.9630317136941953549762101760414264
2219.4353694956005766439889723031644840
2219.9488413052640156099121319600418898
2220.8668490007176289349668420334013711
2221.4739718216713263043451538921493755
2222.2995472223803122209446390347570325
2222.7039387702639565087126873215382289
2223.5863002113090633816164046209472605
2224.0898108929325841311431071630517958
2224.7790827190797992853423669724919821
2226.0304127745178639843444023448859441
2226.6755844175203139205253085612875870
2227.3785314957978345491276521342492074
2227.8167215954012721098958715117026574
2228.5390618766484421409874625149008213
2229.4687047485061435539028324417366576
2230.1028046109623814185385367437871866
2230.4380595979572101851317996083160833
2231.5207313972957089388654037279037234
2231.8939524134621612885304009867223410
2232.3971296732714108513886221023479142
2233.4224900935256766834288342681068457
2234.3729505963400985047817519057394850
2234.8166488794705705671900871340185104
2236.0186246388767977897239544092821536
2236.1653948786918112241841269882062736
2237.1875623500211398289078339543476124
2237.9383557385441337619630577762995048
2238.5074298345040989316980317882844763
2239.0902693137933710176920396253860965
2239.6436773949306274682322734879775345
2240.5813425263620205175081874554553519
2240.9815607040200496688078247300380828
2241.8833155703830236519664282802822481
2242.6870849953847434755560277190655724
2243.0975918259469048900455377730319653
2244.1203962589965780539429804197951212
2245.0187477851267043757741653249006514
2245.7278250035105240371148798848046072
2246.3131835533968078582429453193782814
2246.8830024176147739881181001118900527
2247.5825429657232862307507726062762698
2248.2537056435320385524819497848056339
2248.9095714835518541129287229195974699
2249.6718493438745173499273219075641521
2250.4027860048655937758871626461400992
2250.9419497981372968508182708363521946
2251.4089479341961200262735681669383466
2252.4954154095943952781924105808707998
2253.6128587102589122036444368825494015
2254.0948987190670756360367217802145854
2254.5613849846660840652807557934606584
2255.5948779009165533658624122765394579
2256.0343404307145280312496785647068092
2256.5774378745813061162524257354124333
2257.7277190497362832450356758772636914
2258.0794426789070119255074640407493093
2258.6781845617117535873703998636256380
2259.3137510113698349834949173355617266
2259.9688827823937258220986266265465920
2261.1489696291486826136263201432740276
2261.4465676995612379274839530122849947
2262.6927734687078070899317242122507484
2263.1072660480966376853031068847774413
2263.8622618951071093229034017996682988
2264.5338707661466567578016414070026369
2265.3983954302148513259180122634084789
2266.0379325689819430915903903657913283
2266.4251497503972012451706277931223902
2267.0914229115845945742749809866582909
2267.9109072893301500824393054776035477
2268.6180933764332204907183992519104559
2269.2719917717660300543286014571722840
2269.9871197367735038112552424583503181
2270.7647415752615288219709723127373204
2271.5683881300422412876682183525360507
2272.5881359340972323120995650127387138
2272.9008947110727640591321743524809556
2273.9743498237806247495986042552605840
2274.3229687337510540018379293613443012
2274.8009084395136296988610285234559455
2275.7068838113331228346806421383392471
2276.5294218009567455349350968292243420
2276.9644099084060678686402157410145555
2277.7599793827539859774668019826748329
2278.4285153842655249556760858806707032
2278.8511950698919651738547072731599959
2280.1135274392284456087779378361952253
2280.8607551030509520020473270851945594
2281.5747163161961402331885609666128132
2282.1673240915665847654774542271402858
2282.8412108532009912967259522920883894
2283.3204062443253714690725468192146368
2284.2671385929545938506322904438083818
2285.0585208287486198522383275526193604
2285.4941171616991329256635899591949813
2285.9097917988068219779042650861415295
2286.9445539677661031653946493746465914
2287.4441679099964422137512334887115091
2288.2083848219303622089728995967494131
2289.3434269803999484624330559726419286
2290.0380810789877229377974323776440717
2290.4005367143504496150904637972940875
2291.2313421717801996193659775202684754
2292.2338536436390628912607067132647793
2292.6159679674094626219537785745129498
2293.2946070934457054991736782219504025
2293.9294611309828021044355591354950676
2294.6124488048266858749038455961359986
2295.1752983301827895210556111258333394
2296.1337367506722202681601242793744098
2296.5398331715522959511126661103462678
2297.5759330359865174295378968252667281
2298.1848931168295074816602884141203979
2298.8729117710609824472929657016012819
2300.1203398121393323716225921795207104
2300.4328567383297034383015391591843524
2300.9955369589854630522529686456570048
2301.7487375477927639675261059487710255
2302.5522960917276602119739336120978446
2302.8916015712628191743188901041719877
2303.7403578825695811217138810991421794
2304.7482094304354403456502192481761228
2304.9236420853184178550601655355766992
2305.7490937469423012782192238850057904
2306.3743578569562621703809200840256979
2307.5330025699982678563550063073676364
2308.4075448812835897233295769770225002
2308.7742554357731151764431281652160347
2309.6595759803521194628083618074713114
2310.0786194121068450219779614759392748
2310.8633921892769007725458256060229188
2311.5925810372355047259933079794111467
2312.3772315529889887336724530578388641
2312.7810471498005390151925515498372965
2313.6290784828842925246220297704359740
2314.0224508492272780632924125318996010
2314.8514935939329020122666732120273542
2315.7837854193385852510549698878481366
2316.8872366470085801253375455211891041
2317.0038433857447271223082404374557673
2318.1067661424609992347267507198761382
2318.5458647860228679623758229090672773
2319.4874058415002353673816922852912036
2320.0305401614281058366754088392782864
2320.6545676139528034312138189601494078
2321.5385233804051156777790756159530775
2321.6874106482131027521138749600102970
2322.6302501441614606418505466539839542
2323.3746902560911168437688072881888342
2324.2555776643294887541919432112966470
2324.6396771726276491741663520013937334
2325.6604116677288761821487190301023015
2326.4272152419381057691509143547018553
2327.3313609995035953229460560396844386
2327.6533649317535458591142750721848440
2328.6185422732457772672792139052684017
2329.1393795556053750554313698587036882
2329.6527778596576838876110952599167966
2330.3179031059494046969792211356719634
2331.2150279115495251722887474252339107
2331.9910258945802918660839305942590616
2332.4514311754743714250787384244398236
2332.8064721612536851248799165494109406
2334.2063134817776313808032752115733025
2334.5969280451523205188505262210301788
2335.7316035696844746963736861791558253
2336.4518850772231846214024169625945827
2336.7344965165572570717396274867052545
2337.4828333490744425597982662010077809
2338.1798145502849712204388376010178718
2339.0306164105860274849336634196704753
2339.6112996107948568199729427939410177
2340.2439847203734306940798191019657209
2340.8127989972047746120362481821322978
2341.4358997320525921735990821933302458
2342.3078362324397437243861853331731371
2343.0657655714522953615040890894871920
2344.1054521403797030544142176732358565
2344.7033744765795712643927115920416787
2345.2073458307376122388599154328781642
2345.9115013929053977070502788066659374
2346.8630736805142925075277662413412589
2347.5116139432396141125987839456234232
2347.8152018220404665725348496460332796
2348.7130453647045284464558069951005952
2349.3214818768105799797550736164513251
2349.7926064456791536009258949771562096
2350.8813580460929687485938610747828333
2351.3327549240792994253306431044236187
2352.2025740261066031536519076479118272
2353.0112606299005657070005839877864861
2353.7310026571757822531782855706339132
2354.5156831919487903033601646736375903
2355.1957972105771006933865269046313003
2355.9090425735663661498175430800707352
2356.4533001292601074097694065023817839
2356.8036048881119182408185271257948672
2357.9013224863969474665657119306413083
2358.5602049985278584010407403662236146
2358.9356364066539817634763344034579539
2359.9203036559909985476704848729237772
2360.4369850620226903104543655623332342
2361.0974601841324279996632804676468074
2362.3091763684927531410037436846436858
2362.9624020268253006503380697460919368
2363.6342580909966310391825711051236157
2364.2588664892607771059453050521420481
2364.6047516263926349201005156146617106
2365.6933492008748862262612443993216242
2366.2513807556599483913493976277679367
2366.8171435582181824373540758782331436
2367.6439463446030768945943830400706463
2368.1168555635632621859833329623348293
2368.9257395153877769917582290134232127
2369.2925168305595078340309442743917013
2370.7555320775455999947445124901219592
2371.2555120988467061215486789279090649
2371.9169542805638839405606568158631681
2372.5455122037075330941892418605662586
2373.4290442657736730044814075578871561
2373.9410692388772720253274397754460637
2374.7853501471786015046004139159392543
2375.2040048356851364427679059362092826
2376.1563886334716384564238491809201107
2376.4635771072116785657667837142561525
2377.0668071590520091254969140479616193
2378.2305418798504496649186029820158923
2378.6985839348460630548134101107118886
2379.4286416541729392850670046173237105
2380.3617900084266959941474538868283480
2381.1000223596222759227223304869190786
2381.6895146631889594278587320761024578
2382.6104942954151414608561649919144843
2383.1149818992838953111890845414816615
2383.5962290387946573417243368880056305
2384.5421040380485143153073735084243657
2384.7698890239120171700335656551368873
2385.9061694159637999211062399776084457
2386.4129540756982016086929560694617213
2387.0578988965429826809588691058023816
2387.7471841070354352200629291891830282
2388.4284384711163191890303385850075662
2389.7757538205598378766241188506252684
2390.0423242070336523320935807539394318
2390.9139911398752683975552836365256465
2391.5573658403788457873291172611776932
2392.0451161794621801338244028128343275
2392.7512040710434210369198931213253110
2393.5552185515430031816936727137791700
2394.2392514766713524393445103235052288
2394.8918877776736210124438502738038870
2395.3236980890433180445556370210993965
2396.1505881723927337951743053584147535
2396.6917588135879462979685811493415754
2398.0865765649024166693295786895181587
2398.4110748591627850727332111102576370
2399.2077399315003713069775463906965393
2400.0320624450308207586195313399804419
2400.5145951221041002731113907799420767
2401.1189750045549707003824061078968868
2402.1635915383091358556122364721804457
2402.7203405536334515584120528229505764
2403.0583362418379823142275691999007514
2403.6671000869074428709042219117055570
2404.7229528363486907745045362393696260
2405.2247806154811899882789905305988352
2405.9236101443415657230286310021449714
2406.9084179489084273842066682431475504
2407.6198151737073768551033755346114817
2408.2043356921006254156442530112105630
2409.0783195362184009192956791541296325
2409.7695521478897723545808014334728239
2410.4788484267683622132094391158659765
2410.9090853847151920555513161799620913
2411.4809890840409043382558383547003249
2412.3061846673034361138619749619124200
2413.1789735083409110341924198873129499
2413.5146741153756654166106934634975780
2414.3813391267333476813686142332874114
2415.0064802111042257123959959137379817
2415.8065882642006863757591457205381442
2416.6748165927499118125554232376403520
2417.6585362921373529470646903350421269
2418.2276964602211276136531565119638047
2418.5330839688281337262687940791525921
2419.3741814227478389381862864631768113
2420.0757407284289073026841206952630454
2420.7736224667706653224716282525570372
2421.3895430732973993085017535810279501
2422.1836274655629829187133234864943306
2422.6832525978509258139198411318973725
2423.2186980849759122353734315547424458
2424.1027110227742880689936497200163779
2425.0470045562211823549901378184567490
2425.9985522626048819496447902672563827
2426.4121335276709267558094631005270922
2427.1017593033586271830336493943931084
2427.7563599205240438546965019818667061
2428.5187778033814150459401733435803617
2429.4417228239163049402296020574194043
2429.6027314075691521976049370993701280
2430.5813534029802295892505088621868030
2430.9251571415060113441001478817476340
2431.8543229861728284804781197650979551
2432.3656587245541668232247098727450556
2433.3409113269896609927475738737484798
2434.0614816362490867174009736600071152
2435.0339395957302869596498888213255516
2435.1721538582749134038796573380406628
2436.5810476958847158846375733895675593
2436.8638009696108090678070053749776034
2437.5105670898176891534448906329029940
2438.2297138108130532506027278514634450
2439.0029051073078197064529055631796972
2439.2386929369106564766751487627168507
2440.4010308734465730212882014832934329
2440.7597711857240943893571660212689467
2441.6606965872619955160883344387825140
2442.3084732820548278446245052952801283
2442.8168950379885262165825728089095860
2444.1208855868071069424129709694682023
2444.8139488735197617193746819354782151
2445.2133582371365106530141964477147086
2445.9033744636517894046685335003710658
2446.8011579331200711014320031449249891
2447.1118614901231765012960106009140147
2447.8736710633737085928137273422904819
2448.7050662527311677642814579976340790
2449.5132157261673782481609966926569593
2449.8134035818252929584358867610741626
2450.3491609820573186689482240935105762
2451.3796188773920215121512672922186231
2452.2927537304756355490800569758300920
2453.0229452768454594656506009525078531
2453.8075541052224569985135602680063591
2454.3066442652816904316669923048457867
2454.9026474272834472710923988814883871
2455.7754318933130873275400721506621558
2456.3618065634083721248156431904226586
2457.1953010904931110504647524819035655
2457.5668677465386896251898754172970266
2458.2868299735667652518022225968693587
2458.8382831450938397996949223981618130
2459.7373575447406689523304207502767607
2460.5340709195354700733194021463886812
2461.1583587147876104434849825682652149
2462.1468807346367659547817809179880844
2462.7510084230010303588920610983144909
2463.2483392952213389019358457851419764
2464.3869515857145738941484879937957691
2464.8625946881972588669609423000664479
2465.1572267133043079362059674016770121
2466.2966506677687070013819755777007263
2466.4783317134938502935970674900628543
2467.3226037957227968991297035558269484
2468.2736659347535941946663673066110481
2468.7650517911839669288147295108446544
2469.2956969664781597617879301573038249
2470.2538848729411247230982476491461736
2471.2418768479878625133717838544936240
2471.7670670491747930762743743599685926
2472.5961091181079440477580956219933463
2473.2861850836221355822804463405967754
2473.7172213440446365683921157864500050
2474.2825218879123910167449333322234485
2475.1589396847139515254380435568471837
2475.9698700809939175670710502560157537
2476.5066653833859768232990083878011295
2476.9293593752689856731764006994878979
2477.8262834772359073048358005454974304
2478.3914879553205706810639269114051245
2479.4039877067159726606887906577756755
2480.2630011066977335024673183416360544
2481.0968950494596562708301061741855584
2481.3951031883815052653062563840419099
2482.0276107924653961390690636655632373
2482.9232501908502097085695753537451674
2483.6687824143062523735091517220696691
2484.2247030472247458760308821173152598
2484.7990775989463338479038871503478774
2485.3644017706219035065063276907626915
2486.3412476079775051315356468380078228
2486.5966099813236187217918868110609051
2487.6366072726353840845015696853820228
2488.5583666668732523775657701426438044
2489.2951795234796840542650594228030357
2489.6330598698663612422035684304611603
2490.7072127255354572680582377839785376
2491.3858297325360008223621803715511049
2491.8949309801194063688009315533557986
2492.6712128503116483072370140435815425
2493.0568790890098197104733116701100801
2494.0082145047226711189961801228240875
2494.3680411665863590052387049391835631
2495.2475309622624314413647793789312157
2496.1100117441742620128280421494176587
2496.4895674742342829397791364849766627
2497.3052545668468821556407784354631771
2498.3593466444886961781554818872179932
2498.9710053497962571907606249296041987
2499.7971704100580697465999796745667034
2500.2997597979752446232838723981306149
2501.0106493495348817698639087517307503
2501.3799153215375290833878239016378020
2502.3803534762818394720560291177701607
2503.0148693870088889324736098505400456
2503.5071499980128977527018537236207285
2504.3913786109624071860260156180099431
2504.9912768854458338691331228712326763
2505.2996806007810295739528329752955310
2506.6350455361790702898282828513310483
2507.4288379282636494358443611340376135
2508.0985242973456584414694701182472677
2508.5719885880210888001823699554019664
2509.3331825510374093303918586387109305
2509.9605345085386590005016116270397522
2510.7193901295337323488080939357788700
2511.5110610937399160760151095454463665
2511.8110503515171809766241885897065760
2512.7420004596928239855161513622313383
2513.2511285149720274098569680510666459
2513.7243071210517099209283549749125197
2514.8676007283146685698937744523114974
2515.7588836764501416353061541896592712
2516.0843607968935370707559591720014136
2517.1307158204499972615901018121330925
2517.6679625831413800392141033336929558
2518.6605079567547856342120585141247022
2518.7674661796956231100528255172923534
2519.9967190398870783614839449605167022
2520.3741556461226158421374132778481403
2520.7546011510420918881512927332749265
2521.5776369814501592529622460325091033
2522.5429770173720410609119485697531935
2523.1089448664141016792450338157774322
2523.5360845054874929315227275030031110
2524.6264375815104737672096717957328168
2525.2530145942164927414148518248515650
2526.2302102056010916227443042503230130
2526.8098745490252830963566672819773258
2527.4293321614875923370648450997500201
2528.1880612419982665253362012139345886
2528.7237506631042501072807361628853253
2529.0914697848347094499364556832694822
2530.3533122062758507774746159974149828
2530.7023020958203723307946259677624808
2531.3420114109379538772348010845699992
2532.0065618439293236510463494351224535
2532.6634158626292102101539251441765213
2533.5568634022595296556037462937280271
2534.5007794020467267046720795136558637
2535.3763646663438911044840103135021620
2535.6414960760105251445575260277290769
2536.4360011907684363260112807361342277
2537.0226208541851254008739633696497004
2537.8255074299135125121740512052068209
2538.5649977838226774670705144090696513
2539.0557913070749384653031594561719253
2539.9207936137477443401447274939161208
2540.0782862516697991678029588099209316
2541.1457886122603493581350450004339779
2541.7048553962147927172335801910765697
2542.8034211790780879288329862282701533
2543.3839815769333604450157889505670109
2544.1200024037700306933713735837273457
2544.9898517544120282716179776872947107
2545.1947125601608889117560134373127987
2546.4582359176524258263042438870279832
2546.8539326918091544395653535641043113
2547.3561429123665610624209438492779594
2548.0128188627555317311369368812740947
2548.7408319981063477050972644980285093
2549.4983067453028908186164811315314865
2550.1471126308548725861542045081060710
2550.7584640081399709541453120658533132
2551.6799225527209146380537985736657190
2552.3955979613087164620713329278682373
2553.0545596791971140364991421232667115
2554.2213053427700615186193100431239234
2554.4433025984998210206492087205181684
2555.1795497577811613518893105903191794
2555.7181318772994072410257879064169305
2556.4346826526069813407014167809844560
2557.2277151108731501271884675769143087
2557.7939834496759981059638002330384635
2558.5630577578983810544395632127122526
2559.0062498616998610352610185728851815
2560.0428282860477972036939713929282738
2560.2247990026831802813085639107387938
2561.7096350793073912539049382310873398
2562.3776181724601102504446641529403730
2562.8443315424269919636934436304440773
2563.3464854807274242851570710269504305
2564.2438675765795926925353874007592059
2564.9866597660382880640711993723280575
2565.3566323361042467410525599875292515
2566.2688325554959974826277420171555945
2567.0263273384645486857195414844182121
2567.3135417474672076946316981150553797
2567.9119961525749864870078833729323124
2569.0128235510515304682540251425373236
2569.5849807919343308049333318829888366
2570.7466128862357099558779688388974330
2571.0803129128925752948536104629336282
2571.7717523061070544750021706517317244
2572.6551344770594236843568872939132339
2573.2586583985600321724851619565583607
2573.9170915183009585323410220480972533
2574.5827670189668718042518490679276743
2575.1426467467143488175115854367741403
2575.7798714645311911325398192756798093
2576.3721293963680432694143290386731452
2577.3332848793923415744953341484678132
2577.8991254290427803479759853780871123
2578.5706315086914246724197561019158711
2579.4749387764627077253491555943840427
2580.1808332121131766452898060808234174
2581.0342279113727930573031947223594250
2581.6859142739505651969748791422105354
2582.2050006055459137311188190669199489
2582.9193715169067728976340857769373750
2583.4003365257564140365367431230240076
2584.3036031906844285800421730099203430
2584.7288200543125878547019180113695029
2585.6681331218233055885664752109257410
2586.3461633889784742462569528722634739
2586.6533668746223440940901397736596412
2587.4411039173306357602312820244433012
2588.8390326395685519185440257522343379
2589.1481202267893485359485940018944612
2589.9322057814621929052851246928319603
2590.6916675322535039284458897594745111
2591.2114797385318991621067027546353620
2591.7607862604335752699718027643866261
2592.5609920477855272861896278539703611
2593.5806090044916065385503948350119644
2593.6829965383871594680622128355061438
2594.5654591919390551811566674518513757
2594.9751089148288860251337740445926598
2595.8665025045713457673566187572367831
2596.8104497178652091202426606834567440
2597.3968986090454516974817522438526267
2598.4892932359707722337820725347606282
2598.8227412490068182983083227203691213
2599.4807284203394482380224663574400114
2600.2571895573702415916193557643494576
2601.1559177885325876156170722166704522
2601.6016090309605493077791397080062929
2602.0951866537905285299694601477996889
2602.8421020360823309244390308187164618
2603.4512145832417425073108627486873645
2604.2816796951695877759493975160497029
2604.9676198966792044952313442692535025
2605.5094338147785475165602598743182649
2606.7486705853949358363152314731666945
2606.9627755742377605863063017769302244
2607.9522540670644227933163612220941047
2608.8734496292152729095427081951775639
2609.2741964528384045473258861498451021
2609.8248670259741398279005900936004391
2610.5555986476855512055948141220465311
2611.1889044505284191763704940747417004
2611.8485578103460073085670817294806678
2612.6931587262302584142706930341151367
2613.1917418404861777549081429210891801
2613.9097452592520527232880529438480385
2614.4324054104404756067644852315716641
2615.4952540940165684599064704680178897
2616.4202511690142370917679694805991533
2616.9048348206831979526254749501194535
2617.8613539786786242547904027791120563
2618.1150882704829858170197552078573995
2618.7103203110148997202039880741157825
2619.7123946859727816349649962338667823
2620.3934374394809224293784285502438948
2620.7779917094713635099509828858210849
2621.6453576539109911342106706884444947
2622.0493917530078885423472481651106389
2622.9297118859535907208123759084441316
2623.4374069827383894933844568931494361
2624.7316254989808730366642369190539082
2625.2979729846324767084682347317951083
2625.8019838509799526108749397319096633
2626.6828704125317628653596104344457032
2627.0968582636406877544254563693073006
2628.1982733851501383749099733384618482
2628.6117115089280283273540873619382796
2629.1398852285975417255529862759165789
2629.8030666880418490708347261701298464
2630.6745569660704053179684516906239112
2631.0702661119236244912285144135017007
2631.7789591966181500087467020290611519
2632.9832472560536443956580694185931965
2633.2701821460188496847074512516035404
2634.0143717112126502019473364693594322
2635.2507140349957230887650131292494951
2635.4611169099727963979857855344297824
2636.5196492689297130048028089289358952
2636.7288824816395007722669413036205671
2637.6651970601813835207646914470446896
2638.2336566091548173025404286078642695
2638.6638616576293089510949061493050459
2639.6721551579978947148407848537784632
2640.3315829773695020420760533600404162
2640.8235750869159376730692747752260219
2641.5001724891189326114343774560129483
2642.2582427227225351184138056542274087
2643.4462490310646522074498196351701144
2643.9907707597558752964491411942423498
2644.5496983659203218259884020150897682
2645.3666550198781620887766779037902400
2645.8370126029182984983468037633756201
2646.4425479368139372059172222880815073
2647.3584061247424401712241032209961726
2647.8749122369353724158303412572216911
2648.7090894411393984393018663035015317
2649.0762258965954696952387998351058051
2649.6877472692605618375106076694447230
2650.5693274003577102025860385834255426
2651.4497093287421323604574316755655973
2652.3216246458224708796428958136634204
2652.9881055841655371231565651957370703
2653.4441358387042301835732418427314913
2654.2183177022305391040808370358229891
2655.0325893249753660052304115812790276
2655.5361390549968989919611472701093772
2656.2937270847019074078381407062303002
2656.9737766014606480957270893197043206
2657.3336158014072598979463776497064753
2658.0608850744160560696849094553969084
2658.9666234124660299435675707487263899
2659.5662777612478438817101002533054696
2660.4366550285214514527779625842494377
2660.9948281132288273343682993955355229
2662.0702722645834909558476581473332835
2662.4895246093347359184884235841333522
2663.3067898299566411254630229937998312
2663.9372894638088983852692410811070064
2664.7626619827385797575694259183806339
2665.0524909539482805212513069268538861
2665.5863057524325204359135623729635414
2666.7151280721435050762871903153441188
2667.2477416830649282738008063016374703
2667.7937131227897915903482096592573344
2668.4287224658311742830463323307530848
2669.3142295625752892247372989756151248
2670.0669986712869170467787116459860526
2671.0393601917082975774196069381518383
2671.6176782628768270614198614205610179
2672.3145079033273593577505437801460274
2672.8135007813195094889124392556901189
2673.4137802706783177822904687001882841
2674.1170062015378789650077501495373896
2675.1551453772313759969462440503171387
2675.5314082175521367953593015039078539
2675.8694259898637638207296104939602927
2677.0178383996536482980996749138642256
2677.3015452264448971345929320296707059
2678.1838043723379884647005337352390687
2679.3163215384593594038541120821478649
2679.9910898603842882747999027957199230
2680.4973380640113501947341550502765395
2680.9715178209467143474847125992184197
2682.0092758929060222602455702990458873
2682.5993302417605592074602106491615983
2683.0958758809023022452098663267972082
2684.0879421778141209188346748414424311
2684.2099670787946493751815913469538195
2685.1841496015692841183620803831739864
2685.5836617061987596247759225309569273
2686.7359430610080394371603269661603486
2687.0936311860747795135743646194262734
2688.1459233073694173261052710978865977
2688.8778061304922238928790926655794280
2689.3005862204052505835694169470644041
2690.3651217456344826228079127034409494
2691.0127696401305394761051853404863341
2691.4079887544398625322480587329857855
2692.0663735423886232059413216496395462
2692.8861730312971442809021364868740839
2693.2771808786457303164443896924370369
2694.1678854020031185366969889350919125
2694.9066615754105783619073260421357322
2695.3727042186968616908957233364078021
2696.1397857367531673359348768747047224
2696.9260924953355157364453731912499138
2697.8296716475096037507161871651885931
2698.6672005747223670087872906018687967
2699.3314278323666445361640383137274314
2699.6356292656704431306067023524882862
2700.3651931975101469542090499035819129
2701.1779111802610639095222635172629199
2701.8583380277962900377335381574447573
2702.3089385081737527963688121218917763
2703.2717570071685673381616393360893349
2703.6981502788434547200593974855726518
2704.3442485184406128929218494696824543
2704.8943200606366311441610961653401212
2706.2398117398080956937799336087884801
2706.8669122046081993008437133931410975
2707.3506588596361661249421335180075298
2708.1091742619962793716539978799532186
2708.7639815249845951747897677128120705
2709.5974755359850265416880050783774672
2709.8997408308181295400447870800143533
2711.0252316962260257767635016470907985
2711.3786719634039916754289130028039682
2711.8999541057613060464941613494043986
2712.5726602713203555900828467000142174
2713.4429943910245678856996965948946805
2714.1707586983262367051364411875097812
2714.9557552143396907224181205737692195
2715.6052688713130741339628738370793078
2716.5365570781357077497334634952524050
2717.0230946690492909542948602141756553
2717.7822757533271289312843199852748856
2718.5590544731780594860141693196929732
2719.1406938833442329387582732490087565
2719.5334691427862581598156851490887950
2720.3846894005226614136892701229646447
2720.8588932637494250583443756577162367
2721.9747299631265004861036214991889595
2722.2648139484332373803888754811618928
2722.9640756579596937203825556104882547
2723.7737619844171067640567195274709022
2724.7073475300816526861238820339877931
2725.3821472351947725341163601094111525
2726.2993234253037393935567220636058492
2726.6713611848055203036246595993695163
2727.3556340708757425052318299106492851
2727.9283428198515579544980450748255339
2728.6410690124805246695145438033654345
2729.4684794462608385273682479237549687
2729.9405941390532472408899957020374065
2730.7514766065279488578400368288820394
2731.3817115976430223900183493859877283
2731.5877351098435256505259344272588437
2732.9765516939848052865271700892917639
2733.6640075621112893383577618761952537
2734.3029008142743098300474199452188286
2735.2483300826023039940061895123421608
2735.6167445913062121413233056099360059
2736.0490002034043689506535584849123069
2737.2717713828299841791161977602218919
2737.6180884650935270273443634728587946
2738.3749052449388881175508035654690523
2738.8571789642580395506050148137257139
2739.4924346212306195859872353940326567
2740.2299281602871586817726237784002204
2741.0302929119611349057141092065992524
2741.6698942809014051892142033589714134
2742.6727603952426945218520447488887818
2743.2880069964789748586988450738358381
2743.8810887305296525047712889534534412
2744.6036843316212722973002127849638157
2745.5463081004055686304776290755857083
2745.9596559372639879630191322788930917
2746.6919414805293794911648439798654744
2746.9156996066359825590959638674425528
2748.0055235335276697174806718952018588
2748.7396209246493004129652036437725946
2748.9567518334694941683652051026408833
2750.0946379662069649841958779655198444
2750.5916478432086525414898154464955929
2751.3371596535682600415239399841961941
2752.2096754900587268293454860384754788
2753.2943863097466612784745791607509234
2753.5635097880387358284862253349598402
2754.1072383286315913805265500940127783
2754.9926531047490670804101142613314364
2755.4816604508347753328808848924026496
2756.1011559377849243628836171400999223
2757.1678496776564455241166835223447018
2757.3578407397853887771914649096859822
2758.1702982506773850749960420147544492
2758.9646587170100913996322591987214086
2759.2245151081527007935127107805455008
2760.5534203836493831528162705683849663
2761.3442965705255665588248905350227099
2761.9606376933350476447355698493892675
2762.3590305624348154179498098776779383
2763.3685575191346527492169456350406708
2763.6430078256286649293757801184695483
2764.6715761383194185884235276470226243
2765.2506552359363118451218962458761801
2765.7358733939023319119619980602080161
2766.4712036356230632096562936460870016
2767.0611236110498862634219597467553567
2767.6592666266363635203198141370988006
2768.6035184138191500966137033848056538
2769.4292815974541150459883677798639229
2770.1077220588496525619016863363012436
2770.8035135618507203216086499220930125
2771.3795724491011322250021371233022129
2772.4383746048185067526900697951020033
2772.7118281980465608707407541605624428
2773.5618385547577985305887573654187723
2774.0075089085545696430368809589991549
2774.7614288804041063657751037367521814
2775.3859479734171794598170725490745524
2775.9479137341007311705171851132703376
2776.9495333459256640694962922538436527
2777.5065776443498239622725726070393536
2777.9845564713624796575785843777960806
2779.0237652951220834160232696570829967
2780.0228428663385489151746943980767427
2780.4130936972861870377888326465869690
2781.0517909059390050742041819250301145
2781.9446712520642001838734337315823268
2782.2890446253067534302889442220598897
2782.9719750247080969441800415883518796
2783.6127578931162898156788796009924404
2784.7523484307433834548590811685994103
2784.8672341411393620601998180967471083
2785.6365712449756486452090172481675234
2786.1948916288799443750295358583206190
2787.1356746879970773925884338135206459
2788.1208165794369127801474410194834321
2788.7693370018708391124785068399733905
2789.3955963077363774579953795887558592
2790.0758806101913270555944764231783815
2790.6127401496482795589533030194356569
2791.2833241201276940742831183800698991
2792.0918567638630157507676979300588019
2792.8678149061398556637766493832743478
2793.2943797081602033386684605544798006
2793.6720141182412539435329940911235250
2794.6346607008550641397251397109932214
2795.4076161783084756195966996315128912
2795.8949643179019775571833374815924483
2797.2288136604661431974775605569338734
2797.5403235000304731149651023968922443
2798.1232594465422667458827937496848271
2799.1442104445695061549727595412714632
2799.6135722228053637076689024582073236
2800.4150870617906502798281259693005674
2800.9532638989160837072435904598043617
2801.5745444965119486060485211897430607
2802.1219664806749103608716910252115443
2802.8180473480000312245406178729421618
2803.7177534189243913913306033080927509
2804.2929867797619652970665067991164321
2804.7907041131652368308940151753187245
2805.9181375171124422813054335446963409
2806.4107030955928496588582671916567489
2807.4011217714866411232052214950552684
2807.9452618754341989803231355172669543
2808.8321137201702636053588111561024856
2809.0439996596479827708762328417406365
2809.7971353527334529443230552910433913
2810.4734158889763207123692247382196900
2811.2698752849866339070500314343598315
2811.9441739364543788429080240823141769
2812.4563065380144112840489758422562230
2813.0623805218832080525093628069225566
2813.8507678503410646885313479238332113
2814.5971809328954183643448144998755285
2815.7074479301289961600962187388602160
2816.1910361128675434377759877097954640
2817.1070183575518298202551630337106902
2817.2755266374902875442728761407059961
2817.9585325772793683909219728153310684
2819.1400301789765927758375627021597301
2819.4842168441776812575291799167061993
2819.9606783431496057736306191963140399
2820.8178780147737817503292791546751544
2821.5777395825604119057815967633221904
2821.7670182600041822358592306912921209
2822.7972630958303836743531879055176261
2823.7128730291788263762684463758005068
2824.5936194584960335960061262293715369
2824.9797930655972457122329245708155759
2825.6133792331197148418422461206791874
2826.7200813819002501639728584366708007
2827.0368577188446241258884183850220844
2827.7817565651010039071499879355609835
2828.3727064982143247441596536936488789
2829.2872573384378732223145266549536715
2829.3440110280396939453648509056191931
2830.3549254281926484367266309793961669
2831.0654800445100066606527698234589506
2831.8610347156348724838145375024433507
2832.3206846457690337738911227269963095
2833.2973592766543390845377722715718902
2834.0150842372047832387953481486090700
2834.8253427865569605308091603001732346
2835.5360345615979076262439424853709349
2835.9466322532873492182347743004340806
2836.6338619173131052791966580661621765
2837.4244476794908112764157616957346678
2837.7622930270443510342441994434106726
2838.7086209867280633196199348739874818
2839.4025035895932338837261439777680890
2840.0052387217126508430683916295582280
2840.4024654220585347778873578977510988
2841.3203569343427410920042420865887756
2842.2105231047862503838505017399781954
2843.1328908045708293781681214757925083
2843.8454730007697217743588558978542587
2844.0621671592331326676360908406062403
2844.9809080904830313595105879263860273
2845.5424009148384658626249113288644340
2846.3016040403230477091624606164472049
2846.9771161063566114265407221927850384
2847.5264685024854936360390135344381432
2848.3192240837192062508990436044339743
2848.7886249462581471798822069577196074
2849.2282070352357684181865398182579490
2850.5116392850598568530674119829403892
2851.1711960239156923366712392840905230
2851.7458020612872440581608584070322650
2852.6502013190282453021118949211382157
2853.2667746510996410137439228110187962
2853.6904564544243248060224016963294211
2854.7404866030135581099768882520427635
2855.1954465360344151109984727188263263
2855.8779840879578511486238566201171288
2856.3781616026099129468715785585779244
2856.9583089580029370177596982976071402
2857.8636228153260636986633411704149861
2858.5033309255510895039007057254144043
2859.2377012314106857839247421926259281
2859.7881296675423897874387397193837821
2860.8694088011367507928841175141418727
2861.5196444064567483509803467542166902
2862.0286544745696215227606869265620345
2862.9900752753342590470473579834862578
2863.6723519397092598079732966386829052
2863.8865291917962647970956034445455698
2864.5127694698840061875420077128066164
2865.5693812750423056387073508271402361
2866.0630080234495715460510035671144483
2866.7465749099717914360126513804372672
2867.2716565236007995712047890149200829
2868.1019475872299942065087060533962407
2868.6610369406407459980942267980018403
2869.7509560658444393012578505292922602
2870.5713184012321140034084818081430067
2871.0571258650248316617202526200235885
2871.7944918239638908179683072203702411
2872.1444101189453384809022324436083054
2873.0457913504039657886228820439601904
2873.7048864483935451621785771224390129
2874.4243235529425882906868523606587072
2874.9215615937079434389841934874785039
2875.7086115394310499867533056073967821
2876.0132444495745434668289815740425680
2877.0017746837285013057908191895776420
2877.6716208046548122247224016952366196
2878.8051307381554227603531323333755156
2879.2180811140607580418707353873397429
2879.9851541604027615448062949135260375
2880.4847849761549683214035543638626831
2881.3557362094555089945092071712607965
2882.0270965054923909900367827233964433
2882.7069321988187890934237970489324429
2883.0805897891250127688138317969666568
2883.8865665306967950085723793081873009
2884.3627909322229781727599766480028804
2885.3733024762899957130634670258980491
2885.7266677003948669404752002571228895
2886.6653424723152648415390144868904595
2887.5107704989851942867745035706760591
2888.0051371499328171225725475694939398
2888.9217541767466845286714811669886952
2889.6558982040080451182982511457345025
2890.3036251729935614283608097393676597
2890.9410375522269067955522837189004140
2891.1906116813408292280897715486705798
2892.2346872451021794427760047838344431
2892.7638379247217756880274738458360650
2893.4344547719595293874402350005653176
2894.1043937584844701287557298126360638
2894.8453145242382639537779517037783574
2895.4626432997217649201964991238637863
2895.9651777745686974700957962561238009
2897.4614558700035349776501874482410588
2897.9836297383782421093244031724322062
2898.1056294584438934666166420130261086
2899.3262489093782018566330489051302759
2899.5872408053492118190099510777941053
2900.3487019353298277655524794764210034
2901.0807733277190688517136084253834852
2901.7860469525427444263939948528756334
2902.4289763418699650650543858560343797
2902.8573186424380879435507135934922474
2903.7318209217249813600592808436540406
2904.0444360554369712654738771384471295
2905.6186398162322460410151224812307427
2905.7407283375171053167841068396952212
2906.8131225980603791779286209283512117
2907.1993142186370108935293507819590127
2908.0616096199548613953328911239649344
2908.6355677387880698115208083763468034
2909.3330906389142727331700885439855846
2910.0810508009608015677225640376766164
2910.6888038475958647800798239883779383
2911.0110690237095807920642506881759788
2911.7889352437991605780125608315221952
2912.7737437388901518368693081814950061
2913.1296882060692985430505177993183454
2914.0732128853226115857488891819593917
2914.8642462966139001633992745716152367
2915.4528427607050909821108850796743630
2916.2811460126574318865242817872491054
2917.1324259832079884016073524334033938
2917.4936086739457290384634906674602600
2918.2006294555540971733190345450445271
2918.8942240038270534237654297912923438
2919.4283283422561608124378224245840121
2920.0042178762220070130567686430462640
2920.9583080217121450019661985201862370
2921.6152225094927141917751095502396511
2922.0174483553421859959994243831573234
2922.6568801572994753365027005704090258
2923.8526371189662932817328039659160538
2924.3929582409729236755764174537029284
2925.3728763928514814944364063691048150
2925.8013236393341678745172276656789024
2926.3637227229839655295025802591266218
2927.2182000003594847918750726274879577
2927.5480788653130938803561588934750795
2928.4206103495219315234096529214534572
2929.4294728998040808438537394576457140
2929.5695446366529191880385190641891601
2930.1329062633095186931890553315857969
2931.0247214099539031084059296820934507
2931.6734769344932190433668446488684274
2932.6725792210273834972716725463800320
2933.3438933068332762147220720066496767
2934.1906245044874756073253255789664915
2934.7178996282898043698275872114462759
2935.0735181386685187238979759249678929
2936.1429085860589356466764980869231931
2936.7778479341460664320857792635448300
2937.4316335630191201335218145693183190
2937.7394290912564878022900585831209130
2938.5318239863851887876985684898624675
2939.2652828434612058838045087311755748
2939.9301998979893432979891805059777244
2940.5263232651979972813477867293682921
2941.5737208621669107559792287564320821
2942.1968396742703791038537903796094428
2942.7577241074525142466544945455535078
2943.6485820977403437002231122937207854
2944.4636943586050568779858704778554714
2944.8730968376218386222226984994609529
2945.5270864011288762124138632995944125
2946.1950077153743733956913138863318932
2946.7127879404451634148749535043306384
2947.4982974763839451855281289320681578
2948.2663948659850622760184255213890565
2948.7165897376985991674347533798662555
2949.6753295953564918733897850151149230
2949.9339995834669501768010776867798959
2951.1301166191492600808164261679055452
2951.8183629223704460720410916369508925
2952.7094706292383821991576581910709143
2953.1505925522520169293718786979185740
2953.7003862967264932214362704969389394
2954.3298417451567644036973504082691497
2955.1657019545552308283647566217241568
2955.7163800311558461732913290844915155
2956.4496868803312881025130899959281800
2957.0751005765682336429750167454930865
2957.6804704347905721940558356346916341
2958.1325181771481217576213761253692303
2959.1330673677983371512898136490175719
2959.9151766552476668177646029192372979
2961.0474122575124472308111743483166532
2961.2012804010645565263245915745097313
2961.9627035630802738839305166617060063
2962.5182778850041602225298410369205511
2963.6103433630215239167142672854784218
2964.0627504020951289072502083565128638
2964.3676646910848092978233389257402743
2965.4647293386698249484425615312262454
2965.9096131718153479072598463119229033
2966.3246876569434697021515624412532293
2967.1985384009808471302083466973772098
2968.2017838859104824708952343969125785
2968.6721783820983574742106045442267627
2969.5104599806177567120137805292335334
2970.1804649398169144432374346805085274
2971.0552488760814884424676703121911030
2971.5564743949803409733857967606407183
2972.2768791078423414786543590812750654
2972.9012474164338678054319044028961776
2973.4330507007712878936276146166553369
2974.1862006521738558068560674286661187
2974.5900251340574311127192566282149135
2975.6411664131276627996075172159323003
2976.1786181800869831436301473379874192
2976.7773831469968945526991350423744119
2977.3489315958952889229223340243202542
2978.4999544692788883007070910126079436
2979.2757513411858050192879931419611036
2979.7267000135631941139851459321754841
2980.5410513065688009448563462112257951
2981.1350301142295432941047284430230084
2981.7351858334161606549252818008590181
2982.1168033718574768885997420418387016
2983.3008997760757130432752780427714805
2983.7494883629440632623042775317580734
2984.2248636124885669082191104790310441
2984.9813236219895625566252254285038675
2985.5820088873087608847306479609469940
2986.2901240100328859405870046437171052
2987.5532974264877640415640318069518796
2987.8995501955955672425672600226558653
2988.7560659641964014390888526328997395
2989.2656606018744312833966978262003577
2989.8916454786099254459544709384180946
2990.6562845910516132264680083789449986
2991.3685959494991454448714333123453640
2992.0295344755380919453416600134513033
2992.4492947587666583831534675777295629
2993.2308236101736986789891450406655502
2993.6663569642264025177050914023303357
2994.5851106806879783898879439877788699
2995.4106634781275869107570488025185131
2995.9485591886097376560641192545005445
2997.0035180843770829410992953940914681
2997.4139368651872281147380402098876699
2998.2047803993262270175115434556965517
2998.9097622575114635688010309933344640
2999.6096050022677522443277110473187499
