# D=8 L0=0 L1=0.62322524014023051339402008025056800265 Lp0=0.88137358701954302523260932497979230903 h=1 w=2 reg=0.88137358701954302523260932497979230903 chi2=0
4.8999739970070365010383048991965160161
7.6284288417693978341605933436575026258
10.806588163861712014386226750248024353
12.310542994236529681128961509779838695
15.195754250645122768448066712366135831
17.022285974308347338970900304435533802
18.805958907707148399823755106537067972
21.131645962221343882637993680672808546
23.083849996200546542887487950026142325
24.201963557815601612547207780265204840
26.958535180380467419686652413170018040
28.097444960630797354616866370809788468
29.930764210151905037228608386737247243
31.638139491321017317043850607468003346
33.845630895158441864120869670727511363
34.745777006170023309472692000493069431
36.541663851774589689061488939037435010
38.775577773870065814235174885418096003
39.786880997666640717943556298147773761
41.342206164421937045102155060153448009
43.227484864147750094378592006039180114
44.731727516846394834625282879604593981
46.539401827177628556019711392715629481
47.133310109317999509112776781110768587
49.729032993754650960308230259868800906
50.783653497719427992244788939315926232
52.116522813007331845148407472116181454
53.703720159867748883057311988167457884
55.450339111621504636202127365672676754
56.833254531120047813577800276875158977
58.121045025790743230310135527250200712
59.401106746960045157356727258301015620
61.430006331645575143793340303676449160
62.819283118740727472393958483066957732
63.434357463673547397330015378850540461
65.574278131536614345193239698946261287
66.841094177484397174374874915644567041
68.373978721049489364990582636886672637
69.591219129718763546156735132620787196
70.697548568192004019788338193576828211
72.838282287058063604875935905838423308
73.811358313369513578668031228792176971
75.066725385917215561868891557040283967
76.309445524299425418192382151186294836
78.450536025402624671079646773001847061
79.024641591553897962667364253180824337
80.821065814985664099695927073209250236
81.739221253974337115697664902058422314
83.324115460425666926586712199208183793
85.298934806559491114553441431580575846
85.732223143415077423750004872042947562
87.067753119806554487784863035399364058
88.936728123561852696491835766442200374
90.096610038896338585814861677450655541
91.455942056401523073504101412797293337
92.504536676906103732966848482226273200
93.887432161289854307494218662302218670
95.453625166583728854996164704176768561
96.838001055118103750966075346933733128
97.862180875784592846274831740268243506
98.800807651575558781651800610749758461
100.87134199635628350043176966445388188
101.96036252941834915179189629365707223
102.83154626970713610331032977485484993
104.57937993002845361590198149489311080
105.31256983254777186902280742477326850
107.29249672763514880982456479407907061
108.30473534861943526169871848380849432
109.39601057762204030213404571346830262
110.45224047048554350966942225002940422
112.35930316885844877144502181547979583
113.38118405708104328297175603663035269
114.56812891265665506817276751525711700
115.54341403971311160169851539689402522
117.25425462994944426583570414179266540
118.25527727407674171362085293495765869
119.89780445191958455258942275438204219
120.82693442463728812283387285066899538
121.60795691133932275679212639233492793
123.58051556377783875817266509830450451
124.95050998323254135557732914943096396
125.46001643066823962088149936412672051
127.06894061037607773588422178376279798
128.11105577078506442752316519434709451
129.70486172856596357076170573647443000
130.84001294378097494924767931392598696
131.98576496531914691856252585395974675
132.99229420406609247997455604729105923
134.25766633372759031378769648150818606
136.16186476284369188999791751216362592
136.79182062927820454449837008048558995
137.78167112901185707614882377045705059
139.23744526425153358590770720126867850
140.69125387456255621351868254693739445
141.63959898058103273008511792324830649
143.17708110833228439782353550624222531
143.98667325039946137209920273861864699
144.95563229013741405573180697838586160
147.01938257496964919303346813688648333
147.61071047282508223688135634646811978
149.22604091469700238659842985298748638
149.57878291645047952103150818894724065
151.44295743219630984191050037886539647
152.68140970751623751073550114458290783
153.73763617707638799375827234581042448
154.84303207005344099930979374092161713
156.11198558577998169308254382146645658
156.94799959610809650064977093807570265
158.87706731261011115959446789699045888
159.87891648917929193768355867027534943
160.39537633719590340937280477426922930
161.88822513116086071006000595534682608
163.33759923719088509231874016766820841
164.46397937530176149470143646504474303
165.53552572106405700509435433613703737
166.74839782362326935507295478613175020
167.59103640421856834927305838850858939
169.12505848342720769542221449239525946
170.41179238408240052227293737092826655
171.53039057675728503026146493062978069
172.38133251072141358224139154920062414
173.36188607855660880217137877431182309
175.34199901804356841990896206374940010
176.03441723150610686617439779283519435
177.01841168418146528520631735988025469
178.61564760083785164105476235416833203
179.11748618590782848996515085559747501
180.76000826716613916826530402057465564
182.04944805100098697880496399368621384
183.29262024926489259423526165987038849
183.58774285105683779657705864282795842
185.24360703003905670846366388691220703
186.57049557033002411910024630340722823
187.83694347922701622594398313935208831
188.61756738260776911132691384581061794
189.66694062169005545035222726046211063
191.10626936019489953534538302470763989
192.04850001147011945612761225723873884
193.57508078504513855290763301309308912
194.48974719571358257733850258093270470
195.54135297191592030951468056462230020
196.25036182321535100466350610218381053
198.51774368847545498332764998865656183
198.80044266399499063210785040175040799
200.05560322498864558386964124515033080
201.24597540691342960320712780490152629
202.23193947531175904444527037393804769
203.58507826190067442350331433011853341
204.90178895800452630078768011569397606
205.71670088375104014527000804172711285
207.01013477383045888687057828601646693
207.61049321557726249524138673241536766
209.32549137423053011795005240379514841
210.64639601532924996755887554871287962
211.34193073925697198624726981119337986
212.24042183658235193710065926361371071
213.65135591412115805226220482900210743
214.94744472739402819496005828866243633
215.76309160177487152039374604949931876
217.41685041700685045402153774576401818
217.95807948082446533893389200697731756
218.89062646928118912402135427592132799
220.45369184216200683281588306059129303
221.78077154103126469532647259662435720
222.63322019417628758213610422689626922
223.48415391275159755202199079996811986
224.71823914370807513763100003797961884
225.87776626321247804155923254701087628
227.55620267738005913022803612111430653
227.76652638381085719973916415076900691
229.41193402618442773618957259096342436
230.28302118019884198748539063713795055
231.09304711758550682744095885765137772
232.99646893105450295710406176876278627
233.78209922489119687343324752973640060
234.67562803567931971067585958365956168
235.55165474589010737816080875710523013
237.08066663384945939748901432183401751
238.21244960614001075632283130481056562
239.13067941358719137426373466288061930
240.54424371042445747771205250259636590
241.06663309251321935777823730029296908
242.33712508239128609513975945420857832
243.61617460576551219607275842436893764
244.91815331490226844090471639511872484
245.79621110879347569697182176947919124
246.76064858016505772887152035377949209
247.52238641380191734803729412402060112
249.49690727517213606675299037891434168
250.02420706150540647605018810986981308
251.23380786446227268296870003430858068
252.21692978828354321883875525635108059
253.48880462443577173560514488687516948
254.10153901989961968316039619670640130
255.86697974491803464021708575301311320
256.97271266351092517886571159701764463
257.42353059338919742619429281894630099
258.65403526561283622030582368203995836
259.80833644936652888859779264911063902
261.21314289207482384989689625537297675
262.28515617362134870189467105494186016
262.87538000334534537540502337429394766
264.31069273016508474481566919548904191
265.05221053031404006434515619749987013
266.54549483474088441778921614877183986
267.42999048045795188585040517304522113
268.90424090616872493992022843210501712
269.51580982056286662907702668514879891
270.15421143498071219138674924094335315
272.03339005592003671737185682108797567
273.10086178512489153641254810795722066
273.75193476936065428108610957108136684
274.98411986916016676160271027636481913
275.97258908838243684560985781038848052
277.00788574352919986826915070398955127
278.29778791934765545250840341766950349
279.52485135865983462224916510644245330
280.25971133611832869028934825829167875
281.36207434623129300809662140697067555
282.16408538374084688068591506368644281
283.68605721229093718942755515212298658
285.00868252005777293510463171896181630
285.56401372838272850298892210538381337
286.45479319920424927376210826812956999
287.83664273253856489184148161752352440
288.91165966027727691610734770436560207
289.87055852537085231682516409779109907
291.30956820555527336350488232104217456
292.00494944039215015360859282770543016
292.94165601903480877664637114205187365
293.88275134000849193884814872249535869
295.76450385646489625913708359468172861
296.22776936552334270083358939155327377
297.27498478903737298261885874701675228
298.46013728962501881215994519346460416
299.12036360134475423812375433204952305
300.86774489171882265717353557632355053
301.52197269831728442310691361013330998
302.67411252678976798314588635432788461
303.84576338616663018313513612774132572
304.51132133995860767352307670268111224
305.56760166523671263709552242720029325
307.17699124695996832913143953965392490
308.13246900071658585669823767447724534
308.91622337639084974738566596175632202
309.58233330959307392630162358317091564
311.32374336702295204000704405008439441
311.94924114865164304690325493984673536
313.41717750548034014938994739412922236
314.14396689134151496953703365959541231
315.43050244667193132945738799666826231
315.93115744393936317862746537593182888
317.32766051156593117156417384436801113
318.58939732062061397332550447858199704
319.63698920572954233019350853036643212
320.52236612334217956266229586962819052
321.20307508210813523896460995419944168
322.46406880174978347539536569379781720
323.97176491572647450323253864405485319
324.70243911040247962063167576443102204
325.53780008513891949953690912043338539
326.99132197568140278494144010001943208
327.58455305954269321202786762572636589
328.56133238237774707160641624816122568
330.32289737866448207083099154538177674
330.95987835817026547503761754151303224
331.90582235472328454325925079218451203
332.77858888811493009002723111529734353
333.87700656287915301868137617355039013
335.46953552666878971251255747961201494
335.96043603146147219713283846317061322
337.38924124441189843436991282195470985
337.91756573135069282606762165406024942
339.13873605251188937142756570548822711
340.29135864328088917551122609372109490
341.20980669965983294561179732360993346
342.75103051130442695350924139419523145
343.34777113101238537047666078164068037
344.01934652798832672099009030377585217
345.24642525842563048173181723833631778
346.78156782817407605644600232791166113
347.65819500110719390424121281915801901
348.28226404204390923281435016436236945
349.63534914287862715329021334881834007
350.48571635619101235883539396967196139
351.40657546533670373447909470259758243
352.84449306812504534678293203060358085
353.88302335672777720952879741533972223
354.55851067312011863722130622042848429
355.82026910312665441665532152391217055
356.29587873054526890621244922628277866
357.96538755525689704592446224898065839
359.08226011789294878811376229333482406
359.86221726621553803264268075057591406
360.54689181373492889138421813499258731
361.91794350610980112015399840198666207
362.84021992919687784743264105274538462
363.95199615717794704234903623075395011
365.04802840674015189153545414011665331
366.17636476008915971981325599932180203
367.03338253824222038304878466765094026
367.40848460914128361757592441033432137
369.39443730672897443926105740649780640
370.07745820884947170310156534946609065
371.23159926386725865058133695526723503
371.96916008483402195231710389601591990
372.95788953339109859596136382833729953
374.07261248769442362261217944866233859
375.33673349940521451327332083425984320
376.14947859119198043726775799664171599
377.40918425576221982323849998132320821
378.02455836442394595654795530590020770
379.27107961806954632836293801133733141
379.83104782795793406557380479250310267
381.76049141229616139471689169123187304
382.49571263096936510799381267187811571
382.92082294822441965543907650295115826
384.21511846208147124983256389971781960
385.27477434219939737014360361072661510
386.41046272117041020303604815721465812
387.39626615220182430103863882260790893
388.44170498824571845090941074255057171
389.54602697147114337180677325371395784
390.03925960774416125071716150766847362
391.25748106512449018264805730685407437
392.58968265232119070834667767131050745
393.61221708317495922941512329838958246
394.45957936502740638685529346692518527
395.35470688576967743110524076959002725
396.08839091734895264061224586440828738
397.67025368050695776277346170275665799
398.70070148368380844255004942395606120
399.27147049439501392985155794479550822
400.59561078839746826678226722819700238
401.62992845488651582764224478364439185
402.06702190890707346410471746769596672
403.50172599149992668938144891498072554
404.91481179668477663195596022378396472
405.54911075678698054276045761014591386
406.40166123221692297887942536630295031
407.23107169269317931766256309921441217
408.66134872179963674981712622634466722
409.51996982384691315163169012419035683
410.80360571444047625767796817256990488
411.51725483670550077159145452799659281
412.33076201209927763090453227951540121
413.77621358805037468926958456945905349
414.15387885607883325080290823782904944
415.81539225132802349163654301663295334
416.64504130746686908484500910810041828
417.82946276044104810472420285262506014
418.19069707162477341089472578330899514
419.25900286142512194340885061684662594
420.86486768319179410194100946272723708
421.86189245281865032882867350583813884
422.22012161785442009186292367793301094
423.72497962552495322821253336791618176
424.51017687936454573436632333197677191
425.25993119392020623027502346676845087
426.70330102514879709744856672968780392
427.66461089613430460205281884604241233
428.79540989452514217352533204478396142
429.32458269827113713633960280360853358
430.39052281729828444635732041784662995
431.36222041824792322704992657383962473
432.89591346609710747726204912190329016
433.63754162330377916021973135883970165
434.39824256039007241093542943333650110
435.39847031023192153448496470243747803
436.46356021807953559572339155534835242
437.59998363470202911544479221653565834
438.32532732671384208468393214073031636
439.96685720316173268584650172778458969
440.41748563660641838255044560327884706
441.28081350662842550222004999134253861
442.16149452902575911599288487402697236
443.71780490406081195362601217468102158
444.57323576184578496717714003976810051
445.60499712319911919722909557422760840
446.15947265923887441895645405120664527
447.53169198297337642374712665851658191
448.14584924790325328046621522352385017
449.56109823400002740468177057585774952
450.57314075629447679428392850107757767
451.27385562730848104606908248218646390
452.59950853572452282152190725939731556
453.17090551262248290694843441489355878
453.94413454663969568833686671362081158
455.91393011508812543337391850258917049
456.24721980236010645290253310008895187
457.40114982258068444996184496568189970
457.99604432954384813415699504138010070
459.23328771005285480925119636481360704
460.41930064126333040749978776145917732
461.12652263881877845042305114226782473
462.46020585732353447398307231106326185
463.34437341037430051512751493287053476
464.06520130805489975164340013214478492
464.94023790484056623273181556743210262
466.19030010655893556069985382108106811
467.42048781605419929648292351912829947
468.21338445971927553184059509778439861
469.30507627237716563867641552685242438
469.66396315807912560958435277499484964
471.05179054063828909022373406148751698
472.24080351759024072581864395627502525
473.19834484852092353994473268778745474
473.90230696278206153280147430428911395
475.21196944611266503935405801078855215
475.96020106524547971869292542476235482
476.63048860068522759189558850925240526
477.98076063556251839644378605002695085
479.56503374910763589787548641594884768
479.77634809778425048739109444661769415
480.58452779985632085939582864185970160
481.94856071115162170283005055961328897
482.63022499866441017963926512652948478
484.11780945318066531110889321009248917
484.86555540615183650640054510408212449
485.73748695617702394295574252790783667
486.89059219440443171202256986737647278
487.50471826610431845217944282345048044
488.64329366871855623115451900185690917
489.77445692933226490468154334609261661
490.86778600783217074958105484315470550
491.85636635042299180979593181344643675
492.51550929284666073413139592961315491
493.10615482714743621929126065600652821
494.90380766340039480711483832899012303
495.64401095731895613793679663183819375
496.46436618852840898555669551891854939
497.59027851062884198985601466516499565
498.39940456048031564386081810565864658
499.42744043529110485635074612448280199
500.14674321702860772291222423307468723
501.74533398260460255862359395150540756
502.46037600425862812465608571245404229
503.32625549584436393576191533738918130
504.20009764303499615798898340608735125
505.04399761197777334533852454891798338
506.28546162681312523335218221259436053
507.65189022745750372457456449167378668
508.10403287440415406699103229754317511
509.05178871309807383314123452392889357
510.04217395813101855218213122390419732
511.23674425845764236716355873872074080
511.82669268513687634948670260639617831
513.21578225162291175129192126738842510
514.29521629738276054064278612979198650
514.94551922209312484956512317692463272
515.76833897940594277517056497764730455
516.59183981137233833574952522775124024
518.31841960281169007063993454040634258
518.86276140544471646019094900252742412
519.81618652524936158641178190428819149
520.75465950376898018970505823443763650
521.78777977585989369566686016412217026
522.40879722464142171929435360474238639
524.09236587299999712702944894217226985
524.45332778466488571726709185701596329
525.81882540253413542581953560761173066
526.75186848394293156000520007950781703
527.22139819628256481656111201171446879
528.31123942862782391941518736078393849
529.64607962392378424051050580862206604
530.79781394193644627393450393609828150
531.53227835745353947040052906609787587
531.89736521488486846871654796466891889
533.50256909871172330431798904175386026
534.18439172015823517573586722450546211
535.27020653217947124419794946761447791
536.32101830397605137178979902682127348
537.56872548791971994705172718363969855
537.87043400224183137199150211854440306
539.03397707095312816616195101698319179
539.83396151550213911423628869414937416
541.29201031714876089007587301897810172
542.23465816232007630457208321832926155
542.86341092357776140419533113321471648
544.04255105264733814905263178992095423
544.45364829740142134778491776837470389
545.98696249008329568558427711889959814
546.91452196249573803254347077055354683
547.80052641921753158189929508218427919
548.68917561725424073862243884559747314
549.93425629395082187212091127336595915
550.44139263458824087891612100643740356
551.20137407797806053448949695186500492
552.98173216531554797664866681865046640
553.68132648581417016641800673032380663
554.38315059845843134759202814749093992
555.35988332783285323181956301626869988
556.16826423475907709745048669514764198
557.44976851681025879216773275827561579
558.37070386374265835701759640295526427
559.32561835071206343299451318416241356
560.38134166820887258332139083400153746
561.02967132576668235827013498751720359
562.01045880833761718754136043689277017
563.04300914232085352639206077145954501
563.99315331873926048554467471753446084
565.41203262431703841418880212692397775
566.06658134050147035486069744266680546
566.57982292814654654814783279845412706
567.64625191515292251136544277913371107
568.89414395725281594627492937548471683
570.02575835674036961113538299055674407
570.70415766413809281433831082022049864
571.56897441491424319704245805509944429
572.88186044749355142587083324019807997
573.39182327355109465121671136642229358
574.20565877557663789277841268115228438
575.88725377404407538671538990155585350
576.44708046205784052361105765507396870
577.52820517460679728301496220853491787
578.21038451252386075024089833709050962
579.07432395828922994632797505545776015
580.18346529147795183524678467763178585
581.46505762793142248083767029434178822
582.41165477044570738159573943983886931
582.79699409117013910708467700491579701
584.15243387276585299712450764601183636
584.84750285587218150094283134401188174
585.95565643568063284573327991734599448
586.79096113518974142577589049071921470
588.18798282780988954963654142867374848
588.90067433683373549855092155187937049
589.76641494598518343232666190116480866
590.19377482222217739781493991544689992
591.72221473475034832768510132385061871
593.06541265006626624965005970065802262
593.26377394189312737369103107771571601
594.69141338234007214107500383411086407
595.29635263588611805498813585018570208
596.23680570335189200770793090260724181
597.36996488284180045826052605043090165
598.20772797590654034905922842323085159
599.59370668588978633229192044740516284
600.07837039876525030167101730127486809
601.12804645296761403937953819416537650
602.03543701495924212847688347210466059
602.58224024634635370603454354637123753
604.43481890754126627993280203524302785
605.02263069361538247312530086450252589
605.77250294713759045114207149467877832
606.53885485241387077250922762040273501
608.03995462952255585524669252843845006
608.31983367517446393361152862054774892
609.76934733008148049302352421193888962
610.58865593045778340532242277445206839
611.77437214985756169501901994659466291
612.48536066044869675279332858634886035
613.04047136706863711196707569730121809
614.21994189044324421072111869345494347
615.55770976086210708326845870264434707
616.26880244227271462595528104849986660
617.42559525941101190143245676788160706
617.87421833111788936866947661955716597
618.89336593360775592116512679382461631
619.95563543073229068181034031030868407
621.20007234289474278311064584935179271
621.77576283193556075861676220905548989
622.90064828801722724566155666266585886
623.96097105628379969603340097361065077
624.60007882397228683047187231476564410
625.22911585620325316611479190811244901
626.75507358418299561549314118895701769
627.85378690909838759910424082390285647
628.57864098725068109361132424104848865
629.12907591319153314246296077738829899
630.22993438889383131260805943033031458
631.37854688081965641130064600815009913
632.09609699895717442211637683197907260
633.40963581925957846998606359523242828
634.17530403501973930124769684697195986
634.95512348081751412151010535372566750
636.01500186845847086227898581767433323
636.71446276928589938932804329888036717
637.74336917079740383119863788603499259
639.11352222520872749823208600370556684
639.95860723941381550871883701861669662
640.47729433796185766513391646572048073
641.58906917617526634267095042865089929
642.15542459861323537183527121989731267
643.99400304206277175582106628013190765
644.30781394222366923970470733649681823
645.20145291227517238412899255461888401
646.66208634440693599895858772379615830
647.02642222277871944732674122018151378
647.96995480391709817381968269056857450
648.94037528111303277302441227173923050
650.38795002226288112766033922314730756
651.03235310783305395571767006029377602
651.94694987540417643975853329852102680
652.68510049563738239249850271899181959
653.55308290504031980847260475288073407
654.74001104547151492544125263940614312
655.83491987412935475071740025707378019
656.73815787969081224780461044471316525
657.37056870574985851919274519509975363
658.36743944123265379787868905011072125
659.48351307738269519819683242349195520
660.05351352016259228432681284419453940
661.24777259222851323005927402328376180
662.47531099625424502606933518914142075
663.31395904682169079110790108020599016
663.85625901907814582257081769166394514
664.58011775309494539291209215049146582
666.03900906170107328198598345433741343
666.89873504264921084643738854230418486
668.12346676500252949982677116208611167
668.39577284694217553654384896573556571
669.71956848041300796403609121263710353
670.54656636303453781241537706953011730
671.19304370306306687912361710331165960
672.57109799180324937207419432098313139
673.53025327203556765263478826639961515
674.24914416973741835650403018704463053
675.38517923895392792578669256540910300
676.03491923926932028039897421183291534
676.59912011222071793898435504680645554
678.35968713313721710712549878723614785
679.09026407110599206088907406392260519
679.84975360752329879722345772648641279
680.65501924637228476312386990226370863
681.65451405576702588151745511242792948
682.67327387946547544788317326526426329
683.47561071197046206256546338315000407
684.50191986204705405450031300240757019
685.79199955504536618259578066115868664
686.45704796170055371678581317848902040
686.90982281956585311481446662172126310
688.11160686224608762734555803604378201
689.08427823294098605639305793806620224
690.38629096767363495402325665722936155
691.03839780791541484945033821657537358
691.91830718237009182111695081411372518
692.69523629961332282828104129732410040
693.64093150813248610314405561286320933
694.73744074276548892271642819352739792
695.80053164612583638410027170294236088
696.42071331904990209167171129092038371
697.91532579116385298483949869701339835
698.10449612056075339715920446803696249
699.46154932869835001736394894484208557
699.67825216639901239095335364858428386
701.62187386472649107096325466697891048
702.33682885041375944021641311410912948
702.83326575086973962110547364603919557
703.83745364189107836094843794034591275
704.85202509227347239208855075145813329
705.71139593429786482739227215526358972
706.73731509920679057713735678910424326
707.88037025338071503247302531014625820
708.51991418690913758051842247464808744
709.55887722805395752553804944839241922
710.44567963862902990579277028734908971
710.92129640022041378561638844280818897
712.46432681494749769828484686089068958
713.19857363870945506192484073576822323
714.45046022748490523540442086540088278
715.10415684361920161838277792177113129
715.42610171690617013407911945929040330
716.84459366148452628602652399818865712
718.09577252023480131777618012407049254
718.56301309376572282413549964407695929
719.75690562004983984061531311070210251
720.56766799387419415011792055412395376
721.65747546889776294593651320091402396
722.06008958854609061500351455932986091
723.13461093486996492542794503188822460
724.50337433568821969030323745516529234
725.54756384704877899474131988818844009
725.82021483879751320743779168933388693
726.95412974201870169751313088749907192
727.79550314896779681308712309556940900
728.68147808634092532817419328408986192
730.06921153773121782799728235871120402
730.75356501466501171664483682249730310
731.51563384456856498110400119570364452
732.51264500456713586930811241558242278
733.44045520925519659933178367251439736
734.21777888778105241593693435921058696
735.11587364304099906664485115090225835
736.59036185506827071405057543831211305
737.16942033909822662840589725226992200
738.14723874750975824496950168011980537
738.50809830126152054450926812604426512
739.75076494217422059817329879498661778
740.99589723312366749224720264080182988
741.91654424554857628432979664133884730
742.39750047167090961148605818036559086
743.70066567945377681250236624961069599
744.52262622704591570018278470398005356
744.95073886606971207778464751528127089
746.42901223156016729125419007547827832
747.15603236305179246584552130596372357
748.37804938666767968757488240634404590
749.04944541137329564867218908909704097
749.99031650895204358159394823743281499
750.46962085593114093088042595247086253
751.71462867470025293889601204186450877
753.00184706628974517222338277522319075
753.72393990590674398473793228791297480
754.53806078154778179476927808303919837
755.13036062429440774421136269925844519
756.67707182717967204595138792520960974
756.99341776270940470611378049579344964
758.00519858288787837429406240226586745
759.50785113267777036389851998553531116
760.02776716607191158637913606928838675
760.90091177595700620478684151069435697
761.75295221290442110431786243023357040
762.38938968253025426914420583402381250
763.95311306599074384921219488809780948
764.61587781513994876585580671050356673
765.65436902804533093583778098182733678
766.32141286988888722220350988237615373
767.18881889806731032162176277080826480
768.13759746715354048729822799753936574
769.12164933391872582868048210757589300
770.29991328715855422175941849495298189
770.78313113193391521309637952419179116
772.22912058908073017106797556833745592
772.74366633419046108342552949412130484
773.38719541424061684510730638618528850
774.36454548866959902740219249921871030
775.94965055542767925222843343512076302
776.60788366873011430975654380400473848
777.16770580683745899968394213900878978
778.20893863233738521325344011813175061
779.08167657469954724387079490534741079
780.02593529791169242646518211456480157
781.02064703500355587335993764697271831
781.93174384052257772205251007356882098
783.04708269637662463142380824814636584
783.74794995206773749663535793667480242
784.36006289679500034685509828000992961
785.54237583362290727630841400119229865
786.24779289962743383926175157356289605
787.60729169987672698304929958335061651
788.68658165255339834495560017134789016
788.92921038492913928966997810401933665
789.83321416870344367700126552997767487
790.95790237784337296932393018000256652
791.89258719670072005014494940545476518
793.07465609363043256277379299787773865
793.55080441365284824087385992444182253
794.74069485182083139598521465813672900
795.67826017944828241146110452472374023
796.35609023740828015541748282054981480
796.86923849620171195804887264420433670
798.62295541139471939808364959090476565
799.26789353027758720763082028397929630
800.15027263841855404292918964583222181
800.85433113177870258610737869658008705
801.84466985237950555800639881956466274
802.52304284247544990689501105085726927
803.95781249782170903845986442422479852
804.60815314110149006056599187677530352
805.64338509542710461311648222177942827
806.33885132034453080012522994446518350
807.29355974629757734539787589739063183
808.29399796602098206476764699874741138
808.77785681716020066636784007240051407
810.22674961119929703679588126837176668
811.23785877533069078526417061923279202
811.89692543618796662696353530234866573
812.70441418247130169110578151267118749
813.18346537908282746077021308628333928
814.87953860266511998836625626398989006
815.41104631723090537490275911457881530
816.46657688024949602969066801183936309
817.32708319655019321259700278411231373
818.19864675966837922466986733876592456
819.04342054723119406857184085967681575
819.77752222384904001587744972445761902
820.88237880258712330533701748927091701
821.99407964406264585684797978953955157
822.92927911337619478272496918054507365
823.48412516446817197620621990386144307
824.54015541869231616410844972354840530
825.08540050280874913538914889728777522
826.24767219149222401292660210855403490
827.81523806779628789051375423143876656
828.05621507543744092725440776760141286
828.67268715965360318656031469985157962
830.28569596657963689092471701373394623
830.55147971805932353528612781253406736
831.60709650379292669896691538082138104
832.62835038387637131591218785332353206
833.69687283322741272416072813817284688
834.83535192460464631839332001048476448
835.11075885938142512717483036137204384
835.99747545259545280684318804364962040
836.96802592743961680515562433342628190
838.31684788503106152904217595148892479
838.92835497422285438409442420195975461
840.04075482102931841388009876000588660
840.68057118212689717382073361763434269
841.49246797200313431931162484348990220
842.47774444058287027978196828394224542
843.46011314418578605457539040688040433
844.38990163016315191532286891021531807
845.29966166921194785997467507964815857
846.38414435958608911046741081327557671
847.03988445472044401168876745515469842
847.67711739923382660110903561995956174
848.56833998439093113067234520116307431
850.11842286532121764632539026239863740
850.82653852707758698632118796824484271
851.47703214128035251392772996532010999
852.28713378025378632425291187899904628
853.32583066389773849829242973098072039
854.29683820867271013021653632011997499
854.91298405366201936960933270441223996
856.23343847412720867138981899266182070
857.19724649318013912171847760482172736
857.67116922750594886913144577990276017
858.77826243029679321650407403920533609
859.46892619275602031392362601402633580
860.26475480949184586334907398521862434
861.83923030615582464711264656357267920
862.36567424999507280939857938399977341
863.24801038470843436900606331887448880
864.09586412023962527402259962536398989
864.67998348773478701047607505543021474
866.01540067638757529316303926162458002
866.97787978953308602972141850955296071
867.57271477339011553064282168021006893
868.68767467132717093568995235200835577
869.83179312363892065960459581955619950
870.21674270973751387265506528027190921
870.86318971213253550851269320069395889
872.27724119679988106379679289285933451
873.30756590850781931854153211490124263
874.11249265737518123922283591371806664
874.98705880683115606734076184021871557
875.37880911631997411563811810839630842
876.89930032432932788426805562053193169
877.18891027839826385451687671050587692
878.82024353058380569781957694900749389
879.28927469704438744368110687258637367
880.30368463769733388727959398253028358
881.09914852365153531654211274525126935
882.07760467658207089043627815287658691
882.71896375300474095945850299049734728
883.67173605685418821519659568790187873
885.04260471266641237832002189769163871
885.93637258501925307614982216141505700
886.32460450201232244917036515476134576
887.12529721321600555969628999116617966
888.21183360931786998324095296561848132
889.26866986267167551915061032610038284
890.27691107138761352180371592215024177
890.86091681509848278776131067258168324
892.02770249654843856337823127177152452
892.71500189483855384462872038057803363
893.68857261998529292131528027803550468
894.15169005519244553429333509387119284
895.61980104350407503130541407424810858
896.57665364020895007563948800230655735
897.14588182858936382526477091376796726
898.32006352666089498183870187835235114
898.84486875734649566053193544186348820
899.47645009644906635773842568339330065
901.12716142848087359866363685893944680
901.74715105329615545917574887891403617
902.65453060306157369344111697587758011
903.33779799249010768926990807493353607
904.44828281959895730438228989362279986
905.12009467986881566355816599014366406
906.13537876513287451228842825895843837
906.80195919658564766842465612481057846
908.53890767803622101268462424105667567
908.75173150630651859951039915207577165
909.55415499887970974471163795899983762
910.39370373634556916217406824070382490
911.37658470666004127776280420849761417
912.50357500262306731471357928735699484
913.39449325742759329908400110420704237
914.30631449300532554990620884307271994
914.91265638060055778721794318881614540
915.91346788711109742578149351844983863
916.73365288498296219947731906068236734
917.61993074805723037093520529043215607
918.74141039487956017413689815837666904
919.52546780235733050451262541545451972
920.54943349825323235760046002979960648
921.48398621542324994391029354464363685
921.75075007034822355666241471565522875
922.77084689806952756429406791480483916
924.23772465085474311531227719837763073
925.08987999087127620583122292240670651
925.66524434503611377567771598144207629
926.37109373901518729310626254617970385
927.70327982663562217840094509724657635
928.20482416887002587237483538567175706
929.07896296545849064210205937377628080
930.48799838862517373455546068934821791
930.92602600420670283906161858690378570
932.35729127682550236138287915836308658
932.55237460410374074017914794295354738
933.48182222836053206906081653503881939
934.49752470450685158768540551931010605
935.55481704783929510073160496193838640
936.66471013636191337081365555772175553
937.28435591753788984070242040796545065
938.17270399494462640779486357426967076
938.65861934244598427032788622558193324
939.98278535370233762438394067405561264
941.00328153764093203587940164441032756
941.43396203987989321954652639789934527
942.85620294040183117929977421460372882
943.51590246174295873441686210627039254
944.32302748068403767646803127699238767
945.13673656973005855242949920663618236
945.73288831780403796464617368002242976
947.34243952919833574907930858608303367
948.27767032466990785766489196865578725
948.48105867413307737707602846571295049
949.65680790521706065755087244801551213
950.50266251742581768738091319551907047
951.24363615857178628404933007753982646
952.35304111779156150228551017148754342
953.47606676596449216231637760858623981
953.97735654338227801609243484583724642
955.07830003692024848523330927453969763
955.80108616132109413714128301541071179
956.78818664032733573993752889024839902
957.22007684186901114626938857472619524
958.67873371862019950805389926260870138
959.68409168607276083859057315423753935
960.42179733978050809281504444652739752
960.94901810207190173253989849593007777
961.79241042309473045051959786657926734
962.93646656672170029560953365852079878
963.96867081317035296552585453014410574
964.71444079217366338420470417493596503
965.51042051217610379189012016829096888
966.87201142821631773332624166688179205
967.08167582092541055875659312940694522
968.04355639595938547963066204973633705
968.95004320214572907930441198351140501
970.25573460561945041571174171538790438
970.87028345223086449628493908661916167
972.07900848934397755751136766584030849
972.48936947235828331959852630931289077
973.21410034580933673316270148425749185
974.37724961050083084629622585642615577
975.30921603815144728426961579735262223
976.49217842386238770461235265374226839
977.05562566549672480409528127085277950
977.67371183142018215925225746645246244
979.05352162394275946058158319136768508
979.66129273780920426397009439622670154
980.17709048531126316387124580616824318
981.57034565550656645826269659152226708
982.75230263643860688499423577266851704
983.21539152370427738969189958567481745
983.92970938295669214999143394624014087
984.86375689533143347108576627434411452
985.65165740449985202202457835356388604
987.01484740703215392219702786510497955
987.65575069078067914689124480367256696
988.53853546762162875059726372572555308
989.39411222904962135322865825089108709
990.34231824125434815625498844840120667
990.79420845129614094650168624362104301
992.21752821437266698171762737287912172
992.73056296525866148383419380060511121
993.99278034067217578578421191277477141
994.85453951169229271021055370266009961
995.47122422055009564336989421091028595
996.36698174886412615592613457388950625
996.82561277495747436543460866186886636
998.62195035745280980424908438314454328
999.11601016571000719971805259318216671
999.91255184226040819694997596973109431
1000.7504047551678046899235480297941907
1001.6773635659589628223365968036192104
1002.5746363032638652001300392866597358
1003.2823704279517362069761755680526514
1004.3066962711811313475190101993429603
1005.5756420105677432235002677234537024
1006.0637001235059703323908403578868042
1007.0079725240070334950325794120205975
1007.5495478930698819131046137457810267
1008.6960448975521560454740477760262748
1009.4710675202027173048029636595788704
1010.9260016566468169008738869257662387
1011.3703418438077582427197490581112022
1012.1268050885727085411512650359618356
1012.9023057049012322196626332234478087
1014.1002553542430505883339258845016544
1014.6875684571263413854317719944042423
1015.8927951688919568071751144847296450
1016.5877319272833716529547983527181107
1017.6122803857326785623028599632266916
1018.6417321357012197230001257305602340
1019.0404079488322594293842949972376074
1019.6226689337575834845741831239537040
1021.2813371582498474530480630762992526
1022.1368617655709666002552738546694895
1022.6444586913052240480312271545967592
1023.7184799496597609017232855452643158
1024.3370669677808016970801796072909291
1025.2932899211922910914855131839317958
1026.1977287105447354755031994494370299
1027.2291976719553027188068770694495624
1028.1127234822182605662292924682706740
1028.9327566791251406564715696541513435
1029.7641640466574273008953753837487422
1030.6427138270359735002793711292928210
1031.2368870083268435153203053268033313
1032.2733571290071083480868766350017258
1033.5371626168704029281493878542682983
1034.4357691220594039733865700908962874
1034.9556175134899616106022648631847020
1035.5107045099472582928718599652478796
1036.7663514593419621587276026300767822
1037.6125933245969510786609869377332749
1038.6946383751345738633427023903100965
1039.2136166490740699420757657225888383
1040.5000712405598726440054986784069454
1041.2275304234640988557935783251794734
1041.7388371797483089999769831363239732
1042.8093501216127693214874329646781332
1043.5439780481822083883714585943533428
1045.0006893928456117006896416550613416
1045.6246010806057643536016908546397738
1046.2202496158294061725473261820332470
1047.3697103332466149423413573563026710
1047.8058959616134426853961822217092229
1048.8275344797732726646788928671166111
1050.2472656411148216861843979864146765
1050.7829810550552333487982621727200101
1051.4132754462583436298391152810012288
1052.6085851462582580545965063066891590
1053.4244481780737388410187634393028016
1054.0204907322129140225929804872505256
1054.8412109351463437705272062733355196
1056.2685917248887930335118004411616462
1056.9469704133489509011450066061444589
1057.9963416745911928478236648161538355
1058.3028425173806608853960560121764568
1059.1266190177303821916107602604900385
1060.4995121834802762286818003311747146
1061.1944339161530999546260048009155565
1062.1102175247521791998439021596922588
1063.3017964899674891535674396853800518
1063.5097931022779145028024174955229467
1064.7607619490128330807231393829132230
1065.3670575230160130549280008866871136
1066.3765607665505639758266281442749402
1067.3291218848627365456370193451695049
1068.3367285053429011861325894036031267
1069.2743404056424174124808749047499892
1069.7981781354871420398622013489613604
1070.6157373075796789338908782247609143
1071.3247263006601497539064256014346195
1072.9003562174451322793337424372703011
1073.4521670457628039826946511466903969
1074.3241189455504753481074604132160013
1074.9444873502559097466767551399544600
1076.0825411029084177541168591924981104
1077.0483786010452345431867818299085600
1077.2684496877855312278963792260388706
1078.7345708807587611436989284444234258
1079.7338200719191769879243524733595697
1080.4651038475208180597034275894777362
1081.0660009814703311928619468092169466
1082.1484051828282093477018511725330755
1082.5840496693372385708002514656981878
1083.9023086595778216771297192355419600
1084.9779267197057227032299697232717502
1085.6718883223541593925523617966787375
1086.2719748271635954762106273128387755
1087.4090032164257738116935135580407979
1087.8645632972921385583538978742327633
1089.1659765273480905663880242062406943
1089.9364080082137773312803032345689565
1090.6374755012497576244711667498157744
1092.0248957601059316447314899577616521
1092.7455226664582850017352391353010893
1092.9483446097713386779939915318799311
1094.0070682210253461654991456825914648
1095.1445030180066721330230428430806013
1096.2523827431368294106811170696941819
1097.1111739952537802152339938611259198
1097.4314557623598140268041848648929752
1098.6607918971877705792215527157332991
1099.3070189782963843844971377293559347
1100.2931462271503363694681558437373805
1101.1088692080593754227293281221658807
1102.3034834216290837384276472607404599
1102.9999625662160068369530555255406620
1103.6889725514171994006907053738906704
1104.8522178729248844564838371339389732
1105.2764870027868220422694342874252066
1106.0774281327992052555710352622101008
1107.6187697957771345516592170394954955
1108.2306561321247697288635208854747593
1109.3223384387875218463126230942256323
1109.4092835500563487757743641648802878
1110.5714496719181619079468866720099585
1111.7416695905143084948185022738889308
1112.3332160308650129519031830516541651
1113.4557194285998911324232669799629103
1114.1650591927032897785702375866787654
1115.2736261970376793527301508167506420
1115.9125825888681132299422868478945354
1116.5585638329172749058501200489531496
1117.3589366441108295499972235652308271
1118.9673136891205276339153067898740954
1119.2650031557773257484063278921649917
1120.4227860055845877003302234906089923
1121.1130847453173843106640164378198241
1121.7901223943567656673717525107679989
1122.6065172056645641604648508985225874
1123.8578068457175442060491618889720373
1124.7713173320027190494980359057051851
1125.3126702657889594852337592547922024
1126.4029886038233967722371021874731920
1127.1956938700953785320519994150909890
1127.9325410259344618808285673643040471
1128.8109103289676875496355527676681155
1129.4778793139959350844092750376410190
1131.2400605291549008150340984718203706
1131.4432530093877414980794022329368694
1132.3622899459857043482766372220466262
1132.8404992179202306408228883678508919
1134.1559841149565315955737608648867800
1134.8160441828434847470621756318642129
1135.9249826847527206351896883032406470
1136.8754282220031105022243759900085713
1137.3972584485043926993136093060005455
1138.5015391829149121366817007284023049
1139.2291440489422671820828519848149056
1139.8320413482998891864294783366896611
1141.0509935703927798945301878029147144
1141.8485568781953080645297721447207477
1142.9996395002837406542653433305814144
1143.5842996995368515302252337916425733
1144.4935770563778275625345761339824171
1144.9013606824669451764107996484447065
1146.0050256845626396812945659326261302
1147.5171893599980501486450863943263165
1147.8213692840741443592023449139417977
1148.6211311711501493616833694555856246
1149.6534973078693421678897060552936323
1150.5370714381124386959059164721180182
1151.2328337858640867053733216481160432
1151.9237045418797846444469033318561743
1153.2060421017291235398597891800809763
1154.1505898115962641929091653462197360
1154.8658937698182438056225755561917116
1155.5525237678097075925054583789703033
1156.3675443977443866921943157912721465
1157.1070360237270407299317112246472287
1158.4662762176656833613900012517740238
1159.0668694798506695206487205093452671
1160.1695334562776100443507101862820176
1160.9896956609404340890243777025177591
1161.1595889019511554896567461139572026
1162.7660957012845138388538719491937332
1163.2247590837776849052719367617003248
1164.1413226787986841132766883354457873
1165.2526171047405980025995335925268206
1166.2448992942352234206686058635422834
1166.7644226343363323999496913673538138
1167.7909582840025035211234317248413240
1168.0168998514253233065329112291082694
1169.4520600221807016070217109889198020
1170.6427573913683243380755331084805229
1171.2284599728126351960648110372561436
1171.7430673665967164789494302072031957
1172.9190944236640845585614883571069350
1173.8508076352985990060895254718762410
1174.1407517982147799290298519127192626
1175.6057826050357221187016795603400482
1176.3199608746903321783743308804472281
1177.2575020835807607609185335345790346
1178.0544725495976043587997724891143467
1178.9617042245408655688357121548543690
1179.4299559992581076567132265704659219
1180.3952271430887478605324380064124014
1181.5582176610548554466087445326874638
1182.7123974220622416029197671228573903
1183.1525969886683717653793561106389203
1183.8019795350239189125432760103416006
1184.7638929317376580188314424156654219
1185.7163791803934353096689246768386961
1186.6907124144379040287116822031546754
1187.3491872945913694992055319576614797
1188.3996966844274315123726666972829654
1189.3831099713722171830101993298256639
1190.2102586267766080479599901224291611
1190.4401806395874819903953064081361041
1191.5951000258389806094738245926742329
1192.6658032162143255490343479302465418
1193.6835626235835702163622660300015137
1194.3904469329855415711789841931144208
1195.3186701523902504899208388978362638
1195.6923511537596963121287653970866878
1196.8959181395049234246363025274958166
1197.5868045654144381235498033334590150
1198.8216229358846194020034277393414367
1199.5371735908898334991945282524051060
1200.2527488950257600312453764678178425
1201.2377361789461152692960424703885386
1202.0690231556243022790972613248872987
1202.9353153958484766426460720299331806
1203.1717716028819163900352311943043889
1205.1609433042467527968092229972098058
1205.5570227843112926572815007000346274
1206.1473755536309998563207139943653813
1207.3245723122854724728176573529046841
1207.6187343415366387287600310932731271
1208.9071462446367414438361897606668738
1209.8764311628211605206110761035433519
1210.5509120828117126507642871225550412
1211.5544370569306169672581099127890139
1212.4492597262863292098835471909897634
1213.0402071078527060845053022498654777
1213.8987224803200213928536012987244113
1214.7309780888905719225101821821124416
1215.7943029106349273433942047019640378
1216.6866700131644364509660552816394104
1217.7004510481599146121260455121146444
1218.3475522653196904629406414343589855
1218.8472081349823756549126010164944759
1219.7576775426213552485386146297669549
1221.0237214235535830832430853450124893
1221.8545226995738905372986242435371790
1222.7244911002775323385094143548868657
1223.1795433417971018839671151502178490
1224.4699420107356971652774391993819233
1225.1573737268091591791294877054349516
1225.6788081166737186075619157802110280
1226.7575101957612552250321470604740282
1227.8768792459381786560044750589840680
1228.8868131586105635916282457066147080
1229.3981023866756153111252199547802799
1229.9456831354586443122714088635485586
1231.1857804698267292188352782917106392
1231.7094420930363521683959399736603758
1232.9311202840218069262707229516753912
1234.1052656896293617913730774266239288
1234.3334908292531497968162157890139115
1235.3220195568225427038840948670485329
1236.1827624678251793213052511000938534
1237.1653271375271307206865275727633303
1237.6747553936662662769913727966369545
1238.9612134755228054880232856704824936
1239.6341206091325587836203089021034786
1240.8290744867327459737336411066177707
1241.3700335698287597831605876312256499
1241.9883705551527342413196466868346747
1242.6533046963899849419560849648941525
1244.2791293975540690754526002478447631
1244.8651983907041368122512647073734495
1245.5723773515445990001595326846306371
1246.4924820684697892737795902746859922
1247.3724404511945956661983361478682771
1247.9992753040508812114500454992954199
1248.9878527885100595625245962694600653
1249.8288669775196177412075424151485649
1250.8614925594576226397638481835162025
1251.8214085866681390197044333795942228
1252.3791822868121308340305688633788658
1253.2182265762678704584709796285363890
1254.1279669524648983090603372076647272
1254.6147906561621702820656162807474721
1256.1509863868051763221057821344603302
1256.9028342765378558287353894373881709
1257.6812561014245256531295985048925829
1258.0735701671128393262149790148390185
1259.2326646702974819146005344524039071
1260.0668630472837351106301289943270386
1261.0826905393602719421860422862694353
1261.5560403678081266882822135862457075
1263.0259353185079210942170972513949210
1263.5041374595576858387045317220131724
1264.3851658590058769119884511716725175
1265.1304535523807282612138879712610496
1265.6652709625823551195877335577292348
1267.1065019693437689063680125268814191
1267.9453216255369957076411199922237724
1268.6984160539024700879480441271956515
1269.4452866403284993662731070366753998
1270.1965579455381867494435418748356723
1271.1336478809244441730682011667065957
1271.7840448766591123784154266470550948
1273.1729422724274110702325966258933801
1273.7751048805185725827390057946519063
1274.3638923624090238132736821637223674
1275.7748314361581523912962209865751534
1276.2455904902987364900555950417959288
1276.7324380679826944553019772019206097
1277.8284670898351713354499811020474417
1278.9738441666537330152889431650828884
1280.0075006469094264537734764793999106
1280.5517299335502309352997942085867768
1281.1812579533653264590587162423221531
1281.9516228700581156185395623149896319
1283.2971400455214478565509767505755931
1283.7155865172515549630088753870469178
1284.8553264486423950371075766695754066
1285.6949855421735309448483987402127455
1286.6302096228800412686081674295584741
1287.1849273108074506067323566036462130
1288.0438038562310183640233306369358906
1288.9489642665200963833936676556589954
1289.6607114527184984488673673261986923
1291.1828314131934742637575481298357588
1291.4518955790438440411955937644703930
1292.5397829352174653626226970981098765
1293.1234110808965777164110414638692924
1293.7675820661358228412730488967371312
1294.9489678242713586488368278930386402
1296.1359840326010286244792227899606919
1296.5648281171513043781794617140933413
1297.4273875817799864585688634786933722
1298.3956354043622247541640415150141791
1299.3538295027558661898693987358014967
1299.7996386013641799186948530598985981
1300.5778763184521862290796296091626890
1301.9425079701300005164964444644290411
1302.9071445773119601929536326890789999
1303.3821418745814746616104280570253529
1304.1197110222743159121683764848976377
1305.1712959586275113484660909974354033
1305.6164590816053600338008689933320784
1306.9336053079416071995416246255408100
1307.9208221763096941565114025431621261
1308.3927119457003552816783482156027542
1309.5340597151507592356950129468444288
1310.0258874452382701252428839952154723
1310.9769304181320183595767528802171096
1311.8798424219479421821904957440196548
1312.6436918031531837130832241534736340
1313.5938363699684837558908543118317159
1314.7949558736346455750190387249152765
1315.4185052729857254084567376035355265
1315.8920954786163620828146642392927366
1316.6103305804689105101699842748102902
1317.8846750555386631138233297261132560
1318.8391968125796066363341531858793472
1319.5898596293940924250166447769461211
1320.4625225307857383089853802125118488
1320.9837478955595832412599562812301172
1322.2024670446798755738387515736563454
1322.8485734858832756831876471219567093
1323.3786296232130508986596478335553712
1324.8696601176833276839075033628997005
1325.5375042946475381172174602758411662
1326.2352552393552708190593250587964823
1327.3787764974040864282181574325562793
1327.6865376254455017693028983026323283
1328.5874065717372026619919227196078640
1329.5784438013970287106928209899001120
1330.9326598438376034876555353138568954
1331.4168080752097035306269574863920897
1332.0676245539629416376361102681392532
1332.8895971280816210559393979590865620
1333.9720357003819980273907070024411105
1334.5658671183954053362071449558079783
1335.6724968917807827434169555798041348
1336.2564278044079602721766611846167581
1337.6597174232655048530103822915600148
1338.1050456286187352956760199596515104
1338.9169380598552945971010623020114766
1339.5143972951380364177366384943605524
1340.4277401015292179208188758078449867
1341.9502593203432663077154425045143696
1342.1899278465753194155153764233702357
1343.3094997377645964623802473131366149
1343.9809285542933161561519898588885813
1344.8118820018104253858230183845110971
1345.4340175782379806632037288232881862
1346.6868467673635125974019799245073815
1347.4181916346811524713885342788274129
1348.2005340864598997490107586772855893
1349.3793509000315911697831308237381706
1349.7596611033650699906510590356604002
1350.8761480108019432786803041376173618
1351.3429883080933813406686608696280090
1352.1806447605522317463490657058102049
1353.6679345054657813371101281715557332
1354.4642555005638966703044982933685354
1354.8443247790300913389613082548731069
1355.5270296411096215207396637056930041
1356.7619834387818695693055916890134495
1357.4190885828438881191827961742764984
1358.2699659036248497377481592804665753
1359.3812884604936967136979453797165685
1360.0476603191974383624170700066865551
1360.9694572941840717664877291102844831
1361.8116125731317984158822243327844661
1362.3310612058276704023379247230303813
1363.2086068059120148072426537887992863
1364.3053448352095250074432848969142057
1365.3310406131571538181920317360254433
1365.9669190690379561122942929165178549
1366.9564148395236312335065201911123972
1367.4659395296148839709778850009748633
1368.0503774600718306405271730993980010
1369.5866129615988607835423266016484412
1370.0625318539073684907178171232350336
1371.3218087238360150106733994255861620
1371.5000165179720764700488776705178943
1372.8943916765951222057729657240500662
1373.5699358525795000812293189563529126
1374.0973773739428049001600112297705541
1374.9118538128282695819708369848193161
1376.3382456727063631905628429176640125
1376.9692123257691649053293531639001308
1377.9789279663715004343143590180752402
1378.3227658903082147302989614068759085
1379.2041319172876382116053527104737759
1380.2192340147732721482093112623550695
1381.0472155614002784881263372222560669
1382.0227615805286064244463104660260115
1383.0470008907355477245510624412380545
1383.4268088235646715732194659792507419
1384.4672977635787254326803959615453471
1385.1572918454449849856838303793067192
1386.2774839904024598523281949782366055
1386.6014214675751537912926457845344947
1387.9499754905203165045624738088987442
1389.0273393982364417245329153518148955
1389.4974323218213916439142387531426806
1390.0930614994305254870376456207312157
1391.1155501709050052983873353449803809
1391.6785032144042421099316954733797789
1393.3504681132067388604938054762848895
1393.7054434659497939118256165233641631
1394.2790257844896904214210836155648045
1395.5557461560549511223567104434765628
1396.2280144515374771101569086632535326
1396.8786474508280063240051039588792036
1397.6764306927237282845645637088838612
1398.8497916724918507776386475814705802
1399.6906026811081393431126097376639740
1400.5074040412904112805385207406874362
1401.3158645185011612311399602303557304
1402.0075856178475269593313480494074244
1402.6113357452113134533627505441663592
1403.7047313898086892560639618744075624
1404.8112420133620768529932868986186728
1405.6508417868068103008037712221202614
1406.2964661647019083113793884848810324
1406.8746594375440810992821033802368840
1407.9740219021383869339477731639218925
1408.8217038040386193026592899740547257
1409.5103900088698521717495661720517332
1410.3792214082120838574516323452266231
1411.6009324354942857859422260944952629
1412.2803413889356867208983063384931713
1413.0439369217448966682295243011354323
1413.4843925842434848541627083445541335
1414.4633422908300749238386765667284752
1415.6498619036323720197247704653991250
1416.4738075951214228334776054619953817
1417.2637527126912549349315587191875559
1418.1113084856552858852165434872782013
1418.6110104290745338315105921264454095
1419.7613487540069306990213879006011666
1420.3282413273939396000241907810356523
1421.3891549536819772846344359940393427
1422.3773080213505810715690814599280696
1423.0571650702106636426086214509264135
1423.8790218528571972120953007975234156
1424.9084410022708773537943703993765986
1425.5196041074039298158348916318695065
1425.7838862195109133770815094414090553
1427.5599743530078145358942442214838714
1428.3182085398983458796745208809297920
1428.8742086079937746160671656550523852
1429.6745113261882078247205756683339965
1430.3928967230305368860948833670199470
1431.5186750709363760219327066036539113
1432.0497818802778407308088897948352895
1433.3044209118158650245539142332322052
1433.7588139339109670675675664598123452
1435.0447345479535135776180179669776932
1435.8396732268914917898979595451172333
1436.0036362854978219288770896952534329
1437.1762927040156962235471191172329452
1438.0535861549402136319763077479043863
1438.9221834231469341702891752543300653
1440.2412069280574059332030491959437425
1440.5439409881967030072000830709663423
1441.3523661337789218308808610737701201
1442.1364973364933887681429058308578345
1442.9412151118476762814930721734858167
1444.1470229366047296041509618367049711
1444.8599578597662977787087284769255211
1445.5813202169200576083076081984054722
1446.5199723868633851676909402317907610
1447.4668196043290023748532871937811948
1448.0690762048829725801629592564671399
1448.6917704313758394861910353890285136
1449.6228517953663285839369438554488826
1451.0952327994757055417053165423450088
1451.6372251830705466266783424958865726
1452.1301765008111070454105590064763088
1453.1351465708340223230616540662781615
1453.8120042724150209631656453187551374
1454.7821869313080721625205632793158038
1455.6276058164978104896021946740150599
1456.6875597477694785729561702909306547
1457.5081939689203708174832102424662919
1457.9161064342754287648953302378029505
1459.1539765193637474860304101261530632
1459.7610093133105797365289224152178317
1460.3898717989378746928120466248913010
1461.5147680128971128817046790944651068
1462.5000394421289389885552566125809917
1463.3136173419006829450120425057974071
1464.2510827051175472150907116736877514
1464.5958354410534634286064755432085026
1465.2379828833947450761652366737236546
1466.6776335813739956326862426958121939
1467.5519976922628360741706661858967577
1468.0798098194660803783062784436402608
1468.9989504765638598553943772258486324
1470.2269440388904856291596294046837827
1470.2791164504250126977695750774775425
1471.6335487265834311412467804164235109
1471.9858063856661943807990805595193950
1473.2611812303333079874551183933799073
1474.3327809986575176371078996472651482
1474.8113162716999877143821408155810493
1475.7491189995254865705473073152143127
1476.3024420107924967946788540703186607
1477.2537101820157428954332147270425888
1477.9707547223667965969809816212914325
1479.4109089480293937034488776384732641
1479.9264752125922225766982484321301858
1480.6142721274406328791803770760908143
1481.3177113339225182871463117561549828
1482.5484779336466576873273456546014193
1482.9965594351839619090949625043173893
1483.8813140307737873799861296417990518
1484.8378377573263556035431581064441431
1485.9066419406037558971221221827302214
1486.7707323986894439817781239976650491
1487.2131821694270987016490873256798251
1487.8927215166261301999187794566228411
1488.8535746339347919287829855148037202
1489.9010268584732458027934800987004686
1490.9635877626756885317606320132231200
1491.5000392706466707647116353578218284
1492.2182428508058237519867748782881192
1493.3349055408765022820086283915360755
1493.8237749981809011602885393972151536
1494.5848629676141305876562181936332383
1496.0057732640246740579912473537112772
1496.2873851437166922114265897362233714
1497.4463392152989520273532455241477585
1498.3734511925337664637961739825522403
1498.8993173686718303436742719887006351
1499.8275609921040355940827444771020040
1500.1441967666197951982858820018428098
1501.7973983643105728725602220538712502
1502.4140485161706340434091707620263267
1503.3757181170981374422090723798021640
1503.8232663423501942580720248773748151
1504.5777251804875766505237035543689143
1505.7307300157032141136548905438880092
1506.5957204128935259260855456665805877
1506.9449752019669792614294317499295290
1508.4382723422645106614643602809698644
1509.0615651997580578337640657679911868
1509.8487309509314356056398276826905930
1510.4644712194848859381041134759776105
1511.5233043608216408682043078470719197
1511.8813598200566069936607409932840081
1513.4106293843826541378466590876013811
1514.0272008759787383312417677038495786
1514.9572157966423480641909004570320523
1515.5380700533243844832642488955169129
1516.2705757088371366753504434719023627
1517.1357897876848181165952922385684070
1518.1245977225406345897663613491673222
1519.1814381593798883929369202651265619
1519.6199976202456049574919337537485535
1520.6174800022434711512343739145251850
1521.7168910108932280427093901509084672
1522.1694649484374060678304630290677496
1522.7902151916342460929847903986910919
1523.6770022149609310424671960931753941
1525.1244766667906319716430236469837832
1525.7171597971183061338690742836426000
1526.4135824546462417644709488519927986
1527.0791342011274572896760691258700548
1528.0637074509017183196670521222467886
1528.6858274817874630836764858665233105
1529.8044307363949672737540994931978616
1530.5847297858340246489349077728240225
1531.5655042299001540077564031796816105
1532.1381799772269657451640272012474489
1533.1847671712897809215812688446932799
1533.6939649762680735560123492116742849
1534.5760184427037461022399869201431051
1535.4906921387257728274226109292492765
1536.2914603763449147782435191148923842
1537.6629435584502432682193025154404221
1538.2265306449447324564433568528096661
1538.4263665572227748929241095668752982
1539.4666772971582937624826292539754092
1540.5010647840630525758993291999072372
1541.3915999462315407507153376271370569
1542.3186866484539696990982636123651883
1542.9818630701448611236009630516301479
1543.7446449569967166561441410890823904
1544.8964972161537081634693083063952974
1545.3321146749750090585771184092788852
1546.0186610056294932267705063079877449
1547.0449277449308042744986699816612583
1548.4117012628396455483663738324617441
1548.7316830862661149095171037112050294
1549.5734448913638001545242066305606975
1550.6205254285219150483471784610432897
1550.9560076535065450898726555655340295
1551.8562837523139809085357157776179208
1553.1549087031445768674455099734569599
1554.0740704292954044059951520512195953
1554.3441404370165781575648200371871971
1555.6156893732657841549148501543302318
1555.9600304567864797266788948362827656
1557.2253542681103333077794145296230470
1557.7529519643851014066402520888335530
1558.4820961306130642970914145341002881
1559.8388714067954089698762693436519215
1560.5284641181174025529192827060719754
1561.2867073433444183719649398307052599
1562.0229656118560379617390923732117788
1562.3600100602959904253451533359601872
1563.7941561319610220882518760520846262
1564.6313996801582873438178673099870799
1565.4098949596346515608670294274896343
1566.2112596069277524933153867860733180
1567.0409208502683536239405453543964380
1567.7115332066326779268827725529349936
1568.5554903256865631271651910569721301
1569.3831959901683015366021894898958163
1570.3676825247690537172453556543131779
1571.1407041997592148301676201196586054
1572.2017561646534690447007933945952514
1572.7989004964998648247105053841623773
1573.4911879038133989011294269224880341
1574.3271414386327891019636323274152747
1574.9262610196558872578648935716691137
1576.4421863579875719129099323152227331
1577.1440287582427780576764634777334436
1577.7732525243872737956810850803515746
1578.1789797146608363586714613622080329
1579.6257540668771945989368094676234235
1580.1443066936660019081132297233570003
1580.7667092428668075587865667855165786
1582.0429639642848854973106538464612642
1582.6926268760929164373148944848165468
1583.8062031878332943789935928240534389
1584.2576875571739745183657283989256409
1585.2199555544279464493438061961886022
1585.5684979677566936983333796272626078
1586.8587747411644362388855219018082071
1587.8196597751952138965757701303238461
1588.5250952999650585420838110019621394
1589.5895076458496714236918589802265366
1589.9177954053751647837441297446120236
1590.7288410935521740830827773070936676
1591.7496188718643154629574128239774492
1592.6324843389107727557635043064518970
1593.5784521964614542924240226853384100
1594.0764492293324905847537046381153746
1595.3462156473940916105295563908112833
1595.9544093523497435584748398660682933
1596.6412380343087468958214179354341379
1597.2534144250604273666034057336983210
1598.2090599669096016695172761140918414
1599.6257989598972658065418209641045087
1600.1777191023867263990020218208226178
1600.6911988342268400843172143368287851
1601.6397888309209780984789376618765895
1602.3822891325791397792593246683137955
1603.2558694023178815785441584513433099
1604.1656320305813246599779788549240558
1604.9473662352847729807761361738545308
1606.0740576465072768744330365995179870
1606.6039229375220156515987089056026776
1607.3049050545972905175267482713352387
1608.3919846461833534031719193802012322
1608.9187978193825186639848783710416855
1609.6229345416144338029795964777380604
1611.0824209915519635122212964704391947
1611.7493471909682501321323245263242012
1612.3752193163897525917448399390488822
1613.1776232021878385750602470919158700
1613.7403501949898673228220782553762175
1614.7786880332587231834376341557666458
1615.9081973186046754320403382092482845
1616.5599631378617775873804932642735200
1617.2083910968150288038587937096319086
1618.2689200254548675658847162647873764
1619.1357408833073273885400143634292829
1619.8229012449272241307660586277261458
1620.0665381032261878774115719258021695
1621.7006500866735314892861540610445890
1622.2284725473095765971347455240266543
1623.3512658625093422437924662429205416
1623.9881306429510969000717224413670898
1624.5821428110514486496812285542447568
1625.3710436458843257659260243809292426
1626.3160009754402422872271842736845016
1627.1964713481296697025928513722441839
1628.3901323535640910856703974245367189
1628.7923322044966427385466831370764156
1629.5716713881769179873778978674002678
1630.5090632140190514504144288786184488
1631.3560039814858120407541679659893291
1632.0506198018940679375558645471746237
1632.6953436782155010924437976011594285
1634.0118239840246023389107500794118569
1634.9731601521362502327241232015547751
1635.3514474414674356574390999692782971
1636.1932846518866043410112611824928248
1636.7170873750045155179196930751760547
1637.9486769773846375457897134793644298
1638.7832660251334834256022938153297953
1639.6849892395282009895951347347064445
1640.4340642878337463406846825644742558
1641.0806331717155965269155000983991213
1642.2094195653917712269338171132838971
1642.5466129147531122321339309285060345
1643.5964100701358570167914061645359598
1644.3857672537511680291594268647334758
1645.6219298174151210904871350977617670
1646.0090353357625605949301710118113690
1647.1421524614726967844665997242722797
1647.7337281206092875887535765449784352
1648.3998606533452032598776518846799885
1649.0135141368427171947013195144369109
1650.6200682735993913353436861766226401
1651.2784426026568410589772582360913763
1651.6775804602683930124991628598022089
1652.6476744304329787170684354038286094
1653.5901008914648800076190438922253155
1654.1403431241926118370818860284016152
1655.2426933182890440912453400847256361
1655.7661394539859724850692767890048043
1656.8676446703353602283169969224970856
1658.0457777407315294940721901682150779
1658.4233681464427737946226267098027532
1658.9354971224267293743355029026283502
1660.1069991426892281409084815808150042
1660.6162619518519692306360363133993216
1661.9338089447742699951622375912534048
1662.5803519292685307811038771122123256
1663.6624236061192003043287949201476977
1664.0572260292917446878218614113040259
1664.7220996782358141565337831636571569
1665.9385927008422832328174698225918084
1666.4765443988302896022027055795070639
1667.5178210433682734788351623598936223
1668.3983111967689549682267557646663167
1669.0234977097052547815056884777209382
1670.2834203632949999487440602173103797
1670.6337224358365530339629539590118548
1671.3073423369570937065689620644584914
1672.0550153393156852505433409684252940
1673.5747143482521791868172160729496704
1674.1038195177257741568147607555509255
1675.0611433435542489391143176619346715
1675.3501875919417619723050777318796015
1676.4379727282090831964860530991264647
1677.4593830054559160783124539432133094
1677.7610639239455789297678470625148550
1679.0902628303638852942176215164155687
1679.8851223020820510833800278088795254
1680.5713651657369424274661771022623335
1681.4562868235612614563756467592890414
1682.3195699375325906080477807477336540
1682.7371928344918482961438253589212810
1683.7161017574068757002450593891288664
1684.6864160610549425873349026717661985
1685.8371871339215384681683707755218347
1686.3354715494123417302865984597633350
1687.2846560052399452613906510332842978
1687.5840624316041270756893885150818226
1688.5558813359010140644622553559122497
1689.9059409797266208971966685834893245
1690.3156633330729616328843560731090215
1691.1393590642120128856823902945268131
1692.2212829871741210839426661235681154
1693.0133048596885334296231210817489760
1693.5164010380277131334617139079221963
1694.4586984493153375702377186470553374
1695.0018703386518185119843268776448619
1696.2608534909573174762839502205751782
1697.2463293305529991595801964781033249
1697.9218090047147645954693984901633596
1698.3369955230033471592463303921931231
1699.4528308296182151902181291183387269
1700.0785027772084095323929146373430419
1700.8233303014276839862100084122643368
1702.2203202550019208281980013265002699
1702.7433634550962306518403660618437886
1703.3753552475603106068414221872808080
1704.3566543686705707486485264600311120
1705.1554407798473005909092973133605595
1705.9793733140135631814147481694509276
1706.4496381617258288811753314411832812
1707.5410967547461695682764007001449822
1708.8469931619901191627489919343065612
1709.2300063381617343819513824382046933
1710.1078493877781501475809722012543551
1710.5942061749234515844898395979364071
1711.4497563560532075849101953090086969
1712.5842928892856293550549431092892090
1713.4811164323497459801174604232160856
1714.0725320502461129298733104434409772
1715.0438944225892299922598261594072749
1715.7678519547809938069792163058459990
1716.6143253630048299705863421135112577
1717.1831979141052434341751784289300834
1718.0864017935261767086866753760807803
1719.1528709318423772982209359389102940
1719.9065875712095452608711957373902187
1720.7645920952876822736607582021784311
1721.7022253264014776404761768615889150
1722.2408632811685472796975305353545614
1722.5842072451397829692572706046932698
1724.0764980780953202858323468585046995
1724.7504963911001738194359352151941022
1725.9965260762509997978149869530477471
1726.2476678518347475507695025047899263
1726.9397512052746289030305831649798775
1728.1622991572703308593862334856115812
1728.8567589974676442773998488459234168
1729.3960639792981911293860487393364924
1730.3424709863665462996307994045025878
1731.6750092820912585638069383157890130
1732.1601297898462934068821874995904849
1732.8952103254948814414467947333994691
1733.5512522538320168556538663859243204
1734.4972500453977854312808672603103170
1735.0962222065521412019642660511246708
1736.4438286785885893539164282909773285
1737.1872888094787683508300046290397237
1737.6944867530602245618181363924528661
1738.7166286632102122254146367100114295
1739.2901426175874851061460245521380591
1740.1167844617498482913087768460963069
1741.0670455957022073383671726992157374
1742.0495066375827285562901669964185264
1742.5094078403672473937177747659659839
1743.7870967629615400079088648787838534
1744.4622934384965163949608284400665289
1745.0826583055810010913004009006017367
1745.6475016819695473749422462769701845
1746.5471565481030824742622253066995684
1747.9473755933703734377835831386284626
1748.6680404643488616168976373946587670
1748.9975938292344451841357463264181215
1750.1535953630696506111071246375183319
1750.6111743534207572453594194050112291
1751.8991199529320187814015048386959529
1752.1105864039957026495076827706251964
1753.4595329753116854121504457199137678
1754.1047232079603811256048524779963660
1755.1106108108580202914581208580669753
1755.8390054669477434639004081112355057
1756.3442759384067638253844260656667708
1757.3762822703521233151972383775105628
1757.9357250906943761952426324278727598
1758.9936461002922593848849267527034735
1760.1818525151651575474546106782945067
1760.7964923529868100214876332840134434
1761.2975460818292629278738635586367579
1761.9990091745510524540197782258006734
1763.0387189784905208842449575644403329
1763.9852019178468159431493630772342315
1764.6186363546470459846049014811584192
1765.6054396209920674960589535127322961
1766.4064526788431766314878714338646565
1767.1461030357311744109148838980504472
1768.2480460437396230353271086120043014
1768.4620562218033687543382250593518598
1769.1438714980089166170481941180202161
1770.9110595929720122349373004898754040
1771.1284445452369123521898528541157344
1772.0998430731015348297696486975563141
1772.8660376740676406443085958581493326
1773.6233706727832591554292585823592015
1774.1892059092022288736320406537605347
1775.2461576975482072447160255144974403
1776.2457171887519858273240647929966705
1777.0165149734156483240559180949079083
1777.6968866963728943744816637053696549
1778.5267652663785134661331704867478237
1779.4583493945459650737944390438639434
1780.0336797877894367811839754487557026
1780.7831530745156785704043931376919026
1781.6791115791356925856636552099391923
1782.8556515753576049547038014706494610
1783.8402153359018217096439394539306589
1784.0760556368559444681159192991749920
1784.7112944382788568846371915994670339
1785.7801911083926528360670578703640765
1786.6420220312713740408558468494728726
1787.5910424507287004781676679170358575
1788.3749074405167496902799365860365931
1789.0339360698337007662876829611924797
1790.1734148267223422844954088951068406
1790.6108822545761037372912080349131446
1791.3301237411630226471960932931998697
1792.3945067191315489043619740625964825
1792.9647033972101529193447687709254303
1794.2756031576084724588446950050595116
1794.8639776600595872780357568235774347
1795.7156278819582096138005160827677890
1796.2615686979717037145397867225432793
1797.1734980719403213048665001080373735
1797.6822098564871671803209334967100100
1799.1560077142174209627605563656010747
1799.8217707994041687663577326814861808
1800.6151296803183201216933695802582603
1800.9035809588619532484985384405196703
1802.4701752990224317819821184074612710
1802.7560517703292922164828384685837727
1803.4761574257071080619317289150000317
1804.4383496499129410948994057248644200
1805.5759700080274710689967659079608212
1806.3282934694324237160213557056673092
1807.0043556077551803097087612031326727
1807.8603571545632565745870385900847289
1808.1876366586980005818938018163794612
1809.3147517160385813210593308874582019
1810.4642564436204189864729711765811055
1810.9429294740651273681579597753433285
1812.1159518433568810991638597175880554
1812.6085223157461225810531895998875825
1813.3362294587143600445373121995005456
1814.1375729680950813413980575907146314
1815.1821372239157529636238452798888183
1815.7823495415815520886907410566106916
1816.6832696482691744173801422434980285
1817.7529020394353409480473922112743559
1818.4334036498873550885355563374694429
1819.1526520970548444827428027611784375
1819.8608658214523573419896363574345427
1820.3138977593754307452204073260165898
1821.7529590801664071461116756082341051
1822.7708340572358377558837792187157109
1823.0716444388783663749362862607194311
1824.0117455109158818553213131802750554
1824.6809247460982147189749912064371133
1825.6764228215873075019963181866095037
1826.4505199769395628567565904226992209
1826.9359604425584316479353965510614220
1828.4094083716382363660347498908290789
1828.8323014416017609599189773231333503
1829.7720190152469729070310186071154133
1830.5498731530446165244586517390308731
1831.1034453285762207517003878878150393
1832.0487742558719620468292354588707911
1832.6600875631904838009097816184170748
1834.1334437069544516201649128848528838
1834.6796001525065392748396571586606724
1835.3217127390878798458959894716753557
1835.9887041205322671498368069581941377
1836.9352572371490109064465382752040576
1837.6376312071056475142797088861241799
1838.6996471718258236460910318672933215
1839.5848333050164787383662843207603519
1839.9053956424728212398609958320738058
1841.5835798738244028924127752163951421
1841.7138980047740704283942109737923220
1842.4493790127497687908546869947478329
1843.1432149805987915079672183894199119
1844.2703442076095704587276563968368841
1845.2586845445923586316966058024457320
1846.0361644434043122224040836179160810
1846.7449712714083442483399269475745964
1847.3993988988042267997571009391563578
1848.1801811607959404242277633815077866
1849.0222980105710408684184202744843345
1849.8998717333022631620244077176833634
1850.8461490231955116025234986889814899
1851.6413509129919511065388874006888376
1852.4457626665213234493183738019119391
1852.9877202938432396104416450501298788
1854.2196706036992437011355888816832608
1854.6528150142506285108436762815185422
1855.1383118781520697831318899492351320
1856.6268264789292426749843425718754620
1857.4599041504693574493410634561009703
1858.2224153740915317985132959261337974
1858.5956875590473818682626325907907356
1859.4323564522474518088733472468576309
1860.3726574960356956069739379029514272
1861.3054945640892538648729710987884122
1862.1260149054662016002642430887646844
1862.8689518321850012133702097781397767
1863.7847557391463301918148329017469072
1864.5201131097735334742705976931557452
1865.3033950535468460118016266901077201
1865.9102911569502746458818799096345288
1866.7228126161069003238912573877879240
1867.8085150291486188412686320804599569
1868.8431629132213734828965413610543338
1869.2060598188836659899184915070816755
1870.3730350384552991007487555891624952
1870.8881784992258449718480883704608107
1871.3084278938612771318681703235533787
1872.5473541828540921484148619236768391
1873.8229374724951981934508117206271607
1874.0348159513125121203882797716942043
1874.9836960233526765570757186680619375
1875.7600823470291849489854410865379260
1876.7671196802178341987970932050014818
1877.2385405829928153977153934892276436
1878.0972666039075942115517215335410000
1878.8831968436417114810257422084036211
1880.0696098281004006370744331068487332
1881.0640141568354518640288251211379425
1881.2852197834294934198563365593106486
1882.0370912388009533824397800238793504
1882.8988992803580074100300714979845795
1883.9963949940443197678359723842063958
1884.4843174684267248376756781337180680
1885.9066641250581105683063586838101717
1886.2965889697433865456007832857600889
1886.9213875131887018728419785096105917
1887.9435415970547862990001119974137072
1888.7354098954427764046273940972532289
1889.2607017210940119011739021813247977
1890.4983729491952875172228629635828704
1891.0045240202394614658707061315776870
1892.2027860416326314401197964146062733
1892.9030427254119623023398082691682983
1893.4616424366192655209405711992906050
1894.2700315805990115191594855597661708
1894.7374899739822424584748767245420516
1896.2648533726510608084953317828817305
1897.1430287275210465483537327977931991
1897.3692253585085237431480939902733226
1898.3678633593547694470612361761962772
1899.2310057209867238488957736173085363
1899.9973279720986517523934320160551646
1900.6790969375139007700371829214174151
1901.4985812408282778961464725757247129
1902.5740361974316866732612831852372218
1903.4341483367792018641730399148294266
1904.0283995300020451799157295689847899
1904.8790760179764367024412620913630202
1905.6270050911695874030325262825836815
1906.0994966557954565323040514975672266
1907.2870713101143345592636616790911124
1908.2989283389007839454070060309558288
1908.9945966230166022340533591932859631
1909.7860375359358313686970673988431919
1910.3864540521326083247384591772147358
1910.9708351089686981087053952428032768
1912.4162376978491894494973434398914776
1912.7279619324681714515715059968909105
1913.6155260420710267028940970800649916
1914.6575260117116432367082722095703238
1915.5201991376042892201350332037848353
1916.2529295430424298455517089719604191
1916.6685529685131104336621035154677962
1917.5915577250650952664063867257078294
1918.3516437322153405087274615406676849
1919.7128956281538903330932479043963089
1920.3090916717206994862973977601772884
1920.8945943425940676035252597549145710
1921.6460052916049091177408836330761232
1922.7362845097367609897142968090238457
1923.0742322095799220171542483756850604
1924.1115325647009855608617372178557383
1925.1898580405743743885560906362728005
1925.9387871611908652851523074230172956
1926.4106636827568290273416849811457273
1927.6722707341082186376875133030245869
1928.1124258032830536948172347936861403
1928.9657757809011207621513771867567043
1929.4130017203003565624849070866851317
1930.8455474635826832467908818200856959
1931.5867665898996036265336954735014124
1932.4894328592416661245135127485649877
1933.0283738201417609428163675680154665
1933.3848024009845457747734930971982972
1934.8176684544850756526151174899926506
1935.2757138883176803256419982954771710
1936.4588413491956138435111759387807349
1936.9458252995606259007769683750631263
1937.9890177648200439199666918443056760
1938.7957747732195912983881308634465684
1939.5145801547540409077038475859719110
1939.9720625201062196781217197263682027
1940.9734579100534824883351351844421883
1941.9433034451932636448223431579514466
1942.7832676963379586210821815212722902
1943.7192269179436013353179584740091448
1944.4161624215951277652292134563828435
1944.8583474892703529567867231156747600
1945.7663497849456611145259963796234688
1946.5461352128198890016367349747055286
1947.7759746806177259132260105788276808
1948.3645708256896924668833761351277102
1949.1542511576264725195745756443964363
1949.8583157337100236100837126154171504
1950.7867302051215018660837970039636205
1951.5733332176714683790709678417672633
1952.2745741387000578693032202395886697
1952.7025255980349958313746029455304408
1954.4405613378642387245217268246161332
1954.9789273975502687727254977214873641
1955.3027169972750777331046222772129612
1956.3868315235756683795214895015552248
1957.0590056914371110293108823219330135
1957.6712701264950123785324379076079993
1959.0273990275374432294452633249660657
1959.5249760813925095754850861979449804
1960.5751456864467857351306030437353322
1961.0751868959213194328038109277670157
1962.0596793816947093306894835411105046
1962.6672456653309457447361865072277361
1963.4267867322707002002770891342143315
1964.4536874472779877967150356835111127
1965.0989290622411539965170346160062404
1966.1316409009182936347235588798630651
1967.1070137228258618641714250920585035
1967.5891183723141286061109339736594810
1968.1752555933891141446324093842575495
1968.8633351181776224291485252996962395
1970.1396569733845006732841096580008046
1971.0071091048287426034647290673622842
1971.7399622542797478442510146513915246
1972.2904612426671044849502758241483212
1973.1922123349907921547447277119237899
1974.1022148779721719148393237281684461
1974.7707686801810523425689260449618174
1975.3435640958379560780342387030122672
1976.5471586053685086682329708099138212
1977.3317916791909140662766022286747342
1978.3236974225762634273354019933315037
1978.6972801201204988524300262607098489
1979.5671655222566251786437260948024408
1980.3000432730026462007278215704406986
1981.0704019849739784242095007769290706
1982.1171505390113760650238789086265161
1983.1788753366981325747269916063387966
1983.7800741180327255879551037798227189
1984.2102301097857565209355243966912240
1985.0912729093130552465942612985504302
1986.2770532221819220548735402796706811
1986.6227796970461079689979498467117074
1987.6112194733978503588674592724727314
1988.6008085545556253132551484382905760
1989.2673048856333516475474820720515396
1990.3379134638449362298670933345522903
1990.9258029642612116858763963161636300
1991.2612807735566916208713857909863390
1992.2165435767735510954034262218706446
1993.5128858486744633906620015570123387
1994.3109917261418014293604356810554403
1994.8045620661883023333056158060539208
1995.6230258620758755286563627162350037
1996.7335023774373690458119283990374369
1996.8936531318307072928833391607151550
1997.9559226874569909206411928649901766
1999.1480986681153630265097072354540111
1999.4967490986087568822302691965908229
2000.6625013604222094016590559104793360
2001.3590834884118128626738661001184485
2002.0577743742479229252977402832708482
2002.8367133495810631850013113046966226
2003.5676501076574212333810961025195016
2004.1758216861942338394777255119341087
2005.6556505177314105033371076055274081
2006.4797769734867547443064254930158524
2006.6279643212899052241021458670712624
2007.6664791839911113786484102628854329
2008.2024466521458921553716778304868596
2009.4980970035905958239127443895195708
2009.9377064000998077412937403214042783
2010.9374281531861409657486686568271850
2011.7023394951320414615422738185195761
2012.8378669742759109150187447551345006
2013.1067305948233636759367511113073581
2014.1530920715090257517752433928428122
2014.6425166933807623149154082307203961
2015.5134662733349124878775443036803872
2016.7386040801250599976896055811678627
2017.3683692412529294179615613684286110
2018.2435626941606747896033081199795958
2018.9908442955080643096394604059760370
2019.3623304023656875607117233965882901
2020.4972337400422049481797777081734857
2021.0860327702933208832710635963486130
2022.4262876758967003222730229685928515
2023.1101832793329412495710694046620373
2023.3285332298746731677900754540838308
2024.6877213012419115776675233577269012
2025.3964311113340308604191082665244807
2026.0656361354693004425391598658190641
2026.4360372347150763567093390193187631
2027.7927491540598979722636507990572489
2028.7669534866098339079873263913165532
2029.3794285117762880495159758556657246
2030.2501366680682947212890283733140562
2030.6193223537240043441655794483390129
2031.4806403070743404886218070196794116
2032.5837102043161516366890384651417468
2033.2979311100041603993597925390684556
2034.1141936674812215521696920198999949
2035.1043778801234914927052771327569232
2035.7080930192473809007748945256675635
2036.3355713438405512618686939089925314
2037.3167291879966017679290988156919163
2037.9781023692149903786201494292170667
2038.8000574081497346289959030171589865
2039.6682661492950546007305794622416605
2040.9333970524047096269022337348942901
2041.2505291572034826366543982622590912
2042.0084139775848502201974661578107078
2042.8088174770235674705066589877268921
2043.3035731258269546115872724204966083
2044.6992969695721862377349009439667858
2045.4322636869126307159248588550667043
2046.3081808621654082278573209907034881
2046.5250075419258450385579198980113719
2047.8807894180267579115018510715753457
2048.4977416360533570166410106656641940
2049.0593434886372051700377556668050715
2049.9135415134485896356393682717975062
2050.9478681904407838691712825001507108
2051.9000131677618232177273327159505097
2052.7375307106111114029088974470286179
2052.9675517775312970577264065474364804
2054.1848969926031752991870689782370520
2054.6311687009515522588764547959477521
2055.4054672884281352323902358216229463
2056.9184266563615574392427828466898131
2057.2142698572792709552458941471765607
2058.1387126097063739319512218960894254
2058.7727338549001090051519613394923518
2059.5797921488618727844478857092804502
2060.3697590698892772352620364143523943
2061.3504199554277134100542439815539157
2061.8694215203723074138297297415435545
2062.9108366618051565265318768459016796
2063.8187444092911136663898848602030933
2064.7136498025856978216239874566244028
2065.2799724185376396680369258085636195
2065.4631457709027819899723101926016554
2066.7906311138114578361209795165476728
2067.8580302391670309093817015576327619
2068.4405506471343640878507558670551787
2069.4388629199983988794844221301792549
2069.9943597001395510945537116718680230
2070.6248317255605963129582155624726173
2071.7284470315657976985610143687514266
2072.2768111610086799638915887845979746
2073.0714795587169406713754172726618273
2074.3252358986678867410943336232230911
2074.7972829315325627873996145586154187
2075.5953224501756861634614183646017429
2076.5412973979519379628511400281547686
2077.2362147813666005451301447510618466
2077.6213781429445657341616733933466488
2078.6358963307522806834893484637630307
2080.0235460717842141723447986362283062
2080.5103177165841097619474836746331909
2081.2530809945771759130309140812114300
2081.6803163788225041638157037581199679
2082.8587311127904927809786526562754893
2083.4196016817252713952124710755547585
2084.5180187488690664165985499639300235
2085.0408086940035084597441974375765095
2086.0715280996230915121439792747599835
2086.9282866520374246529150499355524966
2087.6975508427855267711748831253136688
2088.2142542471185966906451050886852587
2088.9572322003212474648743493001400371
2089.7941681961945167746890023069978106
2090.9566482798123889230105269193460016
2091.6897322649071228283882933368489666
2092.3877685160774338244510817184728145
2093.3212787189273304306987204075012376
2093.6797291861081093974482159111838873
2094.5645666055684777427706578342565867
2095.4639363132550137849088995483274990
2096.6919975816376689020483341795968550
2096.9986885964438307982000590784100282
2097.8416808088830014611610217447283349
2099.0031094995805139303290971494458563
2099.4459724810867036061484815579752784
2100.1758074157489753692382195375628219
2101.0172440108076987795589942093656608
2101.6300118768625916223423174364489869
2103.2163428310344298198933183848278189
2103.5666178848215002476070421350288150
2104.3429462018962627846932207216637879
2104.7547742619730967996796645100392451
2105.8848422132105645543925472038011645
2106.6710355305251003983650268022874826
2107.3326074152492810129163154745868154
2108.5253694220064439707986015985318609
2109.0963436020206303456600776961513104
2109.8703054863964527435508902250237433
2110.6761335817977454338155595639920520
2111.3789495908092916115313782035244769
2112.2950848094146137276088606471859314
2112.6787009974826269557393994660177089
2114.1795410595487819608297926515969502
2114.5716426159589675527835574173980615
2115.7260101296532995136146884711408070
2116.1846376238240074442328503520431904
2116.9924687534098956025038965909187975
2117.2949804140736354212992239296630970
2118.9174565411254347107429774497149558
2119.4718290635479885038143019070113290
2120.2089668566590212544980373053582926
2121.0524356916526217503626843539286101
2121.6967078506261607870615342735000985
2122.8923164985085073301948834150342836
2123.1621065894916043101874996593429246
2123.8449516336842033115384649761630262
2125.1233833511981802436719637555921242
2125.8747669279828132919805065560744361
2126.8010250257348195636800781093865201
2127.3437388899345314046322492541084260
2128.0335060167556661366467676455043274
2128.8170213451975583352678607468412816
2129.5745557175991595878963431394032995
2130.6432152165332848556297982119936144
2131.5135708368170307809876304990728553
2132.2746534964166561995290117959403052
2132.8531457311643495835502949331682464
2133.5579963825134819508026281009792585
2134.5637424548718793504070729701972538
2135.2692939659342013927266069300143108
2136.0341678920366372564011287116733516
2136.7439054437104451220036239593507013
2138.2137060799688040171907891543537223
2138.4691675593119578358664251682606072
2139.1813163372668756566228720145580559
2139.9457071537114093306525723593894301
2140.6167750025002516905591735099497721
2141.6464895107393851369760010638482327
2142.8797251055451429858899832240007739
2143.2446298186362381020975086137122147
2143.8741956932263442350425637372565793
2144.9127323324170137068848196239357722
2145.7638086222773917808858414949316349
2146.1091818095533559238685407830739752
2147.1303572584753320847441614457400418
2148.2284143355274435519990384140907553
2148.8088227612809561631067204793805142
2149.6233309105367871612916271483037574
2150.6387827366006145973869805980288792
2151.1423419757157146689254326797698228
2151.6735382725909341763135639849182251
2152.6016995981140740007534406557698492
2153.6803143202397298803354163432381633
2154.8427663556608806444352514441583783
2155.0325066816613885548476285964108692
2155.9084810317249298546607142556729311
2156.5449098982655081656936582733968527
2157.5635422987683701298605937716188865
2158.3641131729178353201465900053553934
2159.0470283275633421868138921938483179
2159.8460942931263561656318770635116858
2161.0538691379021318884753934813902501
2161.5762367670962767322248662155827385
2162.1725799160415798026678649841467181
2163.1051674402806619766851334349711853
2163.5130690842130890752073092271954539
2164.7810125871454670736499188597592191
2165.6290973383550157061033189528820121
2166.3747015645822876188431067851317194
2167.1502991055690391658974893355015155
2167.8890961349480199927773234340089637
2168.2712029297185390268187928242343357
2169.5398913802714840213860540264629242
2170.1219168717627461545641369396268493
2171.1869706106307268369269612923218774
2171.8614926713208617536901713403946295
2172.5906332965863754612837393132426640
2173.4523802366512671508280709913420178
2174.4450708770937045229133669907306552
2174.7258455148766233192339752098533821
2175.3313307882622363041346713415309404
2176.9064003186384383176626782987618504
2177.6182260741425932361172166125129861
2178.1852240124173594800013500966726245
2178.8159242549208390418009375685663910
2179.6467569604187736496511997564165919
2180.5042728629726970329528677361075955
2181.2052938404043777864358073500937883
2182.2048958849703559129491066261189724
2183.1448097056938561121276514067356095
2183.5099624270683468937308532997148799
2184.8156458259588520313973461934520853
2185.2629838112216245932512142925077466
2185.7135077010769693461656454722342382
2187.0577758251326618140062964419495341
2187.3912520641229721310570297587178599
2188.5706457185336633505700707343191790
2189.5902180872063576586477441623420088
2190.1040761158674761990666626101683511
2190.7398665475688737800612173147104983
2191.3006182532830558928400909072313342
2192.3592196406127884829729219445734057
2193.3428384453006948296195065247694783
2194.1494564607683350371842030840432702
2194.7671857894372428550137275701946302
2195.5364071571535195111403224524260290
2196.5404865048929302921531884155503089
2197.1438097652395587074609094356577752
2197.8403118001324653277247498284330308
2198.4458272834114739533187610708442772
2199.7331147375701480381684579437431799
2200.5841271048324373907709906559042889
2201.2071973028926434050159170075920584
2201.8376949487098301235767388854068269
2202.6021023547521958243139742035164709
2203.4291450978743431323032483483131192
2204.0859228630414113839109347566683921
2205.3014589999817080603842067674399051
2206.0063449386584511673372119578293277
2206.8282906105172304315709774172372620
2207.2159598036263006557277866261238595
2208.2449821241425995965630488945145203
2209.2380389830554565922159334981154164
2209.5152694843662025555004654778992458
2210.5383261117260323738398468697701329
2211.5447320765381554246947126884403331
2212.4002035218068738857590435059637096
2213.1797107572811188655068097198055059
2213.6711163226819667151135984691957820
2214.3981822470466702599153241524214325
2215.0132549196875999811029487409601773
2216.7044107654677121484235158087363468
2216.8545581350663730811224390973287040
2217.6004939004594170442645620662504033
2218.8940959938933456539391824381635826
2219.0710837349428926795342777219137280
2220.1142880863237723969532865058893168
2220.7230219298231893217601238824888552
2221.7282695497227179411042344841395546
2222.4014251897832593158757434438540274
2223.6502416042897075509290147016030352
2223.9281046567514935271295111026769556
2225.1232044040328819696154117672770253
2225.4004920469537938420303654651397528
2226.2714813958600444769973362111527540
2227.0396203492602380327239796869551925
2228.1527147272864486764039404967889773
2229.2365632279804767485826403383294734
2229.7189476882811919632141925834355777
2229.9286402724563310111402465233635978
2231.2261140283836922266766964022416596
2232.0902910166422034271447732246557553
2232.5355208919470348634904687102280089
2233.5254790984900331858873447346684514
2234.3830978051568557294693030026884159
2235.3265849990119511220087421031310002
2236.0822448256452593987895922187744898
2236.6535618347135657782595390243628232
2237.2263147341322596519378930348786019
2238.1554903978767928031058919863989184
2239.0991850103343929423708279014406940
2240.0592688296166465878733423570511842
2240.9355406127805584397284498514014484
2241.2448721474231761347371230731903252
2242.2756238001969591621583665882413207
2242.9427914923285521234659948431084166
2243.5827559220887862970934814172730553
2244.7337389846549911322629862887144260
2245.5421837917984917590406076828477162
2246.0688517753671404660868003441858402
2247.0506648149007301440976026766530146
2248.0292472273075700739335537717609988
2248.4461695718610358076470151650277104
2249.1332420056821095026032851091664991
2249.7924609985076399911255103783259580
2251.4246537678918482363558584134495621
2251.6480328758918963195367926610479068
2252.6618748827488780855663860938745277
2253.2753323361954796873087614637968146
2253.7771673865037630969567206414381620
2254.8857447997262680498639092212466745
2255.7363443635897289195756028629850473
2256.2816525298318427237625492992879392
2257.3500631788262240482016683954425807
2258.2157439484867246150101020099060475
2258.8672208033613175252011217832102666
2259.4389926721845045782324680085385307
2260.3988611069234567363268109405497274
2261.1083035261666499856103035250675676
2261.6898579936433034069670927052556148
2263.0825595554054318867465233909173290
2263.7549301421752403109081869677466634
2264.2764974870419841422627675811690035
2265.1814668254577745004646093304304293
2265.6117444544137200889588804219191235
2266.5520402763072479678478442549158327
2267.6722711421485204649565024709759959
2268.3883114327456950677041563453943412
2269.0453982013087178760488522754098954
2269.7660511910360069533466365681740993
2270.9856895612727109303254019002407537
2271.2830857246950551220997875228551060
2272.0959828479160309892720598569611861
2272.6725265050684391192137830769365253
2274.0143695910834988755054160642496355
2274.8377587698497812534978497132669080
2275.3715253455271609589897793112475179
2276.1717714447784341799951943263136880
2276.8910349204000668728332040954754399
2277.5057977416134000094443310190872418
2278.4930165125637064573747552003861170
2279.3368810968309653682027905460755912
2280.4602426421922629515414917153811337
2280.7680390287964848186585756842866471
2281.6356128020929269463394760009023481
2282.4706946026000766258439806652578347
2283.3521620682895724099509348786931009
2283.7324344148754098713070239800027824
2284.9272597466776491753183753490928772
2285.4536115359887377414376239129891298
2286.7833754139854104132406157137409593
2287.4350281810309216933540165800435264
2287.8889549311478973463377220492921311
2288.2847865734280325110146385161466979
2289.6353151609896181233588355967407417
2290.2537057228458614052802250157542525
2291.4842098748086386261281431237603819
2291.7852492575204870362267875878028391
2292.7761091889407826070988293683722112
2293.4844875246942663990631063944053890
2294.2222110412709203715271640512656764
2295.1924570454093566543332147168490942
2295.4479727455767133038225878994397911
2296.7860285618686667615969904526061121
2297.5673234770813439403524421211792060
2298.3993284666784962698061621341707823
2298.8561661628759028688141388425868612
2300.0366923139841311976579187979675571
2300.3251335928351066450355418579706115
2300.9471015731627183687573764024532030
2302.4723295114709662529994106940097579
2303.2072263460304835254452003483296280
2303.6250558354977639394422990644896256
2304.4758012442611244685890375225790890
2305.2307395288972550843825184725080612
2306.0737825627152012475591476730259954
2306.8977798659560749167892240100335922
2307.4878112332191200263755461538378105
2308.4363974145136930254496321927119014
2309.4752373144550513922546651694366666
2310.2996438656525291516890369154209054
2310.6009625444042002848549000113376339
2311.5955817492384896398629959490888717
2311.9842617652403889572865162443888768
2313.2971767936069419317432682456672513
2314.0360748205515475872686448639817763
2314.8719503991119845571512078323580490
2315.6652690777050556220887425821174181
2316.1641989458997517928155254687194732
2317.1594185980696686953773134256304858
2317.5799066765450104776712019023241783
2318.8105429041095876833873582951731534
2319.4661696137515141401848458416160961
2320.1935622431286803446090397407173525
2321.2156292575612524779235784818204698
2321.8975162075494500246230567041602619
2322.6244055107116029487563546138230136
2323.3053901841831639454832500252788892
2323.7864069616899877647128123927718265
2325.0148448765576627702401831830831560
2326.1665093982270508213849944239575285
2326.6127724161101968334520418186421517
2327.2395996483343820862735561087952470
2327.8450079932204391434924833235259075
2329.0171698284239085096695513804859506
2329.7214480530090519892151806196853005
2330.1368916213340808961573760971000096
2331.5211668634503132303480785760685950
2332.1339067382886851473567215012001806
2332.7221358681959166628942822132969172
2333.9195395759375474399515479691056751
2334.1633504126256465723853999958992063
2334.9910011236197050862313034981005798
2335.8026780430857855280204872027181090
2336.9569808089065973373732169423861172
2337.5951861543135708016563699944200818
2338.5862934399626320366495428698516411
2339.1024243691226810050980425092229397
2339.6229978586375521358491412881148813
2340.4877169690836399358764198254473464
2341.5477391396872795772126248524403328
2342.4145678577243373405008512142021071
2342.9935572274878294878275686468029332
2343.7335340265807139690532306960142970
2344.8967528873038239188873189936054841
2345.4454356885724114548662790400841379
2345.8894858594236222882195271940363680
2346.8767923139365383719376018700087746
2347.5249337228513875891973464972827789
2349.0089968579860398780137704843122782
2349.3590769452477916965150131101839274
2350.0401571956041486575438477298518173
2350.8415625855662371046464723101734535
2351.6135973811707972389033279629903333
2352.2310794319545429110637139228765318
2353.3086387040388173858490797086077684
2354.1247519629637627630744258309413323
2354.8835103426645277458633974212208591
2355.8128615789715605857402919008024526
2356.1102084513995292742656000081275734
2357.2332998045923730707286865294447645
2358.0016508924489728506334908800809182
2358.4746669735818454997539148780699335
2359.3726976592992778900005979829114187
2360.7254355889058439673772418075447911
2361.1997604909500744592439851961090755
2361.8718812996824567623810875588805057
2362.4924251781558289149187079403598147
2363.2229684100263899044722605890503639
2364.1607510003539189580652521343031015
2365.1799150481870340031808924493161956
2366.0158423502637592228405006443099398
2366.3984554820611620460423214345546795
2367.4015657758115674988975410370779702
2368.3189423184794911159481672343481113
2368.8808574223478500922055901078496163
2369.3728471339033423799813570500206105
2370.4911477699963310619664058822760730
2371.5844186672003636863257216838897304
2371.9208211682984788586041613252300985
2373.1336125252060178257413312053273342
2373.6968772951801549090069698799102305
2374.1794222042332453360831327735664633
2374.9721568715489105054588230734000357
2375.9334468581243014287360052395768234
2377.0599421444002178749669603724276452
2377.5989361961316501549497510802189211
2378.5522938666972595230271279020112364
2378.8233874881290250480430210485783513
2379.8816506222527260034511333330723347
2380.8857281562959947244655422186714716
2381.2777086613234416897769559628177058
2382.0239434054345382306281201870062743
2383.3178256185974128554625274038222978
2383.9447321821511453701906538746702534
2384.8647783886302214370719454564237089
2385.1596086298140745733917439228707300
2385.9544138657740631089927339757961948
2386.8488207878038939290669680934114908
2387.8187077777976631710333166372371009
2388.6460555520149502090520756900807573
2389.4881893147733375830961594878385020
2390.1061524718130897841178511349215294
2390.7091897367261877652099023926849441
2391.8035222772113291767204813316883406
2392.1472899687055584677984303154947452
2393.2786570344266618403446298353953602
2394.0882644958804860873957532939169569
2394.7379285795756461345624386159710848
2395.8884201252734052409901596109850627
2396.2577744498921951230667302922841453
2397.2548608622143819007675934768220337
2397.7600083507694283956863825752083962
2398.2419210986575098790552333309302193
2399.9228767026367569110328010964876619
2400.4556070938131425698004144212026143
2401.0563635758052796046856066623212791
2401.6201020733932541780326283219372078
2402.8122472666294788268641057196875616
2403.2089083351054120013163226672572943
2404.0738886309499637546188597712338304
2405.1627054086303857290524287708586144
2405.5477440164216942619150464444633901
2406.8367569321736758556520720059410390
2407.4027449020764364676313544178748648
2408.0632687573502756187817003369332466
2408.7263944923600092733961123519231858
2409.5631376945463683379565563646802606
2410.3306576469993075107692541911229119
2411.3555276112016986734126759434906228
2412.2187774377763116955640114041430901
2413.0341964721076080184000397543527811
2413.4755061809488585602549585577562587
2413.9964021461504333225435366947810161
2415.2211572387935629984877531651580343
2415.9400276887304235766152981036609960
2416.6654242942261826464659510051153329
2417.7299873610733968668075819063333660
2418.0981572198288246200865870078343022
2419.2747582117458982357275969434799470
2419.9401274469395539630607834622504821
2420.4460751107037304674739431273638051
2421.0284749440055210172175435758510881
2422.2483647233362917822090172028713622
2423.3420828355823261991390911157184450
2423.8394657733560369168829408491142260
2424.3637545775802682998464394242657665
2425.4873996328681115021515558991442468
2425.7591190386852765607111791090739811
2426.9492720120506541723515621564491225
2427.4667038442018379402141463380986591
2428.7434294209902738845337217067383212
2429.2563444095995817126013330251207903
2429.9469060274258665897453589341431186
2430.8074847883778068343060944642718975
2431.6348529508108764891496914059712635
2432.2929529341255269037343044979347236
2432.8006116431252468266290914342619169
2434.0029218005126538685162855553837336
2434.8882297770144845970064669062629441
2435.7595545003045273879704481940863737
2436.1699287351706887649168125717548957
2436.9870363072124796623168962867479778
2437.4114110798794558316385867638256327
2438.7533582674100589183445539753797088
2439.5083349994283212125814501970486731
2440.1616635143067058113163357538612724
2440.8880062815278131168183875704538446
2441.9967707757687272424020079303902334
2442.4260906309573365124205787684602063
2443.2007399943134761109832159549803639
2443.8784519985438367971094944169455957
2444.8550169074816912508808972661802523
2445.6214256040377487063448303786894378
2446.7270132243111976041727687127932764
2447.3462168642260938982960912003545858
2447.7679558540078133565473945845921890
2448.7169510380221613480777706656288253
2449.4592971527666812382916530623474781
2450.0262951843880406159502859413630493
2451.5291664502734569481107087492968750
2452.0849490793023980419662063462530455
2452.3996764139091653882063590518818982
2453.4298400169584580826803859736870423
2454.2706168847743494897787568459612642
2455.0402266441542089796841894243432049
2455.6368027345932383796588814562812745
2456.3348584045300537008488565770265034
2457.6431327188564214550501646203901605
2458.2860444838967622358854102235135014
2458.9903283455365814932886160904025933
2459.6177664272689215297200377356008628
2460.2610590190562921210326322783855741
2461.0276801737093151272622476216431233
2462.2893320070375014814614191507615213
2462.7754536918047779797090286864741338
2463.7916321244076013381015592088142375
2464.3068912017958340241955465855198817
2465.2522711865891162538007369636136676
2465.7138262791339127727120844442910451
2466.7475902259866488708669932409198983
2467.3162607459931196262530506267295565
2468.4473902863405288930867775956760781
2469.0222763684640912840049342789597540
2469.9085016789625202429935344855072177
2470.9398655804031272242048343996771087
2471.3324790860420764645571444380309217
2471.7757195492054175894549386852470389
2472.7422288883657822443575444991043089
2474.0967918996984430496091114454982790
2474.5090100619745812730001026327243528
2475.5574938680212361456679653374144769
2475.9136456519320614586211120179904987
2476.6444309545266184533622269619769676
2477.9203203863938015899376835908471226
2478.1580563834434983245730808597274453
2479.1157557503470888304351701631060546
2479.9374386539066918438045196367937860
2481.0942812368889906694729970100165207
2481.6385344601531468095565455819059966
2482.1231900885483433749015851663692534
2483.0924829239967387603283123022182242
2483.8433331552095735552822274236434963
2484.2998179469955859461146024067101190
2485.6911342212131929041449793624569855
2486.3992780507418745929418817477784755
2487.0979766195940053335384235360218784
2487.6637942108326142681484603296673281
2488.4084330123110131065357089926892007
2489.3017071066536171896083692170941073
2489.9662486593659918324879665979645369
2491.2946844023080263315224185498395677
2491.3958736332179581386835276035674130
2492.4351690695564457847269114576828607
2493.5121151570967554864310397961437846
2494.1417069659930888986489503183974977
2494.5085709010553111595098661086585025
2495.2435016372434476928621029679881467
2496.3646871635233632441096384124639058
2497.3829013214521160827679216867855975
2498.0940125634709370923893020001362401
2498.6204868403366014908629682400533857
2499.3370289918815398494500412321896642
2500.3217544573680213980201296301940475
2500.7557419557029584872072400955629894
2501.8130537672380230450671833409688048
2502.6397505634969740520717149762604843
2503.5211785213817195469490276450507207
2504.0707461134547626986433551286049530
2505.0446723590534875877809424722423303
2505.6411770105329524614563140066019787
2506.3440980907620407403877109489216433
2507.2239335030035105573913600960953580
2507.7499820768868764530078263092215242
2509.1673215193668699864195390066071355
2509.8249821195980467314206329856843240
2510.3058891422916774502658198371254338
2511.1010243782661122846117166404954313
2511.5341227470763481028849493734325617
2512.8267330220634578963236243319553257
2513.5608260871483626000732095485589684
2514.1491480073489467169476000146316534
2515.2357424846939533761719711192516349
2515.8172840274602112751886032994790804
2516.5521295658509980556288350933982006
2517.5531794085200695473537380992735590
2517.9350510385092679177312083731282791
2518.5728763633348190775694747674131309
2519.9875374377219197501435469496851196
2520.6965402597551477459530286583199675
2521.1258237642584331935880769683926936
2522.3605455041508998787161170896712788
2522.5845446357877424020188497511101052
2523.4115360856403476098051903349353578
2524.1483091282581334802729055765992657
2525.4279826130462655322059568882689347
2526.0989850673022185143041921123704195
2526.6420122293259498064457980265470920
2527.3936685600318293659268615985004958
2528.4499961312395713932424050371555074
2528.8947080511213789872999223361315466
2529.8352317716794919589061557653755231
2530.3202595486843478267505443440383751
2531.4291482436922072217989047278659126
2532.4262067014168389388089138493371122
2533.2059354917068463023374178350663412
2533.5997529617643113194685528528104139
2534.1427575314966914147960613703230119
2535.2510166253324404289985594116533674
2535.9510274678775474817010668608708172
2537.0107470103776385643755904355968561
2537.6180901683333194228709390809937374
2538.5188189876850179041001579165394755
2539.0561156249866342530226960562825799
2540.0415903523493228832258388728515826
2540.4382408390965402731116592647986443
2541.5193843874561014902088930253410703
2542.1826449626186478742999290111368243
2543.0644923672430406760580802515552416
2544.0031436745777238359700696219067230
2544.7201869294618818104950951002635901
2545.4430542083209963071882911169489999
2545.9136327778990399734215664708238547
2546.6758941725128492845935103727641531
2547.6453773399182703502118009320973134
2548.8249334410009788482826695936793777
2549.5838792538861172943088336271229855
2549.7124570366748865119303514349749023
2550.6688267616176264616101967847282980
2551.8127449176798804789242120632927313
2552.3289966795160179255264776420601977
2552.8036851743676054771899805783257398
2554.0067594608366901745947198574607396
2554.8008238559697900350871397062821716
2555.6622849032523054605758955479516321
2556.2742054010650636304688797884388321
2556.9527977921228904913902983649799918
2557.8267433160499193416304469954789839
2558.1619463883347323329304564554583565
2559.5165860856297283019703129842999331
2560.3198576062240588527429398356942004
2560.9097319189840090774149853575596302
2561.9210868059944268691050758202039542
2562.3580272818620855819969573989971687
2562.8906809367528852367258387227873387
2564.1574202327110783978084640632129035
2564.8075822491399601174920430277216886
2565.4973002763473280217926087817701999
2566.3183152969017425577557620003319329
2567.5085625554392746692280519942919959
2567.8074521156310047647451328975929261
2568.6889209294158081031378905049132671
2569.2947030767334599503255582672201974
2569.8475317200411653556104530532878317
2571.3317757833850536122256959533740972
2571.9131572407951829254937935366845886
2572.6144299237539277817092814632305679
2573.3504931442559698233235374679004037
2573.9154687114533340075826015842205034
2574.9347745162669290176725666615013837
2575.5741486621575674815976263606000426
2576.2797451980539102103232188524604049
2577.5633891766797086382748610667544842
2577.8952222844312021419056389146419012
2578.8479227791699128760738036053816001
2579.5245289444678189103566317859082990
2580.4270154853938381023903886407200380
2580.8495727040647028678413912539459586
2581.6927968336722831803639808328327090
2582.6246821828845805135086997128952995
2583.9739477733748002950585623206723619
2584.2883897366167093570419680658541927
2584.6427637284167559816914072287617836
2585.7653517589608583561006057602111424
2586.3043179159191673216799614343047608
2587.3304724772707539022209271889582905
2588.1666622953044888543810667065725191
2588.9532546550998278467625916003857744
2589.4789815171533577046768134576485037
2590.6463362710039851810386638953566122
2591.2953384355513517279266303339449113
2591.8121072455036331618902753853018957
2592.3539513793766383369488325455353471
2593.6160564880579423007221644456059626
2594.3399095416588802889579930580732177
2595.2023015222908145863054470836017047
2595.9822174918347175070544521884556502
2596.6080638323812595243935396491220538
2597.2096348613578974717767753990071333
2597.9235880297928305986023405773009401
2598.9979752626028910531646000818420344
2599.7693041977788317134793425382690819
2600.6754529108125352268180658670192419
2601.2711890703640514174340244926694026
2601.8987736709044908700687248793215527
2602.9419957850355780451902323417202110
2603.5299443966376012459761267649325094
2604.3950549771013535183935060469525305
2604.6704331931891658280751100108188347
2606.2945694311406989527736511275802862
2606.8796368805912935468167935314968841
2607.5056662895923711253994874490665060
2608.0957930559083449086149230667933073
2608.8210726070859365123057776662482267
2609.7269782115309406881179101039108954
2610.4992277838424468802717325312217142
2611.6739254472438050061293022374324883
2611.9576346368553220447282734261132949
2612.9825320450678807665392786091797716
2613.7635718331441150314187516991298305
2614.2513956497359106612969528237566817
2615.1881698922195200642797405054437679
2615.8917798003167547331814155947645906
2616.6344608293701094039543085614940325
2617.8619475484466743417503430157819258
2618.2315631027230705794617853319982194
2619.2582723117511656745779328671197839
2619.9502462772689418758825065974523807
2620.3776222110678262380433413561237847
2621.0088669970536959881767209754868999
2622.4619515388271912751489862895964580
2623.1308472579156169101576050071197463
2623.7786318005649321183696554839485573
2624.3687639811168793349671609447901517
2625.2801051587971797637025975802384084
2626.1819536181288242197287746535383614
2626.6602943787065597362215694505954344
2627.4208847359417029499272703340963030
2628.4357691381717411753338276971847151
2629.2082176467479699898006063287545481
2630.2531828172867637414015766303153169
2630.7126028276138488522074965478730678
2631.2632890986341847269338268621068750
2632.0468048215729680125082608506299282
2633.0805744615620059283897557768701669
2633.6274782871940290224954360134431961
2634.8131987398974359376709951527312659
2635.6255382225326858705427811517945344
2636.0631533309839967677940855993973998
2636.5527426085695789807056672713368854
2637.9292023703225817855765978723629700
2638.1494607766047323050481324359263541
2639.2509367061698724480030180864981731
2639.9620004335709001712676917682652394
2640.7903176212786195570487429917369314
2641.7391657820906496671867609062608654
2642.4201875183107077962908835182520795
2642.9980597229244692298170954546035448
2643.6236399865976976761274932815229193
2644.3091926182120600435751835602997255
2645.8187626038762171175044297860419873
2646.3266977164473087433278548668360884
2646.8099783267629280384426445598942848
2647.7819498644050461633404748424405487
2648.4133293062717000711295447384770216
2649.2308715899647855027177815145584231
2649.9293792413732000089266507227041162
2650.7303373302061991921822511146925271
2651.8435688165418822707187993495679217
2652.2996517679335768499272062026436176
2653.2592310631230146429266074909476634
2653.9219619715130654281901318128824178
2654.6486457137011871319514664674238299
2655.3541587277584750580950843304611969
2655.9000673426711409062630534105928322
2657.2104443322753934699697952175665056
2658.0182278850702302475460706889393290
2658.6417561256921653140481071406174756
2659.3008441792842267736617902360962043
2659.8542534169014677606784629500056773
2660.7274328866756115817902056590010488
2661.7460864711358630445003423199102086
2662.6189045184121266739489999404372026
2662.8623252553524545346053599905392343
2664.2012392760989198470835603870375684
2664.8594664277742469342234663234357897
2665.5301276631991953158691550678747582
2666.0581608086574468301713242875972991
2666.9726072132330883822411894685518863
2667.6181322876543083757817790689733140
2668.8274149996030745902200457705116396
2669.5630852374631720128182568381370207
2670.2203196705940886211958485529994775
2670.7633180984224366134025699699885595
2671.6989891578074947515095031555672064
2672.2716948604757944141222385940821839
2673.0905016113987537875094861834585487
2674.2491180882311728609913375031910335
2674.8429543123376117629217137181252981
2675.6670868737445149184566658693698221
2676.0401405746155591723680858829992710
2677.4774278375087245722943000112407187
2677.9315108877073595247390357651763641
2678.0746581942405628720400090969174754
2679.3559190780033293540283882825568488
2680.3948302899352552038507640889630011
2681.1445196409092604021868660990502729
2681.8844525263330948047782321064772542
2682.4346642917568014980247630137068478
2682.9094616398207349556146808881341866
2684.0741638628280392930912100427511052
2684.8239079799837597558913219380777969
2685.5992263451727156143541011691565053
2686.5922242753839088027801470420666654
2687.0021265478771370181270431530623452
2688.0687962264432586692108068498938934
2688.6799426482287960037959614512865744
2689.1839748867349715389565057579989478
2690.2347826218985624640959791148831411
2690.8988747155019525511447906267692528
2691.8457988046296467613577317867269429
2692.7333167049715062431137868017369900
2693.4358742440248408380756482155634680
2694.1526711795038686943338180406904535
2694.5288554706117414218190043697973211
2695.3815038446705483603405847644806080
2696.5151583699731910492463920847045627
2697.3874634120083246703929924715325379
2698.0558796850437414055195918007655858
2698.5247491682227886364310527117272630
2699.6195130814268786645718756134917995
2700.1144106333364737855962666790474742
2701.3017796346792396166027819468768190
2701.4137491857927530592788543962288844
2702.3744643748896096440156031365397170
2703.7715070988834591102680002270649422
2704.2712474300764831530761482315457075
2704.7299813087948379905715902050413849
2705.6211114150158558836187932142806033
2706.4381023795475450804658645144793258
2706.8858192297433700727278966998045475
2707.9604180420046739446040035580056076
2709.0984066754588555450211738701934321
2709.5264096418345319296069251957644368
2710.2412871145329585321892371214966112
2711.0458462975381640232901867682007907
2711.7421188518460601268220151903964026
2712.5414825652211392468429736574544448
2713.2758194685167971234587126120846461
2714.4527996289118735226301853015487955
2714.5439094143919323297693221025675577
2716.1587963450633186697838283299429036
2716.4372046632096489129383985123237202
2717.1944248677317224863873544610960533
2717.7226130734197030745489798814358247
2718.4712778889808296310903918921955147
2719.9173869141734860576540627630733539
2720.2948710114168767767607011575074290
2721.2276425428058397846284209052788824
2721.7630115265703328832902449120838002
2722.6218668691993762770473127213403581
2723.2713046199074497143851157909990318
2724.3078085551563366380737321660944892
2724.5989847040459629747473984927611917
2725.8614598561633639800613527735127804
2726.6168201798177603021929421483227620
2727.2349403160025572811799083736748749
2728.1720851209427634117743786367299191
2728.6748532471853865220876483407351318
2729.5111448037534176704133719999551078
2730.0172663616014527633022457214533417
2731.1479893817873662851671680635769211
2732.1069450343335026572165579221497058
2732.9252380803925833487078620627280086
2733.4093304297509251866069772035779836
2733.7851007958963082099137797666073875
2734.9450035784831153790472445602826693
2735.9729533959982043339410058826808996
2736.1591893334056875732034480357272852
2737.4072057177890596773994747256656744
2738.0358721399213404070164293840560271
2738.9116366056695473970621538035638994
2739.7443200441279776511257524828657303
2740.2922036889924528653165952979836551
2740.8098014600271358537957322085258093
2741.7063071129918328729282346626210970
2742.8166859819276302293024617152132628
2743.7928266120861546128802808945988629
2744.0417151951751788131503633388959431
2744.9697705245441867309918229469508373
2745.8671810591874406670998199018931673
2746.2371969488939505928072902585953483
2747.0285175646629353491284709699155597
2748.4706301516537621697190907845856464
2748.7059951574879778149064566246287306
2749.4949421272897203247675091580272929
2750.5762044722292962122896954730431918
2751.0704440375652764813265381458774854
2751.8893365875472028265569058785162517
2752.6483059530501846632812221936871243
2753.0721445716217414443121629551014068
2754.2449167897718979535937852825220540
2755.4806301532167481548584246588513907
2755.7123587035029894991378137928279709
2756.5714060594727267248238607808911891
2756.8944087611605664879556652152231394
2758.1067435738242287066234138370298211
2758.7127780848404950806346022065372365
2759.7231098565141371794287278507691931
2760.2780181278845441240512706706425678
2761.4142497693366910489826638844210903
2761.7901650848064862265530439652887200
2762.7491489249064260205708260675147491
2763.3419258079251892029335929129412450
2764.0820167287664975155258727703480692
2764.8524754485626508225755514791318532
2765.8001734919846002529989770937105503
2766.7138470079439623973913482760904609
2767.4266178761769757528024822257942361
2768.1067601887555502356157216245044691
2768.7067333352959637580257143070113257
2769.3006457727632420656302399481402909
2770.2969516963628454014042645979807042
2771.3157025439978058413462071225727642
2772.1820039156957277438310124885099156
2772.5295256925105834323378111122325016
2773.2933056665025669993114057569168193
2774.4443984311791781665532146985316441
2775.0001210554722421533625040284722087
2775.4918209330849680868591471063033954
2776.2736495073283599768940820210085960
2777.5208541807950354830367400122859990
2778.3346668641056631144299123522067610
2778.6976560482693914326593073371053028
2779.7756886772013445754094895209457864
2780.2509624535032313463468310289223876
2780.7255937285849443875493419039563484
2782.0887570857215732502899551350133952
2782.5958982616887016338857083807292431
2783.5845576921554049222757413811660476
2784.4327523535652260408336764736820559
2784.8269967645468666653734124190420605
2785.6770527610042971147356734795506706
2786.4079181659138978020105019269200173
2787.3790444005522163284985489908212037
2787.8998896720786649330311350862202851
2788.7466170742499038682764449429432113
2789.7728406526672118965753536977951156
2790.7401449012750308479274745677749905
2791.0027237954749582410603303000521058
2791.6263317110437571515215419520016101
2792.5529296287228246438207178556653755
2793.2230901901665649695875196482408196
2794.5932802396800036279039679491811249
2795.0651472269899211376751903435393965
2795.6353099766869690000965620156958743
2796.4168160793416105703209196229539456
2797.3888064382719907902604404421397630
2798.0279432466052485635152826128312509
2798.5098585987266256231666379733418527
2799.6384038159750075532587619895914713
2800.3894294566564063392779596093988892
2801.2829049627552327554454163739243057
2801.9465547114850515086885473361288913
2802.6285830882385311949892951139667919
2803.3338395778463625918839694888902159
2804.2519400363353527571026210344701865
2804.4400706505953905567114536223419270
2806.2975704204753311259293593837021857
2806.4005875548005152240481375488805119
2807.3737649818799827246528446924850603
2807.9228369599617940484972969372356071
2808.6068361673364653505824758817025878
2809.5877961837900451050439574884776515
2810.3098499070792214190536266830429719
2811.0524836655596512635212442571362825
2811.8807722216666605530587105926333797
2812.6660787335355980085330086554519769
2813.7195682138001631177502319421371131
2814.1549061867156244004228214552322898
2814.7845036709118693035089973590567862
2815.3083802500860606265353940270923576
2816.6265391277459197657425373226234955
2817.2968280150840461004482970005633776
2818.1288262063697465107057375188049281
2818.9022037520591533000747247139007154
2819.5855192542056169623358222744421556
2820.0274340369205241692406370267831749
2821.0419642478662473304606206166296094
2821.7978878663796802993947934486616514
2822.6366397999438261911044286733598515
2823.4560399162746555275401089582885519
2824.3558762190481158444462082574520822
2824.7164448939779210063576967249603251
2825.8422804364471356103992348228200245
2826.5081826872227255916283036090244270
2826.9471742230740322679697694332714209
2827.6439351632561246785368715206720315
2829.1841064022034168221796100447790452
2829.6671991436763595246400075106703264
2830.3315842332111127332395626230300664
2830.8917147801322758600079685701462129
2831.6728162005536285592852365931692232
2832.5850847808677730226626099039574794
2833.2726284950229265168682774878608136
2834.2047273319715872360002679083243375
2834.9179535975724623625590999786056165
2835.7016700394741211013325801991206992
2836.6088286660111988839922194576159493
2837.0600812392842967574084950989106560
2838.0283562270560806170643292191812092
2838.3562452589697442547320889456396210
2839.5356710249085746746333321282384927
2840.3074548871122049785378144265617348
2841.1623167373485076036408704081252176
2842.1385657519315622721923796512551562
2842.3280874727231302521789257821266062
2843.2314258809517921078094723803601689
2843.8117064438573061109635856456222464
2844.8480065487157615435040894248290382
2845.9241930252568589278033926371451548
2846.5508810425196427497433087710590958
2846.8077627611823989412423589476869597
2848.1730997572681308361363936810445029
2848.7591629176908422449028484376363386
2849.2489288445624125088065823916257712
2850.1448304187936705123510861758638709
2850.7939533634088884511396373192653852
2851.8731309243144931417783675672788460
2852.9460765618416599544504661989628167
2853.3697981135997524305298735836937575
2853.7145893414212426577653394106837387
2854.8916853391322103748619800166144383
2855.3292694354071260260779296383891919
2856.4191440478324081475676321318966412
2857.0516847955711409394447822191666941
2858.2646775986117395882080828689968764
2858.6334202428608730760781831534147373
2859.2644888438971815663929182466223530
2860.1604767609817071588886473106961727
2861.0186909577518219101780638014808510
2861.6116723590010475147125702531797828
2862.2774033701785455009943764774602326
2863.3954840175746558121397201009365899
2864.2353945905752726893021841386218258
2864.7753820544565553040785597182298002
2865.7829105546666240593751382568660055
2866.1760231011657395031930910930021816
2866.5254254425013686206952189220127915
2868.0622895644835902033439859314484841
2868.8104218855950823462662473781392710
2869.3784868522011973025274546143521284
2870.1365611028605129088596600046317898
2870.8849658057899238136106131860229441
2871.7744077576083331404063908468353306
2872.3328310322303206340122027893578859
2873.0270004646883323963034930014598083
2873.9258112680446103100924396682344442
2874.9598101800404008415704671815971185
2875.4949000355652955690079061995841768
2876.5513702882806390649565312050443679
2876.8554915376357550019688289337073964
2877.8267875772766790590655942391749800
2878.2801677887574563351344970994842146
2879.1944196777214326264334253420744841
2880.3566576049909277474783703125588099
2881.0943958987262004243303749417817753
2881.5735680231883655104127920278265497
2882.4519281525035392306346604624945888
2882.8494058495661690998065640238291324
2884.0369378915640906000782597362797931
2884.7329378036037470825697878222222664
2885.2548141050290633276817355225948086
2886.2517733667581214944282217842878007
2887.1434579137233731554585704206518241
2888.1640184907411049778179237461999722
2888.3011933443411559938718289667766802
2889.0289128321760114177301477435664681
2889.9685106768971605345399773447885224
2890.6684582468614992005922047507422066
2891.8229325542598433239064013826060469
2892.5532550171390527799043677966073502
2893.0801240390200257976824997447598860
2893.7738524204070262907227628284408623
2894.6113812793569665295354731556577702
2895.5678834903709708799260804254984806
2895.7038952007623276739444895916148316
2897.2478521456888888502639440352789749
2897.7442018520240942884560710356230654
2898.3359758026019473114962677154824395
2899.3631042412783161218426566376822935
2900.1827977101704658691488393248433242
2900.6884820509820195587143946590903820
2901.1565247155453852952839946084014924
2902.1497270343358667504087285895604241
2903.3218643390532639805947528971206691
2904.1127435829783749768080559256022671
2904.5377794195068264774845515673191084
2905.2621056021614499977290032158261789
2905.9603216467575295378400627915152433
2906.8073275950116489295522814697696682
2907.7043237213378796095531962311742630
2908.4313971715173035438008493308363235
2909.0457050221682081368831584121082236
2910.2528900261170572306112548070224772
2910.7765839570043456293353905991586582
2911.2863879334802384934107646491192098
2912.2954128917451338091644274619025957
2912.7691523789892540707269764604473655
2913.5997892251135493494409687598204192
2914.8165205594020337759809323525817719
2915.2583104365824831852854992758294590
2916.3742094306123663806208966416252543
2916.7437350585157401586929166038966173
2917.3636350535764325221084834532634293
2918.1136651063957699943906691314027606
2919.2251189342586311284796700403343385
2919.9238730689738704460264113360806305
2920.7565286045575105438688394905526588
2921.3898086625296470854205144519438924
2922.1159758555325610066098541878107706
2923.1386068705348013263612492647578888
2923.6197532836284437900618005810910524
2924.3347924644573334546323325375703230
2924.8503767161053635460116274625256813
2926.3770810140989421675665107248888192
2926.9217702429503120341223521098820847
2927.5407422336795482558692540479708600
2928.1725780187001075073454514301495827
2928.9512583694316117193614497438462777
2929.7934457630935588966160219430286769
2930.3316116128152434668210515940270800
2931.5317754950411927527688200464690906
2932.3045594181664250133761480814682908
2932.7673225765448447662828643993321514
2933.6400017254879241823716700129514972
2934.5053274535056086391746286773907780
2935.0009381877457866787405818296151561
2935.7695069556913156061698339171883768
2936.7917948913873779405229365649865832
2937.2498494077527325030658276418499349
2938.4712376869906011479549958529826857
2939.2253427144576993429574070219755999
2939.8010886399935212097590644383093802
2940.2037587174905102338878805006166271
2940.9544104384592483615369614461044909
2942.1649095591793415827513331231323379
2942.9126188519606851567169748609230180
2943.5836303036078350972169368198704896
2944.5256751344263728609370181507370936
2944.8406046119390875079462365178616243
2945.9806151585056219029589634702150797
2946.7497507658809851728634075883167889
2946.9569006061226871469827100959674872
2948.1305728138730667763905371765030254
2948.9366347731742022702561189573041836
2949.9809693370330267357243601539255588
2950.3803390693714386572121846972609319
2951.2653628847949153783219184965846451
2951.7879201265449550043503552576957608
2952.7258346708416089112848654790141538
2953.1162054189742477830866792303789184
2954.4697395994768316337409857363749870
2955.2644657736689283451032861831390817
2955.8340249132069306142738709174166377
2956.3624200306148234315773244924141043
2957.2224892157193551090186507406848259
2958.0732176986999903032657270986479704
2958.8811692410238552774153773003030238
2959.3899117567259643311584775203677661
2960.2768193576209097615792388459587296
2961.5471860521726334796137983793002134
2961.7740745695713548090752593876474140
2962.7660589277164803675240572733889072
2963.3601184765446273934667252188928263
2963.7869523838376122093683591900527361
2964.7923871940164663333890808229777870
2966.1115562604545868196445523683447485
2966.4697880194430531075701391304964655
2967.0611911427627323426535701045331961
2968.3166667014559183288103211358847898
2968.5635225853450777610845244245884149
2969.2375673424003811969324279115330840
2970.3500771693240804229030369422124624
2970.9185303994744335932146176743457343
2972.0070257798119129031577104428507421
2972.4270560545070987098261859204037508
2973.5053792011042101736848537153130387
2974.1881869455038537873688144915776783
2974.7686792484162902286773881084855584
2975.3843280486685721245611202132200148
2976.1699704815158480277087493635560356
2977.1654528653282927927193868647204786
2978.3294928482661763450044420476840612
2978.7993920594547768298445354337941712
2979.1908261180739557408574688178552550
2979.9392583630014900831789793403185647
2981.1301844193951541473468805435754623
2981.6103278656025565573143287707635650
2982.2956631569565166323974339883730136
2983.3944906238267978013599477701746040
2983.9918518450648872733972493406632341
2984.9541949155432793062470510811474383
2985.5281582381595535538256163375168446
2986.1627047478821700802968224049555584
2986.9522136240546107908048754146390730
2987.5530433901563860896093199404595725
2988.7216699466407336070128383790467638
2989.4203943606669241150395669501344880
2990.3207845845160890491891429001360427
2990.8867744964511622152053505200212937
2991.3960809812859479206142339435966997
2992.3018642579406925655789513725775224
2992.9506886733206483989142753510156949
2994.0597713662868676286327665083376206
2994.8249810082735030245476961991381166
2995.3228271964111258577925701528200248
2996.1367857001076910011061920277518982
2997.3058943703517037748452711498601078
2997.5410448734816784247219731761562200
2998.5579420597803067617525535722927291
2998.6402108567226394536085561069269685
