# D=13 L0=0 L1=0.66273539107184558971369651547685026176 Lp0=1.1947632172871093041119308285190905235 h=1 w=2 reg=1.1947632172871093041119308285190905235 chi2=-1
3.1193414790086034139015997567156524733
7.2315907394187620150275417086237810890
8.6254266350325915973449039515667550113
10.336420726231539029831724826251267683
12.617012791023178730368537088404884754
15.148332417005744224606285514774895936
16.274826057498588417895409294939499465
18.751252356234232916455185707756930293
19.548041443347039869924669206415704698
20.959181917405031181439370532735725134
23.592027885172937150386877241390530482
25.371704405771426215410533583490760054
26.384313525750758992789889006851421988
27.649808424726968127130089597238639843
29.391456033911878395557625928931844480
31.018742092244803918707301811958780283
32.423417284963733660981926805510042803
34.466442337743653944085962824166322112
35.763193034216115960213506932841150063
36.727547051537073200591290509603571163
38.385325478928250266716510557600750107
39.036784716190239997285005567453830736
41.952728422085491465452516347828077194
42.788261511645281673975244898140544492
43.988308502403416504944841263700191873
45.326981887273870539501644202358875781
47.025592513266580984979940346908954055
47.766524709976992673688584812705502267
49.301195563323430346072251497296155230
51.122719949799530488086160541245565662
52.547385249376926573478333577723840868
53.981830082509456153281638214300933889
54.872085489148201032147698772640124614
55.492773693351277087979235201121601764
57.540404961359483353663992641565450177
58.883400102740923662426791057907728288
60.531614188445863108551984291736432655
61.523439774167196537720108802723120429
62.722702441405187473421873654031374682
64.184378765253755316116639344398917036
65.374547324659037963769155153850996134
66.120123195005614180964472031812108311
67.532967277569185061549270502387083527
69.862470545787628120581783348519836006
70.753412683414055538776475587391590358
71.455577540220866503022096966997627035
72.915063662119677362492441365393119164
73.958446150094513776987557884965753149
75.130981784005312201689734678205277448
76.797273683066042156493509522111277024
78.125347847388658148950377668918351628
78.949818956180419310171826649360192321
81.013683876555064264769746616532461562
81.448916933970522388469480685270842817
82.874348256097808630370996872276687385
83.559922019154150837752933365888307534
84.854732875074140569431272987350394228
86.835237161620516506448350153834955057
87.942131499461431910345533391566440495
89.383071442135922950058799820744836958
89.744984928531284591090744466669386552
91.018384846564665618886125707773245507
92.626778529427110664993593103136686921
93.753355047251112879692616746589501686
94.266281153981152492842177558435094322
96.395494479118995176010528050725833481
97.430578226759162009264522131068403750
98.689039192977017293332781202366514517
99.767333993350257649436457996017169975
100.64435505468265542161935373518054973
101.53657860185280409341031001503310773
102.75613506123149449596273441737118698
104.73210009233907807832190161655931164
105.75084360044031420443621742233690352
106.65831266439654624232614811456765883
107.65656339818687497081601932745587789
109.38246693934390207545498154068347457
109.87065352675849405180278058931721355
111.02118291231289348654265978881843418
112.37672192726394429190891442199421696
113.22836990452727715788658946232628364
115.24366812306943174040391915366570805
116.36198515819085951958649552100497130
117.02693555414770957645175534505202784
117.95634238446428480975176407306585739
119.01640686388840537623149741418860975
120.36041863061835280967076324548797371
121.45141290848156639718993029155006223
122.93932107600894068569802150800553530
123.95749916742054421477955758215691036
125.21563813126225045003465105328722065
125.99521064590245305645108957833956607
127.55575822126878068056085803904921776
128.41186091077999261612579632262773911
129.14833594186988828193617223385318625
129.96904287142675338808019360197644666
132.18793960168025663818255285467567141
133.24173613454202851020108138960186215
134.00787104735014996457980134203741186
135.34066245715714642645745899754381000
136.01572631202529261274396891254130609
136.98172452135404929991117973957953105
138.66273727299633146284165716435706192
139.19121177776375790152995953242317069
140.80079108964048828565371160332244527
141.65713370519611130665671223046405529
143.12932650072584165424250639119911786
144.52169283532495376647206563073796127
144.94311443601325621389203972890354406
145.92499741726093013099832418288605197
147.09300198516085271286868395388672801
147.99852966939953016948824776538994786
149.40964503232622469195293018536487367
151.28155557003132660088617703942978061
151.84884556958476114043536345700347618
152.46371863127955665581465871446408561
153.75136018645334022500379206407881273
155.14945513912760322632318470869080073
155.90880567718488258046110183853382631
156.91751246066497306571858797616286084
157.82568038778197795314160532889916909
159.40166721825027462395331566832102145
160.71588736746547339847901353499873787
161.65883523865890125545773995904518055
162.70991217766035423818996047000266741
163.52269557497054130414474319618783179
164.54724284335057780491232499610128832
165.08893572877237422080760935636049052
167.10335643660296193292543506481532402
168.00734144848757835069818930025278752
169.00378733592774298347687762115885270
170.29157927113461163567406113426092327
171.11724380425160133542283597942273208
172.28060438314590887258913659408630396
173.24296083998284529592332875965710211
174.33903177332833891227835693302437635
175.06888156253096905763384113496984615
175.98531191366887525964138689425885742
177.94363650214689943165413394607666722
179.02922015487236808904015338380963970
179.81008716272467406011130007792056745
180.83971675989542021168791125971339224
181.24240390100234839034189275474019316
182.94703347139351418877767764794901002
183.72303802459770280969668946775998455
184.67382020782877260271592990404293700
186.19376257808938817820974201958929793
187.39321355786365187528867188483445844
187.81394605629193223563615377008435931
189.51459824403891977329935676855453311
190.49134645733840416285231002290201191
191.32158169255437367825868442029482049
191.79038234673076433835281248106379373
193.09039569409428976084784889401017844
194.16738670154704908929247896731189679
196.02742950849026498948134209715925114
196.62656333195458603891168923495644746
197.70046301783017625333615371008139087
198.69637521851170271950984752165140599
199.38407776033641113359748800786766723
200.58329243293675402242369805816274330
201.77201530670095470487884409234554092
202.76891042839825294049640417500124753
203.41484271955786952401572773399017530
204.83399389129497604156877348416424033
206.49815772699409042254786199851846506
207.09320701601988507431735028329750570
207.81318094792595392056388206547384502
209.25274428978094676331215154919061173
209.72968137829438526810706005120839546
210.60880747097077075790701324637805926
211.87832273828702688924324785522075381
213.50418168811011001600357356636115992
214.39269370976712125373028376004156034
215.37934048031097749424031323337034875
215.96571707009912505024903910533975653
217.38187896475209495410333710704918504
218.39056355303672137371929999321055284
219.47198243109322332154914763975558292
219.78101837341456573041537491016444983
221.08281028649349892315041083355190992
222.50182887339115903707322879847129070
223.48289501601771160728546698954977606
225.05706289940179033879820463253682585
225.55425242717684971162110321171789900
226.47048733166761997487738763286348104
227.07314388530719257586257016913510774
228.28501579285888395452704968047556487
229.65701786532723067529754749776147373
230.34079511088154570930029797764344755
231.70254650991366992892170816427398697
232.85113125294562705702201555545634804
233.54089840016208075345649061570969356
234.81520527038534248056751747251521046
235.81215082206958928580646161361737463
236.52479159578606639202816857109585729
237.73087944073487144566314888857735250
238.37313134872679936443351942811552782
239.04062230645997382011639161329052175
241.44188363199076329191089298404929891
241.85048539662299860688909446475405446
243.03356201192632144987347120635068773
243.44437725257379847837464247089388934
244.95677061090422587047956796437149354
245.47331777214165982645184541932930543
246.66507518610513588581871575547938219
247.63391832608340607625974294364447490
248.87437155826301741448179572020496170
249.59868779419751726081795483618348697
250.95407722004602796522876365577539387
251.98314288511540592439849605275967393
253.11496946734240347126733059122739209
254.13682510257440220896514474952778452
254.37283020574197237980313495908409826
255.55566811828580492926659315537865993
256.44295591823113544408231530038126817
257.82885796267882652541216322994822385
258.96778520798473078082574064793411591
260.18289134203760134006514768844170389
261.03385099616115322465324374269776531
261.77871371534525204690516603827054478
262.41143459666415406154695818076420653
264.12368155483396075878733153399087189
264.97159811306095313829729217683550848
265.30428211461234851010364626503371638
266.50810198076190269437222839479642933
267.73622429777518056118537595150291032
269.21902285213258946101902973251284832
269.95332518264224555671644271107566509
271.02622932740891576057580964100447251
271.70130508403397122212161057099970131
272.72206993692010886882149322774218569
273.38443120453832919587388767312932811
274.43867516498147263219467182060742861
275.67966194524273776822596780065680235
277.21216053471341692741293278423198429
277.71543387939144944843765817669320189
278.49684768449343928053659169686039583
279.93908119787851679076156083106005126
280.88087804845860683735213088876922012
281.55536377435223434646246970113601400
282.53261747349378217501400429369963274
283.56129786498693152839715362969332018
284.22063212602029183945998517128651100
285.35020313504739958288698384413819415
287.12920490855879481238451215335937697
287.95368582774192597804711607309507620
288.58076856607348415295155399200580171
289.56028082352616025055209898014365092
290.24853682972068696375689813840604782
291.28137266439263827651613684727915880
292.55483562327102306511855089883643016
293.44188023894927419814485365201838954
294.07875443364374428513133015707499203
295.87056618463506674002305177840777978
296.35631918647034793211944921093016239
297.42217373066253221598824025969885886
298.54314447385743101089795606539102032
299.58573526603480510332495645060012521
300.28285993043608385974998487143229874
300.98747047773083646994433046040816987
301.61743358392943391792212869624557315
303.32687659956840048189758078275819379
304.58196191275583976817536546009497954
305.32855889346774219653717438667804692
306.42682761709976404544461851135291113
307.10579551091123925504612723519337138
307.88249003089559658324834704079466588
309.30407474271844624450680326912144841
309.71070026534188460498978142896713894
311.16395405617290186481118470557130035
311.70316630566900735772413395215426276
312.87898650804915711544841852709760393
313.90464422923788358915536936008847013
315.42307281794199475534326541079206005
316.31580264176526356545773111356554400
316.65801191944106127176209089203459873
317.65685259229124492342687430300872047
318.59813487846129902506942571193560053
319.78041818935678805356671873865403364
320.11879979286540877203756475635589611
321.96265199420147133576044915195252583
323.01941157589974963278224590750027832
323.68402991715710241095558025154090444
324.59496987194304847501420381126639712
325.37783836791707919701152318369248965
326.79852014470721125622097108053228157
327.49414350630641500367663595263547528
328.31754563326873129775297446460769445
329.15428916388939867982094098484655498
329.90612786811549114222103777133167423
331.54138052387801043652596272043137808
332.82506812517470632997237814057148196
333.15424835730042883325933931405337725
334.54927108659417314615602149760030620
335.34804114624586540990628542196087116
335.77417091616853038483607428488324428
336.62594243918194214610133253313739667
338.16526884453599332475458705265245584
338.97439451376936767174711277457009622
339.95203414436886032940882783605291352
340.98278292151862678437336948761537301
342.06098215555524127787801812103431330
342.95765061687769298877659958278239795
343.89697423752813438363119208530192344
344.87970214973207518948189776558841440
345.74566374142822802837353438164041014
346.32930630499072662167660003162223186
347.43745207522028424632076506773484101
348.13561246339486904354849508304632915
349.87976368818105058598524252984926465
351.11817361493714283446520568892706515
351.59477457184683418830011532469113480
352.10481469852081609169782959554295676
353.29748802258344389937812272875923706
354.21233156860241557188169078926855246
355.43600701189901525635514845724955329
355.88996793539734099025375488575538767
356.90627276757513094900775231196475450
358.42835349997192852522349211481258359
358.85420220491450450396529479542564845
360.09050904474941412858206449679846682
361.38777387766588134837665756713588502
362.12133855341079185091387193761740955
362.77378384294006577089698608526052065
363.72853589823198751732204891894711328
364.39957987318527588037186025653002392
365.26637628314103647749918680607330214
366.85655008777038905498118282142310373
367.73214793803517304966992904063824186
368.82022499246585689875073575530388804
369.57538520573939296190827965037182999
370.50405949935042721931381377560318866
371.35383710043441963915180357712002828
372.08737656467394592915032808516077180
373.60410392994373179075236352999278532
374.07180513171213255146090594575530222
374.92149808491877793640683817776925395
375.59683784936446530712385961434966291
377.53193377842820253241779426085782212
378.18417692449161712595793087530665529
379.21131495638552565741051175600688931
379.98731497182492137961182721932416224
380.67741816438034191034913805587153446
381.80007536138060158214754514542604595
382.25449474155995839465304534583052989
383.48499516799253322541942518171020092
384.55606832653566591250292672306148100
385.74490328699703744029463621800874787
386.76274901185232619441561509950434280
387.35707722210793264720102850222580518
388.14974940148689879635518400166046199
389.74085894959408643722708520275371929
390.33194408955684305179603011370270181
391.03594981978013675270574068544842094
391.68109500242668355492873040959622947
393.01356669429530904258943086300648249
393.59098892060026717372325546464901121
395.10509076626346818042631044235591134
396.27106463053499628645975783304621721
397.06950596047065844283420267870198198
397.96122564274219732635300993205119353
398.30971722241617122289934865183478941
399.34989694019606576863047227202149437
400.54087048757070391350495588711133715
401.39658126361646621628815151708036687
402.31425698326808637545252556029164851
403.26528636946887324395925901006450498
404.25360261558794190884889297465572476
405.46193433842982800386542412096860799
406.31312668719178361965960159023819261
407.15876201227470320523266810078845282
408.01126481490092366016890074215475448
409.18481986502802958740099380848012167
409.57677957157448391673428408221234413
410.30472083467689763016084149041308088
411.34298904996835630020793064847344539
413.32419152982713274285926231762348421
413.78761527459365636419634880954865901
414.42607352434914249444825977982908923
415.64200098359322890963139898182260403
416.32297739482701962311662525872167778
417.19355853613814450356799668927019412
418.24844240345694353074106283305328559
419.14283756005401756591654204688136192
419.93072748868342591451624186095722435
420.78465885074700181320078768095579815
422.04691631611790697068476297240173194
422.80247668618299385323953517916178604
424.41175734438298523276111254348072372
424.81186713496372189735293206083602787
425.87608774373897846527571406498021816
426.43307959720828159964673195849740016
427.05363441872211854211706090632909869
428.29416544254588024120968416620378309
429.40516551768344999252062268461275984
430.01284095365334392225054722958306771
431.66291100247790903761166212752252113
432.32983510415710483061605135236720469
433.24208942012485002048730498633777135
433.61109262559046833439234064688730368
435.14403104179374124057481254670470366
435.93569549884710478614445612912845508
436.72179347880487610777849862824492481
437.68620024358909134531453238421319349
437.97582216262677741350601479754265212
439.38557816577777383117378159235967402
440.72715423475463941996051906772259528
442.00623611842979544664361686352914486
442.18928592716957235731573129260807302
443.28786298147200395652536486285219126
444.09940939029857266304058759144486031
445.16081848156873730915403178437719271
445.43398816680808660901186177487919371
446.72282899355326981634376365327144218
448.08937492064662646858696690402996586
448.63607996313938469973125202094119086
449.72642160019368042295276313161416244
450.52203918333327860309598931492593149
451.79056382479185033086051534762319054
452.57208117249792633804562897680015417
453.45083463850979029353012355981768441
454.03626035867005489151614913876628420
455.19030832361362730053189441796129456
455.81841657979890997896026279951888096
456.46669808021886056616538332868026326
458.14245309358143523021602968698345687
459.15714021148198511333832865201112890
460.09199792119314426549894095491553037
460.82899256412320238966809433022465543
461.46931130460433542131915275942293448
462.12300574017944583185259984083159268
463.53883269169701170798184535674089333
464.46411551994602208385123595317461260
465.01229335694485978196864979599160136
465.80881160064535451119957715726409664
467.16455892115357468805484836968641036
468.20286924561787831675893112253472967
468.92018071577587647474803812487564425
469.95653667034502802026932890270866858
471.22594538351707825324100723733971844
471.65813559694600021198939669876311210
472.13518032012953732533315787931599035
473.28828185333682850280497224670591444
473.93761020310701595542792107551932002
475.32551870957264029530161583974045923
476.48901522526268113318708511681759316
477.37923329349148393117820419837756797
478.00618587367125670630798359404182337
478.96615630968345389973772154723677760
479.94755302770476952335628681492308404
480.61702888077698521478056084904008868
481.84261250521184298816480276663087041
482.29649098212254074465001259788286300
483.52409265527737169133850280778327942
484.16814918597107596803533385417087686
484.87407908574705603899622111854648932
486.81464680912376002183802460087479964
487.44432313616230159759281492881552213
488.18963890294794248454436926615279634
488.78092097233634907563120238951108092
489.85575912564355900949618031162462030
490.58225115189126109853093830897128027
491.38170667200330988202523991636992941
492.45093832296530451528506954284314033
493.40069393512013681771688367911792155
494.63190858446726129013485864982282806
495.56522689679311195861125544909436246
496.01601306679841792394451472736916475
497.22227886348198348796225707486388581
497.98640784905713396541693076385509213
499.32968177095904794829332703524561111
499.70059868409796867697174017447907724
500.62248563990280117588593788139579783
500.99036991149973565138197696243184954
502.38783733120759801358306840854906403
503.69550679367498984347639703736439326
504.49811900587690083850313177241790931
505.54574413082398013532995918660123079
506.42801593929375092083409929958187465
506.96340978594968735164857876982649449
507.79449341717862085888996109802943328
508.47550296684182217520750110833431091
509.96094267946764577351462969859433629
510.61195388887546681451323153992834403
511.32547699121654464379577987909992831
512.43829263359939734315418457295183213
513.58668955876018080406672706227603316
514.20201070486870007757247808305852616
515.77322658915157776604594438726554608
516.00609586968191903134411641686602678
516.86619998727131708969074394928549343
517.89097759791475108354626640847235255
518.60001057949269865147630447220420327
519.36654933118872944346492523826551647
520.12241067128442622788711652368355321
521.96573334565746198110536513800732552
522.71687162641814076084572377286662410
523.48650672703887324395497548259232047
523.96492785034035328494186433551625474
524.94691377906036193478907683241600312
526.15638493013151213766189492366978871
526.94423428252674361616959922375913628
527.43602865219195538008106416443958086
528.76071562812347339201872367168282681
529.22694108425356579542375566621872910
530.36856503858839117897370067236497367
531.48248559568868380501052855152855873
532.49182009688908553783512361475102002
533.48300898201059830746811577792563805
534.21455233713401728428846231292204127
534.92720813265475721577396231171758067
535.73760173101913468350115532448755466
536.19130512159874839561526413624444454
537.55042260930230171204336210752586975
538.51463728515651809398117136739989247
539.68601662356988319959040340927577884
540.15807379281831202048570745557050398
541.78593358722284111971671377897978339
542.03859268400227774864651639433688371
542.78168543780072150158783666416655230
543.96919735587313752193081483459454020
545.00954945964805378404795132691030844
545.65508105541519078124804788844634937
546.40635142889855932466634600809217035
546.96614551358932999025782018793288245
548.16999182483436346752312372738397644
549.74974407113777988025549024164715238
550.41994288115922350979994752255287874
551.24159553244103354973348721258557472
551.92959822427339318838091724972167807
552.90818729743813514539035061613803590
553.37006841312082552393261631033097464
554.62340947746780286191311358505925465
555.32323366226239199455989164650114475
556.16397680795658035223441139284996136
557.52612102275396166155436450917112337
558.43442316884909677558109048839136688
558.80584906365794097989075734295011635
560.00568048959185739099173849431660143
561.29143016991650820956409715935420249
561.90045421581425279909757711763647796
562.53428406003455462171453400647559266
563.32978550960670395068813573316698053
564.17698395909232569552177665269620898
565.10664739708374991406042031082862647
565.88934145762410943239386359639704137
567.41080487723247769584580529684220662
568.47028293007016172315265548359618742
568.88803252148841592624976538943678472
569.79841187859305233274975858866937993
570.59941252285297821696359119416407979
571.25921218857246728591089892835943427
572.35007288978538267000887119807109973
573.63675020988097898345699632889699471
573.92367402578236453972369724201597630
574.70224036579529557006830355141439940
575.92745798477018653846759759885952493
577.08561471230562468705888307323524434
578.06138070791116660408792426241507767
578.61951384558273710099830884409169260
579.67538532595805693237312641776699935
580.50154417909515043955300393001397193
581.27416126214677926499133180973139205
581.83158210598518696913015664885051388
582.44920174801436804332250527259444694
584.15326783215026831453507696598991719
584.92015860362699202116387379236904669
585.98376382592409819456046172217355781
586.78307555855033274120930855391801782
587.31428722595085239805736295304907073
588.44635307401059971086670785408068056
589.23995266840585099970540084343516138
590.32874350206561189810745882398307586
590.78331665744245124577186132129703622
591.77208337015455111106000608612922557
592.57954943209496335925386120107751446
593.47393312284961161779824494406597840
594.55424957297484079011454603766290899
595.81342664053055640357510250605006879
596.76843309481631515748155610852466239
597.56525836347667998084927997435224466
597.62859627789344689329722065972007831
598.66343410561884239514282400862837440
599.97290935903140960217682145635690180
600.36490886379248113852926280572050932
601.63996048192650896909511163723051454
602.27083947043788959655054445435364098
603.92229592559129375303103862513166520
604.10322160523710271410861715386724013
605.24265186579725651677587404452321393
605.90494367807672069654769083982392813
607.16997503806853919267993301638726867
607.85831945123852795946991206622957413
608.67326356287925949988709683473004557
609.27583389819967726237216524604974899
610.27712369007010641260773535305627477
610.63516267882618539834172612234212528
612.72617646161817368157981249064802131
613.29304824718079743217714351648407928
613.99256640214408252759984428650750947
614.90437474807906154876869231265020242
615.94240697066223293810540312478285769
616.36100791195905403452669923291150465
617.16221354346719638417664546916960416
618.22410931016139847589147694126233242
619.24966870904888768189858779897953727
620.12111588273482175068118559294174324
620.72494664780235901779909914290405155
621.84236116795596578152200382575562046
622.85886817661550388293834164735722154
624.00003846878330814891563268699955759
624.44206474312593314270991335588655349
625.65021974940809624730096926713045844
626.03485432654112836886483379028036469
626.86411059889270803718639990453826428
627.74291533893048872187047915965322961
628.61496051591892606300545238097764491
629.56515173173027269369424091158612208
631.05286813090383368878528745380840251
631.83868219190482050949766664277923914
632.39305651508836785305552555808334873
633.30141972890203241113163448899575164
633.68800771329380374111696317462587060
635.19900998115284954858063868093604731
636.05106812866175739013168036058052292
636.58005534095096204313854244737893177
637.21570376087999060985013019707936534
638.30695112244169500212215387146374481
639.49495091964764861753970686001392478
640.16087178384504701573461589263608426
641.47471635552764445951634758140756653
642.37085503125473136915790313961680738
642.72816703078103369997106220567883200
643.98658073648463797542593608182710531
644.29360078984098820280653712764592596
645.04867565592850256135966095052659880
646.16898334279736555733490724393047708
647.18781170050400866194521406838514419
648.35488797165987523156973575838606698
649.00503579562223502747209882033056375
649.88208191425881383833074210398913703
650.78822122826511851385496544314758769
651.68832260318614418061553063371029120
652.65780505976609749610897764558166890
653.01542314020932390057963506580076073
654.38228022478373937056026006096653667
655.06428416156618759044185592728400192
655.56694334071822550130878760634026161
656.27966214869960266597037250950359503
657.90404936516983303430282861971540160
659.15025412241747338546785740007276671
659.53314848176340694630475470373063615
660.36286684457579700493491484385678748
661.06641014423532591290009767137421487
662.02586060161181403329088586666137860
662.61471770621712816249867733931168793
663.73890340301384871598581868054616219
664.54140940925112552375584755489003362
665.38062247283393853447080003815216732
666.36450822243159078007486136878876842
667.62299700730642963683651366341314976
668.06745967136148860442991484482206931
668.79469694254240938647835954715355957
670.40008898514140463925388756879031902
670.78407196855184491893953858756072978
671.65523775582382822150704979330436438
672.10439763864613086081856561568684174
672.98387590750948158637565721525560515
673.93892100792145959302313564096570897
675.06932948861736781477477376983033320
676.19132279223735742331695789324183210
676.96267051759397398753894287661968606
678.16641360628444906225859811115347495
678.43039502226351319231917901404191386
679.15880178968530684742590211066984059
680.16398904702679072179910280426173872
681.11882550805469418829926255577181553
682.13280191482369808624290962097505151
682.57564194957807540674120071068434907
683.84792828517542516145994729878164017
684.14335965507769656633618587834775518
685.60050646294819674578222618830762287
686.77282994179554350590255794761746172
687.33887716475541320569644501564549418
688.18203852229242477248301109382729980
688.84092366759052418372663067510212016
689.75143719165095812179303561061711031
690.63556667649038367058738883016280993
691.09870943523170013917905926288736356
691.96092187604115545541312998420476406
693.61912867326029521492966716818211135
694.42919443965421600742988694869107055
695.05898177813127555283092396094718596
695.71693546227662932587375322628223306
696.81568989230688623789060974825916095
697.54205499133424833101375718741068905
698.53133687316979719324793052647416727
699.38690373447175185602429239634042984
699.98858074566626503514510057714060493
700.70091396865860954053644717173797813
701.76411836487601544101034267850762382
702.54402132099846727881745566835864755
704.04509764341603072396734464257000029
704.54758699216663000590728585816587841
705.69601314000650992649038266883846364
706.51426991921659761370800839143711728
706.77156894402920672200104995002178045
707.69478212449978412527356183699239815
708.36523777373779582232103659414091638
710.09912885160879184204113397617971791
710.17376648265171593806796950712400138
711.13858061421236826783333409187078570
712.53633012414994188776534080278225510
713.23988855109948102650350477684563161
713.92830733462792303361865316743110098
714.88624902326794174804850557771705958
715.72029100092328401589913112843116004
716.76009338620466992104952757940492058
717.47232563011401605150816136125642666
717.89233749315692947144393296631127479
718.92274094395165136580853477338523382
719.47208881080261595437351229311416655
720.99709427042762155661177817460849196
722.28245935037620173330204266397426389
722.70387984825482450104818971699881927
723.48156374647613949942776380944336328
724.09015872001189220735223561953262550
725.20418192397446447830492099154021855
725.99024569788051618739069465686797564
726.57234103513045333756849032118148000
727.62751662856343875595599275169095149
728.56196135647757451535458226639162930
729.35251275912155490304364430364409702
730.42921183754105759214991908580503351
730.87588550266752517594183292492406511
732.38668852354197870094857557397501145
733.15533537044059000056662349172379557
733.95264417025931937851245077125334348
734.30142459630707375345386158215154683
735.38973844029013376915235725828325376
736.14846391532069553191313478079628421
736.69376016464268174271949099385502933
737.87656822463525309604919895647326089
739.08961865182507778733818017795999952
739.87057015462270518727386534719342841
740.94411724153189892437022615038542394
741.47648432774693372601172610039053287
742.30904615057934837547886627104181519
742.76270338793629993037671878562933676
744.25626999925485975584196707315207533
744.83744675241550412659335898621378830
745.80984907050978843449756688869353343
746.25909542495875140719924211429826686
746.89719315704899413830229478491075427
748.57378116480668246038722386577123739
749.30443752215777501497742209093409023
750.16959596079926640039520980565631140
751.01900375582890874164636233459911007
751.90408247693156024044327018987146591
752.68451682750228271630256705498381925
752.99241388073112520601613128179148474
754.01295164048621557913527634415585511
754.89719330209186438562364263365282947
755.92199216660148610959154967611249609
757.08540821583195058705505034497541914
757.76323245034635915431762132614648567
758.61693629771100749544630443293248998
759.38423570819501630165243295653361353
760.24561718198279769342289640722807406
761.37546992298261219317333766531813758
762.20423764477053058203098801874366847
762.34523546373088504358552609869955316
763.60382530710050759006612326895899522
764.46528397665461263038606616501697688
764.95407328680596930916506541652457672
765.99402388132376736783259096967753928
767.67071101543608061413068992962688886
768.43108960363689859567810927051813713
768.61860266033706374462612438032867221
769.69525292315548475875726606375575005
770.30697635614686347455944367789081339
771.07921785272206478119848267482602407
772.31243631382648863488340271910900908
772.83790100519603369987557865157311884
773.73618837349572275592522812577223593
774.71210341124405248839275160765447866
775.67347494308775366726389618406426960
776.53625819474976485401753836999968405
777.37855047278197379522984620906460224
778.24988096033028603013318201417243516
779.11662727089963438748316277262119265
780.00612631801839596037398413760386249
780.87933941007274536722000684823523023
781.16638481271607820965552853191622353
781.82445611711372664321365216201106994
783.03834014637351948121225245206015892
784.44416924549385930389908391310920279
785.10184701190128746378331778170742217
785.98402678091355021387883927503534771
786.70450892239708003089449393671228153
787.67552806808305224799479037335891374
788.32173538455271740320675216959191115
788.80562004522501022872037264012470704
790.17184309484178621578889887001057939
790.89442551282137075526415363233721277
791.70587450843589089620412972429111917
792.20712478776809645962530005544687738
793.45505767208193390099824549880549007
794.25303274562203444994287937181298644
795.46014190441598918601248797738308806
796.42543805364827303064397407586060732
796.86187439698407139118991922891947371
797.61547736484125093614996815973090043
798.31277517798209106994396475609455235
799.34596776404607923952318327805837353
799.90050921217995688157258073748991299
800.87699126623149783748762027152493234
801.81955104408804442369369199529841707
803.22531359574412459445887151766321191
803.89885148663753147636459957282348239
804.53499344304230270487074203718858812
804.89291580544561209785557807698425104
806.34238378810202071979209587668547856
807.23835474738136354317445327626241588
807.75636590607800216858891494619029007
808.72236245106655781182804682675831687
809.12630306641943506459507149184261800
810.30631591518302386211051085927316848
810.87108879296374394684698313487604182
812.56725955223764431625223076292459459
812.92766740158656942490553436085915100
814.19736612056278135219633701127516946
814.66994728641902060108251750049028094
815.48642731319239037695164872785260618
816.18816104119925573808027653013703629
816.91581034571740898733743451065222411
817.61695903998845579893649265888166158
819.06517188691987895109632174739438774
819.69552634708441375788243760733455661
820.39421432239326897171810309355973772
821.41239206793872395894376340750914733
822.44963911133329983537258195894585016
823.19915723582129421741520774999686486
823.94176972969241423411760833835783636
824.77989491430460273358318580709396964
825.82720719810655043643425997170681775
826.25072177999391954356331729171020434
827.23149530491189048192970323449561930
827.68231785644690079608018911121392987
828.55921678002087428152506909155756726
830.47213691185578505722021189122093463
830.70370528699957589316677909839737378
831.77792792316275747702503539408081096
832.58183282088796961620928287062229803
832.91088922954347209749270211602212290
833.89506781506774142330167766104685586
834.87429734954939731386007831596265938
835.82596357737555882550491507174518467
836.40047952018805051039674351580105815
837.05388335847637888843838791438973049
838.43900034155649593815631783709618960
839.09462377306562219471378772019716592
839.87588630610351437187536038296602938
840.88253821392355325391795357038485031
842.02638012675100536059757993009368546
842.72270246180210722142696535743276979
843.23159346165432378528002446352231421
843.92536494513828346912982148893016397
844.59576955539597239939533291210826719
845.77495795068673773846205438812009808
846.38400147885422378196802194592834486
847.59923031876022713684414538465305509
848.85508218707703964354172606096140594
849.13836955954879317132820220997787852
850.22665572568994174203301622770061049
850.82745821629400597378414239082799318
851.64030339423065125045299139569018261
852.47315191708463112138528172619588667
853.46583489316806970676189045370116752
854.34892719772302290031579950391379054
854.89182534013104730159954128930265953
855.55769903979830181505226785787041298
856.46826634429335101280260712569356661
857.94800864626052877005685115249318764
858.86169907868191083587788523191216404
859.56270897534712631543699234363001795
859.82393598091110924714810759778537240
861.21084500583161555773462225209738583
861.74561211026004212366093825308528673
862.39380251189392403276847647468326013
863.01841120574322013032682635036821636
864.31861580311968984563005346873651060
865.12759376553141488562498096021532631
866.32397094831922067348507987425781917
866.78163491809087533232516348455146740
867.83860403016509250186406435358675205
868.33284488652649193688712685533052941
869.50766558472090406508856939971689284
870.50608797885850736091488845288029624
870.88526871255290930881480465733210625
871.77323336416280560726593325291180149
872.56768127783144215009593775857345952
873.04168500145643594273765226816280436
874.41131175344762484383115395607023634
875.12202933555889878998806991648623619
876.37586219607388896680150641394464073
877.35396746756974152898562271727047871
877.86410696266682262240335743365760516
878.52982042801347588195773688564136786
879.07175007248936837117437968518702703
879.99979207211357886306386409109753648
881.29248481124906429306264862969536623
881.72453597517236042860721651439579913
882.66252499507493109979176955351590080
883.36077270916854573740849003233735668
884.57189247485855177880763654635017796
885.52469568576825744610060915259488667
885.91068755461200483620343122719493410
887.27194712500236984690583084168489672
887.84617149574879977193456713916499278
888.67152767457566050549718672312268406
889.30488152716672804161754673607947257
890.32484773930475956563746750931739922
890.67444660075013954070890385383890816
891.38474483760277631178144594479994634
893.08759823291842124828215506010387956
894.05689193526073849321091008052935264
894.62011251825570349615274783285209208
895.08802677151118749212047121168638172
896.43077457598981422342837412758373588
896.70410951424830314365147747587547384
897.88475848721430434704286180959936323
898.48469531672221767672712195807502524
899.30013545663298035216662711573302870
900.37698150799268235678114789668923257
901.00811090530472393089521823098587217
901.64612171848475936775917081945565883
902.77824199573695103951468833383265184
904.01015006413320213476212641638548483
904.66875671084780190228743506219074236
905.50110576843463138978289073644092112
906.28692881957159336773778802349645728
906.76887953294626997961920687095867993
907.50485742231272573145054887819420045
908.42952511868544604872819655544898612
909.32841055475712623180661375217066950
910.22226467494872942495691524257327133
911.15675832682661983325402867321079784
912.28471983884359537705390444614951605
913.05054384696617551926013695755045628
913.59959427198939286498610480850417247
914.30389499352582478762647263357889330
915.19006751426561910131597229929760751
916.64373131042430742448722247127068249
916.99784807627441497434202960568042369
917.37091546303398011788135664770014443
918.32006635278182324231570947132489875
919.18546023199688642717528577632722162
920.29889665710382074477694972864707336
921.43817901107889470282894288468281373
922.26140663837879631818442910802743173
922.84608558249568200049563250927204883
923.90508561214745522039899855334096703
924.24946866958934374097154856453059427
925.20509979662402282621041699685921180
925.80198580666872108296157621479928195
926.77006657092578595844580500641293039
927.81987848358841420885585582359874730
928.51122439528108193669150591395095795
929.70682489330876806748767415050260457
930.19219445478153255651820915542806029
930.91997039802333873505213763392634602
932.43885249433219527884452808417080298
932.83235392566810201666539925436096407
933.53577396029442709053665479968781843
934.40366109840600650020802031384657422
935.14810823116471049807371370421345542
936.01495584536301298482979732609242318
936.59771847925308822550218222417283595
937.26079673787327920737972247363249546
938.94527551754919341123121551983015644
939.77033139438325703762563856936005120
940.49664403914662856213757547395757083
941.10058088989346788177812227427539173
941.65719363795708705613011408893365772
942.78106542126901839601683075018682489
943.32114779944884764275768274109419476
944.41760539855031578209085873970769278
945.35273100436967494995263200462529439
945.71966669001610676761259726672226693
946.55597166298572788382919012323331864
947.90345953932331403433662375214850078
948.63256506827213838122720030094842734
949.36659657155461742127348054550328568
950.34616239588391296213532163702536607
951.34000076622215684076275876088436686
951.90643711058562786729383919137362425
952.64722504739583362873881572502307719
953.11102013750335752560013433101552199
953.87539241277279178839923272636387183
955.02924531852096564243532850747538057
956.25259481643520220935035636969699838
956.75285273250479556699122803869635633
957.86149102700336989109299193327294646
958.73327831749128845518539217754906557
959.24430441290307517651686413748340731
959.95038958011776042145547323692349985
961.01670861161383418815445509100700884
961.79206356354075071176660469280815187
962.55542028675867901298260271029145959
963.30490921204404160030043821559599985
964.25169096705675390188348140383303920
964.58823477573043027421426969932883285
965.82539580919875931606203735658689395
967.12412511443361631071834053684778609
968.00617290461472342079343908333409897
968.46385921464730054643321705675931937
969.31901866318399110164765435655899426
969.65725834822348363743598858925844608
971.08762127097934836593032374219916921
971.28257853775568359405753815698006440
972.52715860434607400863235018075728145
972.85853577503410966635483350724388508
974.50501859430445035817111742081040562
975.16059419067571022813411022116402504
975.77322084345302133211130762787583350
976.80044980151299969591721749870609273
977.26290318725339480718704181240322908
978.59580986314450707261668726081030257
979.28020737162506959642745447160910147
979.86469319288527245623672111072904921
980.73165930035821556442098609224844744
981.25863563114039241119973675426298614
982.09886431698622710122369807653446085
983.03583875628913813493345166611704146
984.47309852248677868702900761184545413
985.04820312871409906419390613641389860
985.89544469962680871254290681335756545
986.68761978272952719959465965844882772
987.63790694757639062982302655587370686
988.01539752229081669443008321841134681
988.42000289830641989256637607571393370
990.01712011269787036430817035994407934
990.67416569810709735796581929892842401
991.41918685495581013700977457514031954
992.05116870203191689514693010729072496
993.12489199750425960010867629479181006
994.16028714278800518723198347491550780
994.95533943116266089490278717770376819
995.65632809304428813039248562973838883
996.71181947980818276575218600094622333
997.14715468342286885702238416874939286
998.22745470855155639225254234176511269
998.68976757336088998977414940118432742
999.26631788768517562002987109182068773
1000.3447722850587130441678200452120643
1001.1856638011315770540398741201721467
1002.7575901235962771011249991732430617
1003.2900721381670052483150434873103946
1003.8490668738795291012019751305862297
1004.5722453735914570813024515535514929
1005.3295254587087291696766154022983947
1006.4642455273595936597255054020093926
1007.1166127757539072570152074894774893
1007.9484177482065131676352743421689901
1008.4728543307866701620245989716044796
1009.4754612724291918068820942039275929
1010.3712991334539060086634669816494012
1011.1672997200120725836741507996732104
1011.9968842070329753321488664556138492
1013.4054453568250233889662463858718171
1013.9418899127236018129070076547625975
1014.6269800030119979428629999974167297
1015.1599917539563085242888625697045421
1016.1117106242969217762917972697435293
1016.6898305220404316075684020740015534
1017.4952609071323206804484223151901849
1018.6517578434772281174836538256531999
1019.4874703994743652478142227609620684
1020.2932615359646321873731905825343398
1021.4653594163316905544084545565795221
1021.8295289777613714673859493866005725
1022.9517323763429908208253080578818992
1023.3277495748055360508292909500107473
1024.4545603776541810850230614826006783
1025.2043687498341121979993846910310616
1026.2825685498229222369471038478438920
1026.6182222272065309247822131499814791
1027.2082242251619894913452851430048463
1028.0003227707266084027596222660520988
1029.7085536892882056896622109899166564
1030.4499068474205985385379021695483326
1030.9673222202467866146101348446699499
1031.9673508034096369527956319107455209
1032.6598486807639900438916553560570662
1033.2529668381720487006137986183947640
1034.0954455657376107980322782820009313
1034.8177297145732867827189928763648307
1035.6370777850697805894334812638743613
1036.8578744244916157240998897414715261
1037.2298267838895220560308295671657928
1038.5581531923184148536848936844935064
1039.1525037803704300342314422101223976
1039.8335758076891006170078376467600340
1040.8823745513892311353824774123052065
1041.9132846080196136373321225460429552
1042.5877084300113039268379889872116147
1043.2555276496098324485005236601485642
1043.5082673672524295812554536380880655
1044.7984545110606436177904637254728569
1045.5925712170705566645055031509180786
1046.0078543304743455718025445481521241
1047.5435286923378754062803559996336265
1048.4458471840598493053140465568982259
1049.3697328712969662942931419220092198
1049.7739285343533279356765967509372196
1050.4961555114996922356833093187976086
1051.0988566759831496969684283814483351
1052.2363269622262740834359507482626569
1053.1446171818425390718782780857692040
1053.7595075367328064923363674508540149
1054.5053612758179544519192722034391227
1055.2751050140687036782343514961450236
1056.2622396840168608066917325415600697
1057.1483443470056590218744914544708736
1058.3144564453390839237793793833056081
1058.9338775933915722784962333609303247
1059.4740640630589427746733313137878416
1060.7103532222717352697756696992975689
1061.2031466120326546723424622881759340
1061.7264694808479123066570638102717069
1062.6572084901099335645121321541954406
1063.0681248629568524436030239953086014
1064.6727855112964622372134387618224663
1065.5296106346010397312505172245576752
1066.3313402151072903805939609011577863
1066.8004305973138953507792651688068236
1067.8373973966541920377282973716117028
1068.7491312791115613058940833598388267
1069.1837631561996669391911362670514460
1070.1955954044709098213711640582268566
1071.0106886143546594567736276735155883
1071.9013127002557257268453412158973087
1072.2854082537508334363171561452970322
1073.2335264543441735659256463136063626
1074.0664191520930792523259189483777530
1075.1741917910257330812388700271586281
1076.2817018571618592272609240779095824
1077.1317930473556603719982781066476937
1077.5129969870251072381430053501070406
1078.3030151956217283981555885611942121
1079.0175465016497999347742648639334410
1079.6068600998743461133652407254892902
1080.7698604518560688648229274413929668
1081.6972690522022110364658305340210981
1081.9994940173497785348738702331807316
1083.2544976331214460432498102310353919
1084.4784146339758059105235259483357433
1085.0113855076855028398972115363814609
1085.3717569767172970598396004305272924
1086.4629152368204529273639402816365600
1087.7057678797368721508356586415671408
1088.1099233383687274738019981413880054
1088.9423757723361485770466431261891673
1089.5113006517555929270540123360838883
1090.3454052235445617072445021841845589
1090.8640362399954527561062464331576081
1092.2275306929846855059026212389058824
1093.2304535424190617455437654543259703
1094.2222639844892621982441788258704878
1094.7036474859830897906765987060544480
1095.3968998103935581474550352483733612
1096.4053246990828681957478267736977128
1096.8695992672678845148381269590879440
1097.7294007396542819788173323050500294
1098.4261219583175889970653794885651936
1099.5905507612720126833017119295471241
1100.3170884153849891383070779629324225
1101.1188207206094060523267021226098531
1101.5741292235239311531804629426766182
1103.0622721705847610691774516590772965
1103.5887241078620928065412925085309485
1104.8254171657509289331652838290863393
1105.2153301077890870799938365547345751
1105.8219458687794503676558216934358352
1106.8914324184886913588333166162619847
1107.5240934251306276796404239735478483
1108.1416075768663240561558734518608437
1108.7893157021501304123051044940655590
1110.0378478758389099714750893153650473
1111.3379845527026541155593257144860560
1111.7580562131738404985092998812555731
1112.7460415783804668122060281863580455
1113.3924405607493510421874479487889576
1113.8427103009355414427265080196435254
1114.7754595475919038207637274851833794
1116.0550151946391297083780044562697907
1116.6189830621708694028695140735324184
1117.0498869315007847893557046688909637
1117.9464822573016897517348759782313585
1118.7538965705332273641532565761259336
1119.8699130627581824739296836083268674
1120.7496910017732565373236154404458697
1121.4677585518349155641784092160598446
1122.5245087766132390285012029462958271
1123.5183971471151965586993684220209271
1123.6702281524173022604290746570070212
1124.5677263868145661840398411173186130
1125.0161622858580155637997037272701625
1126.0926813994054703099739398911777048
1127.1034184940235421876820885223839165
1127.7262074439186631422507562595726827
1129.0037970865622524981854047886373259
1129.5382557246080757114873715206512720
1130.4427181742092372885731827288482484
1131.1841819754454244650792416851269722
1131.9885237342631965113591009100516464
1132.8283580701883835972287629680180708
1133.5692427541376639991585698653950218
1134.3903249497347938304088079117952672
1135.1623910677581910373806650370398974
1135.7644811522854562177403026492390973
1136.6315511749445416935974828196469547
1137.0788871559696721686292835405541995
1139.0840345798894758152109354964062319
1139.5431557155850860263276486653826409
1140.1489399976027701702389637219462027
1140.7930041656799794251555628461739683
1141.6169231030122633150552943478781822
1142.4719385303064759452392426821387149
1143.2148088670536840300763013977546625
1143.7207008828304663386045644804774154
1145.0839682675107344352315586377670558
1145.3692005746025136033453193723418437
1146.6337479663014602766488452267020195
1147.4436376877280085366109821612636753
1148.1152400815543086297832827480930019
1148.8937455780663566335163424850684772
1150.0530602889716581756888098731067593
1150.6114126468294015381245152330178391
1151.5647201709558248124534567034776815
1152.3102450706688130181245783829594063
1152.5517190613234440001505119649791012
1153.4264945450651124191019942988144550
1154.3392478732301217932568783149736821
1155.4504885419880160943911314703615275
1156.3700455968932233647650729440669773
1157.1397427096238424657317068305225173
1158.2992880388160288668271071186448052
1158.7273351428679978687334107176613425
1159.2714535977125790887275438595337301
1160.0585827522513518226737840340932509
1160.8976293816297516112753365926155586
1162.0011744849698295302077243468037262
1162.7934402933457060061142515751675546
1163.3058058456610570124742096094579189
1163.8028028212084515991466108672253007
1165.2766331805182692352404188709767389
1165.8032284320254240703281036961438520
1167.0717634057294524589034099541601427
1167.6279880916802363922830468988089123
1168.6138208712764321693415126221483838
1169.0343379591713667797016397895141778
1169.8162273528313960964779404476476081
1170.6990615034817066562996342045441315
1171.4599733795762861416699725107265379
1171.7442355815999743404582545214105179
1173.0730948811560218427470615631433305
1174.4320582795652605738125055692542948
1174.8382414132028544158386725532630769
1175.9246951200636341605475014919088950
1176.0539474877058220791555927759503830
1177.1149972044132406257725744356682905
1178.3059770690026533064175427047315396
1178.7775050849846142201988487896166538
1179.5551003511085948182043235710586526
1180.1704073740212391534437882943711736
1181.2668194682382306407536297559698539
1181.7737164541840222064379622766860209
1182.4673339910776611163386595019795865
1183.7393960730532345564248199583936427
1184.8272081907676035557665931373864650
1185.4403624115565310036650119587022775
1186.2727743671986758572710426772439561
1186.8948062949619918183388748919701536
1187.6072958372254132067761250940368483
1188.0236437230586269920102339131158538
1189.1572924284793183817701705161716471
1189.9627811579590711573851729359127795
1191.0104142876271032173972404906682339
1191.4447452179360630047362667845583343
1192.5116704170213097853652909741621690
1193.4962853102199393035825218897671713
1194.3352683067415941101687451096384138
1194.8188534459349552475434442661837680
1195.5445861640580062059117232524176644
1196.9089626015215892191023074932573860
1197.3326387853453478585809118961571042
1198.0332389205420241146532715943997087
1198.7302863058405550983076454035575928
1199.1843973080971972458027654924597508
1200.2827186605104003458606533435209852
1201.5716195944932072082748206938936668
1202.5123665028739664502000524248583817
1203.1127815873664060601566041656680992
1203.7537801565594920405675980990285203
1204.6142571696975619226711321657679400
1205.4298060327686099346332962640775514
1205.7523450423755153201425920619200405
1207.0265110319524451250853601283372613
1207.7254564362549071756846551009916559
1208.2311401255603085675389747994712992
1209.5048281558289720329078549329323181
1210.0594498399937494872756339171100388
1211.0147671654045077872733504658763222
1211.5673146690958476748340388041516213
1213.0100205829271361054904732495863530
1213.6911478610806121156724166474532876
1214.2545763966547723996920861984635242
1214.7863166989992807458594287638565951
1215.6839882385248481631441702415419968
1216.4175514074000916056279876799167120
1217.1573352158619847170281563448527843
1217.9347928252928028080287445130583688
1218.8634549924144969973740585838850683
1220.2699391254552987770507402480726204
1220.9176003939413494843725792852731977
1221.3389255075751054271294771377108992
1222.1653794856993251318319854114906490
1223.0393810615132082691807391483735513
1223.5579713974104667693643776126094786
1224.8208836740420499600147983208189693
1225.3937735035475977682038768392417429
1226.1537239071932888608749998567239117
1226.8634124008356030780468553225230330
1227.2602547015247381992855577326556558
1228.7657743982729806938133082978217874
1229.6411377450286789258984643349481744
1230.3797136160408638312682238457820446
1231.2302359750343027119977225833257508
1231.8559388872968388068303733201993055
1232.7699858390694082892064684090228938
1233.5755636352482300143391965657144939
1233.7350424945493095742963560788977920
1234.5419699366550475201484444749425736
1235.8339584494123765681241070603526520
1236.8462436262763190621850606242556120
1237.2612626593358651925093555492081313
1238.4611964839399224638831162283959304
1239.0334275538186568122860530990659600
1239.9747562317993040251112749470580211
1240.4788232341554926131893134140852713
1241.7870371086640744742497303230591427
1242.0933557677847025497429848317181752
1243.0483126533182043736908526436160440
1243.6860084264191170942257429582132599
1244.4594419349024752938848143346773484
1245.2123515661579944346237947642064838
1245.8456218100112682039309779519742812
1247.2453474956605046822839747584647531
1248.1801363016439959690118290438307436
1249.0498485262849746895488369392875262
1249.6579048812553152184168368832627987
1249.8738403209004063855707869363845868
1250.7841931443235070351068674741377416
1251.8351516231967706105232956218556222
1252.6367871755130842020565764994787844
1253.2522582504157143658716483265675894
1254.0151912344558672471782595622258841
1254.9876101819585771494115198970468941
1255.9391847930082722804623786226968901
1256.8440416286677147566128582880605585
1257.1985043176166570311817594264452095
1258.4076767063808638932657969684299881
1259.1614993338727236040050718788731512
1260.1328653729168311569489211514705275
1260.5161536791797781234181736254549750
1261.2644664747954669214646171883077070
1261.9592958896602817916403223673489714
1262.6972896806612528425133587546780413
1263.4341129794064143233836133935794926
1265.1525116757801446616291568506261559
1265.5196516605645681731396640799797598
1266.1719945299932622045027570478990638
1267.2267505056250298029038853812744629
1267.9835972699951304577869001835579977
1268.4114875475803226098324583127243570
1269.3179484984828054905745600047608185
1269.9337025694601430787353929328859189
1271.2324594024123948260755369297402037
1271.7930730531474669061773562962922846
1272.2721696630282186074032671330978683
1273.2417108976930575872417287294198250
1273.9523149803347958232673252534319701
1275.4227019594940666154984207908376706
1275.9811354512635859454366420600500286
1276.6836744138248293847854078047789361
1277.4969892017710895240954581879136106
1278.1720589860127132000115030300233364
1279.0146564968265604984654777107994336
1279.2923248796806721850264590939215314
1280.5370233726416360102248252017251663
1281.0033058719031556762688147283161309
1282.1006107142631668084103655244564378
1283.1787381290373284969577351532049701
1284.2490375416015193032220320739177441
1284.4745219865646638187840458570424224
1285.2670515965693670421011620486594162
1285.9380203067594772869900171357919767
1287.1653478905183183921707939187941879
1287.8782389694347450373739030387658814
1288.5712168933877029932668283211340786
1289.1608841825182506489929071066054549
1289.6468502682195034803182457199496175
1290.9145074623318349201903053572443249
1291.5665868753137749307881477434428643
1292.4870174497766834446149273700772960
1293.7906538391810302016966069544972134
1294.2430304634666487882347262042225205
1295.2469156129922018475635891167317019
1295.5405091038902605274466294820350612
1296.3668764723277938503803081019917301
1297.1558367861698599151443830255852782
1297.6967348120043012785991616235952800
1298.9922470487691993098958598319691581
1299.5959466691148669410310714640503872
1300.4084965851449446849081688405667801
1301.3609639397051227643696997006718882
1302.0445084434588510424328814136164562
1303.0331578937784596332279487009932139
1303.6974018607879015871527826667717267
1304.8025196698464195601342779950831394
1305.0011935523848428948584611403018558
1306.0494769952631875289412638529371119
1307.0228274835396971458510014045766654
1307.5595394598276333306900537134238366
1307.8533868574597659260126090576284214
1308.7410784337657649238566183790703067
1310.3587643277976708579977065957689994
1311.1493038366361766786325132271483974
1311.9177595652201952441857911676676903
1312.3037063733194923740921173955747366
1313.2428841496752548299363246359370432
1313.9427275725598854821449431644174823
1314.6606843556291518141346104295400197
1315.5028277926851515818395115123520386
1316.3308096006875334887403412296937904
1317.0659109444283384000108022344996177
1317.8486999955994842344120342435084632
1318.6055416376516615550344354990266773
1319.6635776795985930023876488539019617
1320.4764300120646951204241606074427727
1320.9855744701680694315456637229571049
1322.3959605023187226355822875803627097
1322.9574554284635616489801269141523187
1323.6904559041820475502257102203323987
1323.8750239665129611804164558988651126
1324.9422521630486394944864946165410273
1325.5608301620574537271293809303307337
1326.6120439803803838031853365945659923
1327.4081697679265667384460407052999237
1328.3154091117066631994617896984357424
1329.5332382463058934320093685299832746
1329.9062025881609110788077381367527468
1330.8953797855925257437770031365976737
1331.2890855780793629822604172705463310
1331.9274921241428461290354193901082196
1333.4137508769006693629960587889986026
1333.7577531690740488511843214584008472
1334.4785610455448385387708198536166566
1335.3667835198556862648525055915996390
1335.9700096984220108250951814236061493
1336.6131632986998596261099215127668309
1337.9933706419380392736973882262052936
1338.9766425902770345928782576910178545
1339.6621590034262123002273624491050325
1340.1454144862847872486537603638927975
1341.0006101628739985816700216432447414
1341.7840585793298164616832513769339435
1342.5096002750915162288369020115358049
1343.0458403088464615688399945523802205
1343.8092203585275179753933737655857996
1344.7858689562286451223546151290833738
1345.9632178357312359583746822426429957
1346.8436130906804536071649985554457299
1347.0961965444305096331200870319586733
1348.0821401137869029542247375181881391
1349.0085257857548944408145898402305947
1349.8474233269099620393130879827665510
1350.4611518904596033828141292758239702
1351.4085094293538663192144403728216812
1351.9921943378314845727262961422736175
1352.5567545489647651236347404774494467
1353.6941850233155679250185707982431587
1353.8681923922863094161602843574393583
1355.1972717576494924552341495485259281
1356.2180147567529935024683439547990029
1357.3015283706978953285717214029177880
1357.6462920136313556513510271652286517
1358.5651164084339092233292208420083325
1359.3222975305262466658620405714514598
1359.4822288852945970962133566303377324
1360.5151862802666511713405918316486411
1361.7211311550996518498753454431384873
1362.4199971770677637430068972852202559
1362.8966937484655337647662909044615924
1363.5683847649476926301818506079244537
1365.1474538398000287886585967015816695
1365.4787765587907798593589586059445270
1366.2528295660479271050409546752250505
1367.2583270981842383919202141903912796
1367.9689007235483566423719227459492999
1368.9289788391021978000638485786980640
1369.4685974226095792850062450733221866
1370.1196567297519982939832173763854563
1370.6576034218268187849824556712893142
1371.5159693528792503263344543778995672
1372.3776037615165593447175077564516104
1373.7492477209739814687236398410115954
1374.4144141407159001862918278862041572
1375.2221581941051141721655299191941290
1375.9330164657330377646963037312927722
1376.2710522571006836299326355144238415
1377.5828195823071567563635450126464199
1378.0600233695753719876782079573923788
1378.8317457702316164058944375013078615
1379.5689704024141195116971655558286090
1380.6565026707560934489581045975459309
1381.1034018532213690741032042291319141
1381.9642148598527487600109025092631071
1382.6871240231872763327410803658004013
1383.7388540643279147963089469841912794
1385.0882119211468512945588642549802105
1385.4309927157016144854643095391872147
1385.9534251916979012611810029092829467
1387.0258426771482353867382002086504096
1387.2171949392540104072759617203217937
1388.5573629153734519288482568786618217
1388.7948756197092036120093047989819929
1389.6729693424730416871024684619765905
1390.8816256312452207871672998055447956
1391.6224864814527763779075396021122606
1392.5358808957062532065060248666548061
1393.4588390506755533210850308152971200
1393.9840055005937118981904078291498580
1394.4278882250363710094980485058293955
1395.5727964338554400003340743149298441
1396.4079101433303760029451920177379523
1397.3898725374146497239112896331073944
1397.6658526184758602023510882981468531
1398.4431958809704830852776364763871490
1398.9869692570398806605880414982421428
1400.0826052500021630558065142467763712
1401.3333637110469645143963834793236974
1402.0804029321992369993290835377367283
1402.5648612268564394514599137032693313
1403.8168072789801346347626630307548904
1404.2913840382613409802811520382789705
1404.8568841268101186955961247435326577
1405.4957409791496024305833387993056643
1406.2462037320577010367793985342768274
1407.3611440855178656037343132333712136
1408.0115256586485747124133528765808718
1408.9279514524416799395237759987614167
1409.7010316539358087597566866243350720
1410.5162735839166448818121119689739481
1411.3346870734790211238419227507423331
1412.0993731995389179655298165024905421
1413.0611695162236110979605553251717796
1413.8170889928731177305019169146668827
1414.4395283004097790578120941768964794
1414.9936184324848871628142916274686487
1415.9761906194476026047694321736777412
1416.5673297591825328248698546471104652
1417.4205000061525749412255639992124707
1417.8081829733300207913460032857227522
1419.6699117230938482689595609238968740
1420.3321522622086633543981172687579044
1420.8781411866719774329162960680402283
1421.4021661828326998990902744851871400
1422.1935416291260333943199116539222781
1423.0400817107731301100131745276971204
1423.7408153283233691286942724880019204
1424.8276500356021057525221816788038014
1425.2444715416141373852804959458015276
1426.0118113327410500616526821610161520
1426.9332387836142106135401205014095506
1427.7846244022716487429404122888863837
1428.5373257781154987275271822700368311
1429.5641222880085385669816993373455344
1430.2430512276865482236330891643024580
1431.2494734940300175405618514199467596
1431.7583687186757312758404009738328298
1432.6766663626144316766026824305382167
1433.1674219622104095556926193087107037
1433.8394527555783275731178607402075212
1434.2409845564635842993754891191315909
1435.9335217116512149116082839499418965
1436.2351940535662754761860200706845517
1437.5953466784040041618775291732223374
1437.9527796680103313536005943542430019
1439.0107598271463144950315224395380866
1439.7250435503737337845735283645580117
1440.3635310403260785808327482006969593
1440.8957223829395940361082365396909103
1441.9808802291487978270548482660765831
1442.8669523615018121395892693890249427
1443.5398283630249843637925822872798994
1444.0637037354225617622383380469600039
1444.6853394898481369213865664430623044
1445.6883459481381964686603259397729022
1446.8687783193710328227990867145340118
1447.6463022494302244868047530543493808
1448.6937391466916872121026118837893930
1449.1530996249033893596084371993445583
1449.5383637107254461334171858279532417
1450.5519226948384028990647786944604920
1451.3210615281340104306885848909828667
1451.8527207347528046292995528953134179
1452.8327471912778920332835148123181731
1453.4915003234928592301508492882105028
1454.4660862318571224097789631940039336
1455.7613701152987984737550527167763943
1456.0771372773731445442492015389047489
1456.7997295307527632741279238793591250
1457.4384574057015750638355770707981239
1458.6479221671959397798777391311898710
1459.6316315399128833350389506527619560
1459.9393581409323210192657270342513745
1460.4175304601539710827643725780095173
1461.5983054272209822443498804821506147
1462.0430668949679033586866383531815354
1462.7920212178949699029608128968419284
1463.7976487577456802600242681124841447
1465.0492081434932353754546244334105195
1465.6734585503532438044011215187192198
1466.4852653435125543163357808635085866
1467.2920682208097685294679451177527996
1467.6580030947111786169105486559393035
1468.5173830046851125677248457197128186
1469.1327648905766055098362401774615338
1470.0564366763028918181929178227428442
1471.0446051473379373059898080117783693
1471.8351875503159696748413166669789616
1472.2580884289670132709163605287681604
1473.1067318530340977696326789657045644
1474.2780130936094894039862301718721018
1475.1376885314748390655050665654625480
1475.7410393455031331699069756912884636
1476.4593332099949871437165301552813431
1477.3453822127894560957765033889133886
1478.1736262850231419010193691647216909
1478.7498675004326766074163283760835652
1479.2233137739386987139838434087779544
1480.1805353668117740648674766388147688
1480.5808772345049309345394342472716794
1482.2825826104758121700267834885554076
1482.9078379571623235055896205788325536
1483.7154312043709603118854892224689346
1484.3126272203234219198422903190752925
1485.1595056426933903744152195978354755
1485.6683089117281280134821458717054258
1486.5098655412022351246624385597451305
1487.6950887036557810810141529185946044
1487.9953527259519844276639874668571454
1488.8721247889980106180652738860653109
1489.4717084043081083650013629118675543
1490.4564610763982643498754831825940407
1491.4806087195857043548426880033881873
1491.7314294163974411743307539829320358
1493.1817510676040655001340785152136479
1494.0602265545401941472115013505457431
1494.5632856593664743540499522514620228
1495.4081996200368409234064995472741874
1495.8855293675654831598777608649853713
1496.2899811780466375274553596900935986
1497.5603673631051752369988280078335310
1498.1789255369625882418892599215944106
1498.9496781149698535173823633451141104
1499.8776168863760105078224493493803097
1500.9140396330913922055998645422974042
1501.7701016178360650454456776508612128
1502.2432096099099063397993340934872354
1502.9381769521275646513952871820463967
1503.9603091065473594820396909960328065
1504.4913852472806258175906974381367297
1505.4738308586533986993705442978654313
1506.3727304217428488346174001070621422
1506.7381459878411990820605176445276509
1507.5081135581193501469376170142405910
1508.0187821884921315625315040884607270
1509.1222600124878727237122674335126551
1510.5980658274388198880068651808074452
1511.0784704452951845429412556756543655
1511.7563487343861790188854699221043146
1512.3098350138039840792610633734215657
1513.3747888687446912334291300606789750
1514.0396126029566205555398829029443777
1514.4698610456655870723240884972165321
1515.1905155683174103612839837162245095
1516.1900355490254073008651056488910555
1517.3699838461598749046013205607353117
1517.6292456080256468757598323912214901
1518.6453337025794782944053701819268620
1519.6622690880624397645240220349365857
1520.0291783135988917557038956299379602
1521.1456099104332647433569812943337681
1522.0441994143790884824137043739118598
1522.6652639309771914918748223483781577
1523.2662626753653232378572036356673689
1524.2063429800592161321763932667392764
1524.4628886619349546828302699833795274
1525.6112054773133568865104053331682048
1526.0142045080251402551722915762917301
1527.2795640064500410832391318646274792
1528.0449279620620978331630978098857319
1529.3716082052289801862632683250639953
1529.7494819308795645226456568899353277
1530.3987970549706181898373771340243762
1530.9864265957820285502832938578426949
1531.5492965924279241378160540857698334
1532.8422588758201561424868506047728534
1533.5226047352231630719367187947652564
1534.2473762733007757473276301960781789
1534.7132096485522533558871215829345220
1535.6337740090214518594171183013080410
1536.5034089249438724917777127307692785
1537.6273707813308530069224692936797168
1538.0891351518961705569402370478520784
1539.0625841137822505202188777661581074
1540.1033981807962694704973863289821390
1540.5216343592259630752043168340516782
1541.1480552545261337145929233234461671
1542.0669889405219787489830168308669976
1542.5779513915484393262091145870990110
1543.1703823708743523431726469437155901
1544.0964291890209338541016646196223349
1545.3747971848590453175049455355480209
1546.3185534779421795744211144522503675
1546.6509299270035049986352334816151581
1547.4867152135511395690420934044314647
1548.3669919718628781094122959888164306
1549.1603359007307944394756455459315496
1549.7188949742514832953874065027164733
1550.6240804992730757295484436723565297
1551.3540993248839456318144922755768724
1552.0183273514648526627233874835225960
1553.0651341532413258141176263796377118
1553.5311797895884932001362326495329325
1553.8774698297431663784313736373385526
1555.4568668082773055252153061847191166
1556.5101782580277343256200127925704473
1556.9665003912098353062294774456332585
1557.8553516864738464788854019518906849
1558.2972888977154583960562282541696207
1559.1737856563037608238084053010505483
1559.7022792030310263585607339456436208
1560.4614908016172522796218149338953187
1561.4444105762308873928147763539774062
1562.3673666263589641730506784002119521
1562.6183397488064515306431216484023557
1564.1669414201032645912330788554883257
1564.6324592355653388059630666894587557
1565.5397215855273296676492090317794926
1566.2322025404946627940118087615416856
1566.6337510899763333723201727371620782
1568.0540904281526477154645300859277202
1568.7011917492865593627053318735354413
1569.2724637357591197891682119428865748
1569.8939527170054691956733726093185058
1570.2811666619971424055339181557757295
1571.4480846277546820441722671672842662
1572.2046158645288551878149122889364252
1573.3232661272853945905797331106549869
1574.1836064103271107521457329236280671
1574.9870987158186083248723250086077497
1575.5739820496436300031776542617815077
1576.3302862609500388762119271708306315
1576.9209932738508036926893085380000869
1577.6639640833971845712035857763454267
1578.3130588053898814528573818009460760
1579.5658254296096834573741521242043430
1579.9511117827427810760811193233961411
1580.8470338421813644161136638457528250
1581.6350952261478432619150788947384349
1582.4390761582786273027147277455923643
1583.1508872189064143252339164059847317
1584.4042823094827861266952946506168807
1585.0896449175370065869603663349982699
1585.6048752932819176169142244504985568
1586.1907172074221767064245481274591201
1587.1554047634293910799215902896689031
1587.9321544920400791039901967211638613
1588.4502427736580855714021134411322722
1588.9683887437359933989823425644212232
1589.9838720280577874008362442936757910
1591.3745649205859797533372990093470433
1592.1669959014699562124195361456589098
1592.5986132073747936297554891135051327
1593.4427547031675060401587883329168698
1593.9211889700647895419754917459468194
1594.8253777323603758609960157075020003
1595.9435763149687699957152372256335677
1596.1340478076880033565406685601431065
1597.4018534426494451677315017564219096
1597.8576677253638344999514113246860072
1598.3915493710862772845101352170325587
1599.3231103652869633281354559342101608
1600.4953784281852857265380420634541392
1601.0504798240867934663855806791897664
1602.1355546989680190259096449514382551
1602.7253223289778908392982528670168902
1603.9828356279897201605834900516192335
1604.0782485778582528367246005731995827
1604.7439186863196102310709105347058144
1605.4665763490820628028459735710476966
1606.1668317606378304769383675001406163
1607.2373888674251010170682279559959087
1608.1796767869560381441370486834340558
1608.7396950966513081911248569182395236
1609.5953371446546802593356344249579856
1610.7677357349163337141254622987623720
1611.3150204185722932458320672437756408
1611.7097268456609048831704036376035686
1612.6981327883474302136850129701863366
1613.7158190744975443255885148371869817
1614.1707766450718300968520214815888253
1615.2025619342393868754205259264834063
1615.5042044115091528507663418587066201
1616.4986508857223466289676632372735116
1616.9058884474911922124623557611824379
1617.8836391582704925773574891847941508
1619.5585666848045276466847947316473993
1619.7973186709826035887774230661714861
1620.7132188246674134181316853433671869
1621.1631602939128675956673711999969390
1621.9918518494510630533574589695228026
1622.5756746440084828532819738619395545
1623.5782128015287664780580532761417525
1624.3306484471488827985608150153479865
1624.6425007916619163440266593492552194
1625.8490943077295884335227697028876182
1626.7371840237025278314667954816412234
1627.4914828114952917820788823079353923
1628.2154188427399023418092981540406204
1628.7930324147775809130750930901145928
1630.0238433604813486252563048453341448
1630.6288698958621840035751963674086956
1631.5299487224323686236466084863718985
1632.0342545702537472595421387655627216
1632.7111777909704279225830600515352659
1633.3524759718075240905989796724254437
1634.1871869856101615665097657489472839
1634.7981792122124482262514029619077149
1635.8734822907251249907503784441297627
1637.0375322113210172185810720598308030
1637.6517865967899722932591127748019402
1638.3373944354184272323893012696577400
1639.3551385785063182762320487315922861
1639.6859221318219655030436194939784334
1640.4098397740385430856700574020201319
1640.9516187153749500382409680823947080
1642.4184242460303804526409512259382733
1642.9603175535420268833198112481825883
1643.4231878045454926525418938568609376
1644.1681118520764937578340949395701190
1644.9146009097519478813670170977510492
1646.2760192909478208353503949466018724
1646.7498445973653730384460308011578131
1647.8434098972410462683082662968369751
1648.3112072594027738996186660202550990
1649.1717760392988984287842968723911058
1650.0284940991739152093978002031166657
1650.4522953662398185846111570767090388
1651.2064425975276328962598008868190487
1651.7002367899207833440155891158376387
1652.7694333235958748768323586943751642
1653.6326402840450368737295154549872524
1654.6456180926032233195434007605200586
1655.6766124724336453800407013651111679
1656.1695234840429404348830652108427571
1656.3912588428903307996561099477945852
1657.7297591845461251757215666478738861
1658.2567167856451756256557588008240713
1659.3724241678211487387067563620275613
1659.8282851855385264251153306675300069
1660.3348954880768215562948040445064834
1661.3976461686064025314799230145273666
1662.0380461967754816259572976728245260
1662.7096938516840818659354353741950779
1663.5652025962427655216083433977314370
1664.6443849602878542414106864963922660
1665.8031009929449470027506184405100386
1666.4031107627894991683416934096977941
1666.7424291646650478049558456408099239
1667.3284789743848563729333782610600114
1668.5016772857864717662453810129801040
1668.7459900507678848875263010884136178
1669.7287590357170400966906918306279612
1670.6758497858165270968692107409237221
1671.3359379894103670084645480042520871
1672.1480086265881436418543723314638048
1673.0728153505413870454147077964883099
1673.9316743534722684823099831518212944
1674.6388488178884055466975113053329934
1675.2163070289219122995178136010172050
1676.1299430528819715284067957794247843
1676.9312036847271753003103814033589917
1677.8381553625602019161330774858909099
1678.2506430781908978457409164124810796
1679.1119423530246859202558434940887888
1679.5315727702813574758291796777009501
1680.0729158208590040501098953219340594
1681.8325938276656958701861321281794311
1682.4731258951051309230009992985377504
1683.0715713116514194704101864285469949
1683.9804530382040713601050881889917348
1684.6156744857110842047324922911091997
1685.3966755976939246238306182241724320
1685.9617745673283003155113088147261635
1686.5655907725964455906585344473871242
1687.6373269834003284154092823910613691
1688.3090674977438284678799886515353221
1689.1501861932448890876698630062397603
1689.8228176658896748741797938879939973
1690.5976565645552467234909247299825984
1691.5051981527685443622726312417105637
1692.2783004195197531267099876633469050
1693.1843103577416386167371579392292601
1694.1521585059554844315250956134814123
1694.7135641995724801783322287284683447
1695.2546773199106934076384407019859749
1695.8132482057319056707038669320001629
1696.6851259348759925928137570048171414
1697.6310067823372092853910684140313587
1698.0678355642656161139471650277848227
1698.8679969882598912598396073608695877
1700.3401248677958282399862683454995113
1700.9349821541375644524312290724917731
1701.8754140155040723316415110165928210
1702.0856856253170958162148634240913831
1702.8788800136140871891428636345392473
1703.6102564068894324543631163100309270
1704.8294880621014214793538863024948882
1705.2978099157335182295488236463280803
1706.0964307866202701815680017869897054
1706.6325176519322050395104912817333316
1707.3478031128749077770517992583033406
1708.3613275636680433359195663451264048
1708.9710473014074633379410036646220795
1710.3422751654745274198359522590830726
1710.9044031148328873829170720065856980
1711.5678970160029623927180789680512870
1712.3293822943702460500337826728504940
1713.2364731075884761452442993812110965
1713.7318982040257112912623033958652125
1714.2110182539804880544718716705761355
1714.9347178711279607149226729461523976
1715.9531860100674330546969766767392700
1716.9737359956394472309908058028176904
1717.7890100847655270885034596109931731
1718.3282214195056306088842751063359834
1719.2349979987281258761945285231288160
1720.0403347170919848821968834694377650
1720.7741161465315875121037193660269345
1721.6511994760786973761207839668004424
1722.0608520685418399692246294843609425
1723.0528458054049352301238616937429632
1723.9386759946932743270943895005505375
1724.4837340870258761344337328816745422
1724.8081323164713358665774732188695179
1725.9016213771981020511159699841156515
1726.5755101345470668964247766597122538
1727.9644477590238150845367384906227959
1728.8644050398061609284895302389170804
1729.1833798148658993100872150200280495
1730.1562887191432214028162417643115166
1730.5493672243140858112001696107452664
1731.1836969690044978477373743344651309
1732.1804789879521888788738826126645887
1732.9229206754081300876345721991950717
1733.7084861215153717723071425371447899
1734.5485139490160201159787161646685609
1734.8314718753185931451857434989574962
1736.4737813131574700378239109680440793
1736.8229699715932213931861570103646526
1737.6459747757078458216416654132807880
1738.1054220906203006460510249457023615
1739.6487509978442513571766867072420746
1740.0378486059867401200017451797664896
1740.6204997114593171122618891464166169
1741.4593922950090072313059803361886962
1741.8729065989680070052663117829415586
1742.6939697452725913107956804365184587
1743.4568607918592382346478909925693319
1744.3863911813623479712533804958083764
1745.5596771303240248722431304738934976
1746.2098371517551415767813434386246535
1746.9960949387613289864277435156137868
1747.7459449734528360579074112485569864
1748.2149796345445306809690760930266096
1749.1155918800030603210813507678803211
1749.7066146177086896193097865699998957
1750.5762492710473296430071935807118583
1751.3085274360625395612286564114372036
1752.4146529672507417331073744899750217
1752.7683154680013357930403330722373942
1753.2981139155451294062761011020081274
1754.2897344662593803630875552324081366
1755.5347731269843937253294562384513613
1756.3541815914710627162808432744326494
1756.8463211091334098613372633749560859
1757.6740013920765332461265317915099809
1758.2470768432917558582729480672593538
1759.0217150822897357484875967608125499
1759.8970891759927360546422165376677122
1760.2983915640885553713496268338047911
1760.8910744285056867344238748386755293
1762.0826006569615478085995960528432419
1763.0226691625235057648627207473983165
1764.0044311265214196832455365363601663
1764.4574471051672275078333263135693231
1765.2411809903542680789800137090262339
1766.2069982907015919883868695767855146
1766.2993447110057687529333001552996101
1767.7002327508002989290946807301268853
1768.5276275537034291805778618934610342
1768.9624478045730355471968109198925184
1769.4607325495321163045939027784557256
1770.3515236186021838074563146684571159
1771.1576098038406954269673007327086069
1771.8985834844029488530608881449110730
1773.0966046793579472369430562263539738
1773.6110112157280401296251295848519551
1774.9214762039930649286754716079555405
1775.2323174064942655825506059642409010
1776.0798284348644563817317266336405170
1776.5753611627395764492928186173307709
1777.0003121026607519123164322188492515
1778.0360091323552099151345508569192609
1779.0576059654537140426315400462081733
1779.7598661806782292082623929510054933
1780.1685433010007008801011840367552876
1781.4631081425368505251998060234958669
1782.0761682319993705415184934922014110
1782.8274304127426866395267476432143381
1783.7029088752440451811829217491957839
1784.4014788070492889468584545788884684
1785.1355635397165806985813919896454701
1786.0105278348128136150410875467228596
1786.6355805813308553114099312050977215
1787.2447326651097308514367698238945705
1788.2143386850655738195317517790562778
1788.4489097634371804738167360462637373
1789.1817209657987816468442671493313412
1790.6842630052674754269352459812610147
1791.8125402589452993800727857516111690
1792.1633358347500884606906516218304452
1792.6339014603564642208405088501603915
1793.3903458298157273119445744148912914
1794.4835949623456183609145495462553700
1794.9912019216378590211217197447076060
1795.4959872308181708474898555030234137
1796.6201165674896807399348498934737577
1797.1436033730826549460429779182755514
1798.1601079388668181083028669792940450
1798.6354851117308405340037536684899698
1799.6916358085970682125363762087819277
1800.2792111234248753141154263788980314
1801.2310095968628193887473049659775662
1802.2403095927083498815030470292534489
1802.8807422223881489796440272168698898
1803.5146855690940181977730955051868846
1804.2668525500090690497216121445522225
1804.7895582297806395425489022459871547
1805.4378581824668071924304218250336095
1806.1794672060389558539613337441575385
1807.1912583432245428233213532527429080
1808.0790768079785474400014635261425180
1808.7269447800895126247857690355332677
1809.9247610736914966300012141156421147
1810.5762938445271365662998309952293562
1811.2511639602385335784100694192866849
1811.5211551123995756593028704560681156
1812.4786857755953515198792049536162605
1813.3937065554226364668566073710708404
1814.4140555411077917533356188567271483
1814.8418988648541480374403222790926117
1815.4753227108354035381886408920188708
1816.0603261736803363808118603770166468
1816.9083592853397999244068178522533093
1818.2227455841592678226764568590852407
1818.6919545470607888192078262810737586
1819.9384497141319568358109158117659282
1820.3072297884027094409605393344162313
1821.0950544387493571505542981958357288
1821.8225299434928973717239403280815373
1822.3721104735094303833768930817005059
1823.1322717824321231338989323820101170
1824.0090710825655401701784606430689504
1824.2921164065305465783560328663840620
1825.6920128667801422517596523802138389
1826.5290229516542400170392658162006053
1827.1575066400862364123489195367956473
1828.0008708184535260068696064054940616
1828.5212963844567471115403893225664062
1829.3556194885777034549541992568419011
1830.6689676359624651239752859731485259
1830.8004950054278502253233516467365989
1831.6664043753225741344388634286834125
1832.2329196991273438353568130036995130
1833.3172835324920314507551357120146363
1833.6798826952944680652586805190452836
1834.5765332634698014430449013296839258
1835.0013140757133811235441858839463564
1836.7380604732153296835945372709265302
1837.2961680664166233729176776985812250
1837.9020440519425341042016648192149902
1838.7719642532752924372950739750047788
1839.3417773427903318364129494835602907
1839.7732275522194860969329010349436061
1840.6599399596617349140942442661865334
1841.4994930196728356135436081297871732
1842.5931035523568719343082201958064773
1842.7787937455770790869867131607209280
1843.9563702657426786713902484855080690
1844.2727425819217673717947064930758303
1845.7000861297180718501082081976140933
1846.2864117994038066362044977326075768
1846.8912217782521616478411197782707667
1847.7685907272354822852838637687969569
1848.5163591723554483982160412344095305
1849.6483263519083989042522590026979952
1849.9386833453474185065583715820562245
1850.5020549603415285388838201949680471
1851.0258703795228637547961264553748120
1852.0009357215123952756798877125093083
1852.8573553847399960858261928075578984
1854.0059243383032314174878998115612512
1854.8354478309430119496886974301136887
1855.3680627776509240168065063375672704
1856.1616250546996229934893907211604783
1857.0935977657790915191882182439933788
1857.3044956805322942445383341522468149
1858.2984294247274654403036558450701893
1859.0452633249004653661061612365791579
1859.9415297146598372749560498658412597
1860.5087703386486459259485827743011775
1861.2519121858362394341984145628912242
1862.0439616576756575934296034628714464
1862.8749134080640837669181609757237172
1863.3949419327174853578352558101550145
1864.7895001242250990098434418320363190
1865.6595307476969883755119860747887345
1866.0722689830366613079671950069274312
1866.7796163497600500344032315164791096
1867.1586269133080836587758830190255827
1868.4450657458414985362308662559539961
1868.6315212153377989508747802288010369
1869.5843935485955321637903899292826564
1870.3261642787130295598049576417217013
1871.0782186847640970657359989734941965
1872.3618927433642820452495787602861059
1873.2402344098740112598325911315589612
1873.4271334970998429696143435325276578
1874.2932855799908189588592734238963258
1875.0147641083350906139525260220449404
1875.9120840660777009710540316618476770
1876.7231834325920137153790086089090373
1877.4018000255937962067318140340796570
1878.1787128455543133512568631011559774
1878.6612837940487140480750503701554361
1879.3175491267613428809196622566264647
1880.0343864538192098624932279086624528
1881.3506071201148784459027611638475058
1882.1628952611824641353198570033190627
1882.8090047910307007988060111783841560
1883.6495983475577476221959648282848270
1884.4465544434571381383522580382402380
1884.9020102010419601090168508200906429
1885.7675009310809689964128261940652028
1886.2300326983492494025049119306509089
1886.7229548209247379302621074530584628
1888.3902485080921618429011172195418081
1888.5984164656713464310564583417773110
1889.4048464430913381686917527631877433
1890.2070742873943990401847471706304137
1891.1734613063917922752009343768948184
1891.9297651197938335985910587674514441
1892.6441022088686804643401547319500635
1893.3140129182419539518348978794540654
1894.3767696599420444004388246317749768
1894.9189866142154973065939538225268799
1895.3083610419224033924112684572216640
1896.5225717075940758545759482988116779
1896.8146798504427228140286289323461905
1897.4622082103617812777844154768426822
1898.3729857345408229650292958264238635
1899.6353674827512513429559499495379810
1900.5373856105434063493570989943394883
1901.2483545485511718130906171353523885
1901.7656389251644316769653104368161736
1902.2355174887162311790639791491453994
1902.9860219519366188580072051924791560
1903.9924155921967716023860492824766230
1904.8409156573507269878004706454852576
1905.3447087741608765759342867796223539
1906.0003884058089692080513196454864081
1906.8094925653939582370159118940159100
1907.8780694678707172088851528781850107
1908.3756167370029279660771824174450463
1909.2471946386522205714506362432723677
1910.1516840476894924949442467388141937
1910.9362108643977803049252204096665854
1912.0143829366346021170675110076204467
1912.2685050232914276449737932423034322
1912.9495693368294028841234270342609052
1913.6928011315013906224760746065296058
1914.2766603384223685388164897812752127
1915.1021515673578153278027332734839279
1915.8089589842714059424371968109541689
1917.1160146287211830379206618100777170
1917.6641151368753828974337437914319812
1918.5728272386625495963370213321479265
1919.0971934605807139511567260541273561
1920.1783738235658697864479977646340468
1920.6572207113887540881803993552832292
1921.1217616827690234382932311408106909
1922.0854171418287505280228145789417086
1923.1349988560995712137487175747732647
1923.6218671903459667056417965630986594
1924.5119991817294937086511042716248329
1924.7318176288071436973069632455633491
1925.5596329296767377033318362287080835
1926.7231052188662446765004675097519308
1927.9028880525711116179798991549041440
1928.6798323900713815925977379671637063
1928.7453432094450798589170047890520347
1929.8885266509694351554944634017169066
1930.6545966378901522377529676894307384
1931.0410837295206791038173876880276360
1931.8179627109094839829282109773491261
1932.5003616385212649967505476912984712
1933.4964582254744736972516144496989807
1934.0627051285724867071918802251934407
1935.1132021396525704607448427533759030
1936.0000491741699470776217208956573765
1936.8638911130997589871482955532159534
1937.0941249590987898125821898075737398
1937.9060551288990025009068429601955578
1939.0961129964624491315403837554511397
1939.7871215907365358395133347543546143
1940.3639574695875933310179218779686845
1941.1000668146303014731119039502975133
1941.5390983319567696428240047730928460
1942.2904403272166855272921756043861587
1943.4722439871197150676620972700624339
1943.7199463435932004385307710316569446
1944.9184843647183435772399456268904852
1946.0490024868158760970459190813605228
1946.7742802389084471546767883378780083
1947.2383915461430051025227048603291028
1947.8159563879723322825404494578296675
1948.7703286601571490398486749556942305
1948.9505669752520489547369394604662358
1950.2826912097299876635470794224094372
1950.7510525943770181541222364774652817
1951.7606230507736667809322047143725032
1952.5116638118980429201071561495500300
1952.7580934942748358827005380821542227
1954.1461599340171275317935823973067933
1954.7576851971307904870611903269730241
1955.5215987820918311920730090447655017
1956.6613365475064749834900614675217780
1956.9247495567626026780065247900559895
1957.6783901151751298986240920124639235
1958.7038798625871168303150830190510561
1959.2635292795768727871582963682422135
1959.8150141068406312336052225818585954
1960.3044479934089351167062956251559091
1961.0792419199182693638997939467622885
1962.6178942875372483105215002983340942
1963.4255411957108277257342516309970412
1963.7364040174351299089127448054524969
1964.7879570524398531418037590579816622
1965.2073028096222640894387052126766030
1966.1789171935121098019458334135979443
1966.6465462329582599178747314987610947
1967.7115700738175124674187238818471187
1968.1294851284093717099505816546505604
1969.1639853863531516946805524841689204
1969.6740243590443642710726508767971203
1970.5441479757542483519239217954623578
1971.0027474867951418844702877276443297
1972.2488118443215673014451494705714971
1972.8402876564998032797897258018886276
1973.8484932524244103672476435814083862
1974.8032741057679889662569059336435194
1975.2967181851284421854880495448866251
1975.8727964654026492019713699053708611
1976.4345974250335787796832971859752249
1977.0403598318461373379615488114224405
1978.1410686056886439329516650955943392
1978.7538494659927558741002704864676974
1979.5454175758011232184469078717452552
1980.3251691509296665798607069534532627
1981.4142085059620554503983474618742973
1982.2094304129608756976952928836194271
1982.8330365596977416053256780988495473
1983.3112000046690567798382768203074209
1984.0049569189677988580457113824092157
1985.1083241680081349037315703005551838
1986.0277284465935381021800520447030275
1986.3953397144597285804884940356109824
1986.9594193872865117672203601378723137
1987.8210000734831521500912138934892136
1988.5251483900563440499258173725225287
1989.0399718267879007585525778618959885
1990.5998096885093183018670987375844315
1991.2632960829485969575534583113584191
1992.0062157741033828415865398149105508
1992.5078854400007077298323609526462377
1993.2862860813095294982509911572092412
1994.1016239014753579881803798045185041
1994.7210649205960043686138330130944794
1995.1923391953251388550073158326666705
1996.0436095224328428981436031757019585
1997.0375578676824812554536691155179773
1997.7386371388513189252968863201787448
1998.7054548237774809393260050905072318
1999.3147947512261347394285215594076001
1999.7667998828367563794804780698332271
2001.0898521367803092356968654801526378
2001.7196024125240457186918768380988246
2002.4047978377042911168768800579214668
2003.1918985975462563942322213612892785
2003.7369759453285551440039293724361479
2004.5930411266153822340865855919231147
2005.1433520519820491641949338686125689
2005.8613155855937948634050778740431373
2006.4581688769431812379190430587935220
2007.4761854305058704628751754142420710
2008.6595756874847797669957600167231025
2009.3561381325940969308746507895782829
2010.2424679473306301081286969260012513
2010.5602839683888126182315707011444572
2011.2459850422195917138281672977197306
2012.1205785627748056305514868413405983
2012.5085389054410814382240260430078025
2013.8593698853326075582309823922233042
2014.5010485427490917650354502420309558
2015.0469257286500208115596371724245717
2015.3216719687164542287176146987170416
2016.6632144247695947008576947372329463
2017.4829934036178003114454699652227460
2018.3091564700330661855762317672901625
2018.7917616109278605082597123105251349
2019.9642648025372921536734226192929709
2020.6043009531893840845153290287667024
2021.3479958338522693261437220609325465
2021.8336254069759043426329159790245434
2022.4142609648498779585395335760312697
2023.2824446040365092847014108406833105
2023.6506231966376268097707694944308245
2025.1283418009643720763773922683611223
2025.4984706128444373653569327883833389
2026.7845249237656008232540783845658299
2027.3233786381229608297231058475210758
2027.9577102147619434474410863995515907
2028.7545332592406239446968614633297839
2029.3477523277765714260995199243646839
2030.4295973942355592084258146715267344
2030.8679152886676597764694301136020343
2031.5195938910891173052068901444414156
2032.5991602086768707081774140979749534
2033.1031565682200392745104743200996189
2033.8545496184106066348893384389088434
2034.2711579197388573232713123936416474
2035.3095239673244005422250400997304180
2036.8302609787099279829360965910261184
2037.1200544629032964090602186372004670
2038.0595830191785632208348062283591711
2038.4083320233151023753463374111562631
2039.0697085351231304944973364656107243
2039.9744899386324420966064892115232945
2040.7178205573073556300357424189522321
2041.2039682796803481869003953003307508
2042.0343048086231763918862878946211189
2042.9588295347251214814269120293557106
2043.8294245586573990190617348372322696
2044.5122290850474558213346472659902352
2045.5000272309065590917079852001997445
2046.0969258793998536259850892620086606
2046.6022478706604377557223492745727052
2047.5128054947520607975462839640622319
2048.6071995843608550654826914244005313
2049.0729481092827189186493332640595512
2049.8054760377582077499936341159310520
2050.3382776190757975819849488845460083
2050.9015564268225901011719142977809158
2051.6907547947123059185121392459909217
2052.7257187620999714453546573273563615
2053.6937773618249422164370105957984730
2054.6650067743953105710233506503071434
2054.9299977114272248061461514907424623
2056.2154719291439640486478628097361529
2056.6902252597507532002276302368636970
2057.2437101520692860091182913928246809
2057.5088796706842358456037708382545085
2058.8143519072215531317495213972825316
2059.4965255553667016209762297057953122
2060.3803084655669172317523609064159776
2060.9111881517407134864938093950312707
2061.6087343330134390312140753918040220
2062.5254278651849934608788806901357858
2063.3810395813131153884643102337763682
2064.1159532289650900809612901759108217
2065.0822473435461753351875056161361119
2065.8137870410319793399062337764887154
2066.2043786270813081261264397067773531
2067.2435601231843272141577086700007361
2067.5850621227662739569118406487169152
2068.4385044865941328317689621602459179
2069.2210752879261455391433390460658268
2069.6415864746699688275008439113224241
2070.5207854762189118596411997897785167
2072.2347844573179782566368295295787896
2072.5603372966663226790968343531161866
2073.0234302307409229325718586839256450
2073.8839156493500422831700416660774188
2074.3895149835128418361596632555559103
2075.4172639213065486529212049041569749
2076.0664819151858239682910836195871430
2076.9828277287586995697377607797996904
2077.3569927625264229780271544742378259
2078.2574831190207551121346375175304998
2078.9261947047571643482279777913740331
2079.6484851687706203811334628306580098
2080.5523226833261268008960829118993404
2081.2627462977895391041769108935697988
2082.4508923121836571330211220495642537
2083.1133695201538869619195081957619876
2083.6372914817238405518477865691479444
2084.5003248621992056740127394616199683
2085.1129459889788556329187799558814197
2085.6854462226313362112354930897349193
2086.0857693440509782929000642563777269
2087.1871514005488035471534251266448518
2088.2071461456088582883997851555836166
2088.8127986733313374118459514203110245
2089.4834969613045547372489296908839442
2090.5323320206221207037185196086322993
2091.4095756443014838774539256958727894
2091.7368908152888525579501875297393829
2092.8249918677841310891453969966718051
2093.0256050154550384265787101134662647
2094.2199172711115359080080690403201468
2095.0414276259664715377377669463514352
2095.5912338046445316662302933726066126
2096.2091285093718861684768961533366348
2096.7314761484911984322054928849378259
2097.3957596239454887015420793676962571
2098.7111728764955454506567470880752823
2099.5840361044188104631029929917344803
2100.4082615644842707269422612260299771
2101.0941978927895061761813671141466099
2101.6861539066070705592597781119204991
2102.1487645017669304295323487347888689
2103.1062200901277600617437756414132134
2103.8049440096519523162581932104764410
2104.3196879993244363145004195969912691
2105.3664695379189359283697600955265007
2105.8473089012392910343001192951743704
2106.8560555516618846338436357314293526
2107.7144678741216977749420068976078540
2108.4756769615463545465006077644939362
2108.9656548332205632115347337823376547
2109.7516480730875145475670057522893971
2110.9763917240184374024127486588362465
2111.6601399432771386844911586893019825
2112.0800718994636460834208758925514607
2112.6943420151438373921635035337418299
2113.3102720756496295243821391522431004
2114.4581568256681126927301321280362700
2114.7865586062191011912640899880710496
2115.3639640751071517598587477223085726
2116.8161548035901044264412410400360065
2117.4544940994072089384604774002938324
2118.4942974280438823971500751570198089
2119.0847927610696062857611812680518884
2119.4186951878505222115246263432368165
2120.4683115679416463716278661526917592
2120.7901857283313278691809483398983651
2121.6967155475418004886931948172669982
2122.7942987412651275616010366792953543
2123.2575062199404429572811030143622742
2124.0091479301724435553118112320553051
2124.6994772993631071534835457411678406
2125.1785397335685404235220948633401963
2126.4286290287140751328471922870072621
2127.5300708760353069386398419612148404
2127.8518396096876426383623035305512553
2128.5424519904628321803545478682524351
2129.6205362209404065158120946762620583
2130.1346308293736969801854851481756345
2130.8315806716976807235268085959882000
2131.4545876220702079436656760533160745
2131.8796173192239398443244598476214257
2132.7308049402538417223865646477684968
2133.8172233646462802966617935039729390
2134.7676510450606605721224468894552679
2135.5168890913001366647109505709509834
2136.0659449750344804219816763571958002
2137.0306093451255018596028521543682764
2137.4310115780088426956578883926723004
2138.4098576546949300772272516363282420
2138.9453889232245271307109080773589547
2140.0130715197938350126825946689079685
2140.6171378821055239479140059718221339
2141.0157569718271771244773845223753850
2141.8632531054361116837547833855841540
2142.7962894126676474835224744098813781
2143.2709189107523469555776001427714464
2144.1124913947404904409592725245625849
2145.3540299548682030461837989764116983
2146.2312329961412332171683806299013812
2146.7987476394387146453395608919660248
2147.2925336988942924593745534069124400
2147.9288949352103302735228685680553925
2148.5632693984056339179205365207921100
2149.3328844167146912209522576424040609
2150.3256767033208329933257748820207165
2150.9512771255765879406038676972942179
2151.5109914137530600589889984594154496
2152.4682232761248714443349895638739199
2153.5648460724959501799089312014241522
2154.1708897626215995939402552134072783
2154.6435636711323855522328339416962384
2155.5581744258046641173812987847521675
2156.3152407691419022730708042678818623
2157.3764296738478159344624446166631084
2157.5400203342220575393672247055758075
2158.7800343298767207022039664191499288
2159.1621911327837471893395732115100105
2159.5072228443278143440694234301529584
2160.4199265161908264403881098234264029
2161.2599637140490236278178459901924560
2162.5927099825864949872439951318655719
2163.3551571025290606650606002983266658
2163.8088551520932804251120043863147087
2164.4349344050123969874757414110637295
2165.5635980507238349477036611308761051
2165.8371962642374858832720560245230932
2166.7452840813105316868466169408975054
2167.1289264769330700933508009132538215
2168.0480131405091468157719886121136829
2169.2068715167460691513054629942296468
2169.7205420078256355187152246546531531
2170.1614803830824843516794063221896164
2171.0669519697737566846194860722332514
2172.1350854739485832360397891331642907
2172.6561135062786921049596615481800739
2173.7869608527654036865686673967933281
2174.3915689109732789836141776104238877
2175.0774438711396984528786838572765746
2175.5610837494129033246784893762535425
2176.4553133923090895176651065684692663
2177.0672895816947317113222314561793926
2177.5328354268663313185979904182449385
2178.6166261309863802630110678495550311
2179.1150534060553133105777229009434357
2180.3569949979247536680165934804444421
2181.1919593031830904569046589575714987
2182.0101880741387983360631383983771685
2182.5204248592388965755230037859358313
2183.1465510751949954497760558371222078
2183.4247058478497944636561050967014799
2184.9223559687655371096066117366873970
2185.5817704274830327990377814003754050
2186.0276869606218365978152921095329068
2186.7389544555142282697572408102778423
2187.4859600225487909366345544436219852
2188.0443721330271438968854490197829677
2189.2488614946118590181161539523887614
2189.7874269849060178159052728743640981
2190.8406323001297997519154077993679758
2191.5692195673747606879266216926751561
2192.4520988522563995928944161148384339
2192.9083588776335933135866467008079393
2193.7040783774925205125227929152625620
2194.0251158628854625078338081206532696
2195.0246335629371939436540673673560734
2195.5015871996824038009079754463509523
2196.4126787803756798777825539184784288
2197.4853644051916835444095566956338596
2198.1241493050049329596328900131179572
2199.1253438820357715426966656041581690
2199.2886824659384670452734512328131162
2200.6196637901497778685835855756955716
2201.1230178497410552081777960958869327
2201.7580927718312470250212877512838034
2202.7842515111773766295845410498350816
2203.1087314479512722725923628544422773
2204.1295462902489014614778532262954247
2204.8795836699911486889894146253805838
2205.2483491671376585897500831544441031
2206.1082787660342589687521743772780179
2206.4401252144693624812425253314794600
2208.3197484593082746563739696566078730
2208.7375251361297239635110823303396857
2209.6456523907628448725203859180545444
2209.8667159144206275127271934124924905
2210.9477593535545991509209363473557196
2211.3657240188277633586762357485827222
2212.1507993762831914772503049494626409
2212.7676077285226851112732710067278794
2213.8171496651227730905287694077957940
2214.4424238459126859564558540500698943
2214.9620473918152967962864103069663193
2215.9439337857971300456818794785857145
2216.9830250663080273360909757854751233
2217.4573036808024184688909748001075932
2218.1729099478677545158133850205381125
2219.0443327223922055921137905911615382
2219.8040142865837773974363775487839658
2220.9304036240220008412756607330806173
2221.2998530735463067513984236897895140
2221.6225931222068439749401756015685744
2222.3991372761716801288812872957065456
2223.1645235465275139623425818567953737
2223.9846473592517257784257770453657597
2224.9394650242107451874647526476070635
2225.6337265835259664461983926091821433
2226.7465230675674157564544128153541755
2227.5464739056631890402913899293755121
2227.8415776547611459806096150793808856
2228.7006256972335259562963127104785056
2229.3041955655969017551969562374488958
2229.9505169483666994334637707140529208
2230.8135262131269859682175530703334138
2231.8207630320105443544065310623189561
2232.3533424925990667996933495516732640
2232.8027839246852358436569751542764577
2233.8465757868341825231228351468177884
2234.3053057637210529649364427910791341
2235.3832941968247119319397913831921728
2236.4002777479497524804349516509980126
2237.1871119216286282164985113715829627
2237.7347765743891443993545907676469296
2238.2027699749771077529873940457843762
2239.0306158208659160058939778558356677
2239.9464524799409446438692776883950879
2240.4421450853970907662010863592770506
2240.9622764160949754863063051596868907
2241.5794143354024283665822532399289028
2242.9411675322785559784618902159027174
2243.6652433883741942587370359855076754
2244.5941658312070102638091958941329777
2245.1881122725251033629132268419791480
2245.5424359049527915482498226218463566
2246.5324842162709120084128351941881998
2247.3971254676641552606177635350525604
2248.0147071297194786074179274759531589
2248.8114080804742152812867135307177708
2249.5018301966690921480254604570695879
2250.0205606065948286111537951993179237
2250.9849938994895244080320878887778796
2251.2647496317992674602079072148248679
2252.3193754682704956301687901349709619
2253.4872095803386008723635336874360995
2253.9407998946638321903824849727461499
2255.1001107854443222388423083407929380
2255.6408001129351054131271464981506647
2256.4393295228926973742689437722858565
2256.7196056959252815638579363824208166
2257.4145466964709256782645480679050136
2258.1112441198301577128118011777554508
2259.1862938851268426791528991906188914
2259.8989980298993090022164698468510829
2260.6874409775464593595908417295671315
2261.0777281365025253384580426335067700
2262.2062213910064293426965262996559073
2263.2386473208466511682636919503987430
2263.7222922630179521693700442750856158
2264.1181204719071635104519469294149033
2265.2735400621692776254775893531563995
2265.9741062511451940956784849510997134
2266.8092001965099152793117712470540091
2267.2302093403638035123767845646079831
2267.8852920858366918630859768447276185
2268.6812820277097733197690305537712421
2269.1680675755666756288647091944241326
2269.9839483670486304260623942476810461
2271.4900876115043684603948057639889703
2272.1095770121749686761557508772472457
2272.7179189762825481274722007859042328
2273.2360434968234745664809770038807062
2274.1569166059926422874904204353023305
2274.5761299481448038596153178088524745
2275.5548990215392153110066417758597084
2276.1655174406776122044315052472748513
2276.9709493638229948269545542083789800
2277.4299218946191388298602329396607237
2278.5642584257229310869547514572844462
2279.3589631117007559418746942760538867
2279.6562742534765568297535278787918820
2280.7189929451740324805459049465357602
2281.4157253274884570842207281650949098
2282.7418900172001320744907878015263367
2283.0899092928713194925229106070250388
2283.6183497816412430475076042722413932
2284.5415614149566408414754476811742119
2285.0575243064297915650570835912663100
2285.6461609192363489071986015244749705
2286.4329286815227275872585172989187139
2287.2739906865696748850649454152804197
2287.8408856650767112787736450459923273
2289.1514798205338496270304418488728485
2289.7981742123891345203059068978495903
2290.5201548114592437670887636531942384
2291.2675995478077755214693424652302289
2292.0274123297090348686102707049896935
2292.2976677995361295417707827949709431
2293.1412027584950637894999630134014533
2294.3109689671736303609647169804150340
2294.8959776985110104905929135080143312
2295.6622269352093376234640323721787398
2296.0156952941838914868433104045297398
2296.4961968425353608263385714201592251
2297.8103648351330977274888335742199563
2298.6069155937460543269823691700456867
2299.5308784833456885429958352305852055
2300.1706028803466267842700705931111941
2300.9138240192243785506273595943935026
2301.5912404455081542855335167220537682
2302.4416943254680020981669452341277629
2302.8416264586188843511354508740640774
2303.4201682183075024335021922369481143
2304.0920660349255089448305161487604822
2305.3036720463363116720177847519725810
2305.7623532079913603469451778619422727
2306.7638262880015614886532813897260181
2307.6625288666028335920614722398350255
2308.1698025286814136745230444411845222
2309.0606766619519713898968289431104129
2309.4131352569043626416326345590836819
2310.7250216670036410977925162756648059
2311.3617478096939281145494068771357402
2311.6949570110066471832172025827378446
2312.6494080121102756203596610414392320
2313.1436782668132119367382847725799745
2314.2760325203967154510680752898238805
2314.4045211521553852185814595931487885
2315.2834998915243113322155734419011175
2316.2124447517087789116780999623083202
2317.6396376733665193956526231863346790
2318.0813176093543990862258963190040337
2318.8089516334119889780208535012102789
2319.2237592430627427774652656812064627
2319.7820049978277812701961634555577965
2320.7752554848706095066153103228388777
2321.4645650907933941666451312617706437
2322.1030008423806791787542251352357319
2322.9742282063029783685432517210994036
2323.7666788640271151126614439472954594
2324.1828213358310724071945140554091253
2325.3242156986433831317010149108477414
2326.0032027451721794410966960853276809
2326.8478288199480987217906427128321497
2327.4959124502232911739822829564461853
2328.1971846666195015775819006168330720
2329.2440570087312277627908967742992219
2329.8086201887213234877155211743918653
2330.2970764598984108052326188838545761
2331.1458517944005565882973997887372362
2331.6820996648114336341491169964546955
2331.9808882113745507453095967153545066
2333.3157493290122076064797671196543336
2334.6135621291235782092370040091437162
2334.7687855787169468245660930675538538
2335.6708761659277184338669567625270869
2336.6184016005368752735204981660828458
2337.1574514238063863527349764935204302
2337.8332348514510144115420268323468895
2338.3743103833193899278032424775687269
2339.1305499583244343662236739699741469
2340.2177071930104522092672233325563335
2340.6981955150410966760774194380630450
2341.5235819325057501912887544967783539
2341.9936589767127973414270250262589673
2342.8841219035474544182865438554166723
2343.5271696387693470026080675295760635
2344.7882130286573982703328957366833665
2345.4149563211823855778720919933662526
2346.1875721713392258493631003913843242
2346.9701831821998960512224090661536107
2347.5315825732703071678992513526998237
2347.7825995738305324276026539932326986
2348.8489874321412014752466988638268298
2349.7013585198292000118203764857882829
2350.0327478861542342817423119554104225
2350.9835618954582006208519762756789014
2351.7234718836400292926482855075196615
2353.1850730229548044274534360854316958
2353.4640603623318579953018219738351161
2354.1819289249869209873341935985203925
2354.6553163566377153193145537158452180
2355.5700364186890241860196568071385105
2356.3572451206165463596257933298895755
2357.3873356434327790870616187206796307
2357.8473571283018518887976456949934709
2358.3121995768169764839875678075932734
2359.0587050450642494311397533928834965
2359.8911256237442101435295376866833285
2360.5343604778647390582933774251661160
2361.3172894355301511882344657778414880
2362.5771751727310576465357459760612583
2363.3116552005312454520186448925688538
2363.7708616814040505739463763327222473
2364.6413560720569480767689114194341629
2365.3095428130957502687438724897741538
2365.8804884704206770634201622700907230
2366.5581867922301877265358880797973205
2366.9397061199596200259130732508284825
2368.1523445783655317355481330284836820
2369.0740284412911926657440780735941311
2369.5256368490282048924487233361773425
2370.2424483408213831119026241757477009
2371.1985285225872546835432410889155153
2371.8423966718671828783976305125269296
2372.9330697273987755117888507227153540
2373.3045480741916664584113648168229040
2374.2464106731410069835615710887635090
2374.6608383619331421240656928490190827
2375.8050373770116611798082321937248885
2376.2844913697065340614678833661725734
2376.8866793391761882158685383510260451
2377.3651201921648690395765916169405923
2378.1435196603881368651080093125786244
2379.1646276468418860494850440783950909
2380.3814783554518752733802241348582561
2380.9425297666131140399594574322810071
2381.8811788490625375843382798168340476
2382.0592282266069826606057081850161016
2382.8689854933715907463517667396881193
2383.6561396165724090403391582953158455
2384.2263053179017527907685905676136401
2385.4292891123576587544418132047863026
2385.6910258190160151516232625181875865
2386.4899157852267309171660517302587692
2387.2904161457247327572841921463540020
2387.8711850067246061519755798256836911
2389.3253551088154140853271793477136705
2389.3660658998530500204317926402860577
2390.1193579129873072521009644132714206
2391.5015492798275921470008810289234378
2392.1628630523060542911346673102212571
2392.6156547122388236406646858198408211
2393.1884796066837541418727954872627190
2393.8923652365042017518235220261698467
2394.4742396308576819416268209993700404
2395.3356691158434789974860099186485276
2396.0453205934247071445664572471750302
2396.8715599263124897544074756606873284
2397.8977662207376725878501477178537278
2398.6270851062651743066979004816688174
2399.3717222993930644240681986536113575
2400.1285054308938404846236612589688200
2400.6011814212632496652973166143074143
2401.2394202116970503311606145788482952
2402.2598599732870173882184458869383531
2402.8408477629617773995648910913913251
2403.5805915977902277695883994536530833
2404.5794764333688596794539784781138884
2404.8794169715318545997921228247654046
2405.5475229784869555695555851639755661
2406.0858716175609671079546235360482385
2407.6701565679184540531044629622218718
2408.2904415761803733637617834494234464
2409.1262931593391488775657301572487029
2409.5490841927488309324579489328345751
2410.1745449995391196148997559933068475
2411.3227746658828577762551742932570373
2411.5949058484292822306996204050373679
2412.1617701481033783238205550818035264
2413.1169709496052665103439844801943176
2413.5895872990560552658953298960173692
2414.7455779451045087782109826608564013
2415.7175242431273784013944655766439618
2416.0148296432866570646598790264173508
2417.0799320192713794336237096534621516
2417.6781823092766193363627643983949577
2418.3552521493197238935365591011256315
2419.1291017307737893225220273809769971
2420.1109596569448267193537799078238441
2420.7601026008464577183021502117034338
2421.2587451064230397874612046754678785
2421.8457907323231396454200830108306425
2422.5426667203564912581728028660759743
2423.4577669285282987329549863014683221
2423.9999539855334407882653429905228646
2424.9714665125909821869071887259238168
2426.0423266018861333075181471084125414
2426.7746817313465603160667413938354517
2427.5265284718300830967835522864203468
2428.2154775941427512019974535799215604
2428.4348592802648959763305266653108003
2429.2475687251412594142513583523871903
2429.8848495439610369457836955575221724
2431.2313407152289279833992657305727865
2431.5862518233574649702200194099562853
2432.1656494245929083035920930142267710
2432.9054615349951674438732583391297214
2433.9309872065763581049824601310020096
2434.6755160442047754333437029634918426
2435.3487632416206242249380132272575579
2436.2359771933751748728051732329502873
2436.9342289786589223377645072617213328
2437.7432533834723417508315116528418547
2438.2777592538655489668036919799920331
2439.1676227904005937191605586074853211
2439.6689254191589578152711189341286198
2440.1811155512425900589361756709205132
2441.0526223788368758062997498593995579
2441.4491389400013661537758006631593702
2442.9617018391424427322947878395124543
2443.7526553283962968653342137929326250
2444.5091374340561222687347204080462965
2444.8481082662793472786103891088132233
2445.5207739022351298384066996074314269
2446.5945673360722288907733086445084355
2447.1693218644566236017917911858535841
2447.7583789077657754744255930527821699
2448.3841167217838455734154008812434378
2449.5920114039766571442911786876778053
2449.8566806328885365198216313343975641
2450.6967700996481836468654217915603394
2451.4492076967486652981291081521985427
2451.9867536204487851903956055090397812
2453.1361212901288292243999001117304538
2454.0683380433899684553161389718004377
2454.7529103793294448400494493814283582
2455.4697285292463690507387910889613610
2455.9421976753760172642438083558847998
2456.6599105062192101018875932110759977
2457.2199844573674011350043489857121537
2458.1804468434980420085583078975197126
2458.4105749655998891281369288617435805
2459.8699220067658484676731404325167949
2460.1732937651898128140047552125764349
2460.9853535379449993837855603303240344
2462.2947444806874660470294779220432942
2462.7759986153105433863273365830543605
2463.3794466901248570020887314456977530
2463.8852000937250498525291371439313390
2464.6625127757564993622846038392561536
2465.8038486379816179989557361426045279
2466.4209616265913013742781971803969818
2467.0578152510954265899739542884600878
2467.5452024190923500079660625363965690
2468.1260191118621671326895882538816584
2468.9264380346771146289371914075752123
2469.8295453700311605860743369365800798
2470.9437723607743133485099047387306868
2471.6085774754734114339240287800838789
2472.2980757017904138845405410873053540
2473.3381316437688926052850894273956649
2473.5665824440020764061672429934722587
2474.2034970692782956244519868006924176
2475.0655571555850373547148353229387180
2475.7381708219633166009809505486273774
2476.2307295855281099369704288666475373
2477.3169295306704714702292060267602183
2478.0084466986596754482848741658578614
2478.8721277650295525710626969205214024
2479.4772140849412257492551154261764642
2480.2182926863726957593514675527932777
2480.9735184865749442627783623825312230
2481.9374290036110210780890647652261911
2482.6623554609373912952306197896279357
2483.3871125829368775105426256329562166
2483.8252851779430688986090911319084820
2484.5041629851175388564247241400042156
2485.4459179253812653850409518863353352
2486.0223331222931238822386411958825271
2486.6924666344815100835523911925509075
2486.9760202050031335184072215307384631
2488.5223020464399590569143027477775570
2489.7115878058950237382087998202511356
2489.8590733844231090974329426413706067
2490.5263997166206318113704934272389040
2491.5130705960467765713319557410376847
2491.8985308319796964435699285721202300
2492.4269965773921380166107254648049119
2493.6669731751594401548428806604735315
2494.1053526632552697636278099990407666
2495.0854741181715610211305233185989433
2495.4624481192501365228374043154603602
2496.1934003664361444664801748037633889
2497.0177735574653807180072129082980330
2498.0609408603713950277358869151742238
2498.6730871879141160321461203516840590
2499.5359025404853700143921345875957210
2500.1070051506742527821993800984338598
2501.1823687925715454508373459553452496
2501.7015418955766782895010889338834367
2502.3908967463479096379524215397107081
2502.8612628840058857137622642493939635
2503.1803937387125062442858999611737543
2504.3538860354011904086269540744977565
2505.2838858366438253247623663335086366
2505.8423986184023494722155776284710317
2507.0657724479206231008235410406888870
2507.3959708204505414258907197251306943
2508.4020177274293140583044493491162382
2509.0012654039939936061648575483459580
2509.6852822320467486769511569928475008
2510.1794420473217733810404852271619586
2511.2237478502024334528917751452135723
2511.8978384819278326980647584055472743
2512.5512391630024229461140794304223886
2513.2712001327557593754348013731348546
2513.9035526893046017632627711103365631
2514.4590303418324634024128925458625297
2515.3838873638910650403756685530176717
2516.1974603044597830681065449553586874
2517.7273481587558834994410483811271287
2518.0765805690358654144923227735843151
2518.2258048685940121738843530982904608
2519.2088138317150679914461509294258980
2519.8396005780313386623440045838110962
2520.6335902962741551491551740087476593
2521.2847896716575361752949302436301027
2521.9172779442766624071186716225013320
2522.7053384202537265692476604015974209
2523.4262449695355700821801590386810933
2524.5638046356802905740288794994225774
2525.2102429786627531882898431017346846
2525.9215715660064566377120303596718410
2526.4001497706386701809915967870204122
2527.2039478894214498064705680809065531
2528.3360680403565315840575688963893367
2528.8105852098159441818723832648660903
2529.5145493227899886392220240449399132
2530.1388707977038941261056796618728081
2530.9695309528106652859133530948576591
2531.3073348943442163737883046140896793
2532.0075370343293639119309971148261073
2533.0324932513913025617526930436247657
2534.0832969265184425027643611996233016
2534.7662182084954407064299958975461261
2535.5339758587305840255303961960031135
2536.3604519683632035169031227625272149
2536.8250202535599657872213797626947187
2537.7344780681112699390083070055947121
2537.9268986339208420693473612719704744
2538.6964065138940101534485606970918355
2539.7237248658226842205788104901680456
2540.7164648626983537765966586741537543
2541.0973975254602928355944202065597660
2541.7925455803785728856470185831074941
2542.3129616645841087617250034240377154
2543.7111398239104973492130102928342192
2544.2078609881861492645206856726896304
2544.9432289852951806363621366203661281
2545.7648071748479615007347545435346738
2546.4969396521322200208322204312190002
2547.1936450108549019252030265021262792
2547.7354367048799663040260853331445924
2548.4443555709608544446504112102904999
2549.0850889186028796798849447419651066
2549.7845030410126718753806985173001551
2550.2617551694631799074237226663699783
2551.6842811334083924408463587003484576
2552.4059083409839335656781939810663715
2553.3222066622450365276459767766585435
2553.7748714674157550089798959054385623
2554.3437175188399991731632249822842998
2554.9170301029173841719223189656485428
2555.9644269418314391135855270289678353
2556.6635948254529164461371892989041958
2557.4884616524234633585338857133962971
2557.8934153975697215067256965340536100
2558.4567927296161291404001086028146882
2559.6860012899759811304011570661684044
2560.0759731060853681681678596655413243
2560.7915029475478007644733156786106511
2561.7036597893431089742627824239129067
2562.8357135930765897550741545454955238
2563.3781803609874341847656819887051585
2564.2778927493051724414485452484564843
2564.7173813446308617897932536164203202
2565.2403164608629423674835952325543192
2565.8947621502081809832329100792239351
2566.8060626280555312099640536170637519
2567.2531737932803952049149740833289451
2568.3078996078347649065126182425770447
2568.9570462710154649094417148156498649
2569.9562525961932040874741403401734229
2570.5027657643126987866507554371701880
2571.5123703373193737598530709573124993
2571.9893439296673019698344420728002475
2572.8498684617310329873647149946015547
2573.4580271085211285452705502953940655
2573.9469103124742142486534623775903259
2575.2376058474718593555048200064259322
2575.7648497976479519349480138350169605
2576.3006852406927796375980911983962164
2576.7309612000573322164285044487089963
2577.6581560446515919625935808571087450
2578.0821540764800696002485838584322790
2579.7320623503812292233717188176515368
2580.4207272112980017695691741394050582
2580.7162607821569977673434973238293377
2581.8908416142438387165671547249606700
2582.0338870607653010953602592302564770
2583.2029109166980516156455830910678668
2583.6261729984806669236685558855476710
2584.0356132159070642796654257400884902
2585.0736769295265959623353199483075752
2585.8635186061266726705115694981951040
2586.6526424894929317919929097979647900
2587.1140624151593838501891589793766740
2588.3203264518469880146671239095968956
2588.9226777514969332060427444253729176
2589.3722807232077543748140919406593634
2590.3098573835424468628129053850929144
2591.3583033815366250960117290944697722
2591.9243348292968658646584468374479531
2592.6532556169085114599440806669114130
2593.0312130992765487833991615811992954
2593.7671990724789753695585495200613406
2594.4990953292901712388620679087164901
2595.2155283247962262753369624629371307
2596.0349924799371912684080456204851801
2596.5671848360891744058733155936636923
2597.9200376902617914867872077040564703
2598.7293852820588602639168421387418870
2599.3241773118913705722562006102718012
2599.8876860285514450590626993931910133
2600.2420852888292390541980648589937170
2601.1704315236581873092645983444513975
2601.9949161042784868637649407594346158
2602.6817649413019679942808994957211032
2603.6306424935506624908767430232699218
2603.9747955680069571196744519711224692
2604.8580103964601513489453774913026670
2605.2917379918547232347018923944787472
2606.3858646032411541925832521234354342
2607.2839387641594844990162015338878005
2607.9063120812512617703924383238981761
2608.9419428052235603704657574532708668
2609.3293273221333755461159930074664773
2610.0927916767198065576890895620243556
2610.8150432262359400742876925175213951
2611.6973535251162973912527732221646859
2611.9265671786020572075530178477227378
2612.4706286532718508054682239738163668
2613.3747571277890332616302448161613136
2614.6287746622389758758990468447154534
2615.3475711789353976004100751809811847
2616.0014547981106157333122769607648849
2616.5539228329097587100315792085345050
2617.5324671106747291030118407422400692
2618.2102725267540521876758126107637521
2618.6363132917126687403731837206340875
2619.6263096183821818227808484870326854
2620.4439631205318816452234292826147137
2620.7097353477474383163508528663252671
2621.8827847083805939128008110176514216
2622.4938701161494513174362872438399832
2622.6617666551757045983324084305086933
2623.7368155689994610599764735659385057
2624.5894858352511728074615375443177562
2625.6920442444167841360166153811905860
2626.3660983246269538547824471652671091
2627.1926706747275688119261647735168751
2627.6624911255925946409966327254810931
2628.2851028760573023219565540313008019
2628.7733243063532630480727185168326620
2629.5072702574406791591659142399133339
2630.5973589160318567628243799538739281
2631.1423188249496805751943469634571092
2631.7504039937228506911833124744407622
2632.5157901707156528223565315305630738
2633.6110077462974957086524602713774584
2634.3342687010505991255319602924015635
2634.9756154786376603060472392809638830
2635.6819940161780531160712807322975232
2636.0318253136678429413818603117007104
2637.5022855852265926612415244886558499
2637.9234491913413881419701273913886957
2638.6332230983730299404036532479975556
2638.9925460183871876920913903601291632
2639.9175475020196437933611341809496347
2640.3224026361489565281067562281216016
2641.2590608500401100966898947318038620
2641.9881394648002775527307124188672898
2643.3425302385593782110476002940865417
2643.9487693725998314981354134526701370
2644.3755766672495466264355008819804339
2645.1656798817220034466099099848321654
2645.9794902970990021610257850365820122
2646.6460540204345671765208206787880033
2646.9490332276552796786568697753043214
2647.9200445548708995079793295284101917
2648.6366577970005506192147998979986931
2649.5397061547529026941712065505583688
2650.2436928881179957541392103556454108
2650.7771716458507444081735255806093782
2651.5694704837022018829089338834339815
2652.2316252293291201942043269327059702
2653.4584379798463767278519968765137315
2654.1281558115212288846998158715642145
2654.7986676653965590315878658850757667
2655.1678444011506932031405636761590406
2656.1961263423380632925862576586657266
2656.7332575486086512317140670656001583
2657.3818738008237856481034202554958450
2658.1006610109489958744009466556029469
2658.4747699917028229462595244537353007
2659.6147401351681869943868976676483078
2660.4580218780083635215688636966211984
2661.5721308790368993284255359148171549
2662.1038917562214285376080988730216529
2662.6479918853151454680799187330068971
2663.3455741658434884747153579687936927
2663.9565415987623511892287553248143529
2664.6926189242392039023465659716321393
2665.6604587848522589095331623198533090
2666.3959690149929724761286776440264408
2667.0520163491318295075379277697248480
2667.3932973891661173313491797598539367
2668.0495593817938922874722061790306906
2669.2398798242029682587287718645839643
2669.8830237267748219333473798719344211
2670.6918450062320302568147385696309866
2671.4740169902299613522180331649633664
2672.4140212504254989244343029600757435
2673.1978569331368196665278211931492436
2673.5368104319616870605921585830118308
2674.1175467380438430841622344628204273
2674.8869054948180527331116615079024642
2675.3871271375193838540415396109648218
2676.3140503307301887207535241647625297
2677.1945443116718072414472778942249430
2678.0458193700064693732222902173821536
2678.4261097599762057494562530309552642
2679.7669964156381189785137180934452624
2680.1797192946233080875077071447539755
2680.7278254021791203782781677107997301
2681.6573024574718687982467904824042958
2682.4879659235768846800960728049379623
2682.9473978055050441489511060998382681
2683.8323240624388178142575330628218832
2684.4303130687315872544412158104284577
2685.1774064233899479032524048076807896
2685.9883158498276393754510637213538102
2686.2537078650156858076841368265258764
2686.8439989277369858793691675709120149
2688.5350282122984117811708020035569041
2689.1959734057867823602388841967645558
2689.8603413049963069663099596782768565
2690.3843686050407123510636091674404383
2690.9777622336466877948616396402784902
2691.6909848908766940725159002820834005
2692.4966624946977444182149674205939612
2693.3579214888873372431891836192941651
2693.5161999358867107587684773132458270
2694.6029326247888137492175438368543772
2695.4792143186656229382067601139101894
2695.9779141189325949581003835153078427
2697.0229743488775570853982786908842721
2697.4787418162608171715948175421904000
2698.6593553763146374012509235195108077
2698.8034318367136642463258087624756114
2700.0341976684037110365614919795708193
2700.6805977996305445389092598428643138
2701.4370345964704230846575020495540164
2702.1232325824933759282373364335714560
2702.2744050008068125416033709503778382
2703.1333456789942351134880486827324517
2704.0502576745742449855689275743210320
2704.5253374350858981500266307801029471
2705.8081117495902506628708060432708718
2706.4058266691670482483830374369777553
2707.2027673782034905446223124576614568
2708.1182905815861714412103290428169763
2708.8518069071108374310637938266512530
2709.0371405335711539780649715317221926
2709.8280626988996110085829064414265696
2710.3889166623691179000402242041297651
2711.7197080721397291214532203234359146
2712.3490723115653372994937211519582313
2712.5357299408065754612656346361772349
2713.6124649978084617852648496982399329
2713.9667956624481147777821665774924769
2715.0253844341150344502226553080174118
2715.8788195906132055003388708191426075
2716.7376634483334475795262060454892925
2717.5254374162249241667118375567079468
2718.1680417579160368934470906132230877
2718.6478844831501063709716179548833462
2719.6180409041513633503945647855408298
2719.9868907281492706017588937226235235
2720.7835313009938533737381575683177894
2721.3258862261347112949639983678067309
2722.1859807344571898504093970639971811
2722.7351555675186155763300453252840812
2724.2343053196585145719302852214545436
2724.7422865956075822790717055740532161
2725.4202823778955488904823898260652951
2725.7613382379455463493828929488549922
2726.7522461418571686120142749585269108
2727.4674793435568325288433127860106437
2728.4388828370581737396531998894385448
2728.8226010463755629907139699642126646
2729.5325082132233324827443725104855174
2730.3378022139359215951564420009044572
2730.8861411578553142375847919643370886
2731.7509333119890668353900567491593119
2732.1748999408791356002888907866490965
2733.1475401527465698678275127413585023
2734.1424964372697488176037046559677309
2735.2956482447538899230773571167567207
2735.5471518696436603110890777630090288
2736.1519495731935344876480770929360928
2737.0522906475554036720099805747593145
2737.5070040732597680976766540482552125
2738.1720882456099438304625472219734174
2738.6561096838468117807653283309080277
2740.0362627840534116591496666373150765
2740.4231817333515316436909712889259560
2741.1420167647824966194247875609389867
2741.8434897021478119055265523765962551
2742.7817868893758084761892492226941464
2743.8396437341659853323667851183526745
2744.1802369885301118575737190953182044
2744.6792136955026259510079245328597440
2745.8158052753940635678885346332332824
2746.3902085891255707563243236409937353
2747.2467471047799463977668153347378832
2747.8807969366224463990802736578896307
2748.4393427800627197596939834866468384
2748.7680280712896585165768360480673315
2749.5501713118748641686222239157763357
2750.7076265392122667850203666940118281
2751.6172406630116564986551915175144883
2752.4135598830240029777441852813516635
2753.1845840200876832325781623067414112
2753.6057873806525253547948259568676312
2754.4877751286990634411324757028037716
2754.8921946745711719404098450219328702
2755.7461746075259695634303776400741788
2756.4526914056614179454743896432327111
2757.1965638444910635520948860851364275
2757.7996867162852273004364105698108506
2758.7067797590345642934121084753079370
2759.3692667272367078411899082579110320
2760.0355585286538031924964521660583552
2760.9433445999881413536380993111992458
2761.4240066697753629777660996458768424
2762.5787036093304843353336364212101436
2763.4269434454035203256752056112525887
2764.0565025349970601153964246824561157
2764.5454653619026674736063582024716583
2764.8096784372163007420198947882469500
2766.0115142771151868689794148025122756
2766.5703175571148312887436326475511757
2767.1733109294467598083670985619583137
2767.8096641473412133550016670735993527
2768.7739077112386109653288861804175579
2770.0355800993305898362263577431324228
2770.3948171083618248210942878952065835
2771.2500899807545129010059339433274648
2771.9114562206018074817395997050103219
2772.2914280463445984398335740712526509
2773.1221142761422826919784488140454000
2773.9735648930975747424687331685627000
2774.7963637661246111581874380718549395
2775.4827262958048508622481037676986063
2775.9719617936081996644443206465777907
2776.6998520771276835298531490430107105
2777.2317812515068687873940064223390963
2778.0711426021467355027611030400554997
2779.3262986009000052248395047661520693
2780.0619512919325585763509750955131011
2780.5083892865775659376511854028925307
2781.2270325933424973869479363149284876
2782.3425640489131784397092388157754734
2782.8046367606697100134971094013507572
2783.0100767811197986057582528103236772
2784.1384130981525439374794506758203095
2784.2480419979146622652214177379391203
2785.4772811512877770655849447831075591
2786.5324233897444365448697030809931587
2786.8303920103507966332930159162895114
2787.8134048425391961594443502575130718
2788.6792335383755716177099458423032503
2789.0345858079867088631861996750399334
2790.2441180911569529378672421360293283
2790.5099504968097115387253203474167977
2791.3809899889835961418474192538038890
2792.3625805850127174948258801126327916
2792.7144265656022952827237036559532900
2793.5045601912726520208571441749048889
2793.9977649590728929749151045612908220
2794.8780237886392472053309842479895337
2795.5680652433670192584741898026401538
2796.0041123735414288500406514633076239
2797.5268047594088366491568349226388853
2798.3275312007364972496806826606928193
2798.8186789148725458257598201959993930
2799.4951045952758897629077031450514837
2799.9590107219054920793310359927513398
2800.4959414415438496148092825801181903
2801.6031347000049046430357555009233465
2802.0834187288796801487517070469437447
2803.0142609251337045496415587624851318
2803.6504894028756615152232432471243417
2804.0572578860840314735169143663367794
2805.1427990506047553223572632977734615
2806.1938602757020448201532259899550204
2806.5262762538473994829086425848018543
2807.1148818275540785048344138091055681
2808.3906911196283879421507259012788073
2808.8274787965936275207780091747149194
2809.6496600857369281929541481230118555
2810.4285138135914186367670538944413113
2810.7639134100086583855705316381676799
2811.5787561598989059922539111604917043
2812.1240298450502771016568503521285907
2812.6596288381045173085346378387702493
2813.7498971457071100610787205163327020
2814.8544904911261507383717277624943384
2815.3944226517729169926196407637189305
2816.2267584733180409639382156046933549
2816.7932724966755294377829917014892797
2817.5747115656321572840001609956086614
2818.2613181576868669439058386156097569
2818.8791330695542894495979800061989645
2819.3485601903108462346864408732538629
2820.3244781920093497839440218165282489
2821.2451059090700305109917892228186013
2821.9273011451221868940819365452695206
2822.3154575114273973347520166269206768
2822.7875323009815371042400873330614424
2823.9727692640467738092782615601681841
2824.8538569159102012903912423743959668
2825.7332334259607611889241920781587276
2826.3334558976017907402089169636370281
2827.1432783460264044581897454882211959
2827.5098756125217833542931959226744897
2828.3467884563254736797250537693035946
2828.9951827006306160478053457849897859
2829.5583475460042164275744612541061745
2830.2906437940973380789534275337072449
2830.9937176624618952139389187959417083
2831.9082275654874958379967217203793816
2832.7299255013077511234889627528280333
2833.7331173754304566586996859331619413
2834.2980285670478963963346861100871734
2834.9958488286133491113921263202313407
2835.2905853057360136470697182960071338
2836.1512568745375820485081956036267843
2837.5217912883125618952666541234303770
2837.7991198783842731173422371988392969
2838.3341113381997038125891709695514261
2839.0026194899394059919399026623299535
2839.7091304986895610870475529035353407
2840.5329181386695160849954646732009332
2841.0958165426696420581273822569772484
2842.1237617159456483545709662858788285
2842.9193886635548117793239401406807927
2843.8597797901815232094939756191881898
2844.6842810665565609234737346780762282
2844.9351204712842790825931748535566347
2845.7675507789308057873636832325830970
2846.3592289119050714971953563176744877
2846.7918700756254376810074098624712892
2847.7783074667688110551960017828954379
2848.6555472980127791466830211319134457
2849.0841983832181621703128702600358678
2850.2326338418014386507932356861082305
2850.7351921867595438266063318134603278
2851.2875264978505234702584937824971551
2852.5658191044663267167442734773676487
2852.8733830219927016736150892257850766
2854.0466355692531640473014088361550025
2854.1943050865638329798217469631498570
2855.3226653307280539876091511901063291
2855.7254445242616269344785552564533527
2856.7763192791710303015744322141301786
2857.1290370528279405015672614432166526
2857.8397952144385763720495086276716085
2858.1899145731689490068669969977705019
2859.1739970864580312537815399000065855
2860.6884490060998302105095997337649087
2861.1858299269796931096526140292259772
2861.7832050731531882284276196737143084
2862.2590758355595754313252735147477371
2863.1787590507937245090023406317464635
2863.9598487646134444493531687538810955
2864.2226553486009143271129926515845638
2865.1297571532243618838339380735000387
2866.1453515031275203134362459427059215
2866.5345257717084126581247270231920095
2867.2532334435072671850861236216801001
2868.0100655070302993330571140601950357
2868.8709925168195358195313848888450230
2869.5380954947675918873206614248457744
2870.4233591243857034666360770769137167
2870.9550160520007872204637566972846910
2872.2185874636153295560644722549846997
2872.6747408697496765660053660200521457
2873.1968760248885119772390344296533305
2874.0399049701757112555179734230616526
2874.3762931184441812187841953257944851
2874.8945054065632263826143061001183940
2876.1336400568614342872012125125888531
2876.6509311301502324104338340511867530
2877.4153631005975354980915310393506578
2878.2719832676831560221298688437267890
2879.3761178630798189644052750993334455
2879.9822870752129574342674875249057456
2880.3873698930306891899941385349091932
2881.0774160941418618191907826170317787
2881.7898021329186410811867384590471096
2882.5441469392838839521284708160413723
2883.4846110325695367744028404187947213
2884.0788492795165743516647217413400005
2884.7725746349620906441660528059023161
2885.2059382802974253449211835497541033
2885.9626125350183260922071839692004183
2886.6805650616724600731583000733325452
2887.6718296836367013684826453153177942
2888.8046058252546934330098391177419284
2889.3348483846474610521764194346122377
2889.9646748880902124696590326207838066
2890.5614283695450815832522091561871345
2891.1745948977443345891957394640641928
2892.1530116462263084938132180555170802
2892.6333437036340566545822790059971470
2893.1177603390878313730316497771510611
2893.7261344598461405788921331090062888
2895.0625636081240825366303980042431170
2895.5568158466408196406965022324185721
2896.5466009028512587496132531801297480
2897.0124591316475411354005689106521640
2897.8260512890060540271553832340640190
2898.4118709402534819063021320995437659
2899.3650975896717364495545829182424650
2900.3032261930112120740100440056653291
2900.4728511052604410458270701413036786
2901.4399134103806563758579370350816267
2902.0743491140181227225705631045236591
2902.6409239070525177628476792372517547
2903.4501477311467883359300540681272211
2903.8898857554084048431601848148407746
2904.7438985710255726413264727464946467
2906.1806585145489733799509848747036697
2906.3769053154123705767921672337679916
2907.5205588398564611256636859375982934
2908.2299936042383862577202669064748584
2908.5888848635013642640618772473446982
2909.1272622811846820667045039668388330
2909.7394386314184096244492176469771622
2910.7686826911763605126010035909262274
2911.4432511281325176277548506183189921
2912.4286614066439072707918500870197915
2912.7633673682008951179661817402118012
2913.2444787835014992113675613529537952
2914.4162226749078779590294136923844857
2915.4123544449208093815362082072350556
2915.7473224213069126177128017423771364
2916.6693574769471114189277357429100894
2917.1907114668530731080180597674166354
2918.3870218216096731379388244753130635
2918.8063750687243619145537175133410596
2919.5676291844037632876884932243596985
2919.7510535218568647935811546163257126
2920.7401228887364640357148814960602422
2921.3562766540329240722783444029350538
2921.8995072166302237665032357856011693
2923.1326759745876324534655894374384157
2924.1837444111363550874503501617778304
2924.5728682766920817353443029096209433
2925.3006485584244984983495876024466419
2925.9584708236146321849635063097403108
2926.6618163736060646229549775266173303
2927.3353757921485227193043451642759292
2928.0705399411521323106094533516123885
2928.9098005109246693765171813874243579
2929.2477902951223744629801496707945524
2930.3524364940798836795916586583484175
2930.8213276362586298589650439185539327
2931.7058590785786796105967530142771541
2932.1451286076791776781643410716944130
2932.8656237273054839971252256968596741
2934.3423135430338075280497954317606921
2934.8804143498301711569498986645239840
2935.4621448412427831991037868924913915
2936.0308210086021812307829348853578614
2936.7617943367183624908790107764417164
2937.3541623434459642057170403909603219
2938.0593194754465291263655361137356618
2938.7286380354903095112317786830838301
2939.3769721839946504370616751175818349
2940.3205134591120984630386851633742219
2940.9151166276988205755966136269297321
2942.1934825108881529742879145517918130
2942.5316933226707534136319947251452123
2943.3393488084696883270640292530682764
2944.1439329215911307973703921759191483
2944.4468230888353022908691405832634897
2945.3573129994533376017378168846352920
2946.2598489921275414182367259172506641
2947.0925383766625714841332534036310187
2947.6353791743721674472658426247158779
2947.9306885760594945466553907637365349
2948.7479980768342599883453256557324675
2949.2691301740409913554961314836751789
2950.7186760417392556280501987146340594
2951.0500360043920577462151490775432003
2952.2353770642584644422181042929045282
2952.7577631640268683148040980778404247
2953.4466930702616028920202687818745501
2954.2480831173254054675079742685505405
2954.8397437963354967369186175711032669
2955.2700481343346054571308837047223483
2955.8223699987001824547401540909710976
2956.8602434732670989987769663110399801
2957.7024823141390519839018344445110671
2958.4091473732026063173663652423899922
2958.8433512730808663481067249596757083
2959.9532462469064447802796870930580250
2960.5174855057873889904634299891732392
2961.3347442899457555905221706903689896
2961.9330863193494173212496309012602404
2962.9950378220592037794662787800781993
2963.6287926033409786009779490595560352
2964.2036371490613514369006892476680098
2964.5295156453591877044566319317037349
2965.7579544189700636098198039270460047
2966.1732760073957222259974657968584026
2966.6848679609352311943523830492607353
2967.4150363852408175293173780819768858
2968.2228167849223364366955874495856576
2969.5788978989562832477683559294344235
2970.3666833821627762220844393526584858
2970.7856909588638456843817024353988387
2971.2751929184588226574486596928346107
2971.8846039956208025553339072053613129
2972.7896641846950364514197660113334560
2973.4248290353054720039484975661164848
2974.3653155177408999326981780478959093
2974.7990757011534283413098086926416586
2975.4828548797222394254494641419964418
2976.4186863745663053354296471192642833
2976.9212767591763228142418631122205720
2977.6015934741574374017102707410231648
2978.9636102882521203983582564247481395
2979.0291199484579814618667099103539411
2980.1441026214971671682185785313007686
2980.9937711925316966987295272948259735
2981.5364292646581874114987669113056473
2982.2542197746461433372478818077222484
2983.0057060844937299641145291316819650
2983.1173593112307751629193890310549200
2984.2068620866094397100623257024591756
2984.4837933555836857141933971283744460
2985.9001783341197264828072739110606947
2986.4674578669186252736656381933459728
2987.3319633623126128914585022870051796
2987.8550672808863025802830481408993275
2988.8805028631250478374215116153119955
2989.6031139605682485047482725335492569
2989.9713932870063859193763102566022712
2990.5469862746565243137807539088172941
2991.4940704442230170113333598200800952
2992.3631329559631799081194617565907945
2993.1206208067312401198465195583051940
2993.3643333844018219819566676644588744
2994.3813259772987271434460081263262069
2994.6768927320841730245652082182514288
2995.5270895666607472568630044486560856
2996.7132583348593093864415065385781592
2997.6626463877241458984670212343074951
2998.0966856478160470053525007698780979
2998.9328390401261270069959446105038959
2999.5061307357169065566662144394347456
2999.9666793666501945694917242922863806
