# D=17 L0=0 L1=1.0160848338428407521946714126167048655 Lp0=2.0947125472611012942448228460655286535 h=1 w=2 reg=2.0947125472611012942448228460655286535 chi2=1
3.7281420850420447913236786325856393304
5.6355907582091547668150421442897005091
7.2828328595342523146250399015963759356
10.617320092649666911280388853479226638
11.977672992414602302152554437129440405
13.209807299510374523623049754943795814
15.643514532468074372287370378015296515
16.268483207678128056053638284020801432
18.681633236191055643020999527797388416
20.427537992125272253075325636427392214
22.200028093892264290603734681987647347
23.152055047694741282451931230534302142
24.080673662839181440958833964353488981
26.107272098738978805398854175757494183
28.137508385509132326329890004198659560
29.196742262702323232964657121015403863
30.668883031682812303304896103570196023
32.004788702645173301929206658261929215
33.335446146592823452081738531186818771
34.649603957105146560939758493718384013
35.593218476525799373085877482611252374
38.276071254103270605006534306165960679
39.168235276432069891703896431892205927
40.023602018064855611356970559021209260
41.547804857729292692577600651658045922
42.476476050128062494193672099936302080
44.090557498715349451942402333242169146
45.685541523545481278639819837518858819
47.030127475315359344060479306222174231
47.995215845558995093127283176055542744
49.855016804802032810207950472487931177
50.613696041061519794695508204715027840
51.760902335371375944410449938503449292
52.536449483992782834056924177162496261
54.748793967255925302012398887437135700
55.961323151900391736202613019517603954
57.628773714077878214452756333255120850
57.946993461890333777601491707050567846
59.116025692148625991303031045778683379
60.721439340122514864996182393152814101
61.967815928238125597391256872343619682
62.774869149616457581072563933967745805
64.545384855699525458261745861946076998
65.788326299631591214883064827858437182
67.313998981906630666528930267875635538
67.794661185916318367927361384364321676
69.163798802056074967513612550600999406
70.116510274627878556203335718061766087
71.055818879579424391810403516737960078
73.394769617548921510509369583937979070
74.304378098456369063709661449208658392
74.969254409570029615476302645307105754
76.331351591742411633586166440641012056
77.756205561651794182700065918571156800
78.476017549928969104380355281481302938
79.703318239837567714970564904749824028
80.799543853853361971175213572442095855
82.106183730124222026024749405668870414
83.964716411908694841414602886013107660
84.614376299383767108887296783154033203
86.009589102601890442769606982888546203
86.486879676623887012351281934624664376
87.472294403989316610706520346397320172
89.170539611354069366428516581614069133
90.186946006697296633406743515320776359
91.588151792309227046314825338834298447
92.794265593146358748825332559902426842
93.739709400233707678181588032031922947
94.675779104240667435560742062338520332
96.350650322169211958384188515189003177
97.007051644995200669771524217526520646
97.587502836571382816263290628530998284
98.996885295345113801782330712789723396
100.93668786962812792242718537606190721
101.98800579620709790412610631538821771
102.66766775764921172279902201389403865
103.89603371690309225943245083413028339
104.61756455380264234863067335616836521
105.96453557934701863314264781021609480
106.91158341598300999296500602550402358
108.22386326403325389305754932572876141
109.76853417816630243693863499523188638
110.03607174700666989099405216406814931
111.99383257694692551160775489283636817
113.01909563368557494069108056134975339
113.58939370610908728874399874008135649
114.56027463490178469537633946338332796
115.83719554616179148159360849031350480
116.52096222185198520605158188409623048
118.42130198893392941555473825730433457
119.65866525104202766262571357796360412
120.51740781900787201184803777755153884
121.19616217779509394397936265367549017
122.32778322695600527436371042079540096
123.56477983076765028388871678828131321
124.70915145844280282535557601451646502
125.52356989861326059022050354996970453
126.31864724319688417432054649046408631
128.31869943402983151737198385466237023
129.04561407322412964797418757149599782
130.21819111623945133950532335826926592
131.28581696506146030478342321553884056
132.08533607592832660324479109555939552
132.93806506225758474744744776624439908
133.68408008729987239224047380989544448
135.67830970589764465675039092559850333
136.46223094230763346861024178422777498
137.72376057984002433663117830975241345
138.56764513820148573650838242332236162
139.52761630450032893217699193524336657
140.89840441614816649716614253353145240
141.64284701517727286736531535182237727
142.53526674816829326825581031050700655
143.69948378166018437669228657284115190
144.47498562850114404650344712462773070
146.12542115614924059618222725732752646
147.59764936605034593495508213014529379
148.29022310410507606717970118190524017
148.86651456942002414128481161221964439
149.82143070437885934433757717512345750
151.08704178129059086770585705300003135
152.19575345922920455216071076991282518
152.89310259634162372317417633235039378
154.61588511021409216772109447431410541
155.42328060726229340529478058402355051
156.33961490811110062467071624938765817
157.55884960981494832533772729258989201
158.68988962628117096256719357326282634
159.49736697786566753309740121715495457
160.51153354585654827153699684004175960
160.91165123938136626345166978261032080
162.28391575614386493731261303777343428
164.13934226125230255031325960552716823
164.94974333047197357133989479934465221
165.60070841513351949765842303308664875
166.98027636620884457450900871485638823
167.71128198184800861205079882894841762
168.25864318269083551220889225440094555
169.98913815185205742070784958469996150
170.69043714637051438343817754115964741
171.65996173019207096364594746181319456
172.73502699967359657410259580371764529
174.11303686098948472128329573968380675
175.37979952274846343924922069523139156
175.88488540224000209961657167181316885
177.02693302738514118314548182452493524
177.85745779560617275630266004638747159
178.54111897274369866107588473192090428
179.77655192433006437529970890686954320
180.86437309092896929255877433957229630
182.67121739321428518285469241820686743
183.09015867321955318257274583270105017
184.24563143927940092162074335096733078
184.57804980039270785955357805652844626
186.39658171906538276844561652875744794
187.09982684155130280281390895780478177
187.95353149700590800799165497347677254
188.63636663266147170816210852662369654
190.03680471824725704890091220735157899
191.14645124855411670174015540581177662
192.39655882369538177161705083585554312
193.50397580537891091175053555716280896
194.30529695481289625963410133216887914
194.88432288351945098936535509791893247
195.94394749578751772131888295392796917
196.73862664371107402562577566293172966
198.05383655588044435543053062840691821
199.40267775532968066802817619770698070
199.99347631413737321446511614850561414
201.35559505862246238424092579794662656
202.13370228823529376900668976561049886
203.28460580516124001273686431787319239
204.13201171550100785931879024566777673
204.98787848350286989891643893962080821
206.35581011201964088809813556825534932
206.61973477431978014738544080435957997
207.44516389103841749591414941251375680
209.74295952566694369377994867428529731
210.25595097610140804335852291866057782
211.20277230874276597336830559034312557
212.18815882102012148672728357910927134
212.71215885421065248398061090573603845
214.03969631658752826244935129514883084
214.78681432384917642088962751180220797
215.99164529599891788729306787271109369
216.76052986771329554019633283632122024
218.13207945332379808977746725671817431
219.08354194524481219897829019414430788
219.83683525259667179032528097053384722
221.27876700563305424231591779377417418
222.26233186448012594737357870939954641
222.76296524165268813575143122151379896
223.39652899217490823984546873919261206
224.54799890046934815229203268916256281
225.67697546655435843923865722326099389
226.91620862845687173278411661627619445
228.12880648470367189604266175782479176
229.07812700743101201485173368248239734
229.72248542557361616705910577120390600
230.52453107053375511994297379932183240
231.55583959548407224084201390801461936
232.86605158705806980831605908388522970
233.53550381740724870700739597933563957
234.33082378784958949976696655754935155
235.39504720461691917890655979688543237
236.51857262172618847545816395131831993
238.27137994574245500501551062784689336
238.51524267201275320864734581896141572
239.42093138305044721253749099128215960
240.49317470091401476435315569351340581
241.46069049593077872069983138910323994
241.89202304784260772605199794747784827
242.99026566557500335149988862871782954
244.45189348412501062667879879186391301
245.83365223493590352011990455260546650
246.17374578612605074733553123912560561
247.03736181602560153207324491000122055
248.54473937577241560986794706151356749
248.99450481494982107344321981756061426
250.32498858435871368905213764767888729
250.89985148654858304555221489271512224
251.83640602405134007638029074013110352
252.62688825028468180878966797643516727
253.91625291223500603527116024171783105
255.19957787683008109230504873785836014
256.28836693879177128463140066734114071
257.06932345457362952199716186464836504
257.86763793609825521239145862636435047
258.50182140387057525851649443924318112
259.29993137918947192483128400392116805
260.92242448159806281279169542501780603
261.50249667430899251561438622516289458
262.32785810816597555396747743214469591
263.79169425441780510128677312711177411
264.81504371558330280234794111343507915
265.29013976488358289714148549411860655
266.56994781193333124835755940567652311
267.66905695061191206668250578357122703
268.30965007444468947734499471420736277
269.04178754533468103314862259444758262
270.02150550207926342723132577448925404
270.60700462168787348478068203734124206
272.54667096564174288540934515218897111
273.40934754581605424871905307310296664
274.34353917253704473511852760312717193
274.84333518770956662336761676612155680
275.95201401823545081326729321287817043
276.79400343507986227993759982314505774
278.06378812599749594367621632653283280
278.24546496323717343290237244917139711
279.97875039479074292973647488314877191
280.48497016545293959768480318775810030
281.45456425323807126809349438156611046
282.73457584540612845937397365761939337
283.91567235359958012258483552367783245
284.82414082570645053894191799456408482
285.31752266374533145448128548779933927
286.13620638100267814913839254131987435
287.26093991951565975280576224338115322
287.84752404968263624335362705506115203
288.95577335791664471144534895230202603
290.46134123353637540152770634773661910
291.20231932975828865479612270976336737
292.32948763394100818696609662489192415
293.10801377020166546964782405927520608
293.52797605214286425563119338611894575
294.88211327519827673162538146952332814
296.18014613329905640559559575032579202
296.48017407206626164932166008212457073
297.44380896893931697855563446319195033
298.07581427723318016434921525137120663
299.78172171533631864992500611383440145
300.74454052852327241928905871127437714
301.58058310308048377622496895114686991
302.58969242878366025421866096251675805
303.39303782275085313465033116032313471
304.33149681728111758089700606581276389
304.48568570414920906512191416051530533
305.98790550634516958482842733228081045
306.99740767611237934400964375297563916
307.98036076337028342271896230170457700
309.22146237828668559925867227342732575
309.73497419725496227201718040743923562
310.75436858055280714720559831942731449
312.00550287605158705428860900743692624
312.77365108590634062243547920077371770
313.37598057709761220349032035135522726
314.57157002201994863783859149682058079
315.04242541336510412934048980750628952
316.23587371075884736446184336863708188
316.86609865051423702835442129470667728
318.88426993339809496148800333948694243
319.54759625348788088562792720723419200
320.08315713503234626547214528851627792
320.80481664190905091040775937012452697
321.90372247793806683969227343865949450
322.71242392680816593013661567929399205
323.75323033016005864578173748190222098
324.71948524993573253303796993137841372
325.29938577327860320794703306048335349
326.78409154274363102277732578717450403
327.48116909504830458902171306483081093
328.51447199701024972000293564990999694
329.61167223235572964788855005284975452
330.34870580319075203276140611054698411
331.39043580115832170589884006356785959
332.18265856235526255911834951633885949
332.47975089831052356387995078255220546
333.48172504267734630637987654949099471
335.02564695573695102373559426192406564
336.18610738996473074102051692885917188
336.69621761779760328084065608440889241
337.98423672736722993945214630530007543
338.63917630873935009958662675403966260
339.35961882981010255783273143325584163
340.25917568375761238860690402989712494
341.40353929385339745280805434724815782
342.36145712064459520707515060402064100
342.92424506250110630064425712909943084
343.78946832972758391364696737332634325
344.95108344482658559376251823648649396
346.32428530565961851712952029073705826
347.07553560536185106292455873944722567
348.12625346143368434446573859383165962
348.67643889905848791546166022323504621
349.23847292334043325848954724318677548
350.52876799070299150783469955998669353
351.21814259292511982669173112297401472
351.99544337833458531240163331915876937
353.37235401590974638536462653949848613
354.75069240428651249659910398469049182
355.02465042458744605123829740507084080
356.05447773484875348833454728215665216
356.67629909597622831318715731672413726
358.45166060414241943875457826241162381
358.64750372153025979337532951324506429
359.47441506962828732518686747659105306
360.32929358470905241789700083968459936
361.40665359299106559747015274337773699
361.97549016405798209106351917818149841
363.79352819692194210241382902837190294
364.36904203822492313020646940661044819
365.43979946972448044859353588482437442
366.21965198356963934374149561378202383
366.88671085562172611285763807031339577
367.63841565153971116962514341743799970
368.46823212891593746693562378129823019
369.73199093953237936350474138853143915
370.70352427821939702505579802876467102
371.34652132940471715841872937902463507
372.37969582898984947829349299980153816
373.56026843795317850999362772692360259
374.49999084639192065724893887787046106
375.09854039646067296668360549476804121
376.15775156374885111223822622988691215
377.11589128512479679491877237218260580
377.72247888489535598725241287741456710
378.62237883083393094842879971203770621
379.00142478999624350394635105739107895
380.70063328184051738445807677875681134
381.92827502669736161625315213740790359
382.78402080820277864424712898919473000
383.21249061585634706073034960177336053
384.22401960142372926773710562722097449
384.96779428682666920948395911786018486
385.97712272000897286860741315767524069
387.02805392321880725652782449729592738
387.69122845061259759568237843212697366
388.35687469449378693414521176840187656
389.76558470781577923718413129977775119
390.59908700385874617810609546918931495
391.25423872752999020607204101741112251
392.87883854451635813645787744210592622
393.58849890210503951225473917504414438
393.98227759227297451414787016996599258
395.06445637024914069393991029038697210
395.50062086053620567819781750221408139
396.60328288658027803418421019201370152
397.69190645105381780923088459673604947
398.54069611215839420593037049561952876
399.91219175301703225856165489072853657
400.78714765591210583269049359944239532
401.15646577014586375346430997362785467
402.35119009927357536068163951649551788
403.01773154930267568880388649052814495
404.07589575614790537171684582482523863
405.00588998800876510551606178710985619
405.85751359138465879439864279774370085
406.42330373065934385139832494183825835
407.09600859684663059302291103693940308
408.77432004838704863857165122661643113
409.91009299604952775590308712442629935
410.55457887030768083044823083215991603
411.05531191775262646266871517006907411
412.30091392128050572950381298628716434
412.98350299109308001506457695605036222
413.56985514822421036565118945172661967
414.45561581428057152591644554218370838
415.65032125816528097799662120026722606
416.80261241078015101284000582504617653
417.42654810071185756531938218452627932
418.53712877413959223892036314974930200
419.24355583374690550412778563946850755
420.18619210917604650277366171295746230
421.39062090012468647918908559704803561
421.97434241999322736968317896461054858
422.77176888291840981698243403368657410
423.34870027353898636951421240338243052
424.53026607233619529519907051673920835
425.10758488095490490766881801950315978
426.56271328604894907690689438574256057
427.60391343353772746714957252948539792
428.52271927398425418874051189925332804
429.39913301176305802880346583169948314
429.79708965505324717609481760961860873
430.33469431537122302055953103787502605
431.88995937177031897379359056112640153
432.77177606689828141115521492052561311
433.17441233408040585562666776973955091
434.31169555208115070748194543336114383
435.20150116599435421326711207731744876
436.48024108975718626756639382349770514
437.02339393643909971489853437629334540
438.23425009750477560919637597610862964
438.95281044634016924705953707268471222
440.01994396152909820897284684222387206
440.37296770481558355604057285689045931
441.35405996606204067972673424390214636
442.08456495784714422684414026157466960
442.80200559105452454507903925652015941
444.77412991910166249359998023802623468
445.18879169506159364197078702079518371
445.99951636575275986543501694670595971
446.82317059582194642106732235956151924
447.80816633006143441439807214312001610
448.60943846775842132670169759087090162
449.38513164011443486433799275072335118
450.26224539220754961340038789220213045
451.34106143817862561560468857409246364
451.92432022259382085774658306333649819
452.76061989164298179947486675413674946
453.76940103242648778608274403718708010
455.28724436940588146719367947598809257
455.88934627447222963605617932967026051
456.79835090493225268359465102427612416
457.33779652702101243778122460019416955
458.27269108585042212736731142418519748
458.91228497434038612027435706123940321
459.77144100624419899632542933598655486
461.14982115055399376343324157386415258
461.50984548397981802374943694481925905
462.91706412317718196033279199238789181
464.18534628620282857815966374913063805
464.32019743854586853148261450607558177
465.15995166258239390673159061865711398
466.34154690825198436159183062161707860
467.28767591423072452403233096129104226
468.28613044328112352161452582641677478
468.68041040978315423686177708689464440
469.19662013814777552068854998711751727
470.39135556886899572427666299006674728
471.64258266873055116934273064130487945
472.57656772697910911770034308657322437
473.72092954190026846127578505886051709
474.24792302466691870595833941982964769
475.10815431709394549750403946682345027
475.76002329946805107533071344944932121
476.78500688995864296309827660672865153
477.20293685585971982418102667056662412
478.74012330844684725841849863443497492
479.21241105584527796806865823589025593
480.35109186385280726668099031819696015
481.27199463265512805316057586647142939
481.86099311952324461564866309191527011
483.29321825986187078119743065960846524
483.99385958417616386505674364526846206
484.90675394405615651114353526142331002
485.19460239441216145851944523353797250
486.50824758794070647454803280516435986
487.26219237942435095244395780192236439
487.62801938448479715808812128674621220
488.71282667893650022477329389942438851
490.55017890389748661482211765296053849
490.94019850044691383202411993834523954
491.93925481206330931024220959355333078
492.41984543438613151741325021410562962
493.35636130233160619697474718466269095
494.13614495329916477879847168732415281
495.28475749469308417894211621464089204
496.02913878544494603470658877358570216
496.70077614274312860325626087215619237
497.57022391355501539640176053597858573
498.52155625830039699527798793436218197
499.75607350807557369076323693810573326
500.55558271716623083451073263581732140
501.27058934972036948407591756261840988
502.67366647642083479521060718089886081
503.05373645299647000605489613012494142
503.70297664639681875591939134726078765
504.32981055677629705424009522149809643
505.29717855454250002828048627589840073
506.48703148879611947945119435605047371
507.41322627851607940152560863705845314
508.44357623744299186518946922975638970
509.12923628093548849304880595543164352
510.35963960355789785789414255621783918
510.71686741698577516747932779770307558
511.47131906561514915649834962594291050
512.91399466216562258465118524073118280
513.33338137324483267843194594738937757
514.15618400562012525073502944436940818
515.15999636256116939231003756308878513
515.64709010573814467831419114564924571
516.64074848424506215509412031052401003
518.27131166372370807455180639936150875
519.05015214369118912759687754956079978
519.65548377714457714506834619538104076
520.30618080931180157466450105406813335
521.13842356349081142508290078936196023
522.02076792198552547888810205381223138
522.90953351896848671356761180764855027
523.56360951139966123043474999929799709
524.52093974230897885458434377599576671
525.84663426706057971838519493879535256
526.60886048804522256051677461431356127
527.26135942107920418795558824013523868
528.08684290989507035031887964015645645
529.27405969351234962212269378876675305
530.17899306043357871062832314810201642
530.69871914348303972873142699550014184
531.59978674811344633729638574986415291
532.36589140696211844164269825008866168
532.85231810151528643885861376174220981
534.02954371379155801255742453201118860
535.29484863619655794912528880832415842
536.19306636912872630766767844883854274
537.11070927426602967899634354275177477
537.77804599219674701418968723950682047
538.63897915295647333324801849757171468
539.28709710019998391605624211657431697
539.81482801976494286598767725204883526
541.23976493437622062402805446517031067
542.17165636443160647296617240957636870
542.72014685350111143123980651542907246
543.19253055004982828828687973676583186
545.06137396304539787677220320322391649
545.24396717562773953405420259401212360
546.59127612361663771655742619206381772
547.33736321651751251087537888512194503
548.01170400683733720879248353326816617
549.01666331426718810835695769682724664
549.62783082175026460121280071298868671
550.28062208582093465188848432471950044
551.02427554583425785558783472796475796
552.22775430722156965728716036286777448
553.44407474769744305855249329992101435
554.42768648182948804366172271185453286
555.13744000407335850927664176137968175
555.48020124568698033312531976148511667
556.50348152445773384512823737072314123
557.73476921091822011406974280663333820
558.30341955161073067255755935502314025
559.06596336242357000456117893742672091
559.85358133932159352552622519453779866
560.77131614682400008240357927031259878
561.69148500589268388680464773185994293
562.42182984203557942183347418176203419
563.70558984201412336510136516006007331
564.86655115723836477804729609702662975
565.36863310895034213756354280144028673
565.95575546012024435584779695732953225
566.93651650824192533828299018380347163
567.30308651375441250666298883222576017
568.63529282975460140973070315686998269
569.12423610526889028555231876240688194
570.44760816748811299649052307773572689
571.17955603551207412440938200491193013
572.19005728799280233100186611651015940
573.05582744594967897869603766861423739
573.86299259560092452547772510012975253
574.52941002918228285625944677584496128
575.39898763177637271867723535899555762
576.79430974637272092804727803178469965
576.94286215412051456432753945829815916
577.85660478745312660396700713888338346
578.54897915705959272095351852822784654
579.20967766257235452041458389215521213
581.11126370892642402618645883333238064
581.87939839092023528257891184849430318
582.09275829161023710595850077459966225
583.45986637996803016901911847593505719
584.01644921626072830803687626455795946
584.77960320378020189835724959392324825
585.35240150038654424114439671946611818
586.55023051509156336446968836217728238
587.30230131247571833200062528647961800
588.15529565976125771659164471788834941
589.23581201867686303279621742079990507
589.92752116564218307301476820110561354
590.83356617619697666434622346580562312
591.75729749703268498684730449468647762
592.84520705156575549977712368596417172
593.59464101760335510763085065254201475
594.25515191440336463776807393398421687
594.69500664115543598582599059899587658
595.71107953554345292831831423808092145
596.86826054533072213164983630868203600
597.05933233248547645052085588335906773
598.61293975167241027815277194145126634
599.78045245765487649973223850828378320
600.62422361838385454367722942115945199
600.87079405957882694442372863620937318
601.74511796280603099380673261403064793
602.55735596553316393882552089186604865
603.66617307390079819272169458415640356
604.48594314150184306502999097182407421
605.22589128587145031293837601336446899
605.81749352683049372067726665873213744
606.79136631416947723650942291004942831
607.80419902856615064541813068977605638
608.90046489574895574597783828958358140
609.70826152792552623272661443371204789
610.70174492811332772673727702036883333
611.11431600649879197868555161923777252
612.17312210022802328709875475600783437
612.98542986928281591749895503227370296
613.38136698796491640072536818754579145
613.98653141175899920666945595152133745
615.70300246546619130045236646892945263
616.32627633593014150733906645815708069
617.43638076707810528521660777893988434
617.90936576326327006453015478882958660
618.99349005371728239187738386638645735
619.66519256465820275625010617137239556
620.71373519841261295941775342446973945
621.21258370879485407597685334016016807
622.23903194326128453686805641509617115
623.16936372733940838610457091287807683
623.69471232539134835591547208584337189
624.27194377190634771884365198177344529
625.55903700048776917579249092228569187
626.63846925192138072703614022063757069
627.73688912715247021050319024833223191
628.43061823425714097247058482693413562
629.12033464690419811271151265058343807
629.47661095066040156331884356094161385
630.62076956618103248581480932249404430
631.24283981552620631830407995082519158
632.50275061833145696684450386934303166
632.97772825467853116487447383452100994
633.81030578643065827989803430378153065
635.22591974897326436516909445838841476
635.89684622253268964862426183216712660
636.59098109735163575849482218663631467
637.19103552149436429603118478132266867
638.76179635255993716685111395003506159
639.15167961239764008341723384963811934
640.04974090217840660818636478544561318
640.44658948734864468364747709834971483
641.43917995503300500965691165451329572
642.07614514779362888800391695887736250
643.21225176841727000170646627167626445
644.53812176809955518514889288523289666
645.41981579718852995556502569635933786
645.72426976123385586399611563747202731
646.92840736249368198826067581617458597
647.55706020849783723487875750484831813
648.07129860819628242884486758226370959
649.17255037848047253266919152810450094
649.88573432315402649329842692621947392
650.99120841851179777218090574175211034
651.65405424973447741071212666689389684
652.46380786162650092288013290358395457
653.12881850012269331306599870054538549
654.63895071681839677532178198773907822
655.46176584412807454152439610478720894
655.89839761791268064140394621076522950
656.88223126692807746574046186314876961
657.59087734486257279573425840332821364
658.42953006510487326378069811682117273
658.97079796265583971180355877005155279
659.87453948918957223549019157892343010
660.63180265716164519832705620508179104
662.23393545252785829991133509304764275
662.91442987293678522501428514874179413
663.49379500367677331886005382379082836
664.66294765532255844455736690192173138
664.83756570982497364895370564440757405
665.87164229414889027053524856536810357
667.10192995926575542246225139737792386
667.84451888747979661703573164248594173
668.21942398629272467507505243584253026
669.01992065830941627073199606838183939
670.00449143422320687004308000010458090
671.12835188160834073154553683889925752
671.84812221966073913925607684827464766
673.03869390348621354773485571901808904
673.72837440925958876973380156718475829
674.73279960980516081205315461668158153
675.28025130458938554068230600834683069
675.55906835463443314531540618654019621
676.64215589349118410085533851065915193
677.56570819157420880852542246580755521
678.64790837984758063393443756624652313
679.23369876570518533319924041948083219
680.34775928779371306894880358917043984
681.33097446042652379805028576868986341
681.86140063996513829633568362737958190
682.72569412452824944004133049489447354
683.83714024363911272777350384817552636
684.35241921044785894773324786325768762
685.20600518224204853454507236035865174
686.14821672581981293593474883840236222
686.81410898804042100893577269686409723
687.36244990602410625861371163677273721
688.09082397672508402078206600342047315
689.78765643053868336470490432048308485
690.78088330591179780395727726816443564
691.19560663421408634514844044284891514
691.98264374630829157747005066768808244
692.48461707144925292485748235452446603
693.86756388487337235998894163268907865
694.16543881818428897695690464674217172
694.99514329787567668528171796126232179
696.00590554165601946660289235089963763
697.06154776263296644117580919185215345
697.45933210829318440914539660203861745
698.88451988995056617499705225772817577
699.29362318129922129241401101542455709
700.25059141153508743938304727668026952
701.50685649669341652114687741487256919
701.96157332440096132305170360402099977
703.00763732469235315283371793612861210
703.28148197159238548511293880189778607
704.26153447140035330092282037782370196
704.79738385900486313419148200247469200
705.88462180363529093471423278318236293
707.19630849847974765594176984344674820
707.63181591527348537567166470955946578
709.01927688815808192448135133340269461
709.63325372094767451639198784737956470
710.21131016970053695406457286115903540
710.87486557057730351317617289161715544
711.64371492460319751735634984744102965
712.94796874645436717702027445153913892
713.70969804228181788598854644900761137
714.08625465213269474987446377734866634
714.96927904928970165300201246579780903
715.80748862461907466080712361774803845
717.04683732897076322617954010225404185
717.88192492011563824794998840379080219
718.91093756724628462851795520151236112
719.36624073464773499759294517617179372
720.47239366660754152704154506659695898
720.76850118826240097489347836138880396
721.81247447923878626563326555348107609
722.39899086667281849226054596957464733
723.22012568838200619857784194726818640
724.11958986802184359636026234389676766
725.70174000597731626476032055281710961
726.10811231246954869381286644037264571
726.80622586188677505066454249703063942
727.52374667905930091721999607181106883
728.67622784116039000998582714667966881
729.34314721955676333696789405162050912
730.29349297230959596909918188120186120
730.92093401862286891644108930199630601
731.49051926766684765959121593362804183
732.61128220835916716737470513858081572
733.31762348302618882219764552011276519
733.79151672682506056667081923526736145
735.51081632692295093560318096486471305
736.24931969287539632207415815616472020
737.02924040545279291300293795960415287
737.57551290720503134990926368381816604
738.55041294293081272866115613150006837
739.00497517636357140387587652222572001
739.62808822561908698623813149489374870
741.13078920620977723052726588463107775
741.52144514540677770236643979838972294
742.45379401267741829946300018227264299
743.26867862445049419967611154727426224
744.40057858541980164947821401694863964
745.16621943136388776397180333739821726
746.00271183184110875223886574988524311
746.48294813808236292480229046611445426
747.78968100792690952313425374913797781
748.47958027634581213038638266438786337
749.14733394219874583978844669684442109
749.76609213871908822915823308056880419
750.21149790492692654480032170733130118
751.41156809254783383103313446803505424
752.66320455019551831033411288395570466
753.61999199073950173920068210292383149
754.23840917659235141200770387231438294
755.09555395092553176274300181464679432
755.74779885105523408556860836770172685
756.45008494388176891346639085795914270
757.35839165356345541120988895906849144
758.10233216281588039271155503149612500
759.01676273897369917064029717504037562
759.74871492689636566178652277937191897
760.64341052781006097251868992632940382
761.40026750548030051771427019988167294
762.37077324049733847867045421241599162
763.08216148626675046577973880386844312
764.58996554140253862683119018548300087
765.12303475072426834770481533384339988
765.45958525938029353877862113763268213
766.20810952921020340634926954497333122
767.30181677467323838235747193209710135
767.91679431271069987669987567832900070
768.57082887734543459824448801831600107
769.54283159444371543200835287177306094
770.74929791287375689179581581390939025
771.73178829749677602215313402754411428
772.45523531737555842735261852463496350
773.02746102365383634741527344634742523
773.63669213032184661449116913551408278
774.67201320350518261345710285309498371
775.82466582372785672427001092139090217
776.04083219232670173785014956840146092
777.35420456436850532828403311867242826
777.80788980006783165899595505434753717
778.13903411587423583302911071590927273
779.57270280389410792422064733650790389
780.74423655097138322694021127444512124
781.44171024222262775052889452862645809
782.15783482793848374360295706350752246
783.11113639109055094238184602812799452
783.87235326177631392517967255236206824
784.38239532479011067856499787361639978
785.15478194159986514449256438338130886
785.65468840407051790871605673231580503
787.06242518931197490784083017406869467
787.90637244979594855613564979694678225
788.55356374183485168371195160952584140
789.50806160813451047892505747438408094
790.40570422450709458269559996354977068
791.16544795509366761735540986911970469
791.90830596043088809813497818549620744
792.88227062782087298023722216366520818
793.62312535975127862971961209944493233
794.31037118463226740892490292344041962
795.05821133182886869143194417690338321
795.70490769169256435811028317277391219
796.70315009548562843038162507943157864
797.20192814332538529490367165103093949
798.93832873345439551033745197172037037
799.67863635436412127562784507207505526
800.21977971060012976845065417838837011
800.98045104160036319539149916908198457
801.54443301344304391742859141523931217
802.28344295773441112483823621499225863
803.50996760568144419868125500020082154
804.13268851230061108503037122808000404
804.82496520247113326930558776813594569
805.50002834428685703834191299345950229
806.90087226159360505067427683768644448
807.47886904721544358512067822937825374
808.09368282160667359867792704437909835
809.35525905778861466683677027943200684
810.01450614589394847223816913580511776
810.93458360403342289668544522749489601
811.69373896661050323280077602792770186
812.21752293345706150898347449406329805
812.80112212376517685036970967654953471
813.76065431574923617014473176854027587
814.43538784436756450745668614838313450
815.79226332040174439012832703802638734
816.78840146472154091104812660180354145
817.33176598203893436975872073641272792
818.05391225119242414058997258625550522
819.21684269605745142938380128532220922
819.59355947601434216514193845082703429
820.27171256106794474278700834552778318
821.20617283739022957179118719524732844
822.39210201225198806350030656146312921
822.88729351962358757161479563406457506
823.56731539579198456985390341467348830
824.21070200170890596397688213557827477
825.30963758175686941322440325574113226
826.70877752892037722515593710980716281
827.14363853290845626391712393844081560
828.09045824796379301668132771829795619
828.66360234285865539086180848580385902
829.49708726173664684212110706172145047
830.15633661697152271399100484031961036
830.94303218838291488663277775490596041
831.54547821913158566723894135456972586
832.65721679204137509697752466540435835
833.49955046347988504839209326282375669
834.56294113617965214232268545011229479
835.61280953237469820844999422935425456
835.97419067861107359798280791418094247
836.47001660311831888896039652339761921
837.68006758482912707876369177452021989
838.76083375360100640517147671713028222
839.43207457808730597749059289052431199
839.69108008876591591298385444601893541
840.67027847202632714554156701899682171
841.50848794685220080711476216748939640
842.17190821979264088579588012023123374
843.44171610800426368338479957277880610
844.13522317553183345423649857260395987
845.40659541559892760863762589009142838
846.12955120014149914218541485338152555
846.41270783612330635260940753158804390
847.24143913846615177165914123179002017
847.98022261791474405279553999538255224
848.85406997664768847693951272319377709
849.60177492130034279847277779085741645
850.83110489241958760448873508119569512
851.19277640954383151183589447820941516
852.20553200388979467676203446613457669
853.04752003735525099257167445340421571
854.16909650816323412757893795094017177
854.57292070919427340257819297151099998
855.87098658392368308877456987657159066
856.14942754136494498708181572444539586
857.08679565092959484969168277919126600
858.11473260177015573350472849385794346
858.48281017274400152818031185571211410
859.32638207423777339146637036858581939
859.61815668638772359926282235630106887
861.55579110631535093594795552897376490
862.28884071797240691708343549599371385
862.96657448533896936948033960919844322
863.58953005847803038076523565602096810
864.38129183724647891463763553419459810
865.35081062504966336077612870607993089
865.72300699544387853859928455422027932
866.82158092490614640115892831195833859
867.76604793914244942431416660808922925
868.09838277732323164450689771120247026
869.28703386298289989847192959860143338
869.80979651518166559220320385303495057
871.06194078679099418536937091655578953
871.54770697736841042504813230636018262
872.78030093649934496115647214827481812
873.57167341820075165119591705665406382
874.33056684581350541007902510148564550
874.93065115637165054101853802194786502
875.53339652919914511252228543270998946
876.01704272276711972097864239420424221
877.35490637515273742703558761332022093
878.05063936007909747100991935186068319
878.72071670230120351082070967667407562
880.12717377972347013990127610985783269
880.77326645554210736734237209393889835
881.54655328572445066672417070129766549
882.21161726143305243212098365848041963
882.77465905531978052037371888883377460
883.78250242823512049732507098618265224
884.86700791347220607649741212297134510
885.51074335374884864390675179514257292
885.92419190718477842948076820907179613
886.79616950954643603949316785419560592
887.60146614456959555562621565412598533
888.47154841240566191016288733278475054
889.91832510120742487341658441910003232
890.62913684820525081324486362364307731
891.13110369109283763257116543846429744
891.76211705188462027484391588772154960
892.97917518829221675802823151567363063
893.29065113156870309938198978890192211
894.05884986460504468350564551653627020
894.80346931423741893400566884518618839
895.76163257570193883564288059253848510
896.83413757023883915929980169464757561
897.80175337624539855730221028695782219
898.18271460763081097762582559825329343
899.14584935661174885199304322349045279
899.97141260267544148168335895074631401
901.03895461515167618759893153872290708
901.67021913770434467516562861279707157
902.21304560372755197758964438946031977
903.36859768194785846739489368189456171
903.61958061540462513501077724684475869
904.71133278165169577373290413945703581
905.07889494477009213170013971770695219
906.29813220356635697963270893253880175
907.55279522083061056518800147505171798
908.17258836455549286046683864270967356
909.17588257594358620039574919599214908
909.74995718417650448652809605352083299
910.19508259115803279527503947482071403
910.91370296036376203588326607799147302
911.96893825063659812954227475765007131
912.87519634816016307540488061169094880
913.68913311882519310823117823483614864
914.23495101496600846462290190907254169
914.84163550337082961875930775855362508
916.37508100111087467128635489244984700
916.97252623812948657218316950914643560
917.54042206214487483813119013502109153
918.55152245832458007840970106183868379
919.70892619185958036059142875074213604
920.08229240175013359465595335105929748
920.69972722842514071204674316637587173
921.55694234711468810766147913241589783
922.16173089897795774973364326753644208
922.81062029766426118276695386860850229
924.12737738442064285498718784558040775
925.21425349862975491638111026467959975
925.78683197727339677337202061949267888
926.65991659546271647892137599258713600
927.44784580609764451211121650445549845
927.79145234254796034750291572319845544
929.10957025318503689728588706186935871
929.64528294948116983583368541458724509
930.29803253659183391803741322958496702
931.27768110592946750017284997099381526
932.08512505844202501485143065829197656
932.84021591618807784880380284844688253
933.27436072868269901849611552226316614
934.47373308764242799570926783246080497
935.93971612368420294414639379070197221
936.19346617041646648365260863317778240
937.21863667373185701864542340389390802
937.53195249902322783193896099941971102
938.38391625153942000093036995964550260
939.26925467588932262462912797181521933
939.93555760869390149479997413908392399
940.58010014181724230550221056466672283
941.71096914222196285810186051908351651
942.46979987979257688729862901434221421
943.71902323490249439039098628815390572
944.13941487995032556360339582217064650
944.94532081556621751458230585857286706
945.84306118799937712603230284650472952
946.27713725941000001098908082074424646
947.60025501763303475048971606340165002
948.30476428528277387505325682522210796
948.88929912730876162951698783786982079
949.40950305710527926651638372587621086
950.05370912599130953627413094304788327
951.21741783593393994791409953049006722
952.20204138184001290305965506558259075
953.40834526515770053868882695711961833
953.65668735950197143847884137339099162
954.82212327770481484969567065634309967
955.44210889222775437091952412601065336
956.22703054168985288977029477232229244
956.54929355660110986916066232838879973
957.33775278431745852419633907315087940
958.80062944663079515290265883828220554
959.19016059775610894525088243624540739
959.87927380446815171552198947946962349
961.08071888534971905507631367911410244
961.69286449379703476622505801803968736
962.47145324306544490049780794918773120
963.55854627965450338842425428112686564
964.35683102383260253224850684157555311
964.91653798338939758455409019844314344
965.85085183317553660327072749679196480
966.28131111718243052079427434416003984
967.26416568199056361671366624620790642
967.92667802169124608757966102401188312
968.48821244473519044717876897284063139
969.46965802246970984904860240124391999
971.06023742320662940944459973069834357
971.81112819105971974847170503144638482
972.01034335177507624277611652217336453
972.74703856460275855759454357433606795
973.66263563849917505879069316446239287
974.44520519672952033732453532104420979
975.32221067773176277848395177691755189
976.15625389603304591939272498812511176
976.59094803748762728405506253729011535
977.69635798881428357081899940543460171
978.20965092192849912786818848659967415
979.29548614846573729639621113517130729
980.10417516933683757374666628079275729
981.03709961624180529840807601169660237
981.88867100786435012524305065167015230
982.75432777698564603806884491010213025
983.28777183526322231413875120130241084
984.00341059848398721050420926917266423
984.80039977983511827953062562191773632
985.08714313168591879893286895350800712
986.22002357185543449326112224074302014
987.40532214330512576900019531645083723
988.17474628354088878597092470438456235
988.72710439483345575492267348616794163
989.97602360160142384842219100705286105
990.54484814788824082576849096040509391
991.36325765840662137101532217431719545
991.63928282737840204266622789146255150
993.05650788063510453938241357863280245
993.51512489039847197816980021760295372
994.56071436706235128289557326778932677
995.04939519249124434816360771586141283
995.73032056779260498431364840072646959
996.27824688736977072824008310555354925
997.87326336298338504014077927423932767
998.56895242201393631334469759799305808
999.51359095979829104269777052170597737
1000.2270405481397903145223641246115925
1000.7199639295885345106306944477289764
1001.4372997578718499039213757217923966
1002.2210873325634323038963704152586835
1003.0870924192869607130518142062085452
1003.8290613942577658516666818258970023
1004.3968947344357409832791567504627256
1005.6559588752411652686621824662330402
1006.4275872651024162744652423197599763
1007.3386553399779023098775228385811677
1007.9829590151391800774979279282687913
1008.3921034694118211986778599781309757
1009.8894609100439165983071277291156083
1010.5418328027360441656796326274435887
1011.1322628310413469786874275494092022
1011.6921011410877049529578892602389519
1012.4570774349587172512397726870877637
1013.4010548718688247630162131697410252
1013.9325799183792788729353351377725739
1014.8433694610796420053759888517351858
1016.2399842955052865168737493020207067
1016.9067330134276447770689992706528610
1017.6715819540779091706040250378047733
1018.2921710515322645807275101573664001
1019.0965774634329833618499441233657499
1019.6322422407501191348320977053452361
1020.3341952225164998258181902154887252
1021.4362755268772449037868457575267138
1022.3653833732354050220556493690984911
1022.8646692042303546426084605948422740
1023.5119089006086998533091370908195944
1024.4735300154167945182363488652000058
1025.5107919592401995455112468195215256
1026.4031924194508094159665035075251777
1027.2263130201894504594182017701041484
1027.6662101499131034420341327748766105
1028.5880199282297769146984192597538755
1029.8036805371682835428525560195775251
1029.9593873427090872321143791215115745
1030.3196690493558644723153710240293957
1031.4576551586296604663781861032102325
1032.2462798586003584179354145183463544
1033.6321622766700948099936230668490091
1034.2431811684798539344033975718459207
1035.2543486040161156656187125859963315
1035.5067102250385499544879358163756842
1036.4520949845604575231353395595702353
1037.3387994889366570187296268429957914
1037.8947533150316287618214219653935904
1039.0062157646524614226603189082147295
1039.6055148443901028787707860143826430
1040.2235621703912974188614859234140247
1040.8920351627986960344470366894735740
1042.1747257042588156702079335631476495
1042.4914754574216733099572575140181844
1043.5610086839740417730242274555889627
1044.8763177449123272454791701791451044
1045.4523657152085306669384028032264037
1046.0735748509150478989003906829091597
1046.7845956273392161398296446968304554
1047.1278979642404836909393678855562095
1048.2414716847267451092230335847316123
1048.8878514997620772010042307767451352
1049.9916208272900982964119827018224122
1050.3794365676699545778320295490775227
1051.5559074744335512373108776339925799
1052.6388781661623093061107343349620715
1053.0946043799649804899874028156602171
1053.9010638503856800251196306281973431
1054.5249096501351489072081358132689622
1055.5909038410244442888304220890936822
1056.3062908068980114391323151799763696
1057.0400169760406833719262183737191932
1057.9078637915580759246945889452723450
1058.2597580771956784972252199440226379
1059.1780659520062898165927587111121034
1059.5882731285957013566674376022468350
1061.6239166274889207589593790789900690
1061.7901487509842271520130915575884347
1062.7207998027369979272190695428770138
1063.3886775928647124078800389590570712
1064.2554089191653464535631470551237962
1064.8345754893965632536384861224209629
1065.7021714100390764014944687231666761
1066.1341999069573723044665845546691064
1067.0471041115021543691306378472456317
1068.2746381111853138813079293422277169
1068.7666077582394687102709557161921049
1069.5436866666098836106589334981365417
1070.3366842489206895543319580691143207
1071.4450763543672638784223806743046155
1072.0104600149298119154869484597890211
1072.9537842446810011090586202575340620
1073.9349122391402208557844809817272149
1074.3924657529902319097618427393516751
1074.8291616742614422356127859935791798
1075.9118518469976483455731016376801379
1076.5279528168407913659825193561909547
1077.1234102225945506562369308426396923
1078.2100541369739174833809206273316127
1079.2724140756312536752104088444763137
1080.1941565541215746178191416410503043
1081.0746703343280479586703488794186077
1081.4590584013887608943076311659976242
1082.1449193077357010991903175394065008
1082.6175583649960440066268797616586058
1084.0512452879824906474080485740394364
1084.7303952664766389255075452756780764
1085.2515773154624145014501120869680278
1085.9463772868986268452389159131592193
1086.6986773273952000250171495711938346
1087.7693112203925303023828056708090376
1088.5573048761997427620261318295908692
1089.4646327389495031843230095541933478
1090.2720387858009224149896238389121310
1091.2552687345222774282671019912999692
1091.6879702669744817787688469547430853
1092.5348639726843033551760581270644910
1093.0706247148919358358771743132888636
1093.8960926925652370213847856228274519
1094.3256561971425441179920158119666944
1095.5773363975852282341124632097305968
1096.4083219965797084112452124963426226
1097.6690725899152159096458979302864887
1097.9040907799830040474629543393048758
1098.6376618374786502800416590641081160
1099.7476849232218204892714518164740662
1100.3982560809952821883914249893211405
1101.1249380601003326148127198210170754
1101.7731186326350154568285035120830987
1102.7138775162717962768028383133654585
1103.5852545779901015538101699057149812
1104.0245440899870633707316243520513289
1104.7261437461094864131149615926967363
1105.4795744505647956854546945337438331
1106.7646840877582740106446571715122255
1108.0579480702209059614079847602913548
1108.4304065386898847114221726361198732
1108.7133733997470044218441729003143146
1109.9632385025731127141718372137211650
1110.3967292511158824339303052277469372
1111.1141611842368943591603528316180229
1111.8465672253275811117294700840498422
1112.9826502152875506359208146726301704
1113.5684277813566310405148695683354160
1114.1641813515383488849215171535383859
1115.5127484736825624936823227179889599
1116.2466549046045011413883788923211932
1116.7494396304574555872970650291287057
1117.4861810784116941520053835332287046
1118.4915859011585045445048575271420460
1119.4494624867410754657657068739118345
1120.1538486706302473932796409451796368
1120.5384888280057209330558801500681445
1121.3881913384087198947091843206354295
1121.7001273876250935193998149143981210
1123.0497133625149008996015392501956907
1123.7427570837971528734399488410791618
1124.8843962228319473874136332382579936
1125.6838835142124260211434428657013097
1126.4248302736304358075921630909540362
1127.2103218016751994708087993357687359
1127.6239643419334704845409895109378972
1128.4302370511272221581887773261623870
1129.1482163963471765251896337477323172
1130.2192183299066890171478076584564326
1130.7460492156273337537754191654125232
1131.8189828484014689397161031981918516
1132.2436155612099936144834545076155961
1133.0738548460340981558544472675487015
1134.0834597063045368258755080877414082
1134.9436116780700457512486005702903602
1136.0765431414270078035680731110559520
1136.4808919974898116285659811069576929
1137.0917263505451774653109631241048941
1137.9801204097486618053720496157274278
1138.5810021639521369290726453552034352
1139.6027511969993887685148531013738697
1140.0163035711788127544508630369780195
1140.4227425724388872236078758056128527
1142.1608781164363567431218210516697157
1143.0130195668588926015312956983649460
1143.4940292378801864111334834894972886
1144.2925642482621256217806612839511894
1145.0847944603038235007995822878888923
1145.4995369955772012214863759795421489
1146.7335115760476172752451580637916422
1147.3667970010517719875306943342001271
1148.1438084441534415832665971537176611
1148.6865126875370846103073755749983916
1149.6411920425157317591637106528367731
1150.1150060595398415094906581234422754
1151.0753084944826380014689615453193888
1152.2998339566832916445229006363638266
1152.8891052814811991316367192680952029
1153.7343131104306209234431061844971875
1154.8131862999071451945217425051285900
1155.2494785751376130352737222276002954
1155.7952189761942447133661625138077352
1156.3378942365024435890295600276173646
1157.1953516404534119838658725296393587
1158.2745754305216529063127820769525762
1159.0179893281555069270599923740792314
1159.8341788280484733698764251532417824
1160.4777547306337462721553198748764937
1161.7041762975884980580587050613119139
1162.4149139375344333252778707137746993
1162.7500953844316504131888406950085279
1163.8062224845019622383559529765944001
1164.4972426184006453987527862788578663
1165.5598455097890168251902677729650277
1166.0630214541102814154198122917878698
1166.6058358766625542666878413503046638
1167.5010356243800539747882014505710363
1168.0259402594220536058361740570625610
1168.8801683815169559978437234255321551
1170.4117192008923093805425012202899697
1171.0619177451442356529848173455177778
1171.9157169904704970374811212317648795
1172.1301566204920941428595927235312134
1172.9452725220074734382218481988371550
1174.0054556507769790425533020842391354
1174.5112873155762195819630974743667794
1175.2022534529820613464980926884210960
1176.2081743064717252809000897828924349
1176.7357311628186369471099834813910053
1177.7997476790143170401656651799862303
1178.6981913554159533603962556151185777
1179.2840323571915967637317022898259127
1179.8699001140410498108665376469477687
1181.2322498530755341715763288583956300
1181.9894689813559398550284240369470527
1182.4103984347141954761844892147141205
1183.2123885110127343497245848582779380
1183.9936906356786399067294709645138641
1184.5339048386667789798570942236627110
1185.2068659116805059692668211858200980
1186.0908686472903797535007055237016637
1187.0830167483576321461385165145745696
1188.0171398524470052307775288703582691
1189.0544567121493612185045040141226291
1189.5229017113596341405957976318438447
1190.4091685001802174809258182454091280
1190.8523531173779326389496936817730106
1191.8484402163314097348591927206676073
1192.0896583826532020119832375581971628
1193.7261887021989859429563774444132182
1194.0813795941663908373277277640438796
1194.8420447818631836842362355837797706
1195.1166700415729515491253343100411424
1196.2695028205870241315022986486055551
1197.4170910539924204557466965251616115
1198.2084087408691604078606173422958842
1198.8451786028046232399658522659870447
1199.8103299066035714505307074341875555
1200.4012035792856362726607407965481264
1201.1253454516593191261022514436328495
1202.0452637641249157998594144126698367
1202.1358365222229429300203047201641219
1203.1295545026001243406117121593960260
1204.0530447748385538557001245299839762
1204.9966693710168400467310730952162772
1205.9652986305514226848591148936851576
1206.8075837977524571863643268529221898
1207.2776745758347221093143519693266401
1208.1074107212996822037895086527532691
1208.7620531585060259973650830012446717
1209.8337575581748787259344252881066348
1210.7160798881656894350261941549806927
1211.0114756624475788149590922615397111
1211.6494950326318161764662852465089284
1212.8755368439332474524099511428853852
1213.3122190876742472739978497984615442
1213.9398983045626137897882977617845439
1214.9301484804298479828984457467990015
1216.4039190772304826832643669178533163
1216.7979878557977048428460029504051961
1217.7212104053340217182644946678811214
1218.3155633920069249903355565602563701
1218.5783614881419839792980286494295877
1219.6090829852781612071704811577762403
1220.4175061995109753903940062657128656
1221.2301183042545856974369510548743682
1221.8682441010986844105828313279267076
1222.7956914849091363856034893575256314
1223.6457116596183950585487504158495079
1224.3224484243166955072160652124222334
1225.3925491074897951524713984107571176
1226.1444749584432945800685892644899940
1226.4737347008112261984326795869600875
1227.6741127507171085942402990765585929
1228.4712711416922630348096950295761010
1229.0339176950654989609894151530226992
1229.8133944570687276246236341068945040
1230.3261464516369846594642570452950456
1230.8354228482668365866774974254583768
1231.8426086164973736869164236297912000
1233.4481386782359651873331428904305918
1233.7388342984753214751383747415477859
1234.5829814787583733006494255186630345
1235.2674791040066945728894200825531967
1236.3793667641745368816340201309934675
1236.6684998943966960017224547416803867
1237.2063535416555846108538577859396497
1238.3227247100063571330905744006473716
1239.0171704452178849269154097518541711
1239.9199033017127468589341059035035396
1240.6301176878691582191794211478068565
1241.0684365060553921947734362207750377
1242.3806394618024361288438148246739685
1242.7481294026999852172012935291956800
1243.9786238736513517491213835805040964
1244.8493599997098285333858632724703109
1245.5204738117680971714694949499186721
1246.0692963462873493261505529011412498
1246.7034241495168430138686628135903675
1247.4544912014360632628505686030575090
1248.1987452199142037300484846105129162
1248.9846340989548820409580562991818914
1249.7389072567530124493555601987805992
1250.5040712236796186875148114613303854
1252.1192627524371259092322343383462128
1252.3508479792581420105810330272846600
1253.2674123558672802682685021886663828
1253.4512834526408758441494797517436687
1254.4682659353071322603845297787457164
1255.5392297512912564463688496485085473
1256.1206661022526322940743648926001199
1256.9526261404225508769552918666209050
1257.6014512233981377251292360794120813
1258.1052796689817148486171355583912793
1258.9088257569094862854584535482901661
1260.0180144301272058786922957126679658
1260.6611013784471141458538995508515773
1261.9998604021474040393990409002985493
1262.4601258794349918816318769610934111
1263.1188758165123624636047585258966914
1263.9475218671030126312539640811188363
1264.6618043100988531388024358258266073
1265.4357713248269103143235092139794703
1265.5509974991378931026843161316810006
1266.6570824968365918565261725587899950
1267.9445567069699153470292681831737620
1268.4555465305020252381669103386879670
1269.1180036530069987888633853873129983
1270.2511727454371250947374695021309549
1270.6796343094308382681696670950816884
1271.8002906609114206561985472606272187
1272.3868156338455548044956595591163621
1273.1266018460025575373602667046865028
1273.8185840398427151314258194695359494
1274.8214691652384228520314447452343300
1275.3523379006085765516011762161383520
1275.9506627170906318137546870822579316
1276.6213603632760051589948726277984692
1277.3368176433704809642844264604877693
1278.8031466270804850639783803110343039
1279.5601301276513759428826731354830780
1280.3481046529972059225910076877868214
1280.9567176182696327511746549698151120
1281.5553649744626832321539409880036342
1282.1887181622163347300178878254676207
1282.8955136175063522035446734191648037
1284.1369868772048104984485891816405875
1284.4239846279033261147919530500200524
1285.4590064658704496681077316772611385
1285.8268750151637052200372687993491838
1287.0943537618774559201734058037447626
1287.8471587959273738056226425893806382
1288.5797751201060385856546131209856340
1289.1778264488764077469629454026857601
1290.2030514710603959099251558059772288
1291.3664521510486859613892634522515800
1291.6304903224688647660545006636118267
1292.3302028263569184460514898382775856
1292.6948947646588438365478145315246897
1293.8078554516209370633618920493218191
1294.4813773361754630831924239621770673
1295.0861106199093727919934667711785513
1296.5323737200240295076946711329127985
1297.1255868350505932646627869421001836
1297.9190668215858207337648383459891561
1298.7567912374661879218652820506420315
1299.2689964926540243975185902681047450
1300.0780333360895098043454834713102019
1300.6126897785791992176001634007050160
1301.6201844422199610447789592936644697
1302.4712194137609387236424521214705825
1302.9896280073716030020590888597289301
1303.9683014328179630947426525490199879
1304.5761874954782080576396959555939566
1304.8419774583595997675339116964281876
1306.5578476653657054748470900467612343
1307.3290952798312209493935013446704529
1307.9800163130355962393937419975659322
1308.5124919850549116236046603095803499
1309.3436156837072082306863862785443708
1310.1416230964328631752173482969426510
1310.7065668034397960906736772000195665
1311.4712114080696113982032754938102333
1311.9145600356979394279262760897854494
1313.0183066120264865197743489399935881
1314.0038148750185938004878644608678802
1314.8925856790056116183959302224357449
1315.6281419995424702973052957460197962
1316.1780406347942959899105080950127150
1317.0665780884985936261696972859988862
1317.5975558621483628201248105606639788
1318.7113581782408553043710093457269488
1319.4223570750129952777560530060880332
1320.0806505675388843176508534057271634
1320.7591189711700876075811082683824082
1321.1497197841464049596259160306468284
1322.2076080864991244201840621737083461
1322.9701579404124830813977587229699166
1323.9656172614413094874720313080458713
1324.7286962623195466051452128630876033
1325.9429551956802023747454226208889898
1326.5299062479508255785779702885983036
1326.8071794411091986783713943753885437
1327.7207061962977135951118845336379816
1328.2890766884666474565360771822693447
1328.8894106446483096135942438716885829
1330.2548035825090654857256007898852784
1330.7847656589345644417516196039843072
1331.2911794378749133465373119370477932
1332.2346882627863725448720585838185136
1333.2971837253685224623304021080260736
1334.0919038540590737127768423094941433
1334.4227958758979047961400506744768121
1335.6458950601590475350823402124146956
1336.4424826642796027426913442407539729
1336.7797316462719207614489303352440060
1337.7738766621084190367926416426623159
1338.5819378226057054451386731431691938
1339.0278662348423413490130436238109697
1339.5633891680302572877559829159766404
1340.3657514105423290410164340669321454
1341.6609473057513662448034128100067575
1342.9734834178633673489431185954669149
1343.1184176477936613368620098761385391
1343.8773387744398314874594351104219469
1344.4540630884147773371798677464692155
1345.5255284235119457237155578542333143
1346.0768813681677736866334808569912377
1346.9081263888794920633994801755213231
1347.3563757373101231439893263632462480
1348.6088737018585447595056362466177081
1348.9916883910592672378455565509611029
1349.9815665473573582685577788394794901
1350.4583793797782505703052860720877147
1351.5706067291429187021208161338978830
1352.3040017854297407805368982159059384
1353.3824513477097955002749168636235780
1354.0569942240858170483083098467359850
1354.5742445571963167480501460881906376
1355.5312176761282195006848966756738923
1355.7299637336245424265542082779733149
1356.6641676824484203297820784963440345
1357.3176353046100246237432209357130669
1358.3763311841390818232603895621332907
1358.9825269524824905169083949056454102
1360.1437617188956228315821482177473637
1360.7222252349689411929514168486913109
1361.9648329091473652511912425952951207
1362.1917794696143146058339506142240768
1362.9006220187882447462528297532331235
1363.3706783159063176181384196635357417
1364.8521992049898508025720183101728904
1365.3627421791598224534529266325263157
1366.0664495530268660601380870813218915
1366.4991433595100964232225408458197838
1367.2938408956998067908792151236075967
1368.0696260848767558618618885801295789
1369.0953772538747429738549315599559004
1370.2508314224117683902553158994377585
1370.8093392402671021495925345040127323
1371.4452673135661540749139523462953164
1372.5246332395554519416338065255649458
1372.8465124617159243603290584566650133
1373.5006896434786731624378853837121064
1374.2528296827861568472521641299583988
1375.1915952488703864692610366356487826
1375.5854351488311456607621074972180442
1376.7371573280032222975939583727639764
1377.7208859152211012550012038398937061
1378.3746449143204747832678806888305682
1378.9569122817190819097547128901787513
1379.7440188581815263598365238026832559
1380.7575122519905440005874827586808668
1381.4605401387615882664878323800948614
1382.2960001245050633274992054066452825
1382.7859473803347782488665902530819059
1383.4269636852322524919528514454282860
1384.3756418732887803980996581472490409
1385.0354496251478089586038576973235505
1385.5939208119420855783228245271006554
1386.2427281994038072328387730018463652
1387.8318945798102324376599619153393888
1388.7715021955147103569526954836434531
1388.8683989666826569812813677484724126
1389.9270896611967447184330666163673328
1390.5007482782169066218421732897440581
1390.9715948758335929004273590032190627
1391.9873271311873429439013829978464566
1392.5932010786053896976012886053238434
1393.7025143622209735647816306432978549
1394.3389024223464241628370721366172864
1394.6572225526603018344983800422974317
1395.6965635269174624327044321114217590
1396.8868683770184662028401390648335948
1397.3502279363162803444200851143338672
1398.1686058844385167689470644034346604
1399.0155970751287092273405652353085424
1399.7543535815589209509736251043419931
1400.7892527778538716121713973062397137
1401.0717903632028503678638447322325122
1401.7447295755438589843046687246315139
1402.3480614664075429691329394649144079
1402.9669940268469011445876581025311885
1404.4252632811339364374088852548558193
1404.9523592652296775767041993223989441
1405.8935042037033485539227458729759561
1406.8232792480077184024387679768846571
1407.4131258847207510457061191972802860
1407.8527775654633316839870982151666278
1409.0227193840075596658431463792105217
1409.2622306190263561534507882701567119
1410.4237240559739998793878822520286478
1410.9368956171764229750646768787791355
1411.9636994201389200029422057184846985
1412.4334694769830428287004356829266997
1413.0376140774441719337499260511005391
1414.1374041425746899696864064303414659
1414.6495779348890331174644670038669649
1416.0130498192325945267297930167404733
1416.9079581845709445280704868184461329
1417.2909855367898015021827606665483088
1417.9275825059427878103768082904904815
1418.3686190346694863075006675761944044
1419.5770529905388499363940736318049739
1420.0973582628349209928625128875185980
1420.6174533140146806710344866370851619
1421.6074377258746828439848521054149702
1422.3483207408365321823763116160809633
1423.5156351680755635515852305437108412
1424.3254357211842572309838255956874382
1424.8163952444090574336115666456230754
1425.3950640916141540116001796303700023
1426.3028365760555036076398441179164874
1427.1835448822643671641939218792972056
1427.9715711328415836358451996005864367
1428.6856329650758068474855053512041863
1429.2166244911561239179029396011955694
1429.8931664243905343166734692964338418
1430.7221695841997172697580718980014003
1431.1175684271345918607188401815069636
1432.5783454473233294477497955035122818
1433.4525233043446085985085366231754643
1433.9989791771347723461957060687884303
1434.8574469164933873715336474469475641
1435.6021669621365403246183512177861510
1436.4019654443202175016175955469652347
1436.7938255933761832654728988119140195
1437.2021457082336556431289156216432162
1438.3828902646709823855067502851584969
1439.3785892538654199850007644094963684
1439.8764256910278802639963590256912076
1440.7666615150673823524105776487430750
1441.2792063944687463107285600895145388
1442.3498184643857300971705478581579892
1443.2901193029095145258528077464730708
1443.8733391651372986898557654248371342
1444.5133239409733327100884032237968364
1445.5971858602156215407713429283314927
1446.0968990816108694798543354574646556
1446.7810204600608065040656959000909440
1447.3749173703540315573361846382310278
1448.1796050255924354200499548437665433
1448.8731660362192372944994263583852621
1449.4324298549675125960407930212520577
1451.0016521401480381046402233205633792
1451.8288364111059421979396829236360092
1452.2183650455874293113851704675875873
1453.0343675857532974264120771730405398
1453.5195542236441309226108627761633279
1454.2827936050915907264702094825551149
1455.1311484169611662932341452195463842
1456.2658700532836942931427207215796811
1456.5819611040825674028567898663276229
1457.0210595518547229710737866551997607
1458.2184427498070355908565090653361452
1458.9358895692585037054838585678958302
1459.6641163375844475565395050382987664
1460.4302815310525458165182888693353185
1461.3822341410109445257887007239149951
1462.4112507475757455134638889261196239
1463.0010309982927251206553144433286608
1463.4900748942374105428703319057838747
1464.2941998876004919074757310456810283
1464.9087009279015695998248794454823013
1465.4076843374950425798803683164219779
1466.4116682589152636099479422291658196
1467.1314754162441044663876963290323152
1468.1878410467118579791427568306325076
1469.0136621083737415676986046843745270
1469.6002591067541251867446182118454422
1470.6873144511145944743401711265775621
1471.0296969897353864135206198587078659
1471.9389012344681806594005841999972590
1472.5334367211975586472788897667765053
1473.2816567892758793708864904420463440
1474.2723760744022976193446776527834339
1475.0683730048186832065572626908730833
1475.6934014714027419268405185118546593
1475.7851206108560269097969828499334348
1476.7836171078181208013032523818790416
1478.1074847114040887017716653279262595
1479.0225620786997341440179694034553058
1479.6520924795170326610865477690010037
1480.4635350743514131594467643093374659
1480.8435869517836781070031167062927419
1481.7975296871186569773164636570478594
1482.4878237410125669255436877232643538
1482.9813773784429073712921543890296068
1483.6963510113695357706470142740106032
1484.6570034216429436680021072112377380
1485.6175412450709865181856544068350732
1486.0176284688711493775196949734183763
1487.3196652443089467007146323594994180
1487.8865514497148561498519963591317936
1488.5269923630652521454021471926770218
1489.0145753053183098736418896858050417
1490.5351667347588524557415619253200772
1491.0455828244677877341818934249100346
1491.3343460249215810243497730786049284
1492.4309192274099752436904360195638108
1492.7021444732552387780370726341025719
1493.5982258344371578223660085603024893
1494.5216423806956295514864675080181745
1495.0140849180047330545702475078879789
1496.2159617349958794873699689368856669
1497.1560211918958253051767871222825091
1498.0631826144677206108959854134387725
1498.5137667583326454256879654438451927
1498.9816870700692006216519716871931532
1499.6639859714454589947187540514013433
1500.5762317186523217749436246231516818
1501.2724571525093800232730939771434771
1502.3103627883643075161150907744753597
1502.7074968458291328371034152002415241
1503.7026000647460419145787061726085326
1504.0538576254167715015190074078911194
1505.2694163556856095475452950658844225
1505.9098672293160213244269983269352368
1507.0105810140177064869772251604156811
1507.5626791918724871587508102697173056
1508.1898806031604014094338803347900710
1509.1354377294093844711735502654819748
1509.7401917754934479406653572012208759
1510.4185437915206173413812090692608636
1511.0578534411212015198391754951986893
1511.5218842152907739325064421859464061
1512.3264796872635184290282866445206516
1513.7919965470442020071378228449823537
1514.6125326227926224901906632683662201
1515.0359784613071757796374206641672754
1515.6522413854494563296283493195476149
1516.7552177439214137198159072546188275
1517.2591316997389887017565558978325656
1517.8737504926037179913161867834146362
1518.7881536869840418694729426225964099
1519.5475415034798027687632664891635718
1520.3319037103155128334653402482616167
1520.7633382554819838477021896505542464
1521.6959741143885599673885731933450576
1522.4302169780111148636864823976937625
1523.0093703065369483472407429541462868
1524.4412043404713683027539859333389265
1524.9286786346503367788413219642796459
1525.8796722258503809652480357130895553
1526.5469262751101569415553574751913793
1527.1032167779508546807051306329962750
1527.5997525058043425582222670991775285
1528.1775919650367201602709778946923718
1529.4261957435712583214361029069088174
1529.9120517779354355912117365494633567
1530.8142846315809483259294432525017858
1531.3082614276581150986529530171003776
1532.8323889321929344308857234866783624
1533.1626129378441568041541305918751235
1533.9375582768614248119838286850563498
1534.6263059380013862226575203026776593
1535.1688993399009251799078776393093788
1536.3295885251912664352568784813913425
1537.2280821398774130443084433928807064
1537.5307938378859726234860042186655585
1538.1343396149769936022316129618227176
1539.0393450672067854019214768823027175
1539.4956769850101218471529532285329400
1540.4029498170940005758325324503294160
1541.5903075708856096492593869569404099
1542.5597401062759946074022605683453234
1543.1533011594612914384407623625312463
1543.6268683259791889253864883376299000
1544.5545900751024663537773095061754852
1545.0874719836345219204692304665614909
1546.1047811420305851233585863564874883
1546.2698973696941162572048890596266228
1547.1592270544848727765763565735319822
1548.2578688187667279390166938104992432
1549.0214370171506946768519543854426474
1549.5667719683774798690722026338622315
1550.4261400946688753934948357627904250
1551.1258631509128425856288802727139358
1552.0414959479982830821840235100395234
1553.0210063925225210477326007861014483
1553.6146868388221473546368225313546874
1554.3514272450791892825089140531272597
1554.7211411990130581778532911221180481
1555.7979974362387217177234189595427653
1556.5267971084292310712202539672610201
1556.7938486360015300526140502748260282
1557.5199185693004482171157675068261171
1558.7938007923184545265486938240946698
1559.5536918633796734943535698227854180
1560.6696362127623571704269659885078747
1561.2197837809717882644858756607393771
1561.7762788030383771351240647703722840
1562.4500518795111847013910355335002590
1562.9797060666133771722974591468057520
1563.9878598566876646266974304066780727
1564.8829749431545206312157877358581337
1565.5139577189251098555127461168341200
1566.2310232316359248949867902192383571
1566.6404014725508878241089640065105227
1567.4686020060632154226789047913613973
1568.8055175869490772114558326867455730
1569.3416899488173778836355773128766822
1569.8601456628915642669532188399700361
1571.2013367125737994533765483010883937
1571.6556321361259258037480816552571606
1572.5327629732435274503365525021874697
1572.8603436212713330980030688578867206
1573.6129689126038208629794496757611012
1574.1886540386660214635891538358276909
1575.0304522216840337758205170356489878
1575.9676471456727911565963393440924701
1576.8410960804523320839252878054368571
1577.6070977277846049705469693814174966
1578.7373527184951173250848960970589943
1578.7927732290282966263452137425436892
1580.0525804053168633985824271679899133
1580.3493886415752675576555978868218646
1581.4212400769011532931247513661134079
1582.0655404520997267049128392534746227
1582.7576942795246370613567944838698253
1583.4507855770803679678837208036120830
1584.3611094079345885563833609650101253
1584.8795846472260653588414595125604511
1585.3974468358877748824413705567531093
1586.2390828901607181062967393617663811
1587.9237020948512303309781262228894333
1588.3466461724582682085844395423653590
1588.9600179644290222982325397145151066
1589.4410716267350771892438470438667098
1590.3989747774903719682713190334941358
1590.9425018716584670508893702271579512
1591.6806856311059150073890893131904147
1592.3848562433711563644556615596212165
1593.3133384950510165106871460699354582
1593.7165477816738112501404523957175524
1594.9637299274496916673985845139591978
1595.6528318739447174437526522721249522
1596.2801011971531073350027840510308432
1597.3494873745001059249262970723431452
1597.5799930469182939326908747441144257
1598.7945256522607048985823988390258889
1599.2787018062117211203973780697400337
1600.4864794229652543971058580984340432
1600.8350097402453516983971226806781274
1601.2895092491406296012854020745871703
1601.8734864638970291303976275972818543
1602.9431794237505354934536483655687059
1603.5525869689285736898153642640402964
1604.7206233454797466560594498694917722
1605.5805086186916770293942747020800105
1606.1562426313111897785916540458485919
1607.0590819033881847391703294068507477
1607.8483009449452098922613503171333217
1608.2666416603286519656412391706041166
1608.6825642126839274393907411456037605
1609.6054493657996054549404791915727586
1610.8019500595787945407473733154697359
1611.2916086790843318773198032128622548
1611.9576446212565524863687625631315721
1612.5379099123320807843375311591316724
1613.5083598502567675965031183932645031
1614.3569822870261419883456369526652597
1615.1318895109817625559161498031552407
1616.1014183765438920386497215541620719
1616.7562197393020463293884711675542583
1617.4401349154733770862220118437591958
1617.9666570060719472867802632078425156
1618.8134300541697905584273687473698419
1619.4751316974052413798019191455364839
1620.0757425623144294315636735773304519
1620.7609515920593702740232567975261323
1621.4527644597574257514658532515757066
1623.0130515848016117525995969011227207
1623.4287038937362133111706659037797976
1624.4731749888303038226004725268138962
1624.7309823045038057115740667332999504
1625.2307358821117096417092156181768284
1626.4129698630974996224118890585371760
1627.3868680247245849470853941157495549
1627.5685462127535023072972200340348901
1628.4955102117498253803759145294415007
1629.2467761770418206074168437311395722
1629.8906623379538781596900192946334480
1630.6819398315581899001641557870270390
1631.2290755456504786986130875955975903
1632.4315531844435386265854570713377831
1633.1223800675557775451609097910700711
1634.2204976029928356386715635108333126
1634.6840126753670039377635865370043477
1635.6163391253247178800717650193914496
1635.7173865814609766459285439240638561
1636.7351091808711535691392906738771210
1637.3803609249553894458541644709460267
1637.8125171677275317436304103902484702
1639.1535499074254610027783112767625155
1639.9425546380391127927213293654186033
1640.2303497889082986805197069429773972
1641.2898044786419604030388186331090275
1642.3840340484821958381797246565230753
1642.9340767577199039024987688089108555
1643.3406974960443533885837351321722379
1644.2806666011607115997194310717494675
1645.0360897334411913332988141655115815
1646.0188354163955188214219076064159200
1646.4894620747999030128732231308993574
1647.2018133678893978302594035213525901
1647.7625514200479773270723188881692026
1648.2079494531422621966740090097404630
1649.3594629347475537362053810169813361
1650.6558908688031495071974198620259872
1651.1394368166923757240614005172900858
1651.9870408388183065556162977252955086
1652.7065366274747529520200173273877305
1653.1448374319393631662517511008359371
1653.9008718918960712455616993221676725
1654.7206049642751743253874429042519690
1655.2640232413004694122973344787875457
1656.2595625611278174437178875526223346
1656.7772119547273611992150248113895061
1657.5858694260362699016538876266627785
1658.5815880082988224291978308535149708
1659.4103510778265182991778918752871285
1659.6861276541154611648823413362406877
1660.7251038833361776789507744180215627
1661.7072449487597956485375321417564209
1662.5048569281528751984434067504299988
1663.2105911826310992486720912036503585
1663.5024146252177256859470941615906519
1664.2501391910697209310996671904642810
1665.0632417729140790334016878981342906
1665.7739759766626778119436560886107068
1666.5399330580814626372946875787011638
1667.0381686202259367450904665426815933
1668.5014210383164188836967511338542948
1669.3107287114161638526172689428310242
1669.8222998065997031584918070433944374
1670.3584302575032489992497380505111569
1671.3891772412346730700268184301768664
1671.7367072361865599576952124108360761
1672.3442649955400548383993868691736357
1673.6768464428373097318480876123022627
1674.1397234622267784436081647726360435
1674.8635526233491176879061430595014765
1675.4217179188276993326819198294127127
1676.1064272554477013395444467682205175
1676.9893659645778230262506954177301305
1678.0826011952361034795870346045773109
1678.9777005086385867029920736377536620
1679.5168566534884494075698411286781006
1680.0096113151529688406496076463124392
1681.2120284186682303569902106647037018
1681.7191871387424332857316264980248257
1682.1729630129981251530557990536149448
1682.9274061917483477616617525142125541
1683.2797086860394092953530861132659737
1684.6869210383558760609317016740503746
1685.2383962181807308562148946188509007
1686.3488930299883408041374673213041071
1686.9275176088852660942472490009430536
1687.5835170308705028477054092524316214
1688.4517179378531183270758152314695378
1689.1033679915147208309926511083188316
1689.7256248232190267039898432635005762
1690.8133551373246534564661058601666364
1691.2843386632205275708631906361521420
1691.9367668902879138735977937819753890
1692.7635770390604013494943035352556332
1693.2963285144196145935975784849872487
1694.1020308309832114518472310625447785
1694.8207219130028495877344440214615270
1695.7717294757502592859506717896056012
1696.9590073837150044836989761698992111
1697.6870612022135102533856473228761273
1698.2558487166473997867130278818823456
1698.5314034732327036421836273552628198
1699.4012008254180961390339544364998237
1699.9824857769866914883149569390182350
1701.1386716076976475152868357037664354
1701.5491558826292977657021571680226137
1702.3244109595745505321252275572735252
1703.2183387539124560743028187286517405
1703.7880546567967849893291416300214525
1705.0975631203392175408696863510529000
1705.5410367282364611754027107284321787
1706.0519645151806476226916527377422483
1706.9643698869033430990211843634674149
1707.9648962285717118769915623760327182
1708.7493885204345330599092274522536239
1708.9701581959476047563624739746936765
1709.9762743086687716118423098835688673
1710.6238488846224812697059243396515514
1711.0850214199067307414770374659531256
1711.6025611519020879973587031026999543
1712.9947320889770103566128581480678461
1714.1301398270975568852306315526932887
1714.4050496943341391431330826981534810
1715.2672665174310879995790325328891700
1716.0356268871407982406311452727957042
1716.7194175536584301241390599420201776
1717.3061608827681414781110315028890029
1718.0308944987303380651259275155682570
1718.6445359334387359488915488259514051
1719.4977541836149728659233328969211275
1720.6648633926193246665350321423471431
1721.0134950644142585140309622581049302
1721.4377841883305363155683507311540478
1722.4433388587675888199882598245373031
1723.4964379305059455725407074680837019
1724.1744236621303599513765282448296626
1725.1802667907504143983972295510685395
1725.6378212600199040721727546096277076
1726.3817625996174758536600250409924891
1727.0680516560741084156377601308785220
1727.6630914427979344894186665481581511
1728.2756980979591291319920655582562825
1729.2261974500708596362014782100849510
1729.6195597134915196567530720424607934
1730.6991472261184777746417257976799212
1731.6280132427660871122316026396199771
1732.6346187127903765497482605219011422
1733.2343176136219154481993625657539840
1733.7248998019428352470699911414027377
1734.3229494249072922647814640364310241
1735.0514257063298485051741589001072592
1736.1425069987145581471333436721042848
1736.9833324118494809527561177263026616
1737.4023931282242000514716442039572708
1737.9242748062001826512805326932580009
1738.5699197838906514161548599323007101
1739.7601075063578711231911679163860111
1740.1986104698381280828874914065955930
1741.1561435982389717220936001283207288
1742.2438563876293585189179693656652881
1742.8796347579504752157988900389191113
1743.5768629655428691357673988404928592
1744.2392897225842132093241132234397199
1745.0176310100608110343228351210532912
1745.2808156967117451949202330802430755
1746.0899968849121707950298011142508832
1746.9461910096537762412425864698498236
1747.8473405115129536171210299138649913
1748.4959533753845177654903521780771973
1749.4694654310784611543662995069652872
1750.1827950851567344806807971816587034
1750.7389293970180893031398849666835242
1751.6203912865333701666275822847984379
1752.6892968039459387370858744267739610
1752.9686410508965051586430243674582951
1753.7067324424380162595426793082770055
1754.5898676004193928278081151549099028
1755.4891093187770834559082215863596186
1755.8169303806169853176858166257615244
1756.5584530056563362184720109030505208
1757.2408471400382119586635324687485359
1757.7247880926522961848766841668316402
1759.5160227776504309475809354445012416
1760.0134680263158385236626092297472537
1760.6164801718795650401321279474365014
1761.3344134725163506631214976923562673
1761.8349994802443152961725356497088103
1762.7825447555190339928725664157838338
1763.3513537433909812466470706168482659
1763.8822590866838093982814893119452186
1765.0747084980118406501587411131209515
1765.5425109598245693941743913255244061
1766.2091378984282475484293667402869495
1767.0441111497909999247565537583021851
1768.0095727137512705274093176693647814
1768.6994043022954370843726945955595700
1769.4081348812369151212747912592494609
1770.0009975294862768857185817257093546
1771.4105751167645445574261968236847159
1771.6439640629299644152567618169451826
1772.4164676621818740100174991824192983
1773.0819570505362666392599244055789445
1773.2998799162263668172959007760831011
1774.5057297646604282395020300477687706
1774.9089951168506575266944565677596907
1776.1763607351535826718498681277846657
1776.6867712097298340461914592539069057
1777.7190188023838233379061006895405501
1778.6775685246953019559225257525918346
1779.1031327644905677457612361970066556
1779.9191764367209333287218964674744783
1780.0564197332932221769915686959289927
1781.2581566551613295243236427147690879
1782.0047152347761567307137502914334776
1782.6773980837970220122699617298236232
1783.5560534977303393071496346876947832
1783.9670278232040091497104832672294165
1784.9243999380535672191418884861269278
1785.1517982581267833502650291040369761
1786.5796040909411525332995799860161003
1787.4018973666511414233537841864498503
1788.1080029552333762682425966584389070
1788.9609475485857513787828086844724371
1789.4448888719488511533182643744212918
1789.8104515160646060283740819104385015
1791.1764829920028778045478868237925155
1791.3817216050165102584807291173816637
1792.0768725481818903992037649824284198
1792.6223504646526688709636236336427413
1793.7792195715410682025493621910991448
1794.9242210896218948051034423542401991
1795.3663563158851262710217871945401458
1796.0638728781427620432476927103666731
1796.8951647573521496823980899615901104
1797.4008696722933249481494177138916782
1798.3507022924445157758540875953019644
1799.1781517885592386382259224353143587
1799.7888783772725619953101667794628819
1800.4275692568894390252234382304949570
1801.0794436824204089503184740401926128
1802.0080949394711259301380001788006665
1802.2611422168039597736373801663495980
1803.2022747929487012205902046989125432
1804.2265309256096746797417455869999660
1805.1341380759647208392361700808516307
1805.9735302218222775861282656217999638
1806.5746148746670730421780448919727445
1807.3865111004806387621783823497854160
1807.8943888006050883626473202601937931
1808.3611383869494721594022526421758792
1808.9667818160242650212885038839984005
1810.1077323345650405149419237450218651
1811.0334975932156711080300873155369075
1811.4716298864670727018356042299261586
1811.9497401152866491331381735470575747
1813.1348649599425129643495221724941841
1813.9514958602613880061077170936009867
1814.6853106900807171377405334564853469
1815.2691266085330431888441411808704403
1815.9990411245788912277161791443531628
1816.9617168886303756210891754079282724
1817.5928239686570433244791069019782879
1818.3858523028910800168891759545590360
1818.9486819424049027683821215587934978
1819.1848606556466915890765862828443208
1820.2923341020088632627482517527684063
1820.8463194431836635634238894695390854
1821.8830800295421106368036488992984584
1823.3200742264964786623765782565038682
1823.6267189295344663192755593986251779
1823.9779827918558151788694267400083540
1824.9441516327045790931064962682811099
1825.6255214978924653348827423786802150
1826.3850539677941980643936360671791432
1826.9588402726369646975848488293983542
1827.8233239614131066874814272031544130
1828.4466076521576322465119450858368727
1829.2242388587876170949117817596984303
1830.0549539159440688450365121036331528
1830.6822752486051897588144265413912593
1831.5112140703249366327372716530748910
1831.9899155222950872048622815075371464
1833.6289662281620179668096964889559453
1833.8902124688330038228990544338735884
1834.5783648905821229548041712708664987
1835.2045528733868780043550942005723063
1836.0029133056094907748349806541936957
1836.4639505128528605498204428074603327
1837.3321106307941681541812333389911908
1837.8615465935827238189439548610620344
1838.7411231204890256387605806801793931
1839.6212764572984376499394901977737937
1840.5456514113683957071103951385699495
1841.3802464457482844022507634607306007
1842.0118727998007090104845968669530898
1842.7351717898702381589800495769610106
1843.2474025774347695728721638075537562
1843.8749568867141102714313599730278344
1844.8903702867072474486091566880475017
1845.7442221257881204090052905110798610
1846.3857249966427979642654261590846269
1846.8612956861015750914295536515108600
1847.5492325923599578642316856897271693
1847.9568470756487576130252287580222097
1849.3923769908487802917289909019385371
1850.1097578185005022023197926444466219
1851.0426010207905620638423993471562570
1851.3979671945194531051784255664527708
1852.5605742782922472641680035198086198
1853.0856690045891445896295722107084338
1853.5573482868744274458549869189727657
1854.1586838687194216652520071487227494
1855.1004223644313726330501775077251795
1855.4543405376708066183034461048047283
1856.6481733007326412799875891478161668
1857.4583595611381359681189036721538385
1857.9778169831695511714220442187551295
1858.9126493280908977369010973377088545
1859.7890974373091598293070503287047691
1860.1904718872314912882138599511258805
1861.0172015680595153211302598012712936
1862.0868984791215304550660451397490356
1862.6519251313043699007248236503010818
1863.3048525046255758310011710906170485
1863.6611478583287559896010132538181226
1864.7250847020452434980058406084961866
1865.4822639242177081143528062447998593
1865.9134230674106908968906213349514427
1866.3845163414558268185818466014607400
1867.9284498409289709871218974570139381
1868.7536485235868773275562805028109456
1869.5481515167083838962978812520418481
1870.0428246692129664535522320409270324
1870.4382646553498389010612938771351291
1871.2068180465325766427131679202396418
1872.0017853536652608984947170461647506
1872.9227179814151715888828055213411089
1873.4356267409821420057279313661188819
1874.1864242697085326716123583272476859
1875.0158654946530892021395471261617236
1875.5830715955886212992783450575727904
1876.4910812464138951656666572110442908
1877.3905619590011205068794910162266761
1877.9515354076418665658538213352888998
1879.0104397943480159853637705384195552
1879.3829276106168114177495149161533365
1880.5324987923610052180840467987136265
1880.9921021480899259801720523500524891
1881.6982637821745898162523170104035640
1882.2122390347646324380280001137621753
1882.7949293885849223039696979951368985
1883.4305076304050890575823903033649947
1884.6621420399766511001101891790656646
1885.4770774162883740501903519083239706
1886.3135200709509154700355782685129869
1886.8216655577850875755053054415016162
1887.7633307860732353285276740031403318
1888.3731779175630406937180001988409454
1889.1448482124164126164325091028909541
1889.5726870090159345878819998623318065
1890.2249216615876273810399145062606469
1891.6104865523518327093508457145160351
1891.9395325387404885653348298966641206
1892.4260943935527511545455425348265285
1893.3482894603765160365802334956061123
1893.8738156891120931546464106452163781
1894.8322542353212647689531438588810950
1895.7493572704991911512299850015771462
1896.8813142481221651807476781233439344
1897.2584524287721305633990294557008003
1898.0395972780688085146880646728403583
1898.4136705344383554726206714057721399
1899.4110566324165793304585886144239505
1899.8511384421643915613388696889125742
1900.5215911637298583414675853545311684
1901.6060738519603400513236426787348782
1901.9520974374721608953143328867394139
1902.7780128361074305176130801122620298
1904.1173128181817520414655418143091002
1904.9034043016186211912129016556330196
1905.0614481686744105243832327729931967
1905.7345165380483535863549424866383993
1906.7084931457345524704477045404414346
1907.5136336807657826407368158424534766
1908.5370805161575506043783730261862607
1908.7202535823577661864038198324864274
1909.5551938964901992540187179192218187
1910.1696147009432125594786052028607066
1910.7820088582608290805829534652560280
1911.7528525794001201152575700237601162
1912.2356931898822698568144020494578581
1913.5611819810160363910263503073544800
1914.2522336667190861883142679088421425
1915.1000843988280037027243011855750028
1915.5263168581031160038950192524857438
1916.2838245086352420784355527946365410
1917.0169645659368739232696954724783827
1917.5560993861433278567584538147129546
1918.0073686549976501829963688966213368
1919.1337086515055737531350214458630999
1920.0400786320117580452833797674431633
1920.5398273906310477785861931492125902
1921.4009292149631204279680584312498720
1921.7701569478201970176492806891391648
1923.0638405887418334168133575243770103
1923.8824572049419721795884922399559103
1924.1615289058871308662520680124840099
1925.3555058348092956387931389944872042
1925.6594718182400938991723060329792227
1926.6469108195508722901418350460193207
1927.2169535875957737632075131209890391
1928.1250632393514029881715149859642746
1928.2634082187783071403191752591531096
1928.9985805172661028444675752708274458
1929.9251581827915703265742916826173163
1931.4531632987193953397523725807107439
1931.6669865744576391548489081904896788
1932.5857201342168670280399645767635972
1933.3528142064913404887993480521644229
1933.8482107580732891506548845802616846
1934.3291001483197928092003427809272972
1935.2376987735637395557053099222859214
1936.3085461009267074097767363848222470
1936.6539979804898410586828665502008399
1937.3508970495731979209685025982158757
1938.1154619802058156709726879986450872
1938.9131868099827056908891726080798257
1939.5692854997585393332321517243677126
1940.6323107729738871905251263187806918
1941.0385916977714031639122162095370019
1942.0156541652600555037740961924947140
1943.1875726394291317625161278407205445
1943.5511676368610845668673543051841093
1944.2954467305974840541312155520991148
1944.4295892879290406929681084108492861
1945.4166899123639206767337827970739767
1946.1288028752813664120025494301504528
1946.9915654867413816659796663276701821
1947.4793118377465598610256991690974452
1948.6005932351640709147491201159513927
1949.3665526086730928027242527421767768
1950.2211537144617661258732167979913937
1950.8146605656299631899324307414579278
1951.6524311496451583856539366914437286
1951.9553560821181374528912647220587030
1952.8844974147114652128847325285922195
1953.8203775827535603742462616238883225
1954.2475643760952690167463865835116377
1955.3352780389102587870190472941221755
1955.7744421616754457632400292218415097
1956.2178876823693916769041677347773686
1957.0265801839415333776542238127155436
1957.7394169935176497515165350549726125
1959.3281358532420849738600557542699946
1959.7319785558869891093332621495087406
1960.4294559510418013802923823006765008
1960.8849704059884804832449055697210401
1961.7920261438405576480805944755613041
1962.6903219992931540851142798934457798
1962.9451274002499665503041516398097001
1963.6466168492656095606321820966556084
1964.3137636308390488886512296875094830
1965.4372957185974366232203490876903352
1966.0536651394228523202447259635239498
1966.8579616362867263631538550635399502
1967.7036615083235336359248341699198500
1968.3993903849739794995575848775975977
1968.8415662221701484894774977532018405
1970.0137026535798935794650949172482249
1970.5859491709610769309917936346357711
1971.3003273994119765935880739814087711
1972.1481203357357445471135563363849243
1972.6610979369003263697024053841958192
1973.1582834427415197517509493159694258
1973.8660068018741156928494383754039157
1974.7429442134268288906770008314080203
1975.5052922729680324791854455521768245
1976.2048319457877038004900792827333476
1977.4792463876267860009281136799539994
1978.1929413587198800556089733854704812
1978.7021202369704387232456429778351229
1979.3304334672581843316790562456494073
1979.9196981681944380993664254705880411
1980.4154857990882619355188519084160730
1981.4286737904942450675370149166838087
1982.3095548365928034767767961227846461
1983.0624601196724970044438260163656813
1983.5287633570922943641577574561090498
1983.9130299342249679320177519739469694
1985.4430917096710993475862128065375116
1985.7226250697016771863203445603340314
1986.6896797270126090588389192812347003
1987.3929048692420713974325908865928954
1988.4906110122074145387272823397406565
1988.6672117054042252105846712796042559
1989.8642003052482929142377983207842774
1990.0371094436872537924546067653819415
1990.9540668660333923251778682003023804
1991.5734031518076332131455907414744309
1991.9816211415321199720979483591158020
1992.8537245554787875080652355878484555
1994.2092254463600420094276162653172198
1994.8304110643136096077992576530877356
1995.6452841336252864498315072421666634
1996.0659237066164686444512891383618155
1996.7586191961151532868915117961778803
1997.8126537623010919302674308096365859
1998.1878213562726157883732342594803991
1999.0168646772424909243970479345036342
1999.7586630273896523627781914968125939
2000.2989685277494075843529276891590150
2001.3356178600398624220350427528588977
2002.0129324788168423129890285624312119
2002.2441915718520319906725251963031862
2003.1071662669559708934459891664258649
2004.3423407200508227286751602412856916
2005.1827720642636325242197983799015289
2005.8160428411523701289540996123793808
2006.5516120085096548463309014062228946
2007.2532244747819671832296633226051067
2007.5963445119127869414243107304520795
2008.3024566050270589390678845611103561
2009.2253401836201446543792707390537916
2009.7310645973636029854716107898466903
2010.5928491258505550424570236423857934
2011.5056866053841066440117834783426381
2012.0053742715002035901948727933265278
2013.1387074695394118284004761778245817
2013.8278202606683976992311795255370122
2014.6678983130559453215413149592409629
2014.9240500630366912370187421415657563
2015.5261793555602240438092090241730469
2016.9281662936311053734464336619718651
2017.5554386432472577681361643888836267
2018.0007336267012348929771245310758751
2018.4467694787067346516247262501463002
2019.3309589465235985324744294385283581
2019.8849162677543493542004635404510674
2020.6645639838045066750174318407350674
2021.9807517278466032276140796452589403
2022.4370291437560768882305559167636092
2023.4886950233205434293400990124386300
2023.9686172364639112244090865268996747
2024.7703953468905850139761865572923457
2025.3556508843112631604595346333819924
2025.8349387311773162553770568014657753
2026.6399790434242377173494892173682398
2027.3523981780589125388868578687986398
2028.2314644920553804467494287432410396
2028.8469753784305599334330701766239304
2029.7968359940068814474176922093803139
2030.3764271077555079747996488965124854
2031.0751752121239578428399455754768946
2031.8828763099777778864172426711656104
2032.7326496571791143524823794803627953
2033.7380500112698480082172887359709309
2034.3105094730498999257887379726801016
2034.5603611713810955250201909015138160
2035.6006015746289653587126207321261222
2036.1708989978855667674846146486751781
2037.0840522943866598929402378451754674
2037.3365840024239040246874015689464530
2038.0899880795854161400403065438882109
2038.9625946355952777972878073137889116
2040.3419652074578132625398608752650186
2041.0678956897726488521904865854022779
2041.4355565807294522023772442577411106
2042.0643985332498137239090350433719932
2042.7503676549149635363518592870480354
2043.7705354835006310152218376223905060
2043.9344378377619868722098323983180139
2045.1081054638459437721838858949204529
2045.8300313395937661694485429872694726
2046.4323291794717749088796187482961827
2046.9965329738695484017971084182273054
2047.5680690444796614903360058506511764
2048.8077845701107977113292206010048789
2049.4028831240537388470817004542828710
2050.1595612194884376093729703883343718
2051.0533785576127263298752141337069432
2051.8486615469183373668714167158130875
2052.3657554584111395033449798218741355
2053.2963895573416599642408070169359709
2053.6955469331402971358646118486202206
2054.2052220491508979345849864979483489
2054.6493055233810948102007561656838607
2056.0533078570885919058464804996817324
2056.6459878688131341878853387370836598
2057.3221755026740816745401036515756321
2058.2822057888272228584935807400021613
2058.9885880006468640984056411104202779
2059.9254887317503547115916489418418636
2060.2116539376811453610787625649540237
2060.9385082384664584078380981819936480
2061.9725909327208057571969288195393531
2062.3444263980204596873233637474829374
2063.3839059170377102499956915308004994
2064.1054440404297794408960194587861841
2064.3204389363072771955373835853604455
2065.4137536607862067639940174501771122
2065.7153813927257494906001145758897940
2066.6592348486872974410171910399653404
2067.8682084937513568119883237218892144
2068.8446231165204741936436060984014903
2069.2977466065480245117132110156839345
2069.7207015739570422140215802750529122
2070.5739903178020968913075109231182210
2070.9875809245813935328790807133536884
2072.1026245845797753291842318943461572
2072.5145466927037525048045523807561108
2073.3048396305568849660500606517211412
2073.8312206838756721996455276540620030
2074.9317914998708712755149338213664043
2075.7363565130125834952845496114775254
2076.4315064815444463298078836045699603
2077.0766862396981526580665068844612815
2077.7920097798633543898575299921269217
2078.4691884845839118513907342151932916
2079.5653441726928516070853134996054948
2080.1368932158284528855211538786152682
2080.7956875417933299821172481721763482
2081.2310548027237104669429785442566186
2082.1136486546897211648498437672354286
2082.5841208718322109253908819254920407
2083.4374111989134225355110257261669133
2083.9530781042256111197707141897878561
2085.4694116279798942473576058489679115
2086.0280260803125188316218339688862401
2086.4123619905946551910996950383715328
2087.7691615022473208521520748781929397
2088.1492146479175924674416166372641990
2088.4282516706918079092926186060852935
2089.3342065500879934090626504163324432
2089.8388687209563068892800394540262448
2091.0217374665650668326987341581749889
2091.7173882494035518393142438200810353
2092.2360077158374255175010567479369432
2092.9964663863640340497251152038799491
2093.3846030757378912864862675127765292
2094.6061775234549144804007757153214478
2095.5355039520885893845729273868381573
2096.0858382869557902137565652164748737
2096.7309836414146674055694321205339637
2097.6285215567507440073449854299939469
2098.3517093830357443059144879018112640
2098.8621624777297217251280941163856262
2099.4175558773464029852498536104404114
2100.2222245610104606012486627504270491
2100.7781188317940709776075176731360285
2101.4323180868976961960061401956072664
2102.5379132522050985861465636108178629
2103.5075445348651981615362107736474170
2104.3826793086681535383163227244545139
2104.6708990387256448299793919700558613
2105.4990425841288948148996337577865606
2105.9350003805500050574097590932411140
2106.9340438926902298705096627658205405
2107.7667214174902366190632941572174905
2108.3337671225292298256708704824865109
2109.0686989280101453805429902544687016
2109.4861959343805766583007192176186135
2110.4506702402487094766407663777947270
2111.1021204465441314827708322567651641
2111.9571030324316960486488051572521886
2112.3584465787355672149284934270781258
2113.7173179905038156318337433998840723
2114.5386262961202406720370038794321505
2115.2022319539415521196858958544069825
2115.5342413016439488893490407140285574
2116.2594764482256314625173752607350137
2116.9254497518914168200805155987581025
2117.7551984324878790629005309466456484
2118.0483970132220517573246558988236356
2119.2518469765312033302492047818108145
2120.0035288155984701769503479765144117
2120.4331757795289275623732398631728295
2121.5270374018273911759846199933266950
2122.5509388053950704732419226913490807
2122.6144623733442155767103395569950814
2123.7748404190934419169475307769218681
2124.3083573053638246569736439104099961
2124.9865272302739093389807264283196242
2125.7844510641008573943985039725898077
2126.6968927724332359557648031223999361
2127.3209037242169144487170111462948187
2127.7895988718482854076956689896282423
2128.1852997650767345981666645987231913
2128.9184344508869913699972223532731609
2130.2466033028974522441847692947593960
2131.0780421145277466965906624790265323
2131.9063391276100949415023783307166389
2132.3755638550485033770670387114854492
2133.0503149048812388886511019996356354
2133.8191988425449766570579613028191636
2134.5547051118214356275894143720853387
2135.0801463863740508512587884228209270
2135.5130151771871942574073839118766477
2136.7398186382250584565540719509003254
2137.2530013539396787897866673631386325
2138.1324245708348798706317244595767348
2138.5926612987660415232197665394688794
2139.6621337484157014451951499256331789
2140.3751343343618265848898917394956743
2140.7896451225067885256168562644766107
2141.9481004491813882279955739447481041
2142.6674497337570091454911486030895522
2143.5311401544590770772806730926282072
2143.8758937070067560053714796705727952
2144.2897290878855985903493169275639157
2145.2493013546397979952941088648422700
2145.9497228922940523416558581014709619
2146.5831108043822636277445631751490127
2147.2605680649050701058369538070196302
2148.1335764902633621947461566338199252
2149.3687714514292673810497130714865280
2150.0401211617641983971825299860030952
2150.5343055039033317645085732028103119
2151.1588485504643097515820640049539434
2151.8182532632876341332867809529143593
2152.2321356326048894137361880001211781
2153.5994161757669139027434092220155559
2154.0985765514983432864324780739546607
2154.6112583972119460312649795445573024
2155.3628321389362294255396691306229564
2156.2124085332091637369844461173294401
2156.5792514841236786276291499592541706
2157.5561282741988980050660920370713316
2158.6400594989351642385209508301941492
2159.3242816469052784784828784070314145
2159.9322591982882725662548395435011492
2160.7524077866648084169812296275117979
2161.3454468624030349215516909693145940
2162.2021067275958418447706580312681971
2162.6207633815311477373902248777924598
2163.0889083918098804896507564558280964
2164.1063971119168307204811856287067612
2164.3903548458802328174005647089566228
2165.9257267626927701450019196190962982
2166.5036704899661715134561277371819991
2167.1235018858992187302260587380809476
2167.7133969686123979394660515548061075
2168.7573903153277465727688858307511326
2169.3608154825791298788021696272492849
2169.9430721786143637420483193165307763
2170.6225589451234520887364698566283094
2171.7192291447860333413736635180990796
2171.9410759852445327688990840080944631
2172.8683188798828876862446498999749043
2173.5834311557248869590484569654019563
2174.0012967288150234455295018006302709
2174.7064101328580982333425595154415602
2175.6800537378451688041026912290024392
2176.8245226838566370953014164373581924
2177.5875490193110440725103871402401614
2178.0642622116637236645534872817864912
2178.8817234249499233437456265133422315
2179.4055790721088587521622481424054198
2179.7994182272562158975566525057087313
2180.6717459780313320697934547562779990
2181.5014966295831899970757497043073214
2182.3952960948578660547475980358802994
2182.7905670007099664312411769670407205
2183.4969533005892260622797274816606289
2184.4456638770961451285398690765360503
2185.5507146146074486624217044946954544
2186.0736377514568134213112346352136988
2186.3217181706795958792945183859544101
2187.3218192648604490845852270329495504
2188.4632198684715031722329435225855916
2188.8685097158470327590270183846418383
2189.5775203055470088939122558422607212
2190.3597293732656528549341736641553322
2190.6005511567119326958911587373793321
2191.3358575588879989403439975714818792
2192.2842068735392476951419631958670607
2192.8576545415649285840920247130278999
2194.1102076807556992020761956717677083
2194.7501280843430667776839786672797217
2195.7351640076028304296896960265179938
2195.9937831987559367652969687444348163
2196.6752293124049691048627689107308999
2197.6627461469789549614249385901814167
2198.0640663784299028604994872779671062
2198.7642402704384567026340293734698188
2199.3848471974086637164083584043128825
2200.6156990233286845774468384949297210
2201.1144826493524393299518381953458056
2201.5350917095730319656499496326962286
2202.3727476682728857460248322956983872
2203.1428369927794564313974701054570440
2204.0356166109824914663057622083640911
2205.0672700326931540445341668556506593
2205.7798766051342177035449222302545238
2206.1066153223923878496637603585596104
2206.7502638462175197958142680268494120
2207.7043970556115852992948390555026740
2208.3703800791952413005117632060128642
2208.7993382604190124846465793438951872
2209.3927744315610177311060222923364350
2210.1891181310755750717771036075949620
2211.2457149301159125201136680118675957
2212.0710525719774966356953193205860364
2212.9423523729770590545290169928060622
2213.5451009656130589319602462002845463
2214.2069867099280470118384294823223595
2214.6037754689977412892275266045830465
2215.4732453597144587184433881809915745
2216.3491724947630138414311794036246177
2217.0830321279572506223455304742791977
2217.8720238077750837949712084511008545
2218.2940409221343930858221631354476226
2218.7232792393418626994840657511871769
2219.7459761244134900284574838277346689
2220.4761445303636764828050575107905614
2221.3334816033765507196428660874880187
2222.2392500494136380018053510007096029
2222.7935228940140899678583992595463609
2223.9236006907362463763403639709861641
2224.5270481004264670636887079020204893
2224.7962373224616637819205448423971331
2225.4981824676047670625118545070332973
2226.0540276060310330387897994646077515
2226.9196619942922729079978627352488281
2227.7848743856606298138454168347080949
2228.5258734614343627422014692022645553
2229.0802843214572165683600102791982689
2230.2489417182451684054466850574245542
2230.5488329966416520331177600839434138
2231.6891444767375357931526338133116371
2232.1309019153406039071022800795327503
2232.9239040903713325270176130024396863
2233.5762346734132583211670900572311537
2234.5809093505805407271282564999526066
2234.9329388889436307144170515011247031
2235.7578708863458971900630821516152368
2236.3150947812819281805842880585100525
2237.3131113743333021555608215064560005
2237.4979440309755472646716634103513569
2238.0197878151462676598568741908091025
2239.9072342100749083973270196193570444
2240.4075234036780589534189937983922677
2240.9580729297171687229685303608026647
2241.5394329649472039008740472548824391
2242.2068704444075036876000396623022370
2243.1008920789965954321601659442598305
2243.4667814533591052258463044399325244
2244.4833212005155053006354199135187517
2244.8807210214517630637187265077404117
2245.8037331699896117979603609454926540
2246.4449965774661083956924535860306297
2247.3050096783563443021814358675885696
2248.1214190155851588057471355015681768
2248.4940673665776252650744284773589818
2249.6491657831968045494473463166834074
2250.2111627574741236346252538968422655
2251.0187107680727339736667844448504528
2251.9201878897021881695334607723804955
2252.5787175554836217533106415616251774
2252.8725638617851640135360982256229540
2253.7853051685126534925318671379334546
2254.1269965160530468122641733989291401
2254.9086158732024925590091477321172429
2255.9021894052222153717315783543821423
2256.5816190005989841114801834752739761
2257.4917639348469816756139528209361833
2258.2770737901430258914103254885456615
2259.1899402741414792896072413248442186
2259.6462420719885195258341058496126420
2260.3619870004304954616929692056561011
2260.7464567258415056222414002948465648
2261.4851246691548060934920569929775099
2262.5626072492626815003448992946370125
2263.3711361729706062701478295586884167
2263.7990474558531179421337704471722462
2264.4212059247046453965981462169405300
2264.9325140907695886613236253287236611
2265.8755865546677424018664404521780453
2267.0757660717769743002744166489846891
2267.3025723791804974473034592565211548
2268.7106291900887108284672384386242971
2269.0557008462490544988526294892102411
2269.6259445113876288041967233148218611
2270.3816700106065815373985509379818627
2271.0804586837462868143933851926462039
2271.7215506185217099966270076068617187
2272.4160934520290094374965590502687034
2272.6955232560141130537707805817264706
2274.0162119083229584830964659848717450
2274.5369781922788467573919578040772168
2275.7966422366260995364993069903937085
2276.2647252823174464305249881867447338
2276.8381267623493159846513277780768546
2277.3791768309005394884056910204735629
2278.3155917999066295218653572952094428
2279.3472671038059486286625620355234757
2279.7851857077901747302611848655035808
2280.2693522059099995527617326414379162
2281.0527500972284868630708927386603101
2282.0051673972887549284971070048630205
2282.3828216548285646851552415473823428
2282.9794577925956294822104269037195875
2283.8512038444633420642886023383748964
2284.6991900702383745621657409406266058
2285.9399924279999187285703834807015787
2286.4473415767003043245735445493591648
2287.1430613392706494256481795185364988
2287.6094278995198419538234002499109174
2288.3722578545233522492618164909715362
2288.9633791228707606895722416358385272
2289.4751029186308126117700923254339263
2290.4722534785047558987349838353555345
2291.2123857447160153368434725428003722
2292.0860697666156848724997062234316147
2292.4231121221507696823926247992657064
2293.1862201628672310654388991149538508
2294.4111790699553257266461953996143809
2294.9918836396540738901422524547374841
2295.5242979060182702416127917561318043
2296.2937790305924565029530156942374645
2296.9913629118218891500086645654104219
2298.0419546807607802882985027324459543
2298.5644554687726426650504340077713091
2299.0698718366387379648447509452394571
2299.5533412673074693974261336936056540
2300.3166047764124963670113451476477201
2300.9140018239204797457475578169784382
2301.9966201841834156518522733905111935
2303.1460126352702418825626098639205592
2303.5738240911769819145508709260491370
2304.3227149258487491136263304808883888
2304.9896697565512983148519836294128167
2305.8816500372437830054899089178306077
2306.1362170477008517617627016992368967
2306.8223404147446349544267023711338367
2307.9919577551624622290665292679341986
2308.3235909201406210521023796486793316
2309.1261212849337234411165554457873225
2309.7953635238740842938751468248701413
2310.7867683528810735717524541354513424
2311.1409335681300988725435681643711833
2311.9843327853602973200694704237953002
2312.7366767873666730269686387802462170
2314.0803999247975446801213637627135479
2314.3541036597517628039153236669904397
2315.1046065194080668779662357248684995
2315.8918121477997637928857376415955121
2316.1332000931080185510271792011319539
2316.8394503658819842342815089858102545
2318.0202611560199459400327029635531528
2318.2850670231660266075532152261743596
2318.9104776059482189284841022617252102
2319.8344856310378527789094413799695308
2321.2473939132506639962059945531929944
2321.4142776474627955782466499950100064
2322.4086440472997608204244501240272858
2322.8501023111766023405578627562370247
2323.5047040992632690962136009380481913
2324.2920786902826566727201194788873394
2324.9531440642851301334397751877166527
2326.0299566092124899398393700395274769
2326.4271869739189646808509117672133035
2327.1459381675347215519964007161788597
2327.6196268706959120798713410566382794
2328.3809999613695047936037301124328407
2329.0212207358383888055056763778325878
2330.2042078272428445106902392976603067
2331.2135210301865437824972280954617239
2331.4410126269792088478806931911374819
2332.3890083201149440043093002009754566
2333.0607449518687618218768559302720225
2333.8553552800017710596714880819241145
2334.2706242960771360664460528574475038
2335.0221025223856519485539731508857162
2335.1996061085270526830397502149941587
2336.4466430008767114546760277112550368
2337.3740246817558630722818046962093634
2338.0766061137546074506229367526621803
2338.3348377249482663055742919102354894
2339.6603827896988140719428073804651222
2340.1154707117293861761954910992809107
2340.8408434315213618012812967009985458
2341.6304234726041971023476963439312940
2342.3898012807510341939762988059918143
2343.0648743400362160078195086514142605
2343.6976092802648624368982121343953106
2344.3984345534991008881692062499677811
2345.0545319562469620446560274408760111
2345.6767939162788242529992753532760082
2346.2076269270147448148156318359786668
2347.0506068613728295848513559031418569
2347.9832478323212511629202644252225258
2349.1104629422548413817259431928111344
2349.8322092329773208681667713092825798
2350.4474465235438540433802043475229165
2350.8194901353288653522012861280035466
2351.1427432023422947113037637455549797
2352.5139848022697429893787723106279563
2352.8393183917745407717397387786106340
2353.7064969109521926695668020582999250
2354.5059735395921774702137868210635745
2354.9511819421929723966604178573927500
2355.6659627255178359377073615269053245
2356.7390010931932207785393265231604644
2357.3128319841556697897548207113091039
2358.2524136137019824201585422538546123
2358.4823042834223043891881521253322745
2359.7914637488620203792596127290686706
2360.5841025579273811327010720243211802
2360.8713224035200943154644481447066478
2361.5889760503656034687812316219662467
2362.3760019988925059255352865449025183
2362.8549877321437942667902243090497133
2363.4316730251366507456810938118259659
2364.1568672458690796985250394103870668
2365.2391899710255613063630650824476208
2366.1825786478013567737984074737473058
2366.7208121992247398603442651983213133
2367.5416931404329688256998689287222690
2368.1273209793478374625996012729147512
2368.9971960018822625072259411097901977
2369.5310767972910496810675725906051814
2370.0291516700964833228859620825305943
2370.8015283572799761198637556616009049
2371.8022658666469822359386474168224538
2372.3979685563939715271375885301758973
2373.1592536888515534630509667023293042
2373.5802248611390383977403021955576113
2374.1275207837784129153890723628544404
2375.0711459377550708099003678278267826
2376.3790285564297093859875902732726933
2376.9420714836587191318119171317917540
2377.4236812556205507613971897560803403
2378.4106018909940025549166797258394617
2378.7604858572886426122357913123062318
2379.5985919453294353140042488129785269
2380.1673171458743926365775430365659334
2380.6837165156795233818497188804451719
2381.5320790315638662406239934591741279
2382.4422722909553487568010516713763169
2382.7231214940312054572956342502453494
2384.1714614734810692882004389425560067
2384.6853900316922293099286609492371322
2385.3907882002479799059540365291590359
2386.0558046914829620935879491014493386
2386.6737581865461373164254180359582736
2387.2247410737121350653207734720146373
2388.5109768144657251195964175170999755
2389.0674904260712927844836572200387148
2389.5445542802099076067178663427223535
2390.0214365026125025389477090218990892
2390.6966314842997716966494419331298979
2391.7027904687898323455270229759554920
2392.2909290130350401468376939404183708
2392.8633493350399158311676410404817643
2394.1181293730678018208051138131946262
2394.9787160702272058166682321784054411
2395.4045615444086019820533948723563313
2396.3719583557773437101169723321512719
2396.6166006610689390910012789341047016
2397.4423577332485389149098896199566645
2397.8066878484044816291076644107645741
2398.7429983194748086839778376981848087
2399.7609548442813670843658935985620087
2400.0597279620432497277125571291361873
2401.1534862705030391566574398039348947
2401.5200857837792263663319646739895455
2402.5138643751530677424734105645917581
2403.1037659611898880236869374050049107
2404.1340709834745415144739784388037394
2404.6944190507952016133284876234578605
2405.4642215355282194903305917685407459
2406.1264200272475927413661828850607216
2406.6372433647278715112429007202164508
2407.8159842104209045005187252367045356
2408.0109858206546786421784235984130100
2408.7382387209502547370071519576934012
2409.1862544735899397957132390191809994
2409.8834307490628471325039707863387622
2411.2606133186833898654466126319096008
2412.1614011906666812797516847858139143
2412.6938405200533322900867137066272803
2413.1631397721246392108342135022929196
2413.9922379582875463929526801330338578
2414.6349910249081534660872035169319443
2415.2536530759319102962868064010872887
2416.1181508217525142165833468563282360
2416.5949808830725223947824653806440890
2417.4442249370220555772094460700765587
2418.3007384367295360189972190267835185
2418.7779014695115209255916098531106549
2419.2664225380841657433352031960952796
2420.4628900795996133865304395326749284
2421.1038813167369730338665282932680866
2421.6364164703683543668423092680960873
2422.7850511015736589080617316715359941
2423.5483835339535880479972516479145738
2424.2337345314630001391771438906970857
2424.4632180245222354075676741816760746
2425.2278606160528661667468533598217519
2425.8498954471891884842139833661949223
2426.5262891259910618466253590093392426
2427.3672894431057719630187978319782085
2428.1708391391722696172053844760489462
2428.8767788033986275973433481534273738
2429.5388973202125876728682651893729584
2430.9940939926295963699112182402315365
2431.1034919318679717347269715038469995
2431.8181005831859388528239565932573037
2432.2117002373266998315230727103365587
2433.2500410108731892753738520152876216
2433.9846119055400178848599718475184594
2434.8984506178266849352785900288814797
2435.1588996563328321104248077975143652
2436.2232676340986224343149992662209225
2436.4289658936744111223139753451396175
2437.1660714469087436532293479420851763
2437.9744235602476285561693598665127382
2439.0604376130515369485194327185276110
2439.9886777914750233801223826307684292
2440.7088943361840077083734708539186083
2441.0535339271676532616218681117747015
2441.8089138864725963903529437973466425
2442.6139278201134812483024002567320056
2443.0940021261361623071077942819796154
2443.9201405557558231312290720155284606
2444.4093741032280542953323795752478063
2444.9351065945663975580184713731025754
2446.2423323737680058445688092101728852
2446.7755918286713696100418991718512446
2447.5728048916408977418460722516908872
2448.4357132707883318967768565830006382
2448.5778279581120850114365174859431053
2449.9052837409697742818379223709997604
2450.4043421516542506306732681720278310
2451.2649529564807775108579108762916353
2451.7902544425669332146987818985836969
2452.5729604088516381741396033389275624
2453.2185269331311836029555630778612721
2453.6189627386778629298692753009466042
2454.6363257038136167115556717375861134
2455.0652058059712882552805738605494101
2455.6499270089636293557627639059914017
2457.0360933680376404792337999271326406
2457.7144523950970425879565158760375229
2458.5734836546724724681326111065031022
2458.9599655153619570323546911912989840
2459.8688883365473357774616571366697359
2460.3094724539128349783288767457734680
2460.7061723422951456092581324271483886
2461.5389309985990433271871704881431567
2462.9132387726648949084892351000949592
2463.1882058644922554469119710890044785
2463.5825999771108945853041145143737683
2464.4388963563083266323410101914993970
2465.2017655850692519890568331322402867
2466.3264369944930483700854266743381534
2466.6915926745051248124773027360413365
2467.6731547024433028999258891812067112
2468.2047160223780670035284860585710944
2469.0340767527411019561002328049415455
2470.0383351171332115610038792989257975
2470.4131159602985648462751082158849115
2470.7956103587603971674358045289289946
2471.5173041518512385732016568993963627
2472.2528116696416815330603898105737852
2472.9069857789129904113368690147180931
2473.8066159925119853349840466218994542
2474.7712773598662398292887085576400050
2475.6875784950266422537891759670519309
2476.1963508515072843150845764878443422
2476.6592292690624712609882067583020764
2477.5690272673449671330292748325052988
2478.2038918426543749912019462127233773
2478.8958166681957250073211976201936693
2479.5719520084979260376379637257495097
2480.3396507204836881757204938420718880
2480.9011223991616213089809966315253758
2481.7714775879364721459022571803766298
2482.4082494301502048498711493523457699
2483.0162439963550310334602981022948685
2483.4583541660015060363105044372170021
2484.7445423435119009548364132372671060
2485.6541466511585163439505324956336177
2486.5678720599087412061049877432912206
2486.7668648978086375778827506645433350
2487.2906350923994644115462808093755869
2488.1263164034776414702773848400877586
2488.8788219335009313569246653504600624
2489.5400407440886528871596625328198138
2489.9365729235137298114650722246930529
2490.8785663153313339110336429619957250
2491.7176239704103261424398271313944708
2492.3819005747534923328591736634914191
2493.3219336206883802673440349348198901
2494.0327508862426383381884059327755783
2494.8851769538420567218994260100432003
2495.0619489651356655770744384407110163
2495.8778310233230298227195379035799747
2496.9409906266187956865199533680581637
2497.5462098672492195148361493130556401
2498.2098742057103325704156315812161944
2498.9071372735874946192125873659688910
2499.3941106304748302757155747169230778
2499.8570091377220487234406576790663609
2500.6128181649320417651876810968133721
2501.8952559589921821736791016486793509
2502.5706486968398893460881836095395187
2503.1476573796759846477621500826710856
2504.1757377441931226143019430803501792
2504.7883722562108532879986574565367633
2505.3492234736320448210695438421304379
2505.9260238367229720771374516815016936
2506.5175956003259627268904573668408035
2507.1466343989089150121578801413385986
2507.9908978359788408097792174861384576
2509.0166607492701173025204646332979324
2509.4172734168308346308496119308075782
2510.1766032018081525153291828284638015
2510.7974694210265147778143170566007767
2511.7952610011943748989670676463276520
2512.5434398485955320776857763022311149
2512.9749892429702552027783788590356573
2514.1878652251674800821420658769132504
2514.6915655823015384792980236008967833
2515.2800788037354594325244272185051326
2515.7624245349741659260969229833800971
2516.6711361289056134409780499210908691
2517.4245203258386881362369262271525916
2517.6830571088838501820534853327730878
2518.6627272187303070514472063838920449
2519.0111636526362854511883140624190849
2520.6669026537190576291218016548694883
2521.3942176108220838710080462230374857
2521.6696060271736841307922461346422647
2522.3967442290939041043470170821866935
2523.0876773764533731648123886232457399
2523.5073444957207882597501193843254881
2524.8121242488120055111359269207621277
2524.9542562695252458524504278665500545
2526.1029581291439136327847291216262922
2526.4008042706880615780949866954579910
2527.1548354818182260929613298229482432
2528.0067390325091131467737983680284014
2528.6435340899170399060779519078783205
2529.3454990801081149925533166571843220
2530.2668727524014864996555228326918926
2531.1525083015385230478311656191867775
2531.8063488160177700459523812473681504
2532.3831584026904044466835907702558669
2533.2841385050243629339073589824784240
2533.8755459020734618937612523350420627
2534.2054804557737748229781461852212005
2534.7447172303777328543714960502636812
2535.6349182475419213568024643069923770
2536.5841304977506205343662898321205279
2537.2125075406608606565008869111868523
2538.1713839598366976065124443012135248
2538.7275263811531011902964391760359393
2539.5196014955916972577554402112999923
2540.3399599430049048990845748111458129
2541.1287455724188976851391113535881659
2541.3608120032864452919038412267285245
2542.0670814529163531279837356064398718
2543.1095459517869675930577991518103948
2543.9258429612351272731155621049698708
2544.3795352552174391418677136308404332
2545.0670974189751752533510059818511433
2545.3001672031516751952718706029802785
2546.5488670023435292656158433824735513
2546.8323628603957876235757331481411594
2548.3640452399049038032378634914327608
2549.0273705804393510726411242326393008
2549.4662508241957914401590975154426418
2550.2529284869496985228059508702350935
2550.8806477368498675776084554359459392
2551.3657601479905889338653715186501062
2552.1307680985450518912570115311526350
2552.8825349513613661179331838957740009
2553.4247551097794975025377111523020628
2554.3961174597317941778880374711849675
2554.7434981929251778634813976801925498
2555.8612535063792949618684922202606121
2556.7786796400596736386311856698902730
2557.2003098317938112523770559534485714
2557.9178324056403651746830367130993420
2558.3720836263235354178628347786661341
2559.7870205101159923831731740786287945
2560.1446101343392336238751472672469804
2560.8778708361293048061482816141876459
2561.5360200958303997400401873170135818
2561.7649124521680079979628123954228071
2562.9698350567997010229129971353093738
2563.3094323245213615289624964244148247
2563.9840687239787512174305617391332549
2564.8710147567043745694085957261860767
2565.9631872557764517261201907515975523
2566.6613801927465558942259510557577936
2567.4492640302201405492676220882621284
2568.0911058024150060696220001758293139
2568.4342992859303667205742521317287552
2569.2504737989867801369733408818144532
2569.8312483801015644116415208618587751
2570.6037743692693585538697522738145042
2571.2729838502473892290553199048258756
2572.4048787795789816686146667475126991
2572.7589434672905366389252389336355168
2573.3306417065115602479965751138376854
2573.8399932972912804163342549025566417
2575.1753270221466035112474031096321603
2575.7791620876157397165958084432518532
2576.6454508874682121871804983804424336
2577.0537801716523344021511786236279544
2577.9797339795251049421062667546497398
2578.6728195473340541144394599158045069
2579.1335172460667349729481366509136680
2580.0674026753554776381048740830887842
2580.5158147101585434044213700143606075
2580.8168986305078783534246301710747171
2581.6670492153509700999584033119388448
2583.0426922304467457660053024154595849
2583.5167620666667115215526839365339859
2584.3326299176946433273329150319500947
2585.2249406059141415917559516986366973
2585.5711705908403559891996255117899219
2586.2760370067365638500432793359261898
2587.0132758061159175713529413977788042
2587.6760689309875743008186055749001304
2588.7660351728775964201201675436789492
2588.9946548420566700196310379335804342
2589.7351775412488966389485153778878450
2590.4524557721767362172387948155838645
2591.1980026423513971466438323748518969
2591.7874932729186409950938830275242206
2592.6143671402151718277131929079228484
2593.3721002840614992270591008656251123
2594.3705537095134395919865709207115435
2595.4415041094491176212317126506649832
2595.5828764912653473494414209073917666
2596.2938408724221312081310115561198556
2596.8564248629262848335243684533286045
2597.3631153518377003997507296765639343
2598.2922369353988821435466984767855219
2598.9996085536410465940436917331582342
2599.7975955190164592099712032933146990
2600.2292068103899579468355541629627606
2601.1750331061482594101900265889286055
2602.2329099429106632820934505546600435
2602.7225526504902395107726042565089363
2603.3664171285294567408879480560304278
2604.0544600556971555344355954862808195
2604.8806326963443175131904403370951754
2605.3468037703338640113159711646327060
2606.4315038248840101158085761137253360
2607.0941280317029052906111536177310013
2607.3599187201475039432349668609624964
2608.3000548096139485382307622380887689
2608.7074444253186311394167361883412673
2609.2892430427994416681618271929275547
2610.2740367828872606827468801236023822
2611.5616087896093825079764150113990872
2612.2361266354441575691662573566676338
2612.6539819049622798575305330064532735
2613.1007825470231630044676734103830367
2614.2082551428878894204845437898470337
2614.9081276473752357319034139768466302
2615.3007052299137089705242185727192417
2615.6040891229536245201534304946651016
2616.8105417635595010915583915805832145
2617.4632218094424251549108484392273589
2618.3122444624542266985768844808813336
2618.7952422845784978254186619041150116
2619.6868941451065346054141442875310835
2620.1985067593826628577387221013770849
2621.1386990401056097398516260405068844
2621.9221089242149032325499890781314117
2622.7004124005426895109481933803768311
2623.3570611048458131484025161070864718
2623.9426713297004930662773783872423027
2624.6689683669720082144326291731323025
2625.3034597919552402135665792123542552
2625.6768509188640267736586066867879502
2626.5426583423674172177366704816487979
2627.3981495643869604730954331352969686
2627.7838099159055138362752942997044198
2628.9569245341641979536546033235484952
2629.8732213496564708168850665079488274
2630.6669260408745176885704199032597938
2631.1872913888066483298160663994313779
2631.5039319562038670112936638793571723
2632.3651474603708449120886097764567108
2632.7975795885740140582296681246294152
2634.0810418683404008876652490145845365
2634.6751990981375601876206312204633088
2635.0644282110758254787054009366683614
2635.8153293053181799392654946039294244
2636.4160129867664659177821529923490981
2637.1261373259545789021533898946015256
2638.2985704069053780910697816553332487
2638.6652839877398890849601879575549434
2639.5879824191850003697344110100002872
2640.4840571365533655583942285988873959
2641.1532038942766392501260625153105535
2641.7004992328555433211034803443799161
2642.2615991965935555577376262580551090
2642.9737022930589263936474097755704345
2643.5991662285024696704786679957300451
2644.1366526462078956534903801560430095
2644.7938146258257743938193917910680582
2645.9233288199823970213428771771267178
2646.7899038165944961747822069301953648
2647.2941413424242110521233026807733618
2647.9924570366739041430332828947286293
2648.8526131478099834947961296205217937
2649.4444524686971451701507524247788957
2650.0321100891888145221041611596247438
2651.0759208997144793057369599921330817
2651.5592817835998288618931283699595872
2651.8911884154728190898960055736659983
2653.2499724592023345643044770452131216
2653.4777780687005618503336407786547791
2654.3735672701817504267088681071314813
2654.5861313356393518374529289134389051
2655.3193136768247139414560764180676261
2656.8005089453349678993724390138519190
2657.5002946173634521366853045688257723
2658.0426860797997098924236800140499653
2658.9573491895692407762860022787956518
2659.2017763927356972512559437238338684
2659.9353805656362698326558367942965810
2660.6261790355427576394008539566287372
2661.2893202426213430122555926669290389
2662.0429303184308936413738898447247675
2662.6798448745474484732546906100724879
2663.6477493570734684725066430559190442
2664.0011089428338216644357504241167260
2664.9168635991598804027364379030408339
2665.9613977195619265815850631045680259
2666.4807586075821649149819960282193118
2667.0347111282804181435472145432462694
2667.6306575549580778513103977291298763
2668.7529246268678962910822113982597720
2669.5012963679240840563403958821409040
2670.0221298131388459450169195524547380
2670.5518527402749425901261839996630446
2671.0327440480035720362463097694455220
2671.6562879814141403758092467813690421
2672.6808727816528343413042997260633651
2673.2112401209523626073671825501291191
2674.1985516367470227265197787351791088
2675.2106435703663258507444923826021906
2675.6284106482815501297432471210206158
2676.6118576187587530109040402659232016
2677.0789766882989896990941624042800134
2677.5608830336270487690477455258087924
2678.3905919690121074966364976084564406
2678.8211135602800038775527205468086781
2679.8016134351996130730495245582774670
2680.6387183554591983114194111220414194
2681.1888863155029965226854895850919413
2681.6771783067847789078923396526612644
2682.6244690305114965987701912800128814
2683.2840699316210891179136681369854959
2683.7757581032676674201752948527236137
2685.2190042707396465596982198878539368
2685.6477881642839132362539528083944613
2686.4148483612377597704061263974163372
2686.7739260944276826802524463860950461
2687.5587207408321152591505395703733552
2688.4515904778501135081694468789191273
2688.8240056653726554324048533607191794
2689.5392939784152326241233891634628802
2690.0964040619786289837733205642073203
2690.7833410469600313577879768661754005
2691.8546025467596262332817301806995171
2693.0807988388610933146493821006890119
2693.3964561957650393720516203748901360
2693.8337683878079201689497538469076953
2694.6157115043371826995830037465763966
2695.4340462562404286539956509241372197
2696.0470472465355067901785031364843402
2696.7700314560392782030155870397656767
2697.5086485848842786877185091767768975
2698.3690640558910828551524916847035951
2698.7476546693471310932478927134662709
2699.2094346179997327188906842538363129
2700.3126588950627810243598519854673652
2700.6710663061574096131956201521523379
2701.8270364148887754196449490808920262
2702.4751066394489367827420820520080715
2703.4398470259540719979329474737792611
2703.9594754543222240444154090290763980
2704.8711574348695864756907795592782069
2705.3566110186258264845582709663370431
2705.7200536982411540896248720950756688
2706.4942463232314679302507677766217185
2706.9481989619616931961241149456119744
2708.0553940976801541940061539959403343
2709.0223391037337652099764440181356801
2709.2410336209090196343534333828892326
2709.9858614721557797573374419817044398
2711.0932418971281906825648812172063742
2711.7627759930809141549093871333096436
2712.4486271780962551432570613421103225
2712.9953843077121875971411337244688106
2713.5498108653924700550881403607840051
2714.7679025365456207203735281841734163
2715.1474555568838620301400422205868273
2715.7915342357477115325595606650623669
2716.5003620967061309811390471917822403
2717.1932066344017670759420405865818579
2717.6366115064512098157422380112255293
2718.1732409972873918974888981405341133
2719.3412028258857414390536938778606967
2720.5254184348370753687496836732871628
2720.9294660846355116509310771271908739
2721.8338492067831428853253561598938047
2722.1766950390956395956266985052441449
2722.7265358082887708338634235685951725
2723.5491945423272488709423398380386851
2724.3754142197552806383135057082520435
2724.9356810165327290049328000944251252
2725.5516382884337286077967242705410186
2726.1564517080545353728715194102294111
2727.2111300942745008472419826291643701
2727.9926723188625430201299777683468220
2728.2367400664554133413136563845417434
2729.3615393026231564251610935130606643
2729.8529097608424864882555779021598193
2730.7137789378698604862841234740416490
2731.7208449774095923414870582014711274
2732.3749750862213333735946789238523840
2732.6624091264067147910154785284291905
2733.4383973679916034809935324060938897
2733.9870925546825934690326595404906245
2734.8321468604154465227184996904410549
2735.4411186314702204891667907859627626
2735.7667651792592585076120936254343423
2737.1900252554470445160171718160059422
2737.6356595480437386232844067675239567
2738.8467403487127945699812824492568356
2739.0710044663480466904267600255106935
2740.1242839320779674612174078023076840
2740.6316289763344139367409065786149453
2741.0672330578389712327106593779532756
2741.6102897439625892529231817403877340
2742.7352467968646390062778529111401080
2743.4839273085593090222222157936464455
2744.1228375953621594866851601368387995
2744.6475786256458148042833125180059169
2745.1847078942638259098004049893654783
2745.7377547952826816339230686985406148
2747.0260663393778877557288887917767912
2747.6985013807358323308872692199981623
2748.4524083676751044105462206087017490
2749.2176553264690051192275891522881458
2749.6902081894709678697400622662729369
2750.6203431948460713886754324698684819
2751.2022161327591318438403954631368303
2751.7251546647052876662409676465426529
2752.1400514028787556137142344350276853
2752.9520973642048527066115161619661520
2753.8511690199254649988117034779583403
2754.4421815174571035098673951064256123
2755.4287613430581863776826331554973505
2756.2880508688148025899105366689187683
2756.8316569764608034608178433979292553
2757.5433761952277329187496047639135900
2757.8835676516274931470667915881111324
2759.1590583877672719913019040396837479
2759.4819645905757096953923268676101141
2760.5104539207941743552648579107532408
2760.8159346920045270829726863233972325
2761.7355558840628789839497043623767648
2762.0344884267875133921337850524215322
2763.0835411636492549319320917490681762
2763.6115770143897651411469540898516259
2764.1995571856798754299857376970896530
2764.9738933306332692530052376348076815
2766.6075416761160899294089142403938220
2766.8826414915733810946539823509646416
2767.2855672203461770592869699050510028
2768.0718998539101824548286357788939239
2768.6227687084447317363614121517271012
2769.3770386078009415572297399323892591
2769.8560099471074567668671080951244719
2770.7851522742387043271863119171123469
2771.5088512556736871907476077058514557
2772.1642956528262658896920632121982536
2772.7701782809751380190510496790251487
2773.5870063091866402365958207573535534
2774.4989150742446004412760331519722673
2775.1787192498501380434529291571487013
2775.6634380147344961583903608197425213
2776.7071130150513763946521656384536131
2777.1187094411926126476942272735304069
2777.9307361828476286101687897276729232
2778.8179616553058027016427368415221710
2779.4004278803042347057274717207695585
2779.7600057671613445036422067192787237
2780.3537718571008513410806518320367261
2780.9610802604052765870934582939681448
2781.8716331358632864483714147723477695
2783.1429463565834452716971996336699744
2783.6645016724889312708339885329577588
2784.2521222050074723481566231541703936
2785.0468549006731470292595237239718459
2785.8572824552078958600229762387029189
2786.2671370708553986625980663395155554
2786.9528006646236303641119008794630775
2787.5719457200905504285194272610267398
2788.2761931621499433145674276865109930
2789.2152689680130457657270290410961086
2789.8196575272713027450422842899619049
2790.4879247817403171658134211559250540
2791.0124622645776359473349199765921294
2791.7784246251067871144145349437588234
2792.6721929042806943292140519493959205
2793.4454908573007426532212115015378012
2794.1961275364196355774144862370642842
2795.1586764390473893406567626376264236
2795.6567598438205428215084138946898837
2796.1574989638856228467125344514135048
2796.5935486460615771110019713119897694
2797.4377432588313719068933715302511708
2798.2998870655014951616845060206940042
2798.8121125829392372145523907873916529
2799.2690062593510031414472148392246916
2800.3069081264798064176675829871750451
2801.2723238158724644413357046131787729
2802.0412195590780137765489069756548465
2802.8316120927478686109142453415616735
2803.3163183850448864228211645011367126
2803.5368591401512438177230525152654688
2804.4903173611361453822575595513322160
2805.5389985808462822187572756016290893
2806.1749720125032422056707526991833847
2806.7237656420858654298073736201468496
2807.1505820513324309619636407877217868
2808.0765802081367101282469489718074640
2808.6543164512418595239066707913392680
2809.1939084227832471002124051643828080
2810.1233221396384662332303832428947698
2811.3048626041215581301716641399743056
2811.7516252414998219535179340997827131
2812.4545794170606345872043413073513488
2813.3322722202597793094916413525685301
2813.8701234681031945758508047181973828
2814.2784395901159319708331939977212253
2815.2184578003942968265502064219938489
2815.6170038256637108856147653038019934
2816.0556515192930560274452243614029064
2817.4568961355409756078754745500159336
2817.8572720251785890966774829425273223
2818.8080418091236077631035353377536237
2819.2468867566774266868450335045209669
2820.0172662952408726445726822244085832
2820.9622969042267236860066361338623856
2821.6376776219736396905471678422806356
2822.2237289341307885007478187299250415
2822.8717380480019318933605925702775732
2823.6578977639318988743780485481873461
2824.3113803698796054431536279756544427
2825.1276283359661540578033615840512304
2825.5941058783272626589587022252680723
2825.9848351862790068087778859198396435
2826.9179915987927672776363304560481980
2827.4091611173706605558341721823267118
2828.7740974225747202393562931305416151
2829.4982087925779809319966610111775174
2830.2607279793268852318487158050446678
2830.7787914188519500875301705100381369
2831.1119360317252502285396112754047665
2832.1766721084301005728574219714829993
2832.4628666031781037348100912503366994
2833.2583378211632969020082908065804240
2834.2647388676983755053867772626468970
2834.8086580159360562991055401999242535
2835.4600612418385909895078178924556572
2835.7720436484947859553653605449479150
2837.1107138088725586282728649237397630
2837.8589633622228783549403773219368096
2838.1454273388494034351999090504787879
2838.9648220362811802715385858894190514
2839.9200121782303076105611006356873488
2840.8260151155092535570481010994630354
2841.2858425589417180437130308667630645
2841.8917552555664042916103123780111003
2842.3850269472313289221935477405550550
2843.2700657561989477480338763162596849
2843.4191663712557608268597810301224832
2844.5400576817303718677606398077290327
2845.3606082554398513898322230113771980
2845.7990027642751881471076751520940242
2847.2841165892510454762639869635023286
2847.4986525381813396546498701376437625
2848.3031027538752669771758013173377410
2848.9115414482795467327822431131992277
2849.6076449852524491300996700801301447
2850.2791882220269771178357085631282974
2850.7924004229487224989395865046757216
2851.6543551665159325302951804206679902
2852.4533478250081455766494051431062669
2853.1657998362940012485825240498452068
2853.6886405520006365944532343772334900
2854.2291770910959597067038350548372636
2854.7938364653500687884542545826322118
2855.8823979258032032766513997278696779
2856.9719612671031200664273307459146832
2857.5817453802299492287531148323854246
2858.1640758413516642652173632234349786
2858.6269449366823139446375983185363192
2859.4391487982685792423426700236509888
2860.1973403717960217623695333575974194
2860.7699476800072449805361678455535938
2861.2295657915575558240577776701287670
2861.8981841277707091765724533040316595
2862.6803791529795659009247150347324576
2863.7399125006974443808531008688976617
2864.3836774991628888242343321184708711
2865.1215685196671257081699898029179985
2865.8300054294153791503520030248834767
2866.5061105705913993200526052979256119
2867.0868297751065986350134784448373589
2867.6560126581917151961421681396365701
2868.8302488657202294891377020111031025
2869.4252559396020228365127082333290227
2869.8410910533237926781651795523297097
2870.3961223105033172449090603029037397
2871.3457862827971036444091244780646749
2871.6222535486995930466645419140917519
2872.6197813012502046713416058092666451
2873.2337346293676026435260395916563952
2874.3883635126993721144821776644420226
2874.8389153668124222716756623662277265
2876.0696175046953842087096134439619672
2876.3223799642803138493169810383081537
2877.2134142211904951954612697314355044
2877.5167596732963730508976896007511623
2877.7797507898079010873381340307486769
2879.0520416780187002242867110894335160
2879.8427527309365140305987528634228428
2880.2059179840752919974041611115350319
2881.3134920061165069963690054740941378
2881.5420762907525696626656761088469821
2882.4664234884049753934916115676488944
2883.3498468712354817139199622198631845
2884.2159584837149459234987831369940722
2884.5007836577480875566314378419328061
2885.5029778828598078006096302452187069
2886.1658269946447466849436150869210742
2886.9415998760085926127685717795106040
2887.4202458508680407260479420798123743
2888.1280985776572036119108939793397878
2888.7724594619609285503476061846610894
2889.4315721246224348132661949863655626
2889.8310678193897606692445317524579408
2890.5151603924695862948032710564080665
2892.1692048689173973513326802937126845
2892.5453047024393323838167265624159217
2893.3046671028801955933903417314869675
2893.7050249512226096173836620451791862
2894.4410185825610322325355469735006573
2895.2309987489436557027570373925887854
2895.9265808855865171276637700709957453
2896.4303408433051888189885007892236045
2897.1872782686304222553644123834868070
2897.8819594294690655654221083731996936
2898.6466575074086815069774089166687518
2899.4332963099271122776166457017381458
2899.7655204337904767942739805611802361
2900.7142745498133778484510121455339568
2901.3630563067928997253464274087199943
2902.2448516916056371977523543202314145
2903.4060816016461432971212485932400714
2903.6190329788281784276414949299659996
2904.3006630433876152486381154942328608
2905.1806715602554026206538821904091472
2905.6888090656556133847183942509360209
2905.9428078811476072846323887664657180
2906.9443468880147421619919450292966118
2907.4896034687640786950462303346686317
2908.5638663366770362933272201266780015
2909.0369491954940826989193170086279456
2909.7494155805911611008354262693842475
2911.0519799959874412700322361042593566
2911.4449021251765756005705955110899675
2911.9632037918192934504048654889453344
2912.6987331279709188688735691962451334
2913.2013152517755786337141473524173972
2914.0159587912559464540300592676105066
2914.9520846201836378435725270898051708
2915.8207055585005563011130626685287776
2916.0911707522798355420372830220118568
2916.4637659536637647172550921926900332
2917.2327828087990232134550323775190241
2918.1787130435731386958261538582067027
2918.8989846746889108249416828541559719
2919.8510671036543780800215452085201900
2920.6467435261486557073190097602470045
2921.3193611905454716879488420563708646
2922.0017019421855999521650401475648416
2922.3051459897180485865286584779285164
2923.3501064314842125333975221064015704
2923.8089110293973226073048728915866181
2924.2408297757659027836880550996535353
2925.0977099731805477428616438478112585
2925.8520329451801050907050898657267379
2926.7013738392753175538680393162973794
2927.3513733951655091271006010774756471
2928.2435813792538245581651751720629225
2928.8679182832211854102348131888642605
2929.2803380605485682244503485446395776
2930.2103742601816383138100991341467531
2931.2163556795933022601953956568208448
2931.7296048347703755028894923085269191
2932.2132422276916715777635423801137920
2933.0515608004494950989584183651471293
2933.4301869435234699126933066364378349
2934.4879925432833808585511717055729073
2934.9401595057511660111862305698002962
2935.4424999329668816556401264855864390
2936.0091170513278893970188516629384961
2937.4135129495297950984756430585423088
2938.1889493253200058345645948198393774
2938.9183299362176676909655250205626787
2939.3315575618388350544571178761652160
2940.0439842661853103779836754871489899
2940.6544780687694413684025274732789061
2941.1107310714115778671974517626822189
2942.0573323310142479232939847923270266
2942.6848703523962577823907502127382461
2943.6487212323197487914255091628368180
2943.9991096718713093612314150476434163
2944.6949007193349421952889999513986447
2945.4474241543132987850171829075947297
2946.1136639971864932677161084265164979
2947.3144630892569263051106709460892370
2947.8943504618422561924209778098083446
2948.0717321927897391656548364248295086
2949.2553180375860155931524799362012397
2950.1464450613209645890798852521245527
2950.5534621211110184022862434935180258
2951.1480826740385033356853861585311393
2951.5865624251137612949351660412727956
2952.3357106333543011936683175080882615
2952.8833372363484784645333321790334099
2953.8481345211732631315383702352018225
2954.7657194707992936044852404567072556
2955.5718437141208415773491841925404267
2956.0779489568166531364653521836664339
2956.8931240196336227957069853691044158
2957.8387689901372808633013690397068382
2958.0163706882186119186827681729958330
2958.6769419015004847441418619066277751
2959.5306433417467750168792636889177967
2960.3754204810228658592003469891125026
2960.9907742109564870062829040970080451
2961.4079674915120964834774793144400462
2962.4678497730866010300525389047253578
2962.8405706249173187790539454178397840
2963.5357302913622668305741021059475306
2964.1492242630744011393044252763479352
2965.3377178176322132235083436865713930
2966.2022188375379870137161932608706408
2966.9346652277923205907585943754270641
2967.2856254354207178455732959048340555
2967.9985581664169401685833927614902629
2968.3388703711463553628508166168718836
2969.5154887955144037526022447063030857
2969.7608415682763307499043846960398227
2970.6500207365862047790632318133084560
2971.2172568958212339561921188076769954
2971.8859449323217831668080694992511149
2972.9228575479330604354946840806566329
2973.8935853281811635598806790892585792
2974.2872755256255417955162719985339118
2974.8543568624870003013084726845031515
2975.7253563525251419636456515034910374
2976.1479755918918958763811713230449171
2977.4031703618975019417130627631718746
2977.6641738787412305171495142733546051
2978.4480554587986865369366399159551889
2979.3163360536825073409671324097898322
2979.5504193486105422266003997372390287
2980.2097474323126747095301450358352534
2980.8658381510393977666193606642556463
2981.8877003395393121276486133322995069
2982.6010648993569443382225768932447938
2983.7829166236199732476581985355218813
2984.0317827201939653776131876259662814
2984.8456074632968418977510884153211146
2985.5787233875324650706822684453629380
2986.3362045830770702090455336558606002
2986.5382375885006483651328574429850828
2987.4627494082899797512017569771740963
2987.6252696578455227780968504926248703
2989.2593557266715152597640429845680468
2989.6005248576025232519984271623663945
2990.1249635494813293688083216015951122
2990.7305854667946049189276387589562823
2991.7009908919775425982353972191457766
2992.6121912473408998237193808846770561
2993.0478516318979012077511537828104207
2993.8941848305205071887157976098984797
2994.8665511576086997168079397432630246
2995.0437183854922270588810606317665399
2995.9197939174170420068896284384790351
2996.8101686335130318710259037982138614
2997.0487604573142935129293460166495471
2997.8133465505962058062162686903850288
2998.3085754394453294595662725291452154
2999.1912167402219096653229557447824257
2999.8423038445045987244441610373208673
