# D=-15 L0=2 L1=1.6223114703894447587811843081191756200 Lp0=-0.059175080239517426391589677980208495528 h=2 w=2 reg=1 chi2=1
3.0570182098086891528741550690470882907
5.3431920936799689178236716103691464863
7.2676305982668072528607776772071015192
10.133748155228375797259200600348258080
12.159698533810770817923243817453444129
13.489384573155318040533222555331632793
15.240408529039033166877888159850560843
16.633558416185586381588234425081937543
19.103497185254694657443056319366277420
20.662363051410306773038882163646400998
22.176397688213761087560204853001171855
23.367999238674935376603626321377520283
24.903501169042967675951964523340858734
26.319766015197191128570656765193957432
28.657013748331443897614327229663554130
29.692277519835872141887718031842032542
31.364706239943132288829526129583085019
32.323380081813445394336399664953360308
33.781179198870434913596017130572121469
35.097055689237891785322848962760375499
36.995846697917034148645113962162150441
38.757341359970418830354799182704385121
39.440897943976028950295890300010612929
41.228231576986790183300449792356380368
41.997402574900633148861230661497864311
43.426529612213442828900893191899549498
44.925232499951741114758896772833828979
46.724256067910032585161451907981262691
48.003149401477610284124633971227748830
49.079970412841831284216431545638776455
50.284582694847761670127969646305751404
51.642077507443210300345896004428403073
52.456943493275928357698894595377589229
54.330356944028355855174777861961060729
55.789976531280045773284737964881693047
57.128062177242428105865121883972389631
58.226581837190163289566263457181792193
59.192210179751130718389408726369511298
60.726500234740536893006082216658988817
61.402092464871420003887975300159994392
63.079443413049062935555858523770636084
64.820147464633665948424052434706462473
65.726851701572150039109847615614008940
67.187741565467195736840046011245815459
68.049730409406263613616491735149464811
69.140421602309194193464297705469903446
70.573861467999884108870961841614617645
71.338969331627669350222078570497632109
73.420823717084879130780087016208744359
74.396899487625030586660996918182936664
75.694810877442406666063388646866846891
76.666729673888060633553272595890260740
77.915407439621995347792193650241834845
78.705787304347803980363865890832324392
80.165848616402722693149081373910008305
81.238772546238510531553867716076677605
83.194143285231020858485610503552379354
83.901762185697181454983861876448099840
85.124477129765255963756199536999375367
86.303806219060189826963779625718904424
87.221728935700184184592574934795761187
88.299671058654269050944109992326263284
89.519195063210505294700920650408290761
90.956697992136969949091679188983115088
92.411118182763165192370679528106708976
93.478870325802102625657355487543156741
94.377379297509741670800845586847749083
95.522884051132999901519609625623067805
96.766345514931519512160061238316749155
97.382430845651530470240774980628936319
98.886942910177686780287655965805147186
100.32438889566571945116334910515618216
101.51732090665597618616150600338362570
102.85947536341902521870981877511951780
103.41182712220903940331934758120263964
104.82711144194914144271155272073189644
105.63520293172929985893353347106679113
106.88617563987141426196193740700112046
107.73522150279197989011672306818512246
109.75644142139165115043763942939887545
110.33579576002170502841825449727030268
111.88533083896910107192621404406026319
112.70302038354378291461077918850424067
113.59702765568264684492371830541097638
114.85885604600904676988379696222103836
115.76871291866268297114730897952163805
116.81631496196021878920658569875228457
118.42679203366305916430162796457504782
119.72521688877946223661344694613476313
120.48044322960239399797946708857795633
121.69413247988103036493055136290510407
122.90848695003600774386861778908467935
123.27887617287234491892050707363598975
124.98422414403593922214943083748408645
125.53287624966305290841856506268844523
127.14200223069963929299696172952246328
128.62909030762792645638301501726800444
129.35176223035189270437082181649338382
130.45173007383552230465733920157437633
131.58116272329293603917495663437257419
132.41996916207102171620284764643719627
133.42228068791171708526448554057546848
134.51574056177421558880037423537495308
135.77730208970469262725027578486274207
137.12431464382013480830731208102021526
138.38529546094275038039810246918634583
139.13897990846775159562855592556122146
140.07386937633160866481243850145992321
141.48878354360397916950240785629637859
141.94347518773603318424148164189877108
143.15697382744873138941062475060168131
144.34568834316738908740743889948415800
145.69217202125545209859078480782781442
146.94390710952814315048849817254734543
147.79923206539362920941337652857380748
149.05985424816648062786505204511114336
149.52617061798567917190333230217880386
150.97076746331375144886925335118018839
151.82361481388946638290047966835272847
152.55956841953973017335881325672535394
154.34096623226139858081521983917799476
155.23087973928207221690154561538750990
156.59094626464600047637894725359029623
157.31264797026261996545081246919265488
158.49824159444057304798862117383528494
159.18309634768187662897111481910819004
160.39838821045144430327855409240641307
161.32697545570337106450349311029085384
162.24225661745576338194172314394770446
163.89216753552285841268051763683275130
165.03128409627076133613802756630997465
165.64576526347144445706901602368691207
167.21889563228520689830402417952976847
167.58059065666440375264566869288713370
168.78587575177496423272973818119926843
169.73983292272893461679725684391246805
170.80277828368416606316718216962140794
171.77498808777412012723308669737851981
173.51418112749715421364052842131555712
174.18344014677553226541721350458940052
175.31356862352679113267591382769942672
176.20338668224196649759700551513549191
177.25063145480357190669147779442298002
178.16518755928147544636112252848509205
178.91708330014342453438237436681887880
180.32659770542560092745306535658463838
181.17489651210940428483259420194310202
182.82180169457314020353392072095664022
183.65189483188122111935454000121412247
184.46830411377120737414940738290448168
185.58642225646241474014177585459050802
186.52462425355343435259004733629553106
187.36924619032229768615229368708960745
188.37804565359114493282921594042818979
189.35441665501005914987469043740945843
190.90397497484593581615588103756540204
191.69291782771755284674544705779275079
193.20342157271039313127048161882994849
193.66687160918109512931038475076823788
194.63545336859131071986434834399357806
195.87654462121097860806638651528229087
196.59820573167186708435523777156869823
197.49429516725746511426375247769755149
198.66895269266077042340505780928885007
200.04138684908279255410473586122459788
201.10843103070187632992996827322322105
201.97300451239077471103915331675793526
203.29053901606810681374670391424185801
203.64421886967717736824043188350424603
204.90220049431649296409615067746477501
205.82008594004047249043075817857850455
206.77491313258830283705298705914992534
207.63690407727180738334491823511538423
209.39082402326285685979696451822735959
210.08627918973512965411326001476199896
211.13070338554790573112429007710585740
212.25619967439683615639828369597736785
212.96180616244016792178138942339643365
213.88691260045548868018946584008543668
214.92592568845597141934273463296428444
215.85663789503465728946013428038789306
216.79079659144436880028892005132867083
218.26299938106320319075962946485151277
219.36209078155550265126994787165623318
220.25563065726697681929936715839149432
220.95353627948637479261614361587841140
222.43770865702062795204765923865655409
222.79077990406230925685363141018497235
223.75087861737354968439519773301954400
225.20322086213898490903385015760374955
225.58770279581739760228903007675483615
227.33822789974732362565709544805932057
228.22527011122245364215895935420092075
229.44268217909232137457474761532744759
229.91352846195974443605367435041663925
231.16940277186258398660539544654580230
231.95279563799923438740951769297489283
233.02843669878326683257379007896974913
233.55872256935331143764932698966847403
235.05913413434800797820529462807968502
235.98037981444858457434472586696860688
237.29897228416553640670769707268473097
238.33742334984893584314256117486483820
238.93085924068750183589266655268335248
240.07140405738054822093874511846960919
240.84839287014769915882422035210105401
242.00063632178461333445922542502538389
242.57368567207995798236097055957184011
243.71169906652409653406017828048199450
245.08407061426099312727942899518330706
246.08301318092155585357386451235453172
247.09030402610884619337038448746592559
248.05195468259251520072477351873202350
248.96183701131590273642999409186683725
249.62087710224547199464599995705469753
250.81047528276836986001893601646708140
251.78341141423681898746060078392262669
252.27962081435838513715811718513759674
253.88953315617219833135414957816617469
255.05000996203300222501608178278332490
255.77556145048962139389232460130058647
257.07278321892011756929511585988391526
257.55957270375058416596854430907343022
258.86136583653617954206574656973725026
259.31469775192399571612831052689050140
260.52604363941667239386009163166131899
261.47185840947310398381981876064119629
262.26887981146291543562773647815676352
263.91371881069834442091946917555609428
264.85474497609317715777656569570770414
265.37400224836771811565076054198066986
266.76724561364298166506865206636737685
267.44808890348928513004094388038401672
268.18811248755298787561776639303080185
269.40715586794007984438427377017950324
269.99539640958721511668800261439532728
271.27500637128179192093980505780971765
272.26526136221325518424819567753542989
273.72272003603841266042471602341074795
274.36601103820842166892368077860040440
275.22816085769908948205441606477393591
276.22050210898629502378167569488108272
277.22522853858029749483812088478625954
277.92050736820363592711401373850311789
278.78020828809638984249513626523819346
279.96119458637218575845253504805226905
280.93245659722275702731172280164493866
282.22152243783546878098050960539010025
283.21662230727922879918202412186791002
284.03046947118933748015107612269724927
284.90292089141291055364865179479091478
285.74538755675690979122424981062500398
286.90710901710729236991608321550126935
287.43538244868676204719506427192934233
288.49171792545340873120457709116219155
289.52892345631353544520772952894995547
291.05833598525022398857312686741998363
291.50937107901979928890228615790848658
292.91746735511192318313350821661505844
293.76983925643461969410691770538027377
294.14946288954512221888835669524520201
295.59521575179876611953747892979361733
296.19527454286316266644047503569694620
297.14364797344310039629952070690898256
298.04270884690888480488565195800462686
299.33825302654944988750796265539303663
300.58646970397866138244855042482584942
301.22399949615832303489044028098103107
302.26078275600590903696000038510016129
303.30296880437390235378204621546352560
303.93986415615781502588817586112918035
304.71384646551101940075142055974154840
306.25987890513097876877413867901203433
306.31541463846904507807239024497759465
307.67099831764555283205616809495343062
309.20765005702192894068573560898808244
309.81531802727029765533314577940860272
310.93360581233055903557535599583489265
311.69078091860303704565050988977493598
312.66879618850225047532963559317320790
313.60163534486147449146931220699765505
314.14988049971632817077453203641451839
315.41115369207953313541726434884709553
316.16914184121374738080874296978104565
317.26577277150805562472232775558578642
318.69299629160075208397584831272390005
319.41571408138662388808825065111304784
320.28153894029827098506728186383730718
321.12755234111498123620439415707339371
322.20845090033380556086277077011703207
322.95723262226665925009554164732761377
323.61043177961462045489818534759217357
324.89346728206574636714829267149348158
325.60417058755897093230361972540191839
326.98976761866823964037671245655098595
327.96649327201257163870696356495896388
328.91107477687491918866303154721682733
329.80674064172745441727387180312725067
330.40641248995908422840018253791698461
331.63242110851253649551902423263266295
332.32253360502910159939546349807402253
333.21407789502424418925532074528375714
333.96673448681163421540230893212891572
335.57313993474669091428481551297441438
336.08592950844879610493096542906008992
337.64352365890938736070972208093514501
338.13514511031359802804852378990847571
339.07093625702044088977486589116675664
340.04996933334100640125312785064490791
340.74492986748882839790003809238837923
341.77130508851727756526271741945840194
342.70200452994452334689354190608721163
343.26904623608023865819567126718350879
344.98745214779527670159051853728287949
345.70153442780081188733514193241060707
346.66299696144077151449455370691091073
347.67631972806475554138018133278257526
348.56139417226796563717303869652146263
349.12164151842320940734460099381364093
350.20770028339662819210724134832175507
351.17044525228069808326081789652747397
351.80927425094410083917913317570792483
352.90187804805566183304538265509706456
354.17397523968149630434293440297123712
355.36209661223213240394374470878655206
355.79199242157804792969034141550869577
356.94428904741712692212500212418755324
357.90158820284134228960060859519441855
358.48779996063328785841475353247760375
359.50020498925929714994329564799801586
360.27000123706820781200399369525504946
361.43667291967568009050264396961916884
362.06580859108091115657090443144757757
363.62871291317935091944158301259521245
364.54186267592894017041779601875656145
365.18570977283362542661593450222435755
366.12529143188994174352558705743833011
367.28570630224821570180991847695731240
367.67045988354650914787022354397352098
368.81822155941069222553596523736763479
369.55469644620486926426434786017107198
370.51110475020943854236916856718406885
371.73697798382290277864845023012276444
372.62166956865529292191881558035519461
373.97279512412037846842746356435437549
374.47705684446610733449140968647942861
375.30364675296528939464765358700850203
376.27404280503339911293004114883323483
377.49871567823449496624670107352619659
377.61325848217198471907504735429221420
378.86857487232033103922070179384756559
379.82398095170077836801855004724884463
380.90259593235426500562448939739967969
382.14000520957989432018092693441887229
382.79767104287848315843200343960150575
383.90934471576088385716424781864559885
384.68259603529793046964357279520984588
385.26977869554010165168671115874296279
386.44455350418204177749994865466293780
387.43609914206348849206602256342237030
387.70194738068658758421179744659869529
389.09196705478710967803192403310031180
390.23808959531318259938090400174656392
391.27790560858241786274626235142367112
391.97344977615410067692047704895571743
393.15432471977205093273497261327632958
393.80834201900198692677969164676853607
394.49115407322462197209635390700712373
395.70601096007966969803707534119067608
396.21995879143476974282803874786099539
397.39374169641952670456408920324481442
397.98612763846962004855255821837874587
399.56837602088358202381671241236509310
400.41658885539331168126018006217773522
401.18827523380279246230998524533300279
402.12571119245990274844328249274056978
403.05557034288343814044951999791643984
403.90351655561969568476476304660175884
404.41559981724056730861467078073392032
405.64908239176674128410372701023150905
406.49034533069583558408930248746539108
407.12309389966887050767623205485581828
408.82703894917922488051688359739582322
409.37442735575921880688657180098998936
410.53665080925327551186756995861685991
411.15538952331137338044014603619774732
412.08355409413919685118086052078691749
413.03491023022879946421735744503873495
413.86904678961656451687151959984155966
414.34834136082024786569396799485664464
415.77851664058235315955346095323628228
416.35866664713391946566810321764693156
417.63496166093376202918689463967792059
418.81266615428225796333082936993547671
419.55909063107474257739930686332793218
420.14701324569803597953734725311596765
421.39617389117954985125533915766093294
421.91610313752242756516384537146654506
422.96686706635073905032582769112306329
423.68025038337071878257466629972858894
424.50665762302565163108032776354170168
425.71020508655446625357913120170271562
426.76278857027448725932153341874408691
427.65633277513054799739185048168516844
428.74222685570379548621073716046665616
429.48327905260130542436064990954228574
430.06085947217691380720282131169653745
431.24294936159451508558258801707719999
431.93294048040974686576833537551545370
432.85568799369707017583670029496976821
433.49419120039975303277259753782105773
434.72011610805469134073907808522066776
436.01983742977774394445320696656180174
436.51998689519007179727365967679267080
437.94375660878201548560669386263577973
438.29504175050477748804741124204676071
439.37203105123440713371993071749447411
440.16929357157573856732558303941463737
440.85928145090524328243771062576638496
442.08737541876807580931325647218821432
442.54228411414148874806955175342861821
443.56567142989531862094996675634242840
445.15321397446206324165947698692506614
445.66848156036225663916881558747908932
446.57555704546652480135421238847393213
447.65431230979387616062839073734079639
448.36491849481735907957288915096617398
449.09887745164970268791799865121061953
449.94672206753987506384763627149581615
451.08176563024500238648666812880903746
451.49054182414990396880063634239787257
452.76346700888901790822272965470263118
453.73863564176122397812106796416635744
455.03001160444574590065679168714849476
455.73111478940949665017796045266301700
456.18978134799674320771018358850959408
457.69571175657875396503431847711830224
458.06053225936747447094166729463992890
458.89011144757080401701095723100013623
459.86831777137282618759212588180313995
460.74733720645069770294183447410793968
461.61528453186604632364191146091973439
462.73353882486214555566822678720197220
464.00426936667731369706218012429179834
464.52853268778810985812998851897601072
465.57355202671338949105118935246727964
466.19804504453068440151716584375990497
467.20623558790216829322337042292367336
468.10338724111880646286464463940969933
468.66386200983674673139755292295558895
469.62118420040820188824247646509598066
470.66989148099362997720599021386161185
471.71340732525103996150687390843405275
472.68996386674627056686087944486446789
473.73173797145939939056136077428450448
474.47749057908730614936506979994674876
475.18452851589803887284538634785957430
476.03105188699308274646713307863681672
477.14778959533693257218557652852072010
477.65154700442660282451527845476774571
478.50617893666281334271783690825011003
479.55817030318652878414465212096652552
480.58927805574859774023817664287049093
481.85787754547990943411399183989922161
482.32004232715486000053784033609388882
483.50382255231145269784893187733626691
484.25339689222666708677549904488725653
485.00237386719460800507764999275136350
485.66361305397524375103916079886828190
487.09169194246940288783554485646837661
487.29821451197194865609805322575507776
488.22960557648992357023161809708281644
489.64596062415912334334621330510541256
490.54352740517045941603108953056926663
491.42713640935993776873691630369789538
492.31857934410863550843441917311443947
493.09242767720050994390098869600330680
494.05357017728266000331610364196518257
494.63472157525942036616694471784530432
495.59969489847514356018655519994559334
496.39892681961535391586435267747424194
497.46364900135335920751228185141092701
497.99259122343340708899294519784113172
499.73606232197033690348412023650851759
500.28787598120976644993464713406772568
500.98662638105014401023038048512294640
502.23934092497963018610866320421545384
502.65791383906746880288115086561926889
503.83248465598806118616838469378665503
504.28044832420086706204553235154801859
505.29292208057417632963459566980640803
506.25508048278553121044157318246103807
507.00089959466851713631374734357334064
508.23344121098929345618403708132327004
509.39307663549161506460078314988471702
509.89516848497015967529270541933699931
511.07633871459414116319436853371496039
511.40504654046851394526357481247584821
512.71181791147908076165488357578689965
513.36244460162215887370188502766605829
513.97364233534203866698045940395116392
515.00862462678764843973517428479255054
515.99658160501235189940512405806731899
516.94424168378868394605154112267323881
518.04027908960173329080694171735806260
519.02879797903369480501289894754803448
519.70685633909970200364847387784710923
520.39258571581455580461694586041726287
521.49940379963528689140437949976961526
522.11414050881856991184691000236367316
522.95892651540734059515776335620070687
524.06655700719994181587008694160499241
524.31555603137711870519860018373710458
526.13594072474078854825242625557974967
526.59384179930777898759161796634049362
527.70755831315787474958795824825238940
528.67572196712541744325619672884540045
529.46728127592061426342920429555862627
529.91642361215831068546989798990120377
531.12060954339677156022184750549582633
531.84938992847873545084858607007472020
532.57661201414767072026322648546625002
533.46701503778462534832685697357171439
534.42362634212769143505697794982738546
535.78097195478548206694692371828595050
536.44108388693856090114060938661381779
537.30131911200166003215541650685057174
538.19843788530782644885533483823716736
539.20163117298834304822274769645348166
539.56729277386700782338842599228037157
540.59664725695119648189259751585004618
541.51761161939069949914164483008170980
542.34307206038629848200850446228850686
542.96672608955328234769175928300001829
544.46558453827383208483306881064096326
545.30032188269819200092365484796031523
546.17744202459746318456950986112043571
546.80287566446982571532065322213410337
547.98554000451647862905643501445234036
548.48283463260458506556738080718518407
549.43153347799923060895559665600486913
550.08761330217988943019902661961622048
551.20024406726712536119315892952041064
551.78825916024313502116908105314643802
552.99475727379866499606545436694398501
553.98265629804268445493624716632746804
555.09729607039031491663036942440077270
555.76474005647777401888530281379790880
556.24144136620132993282386658971375118
557.62694680258386198524215294117078357
558.18018811017983705422418113000553712
558.76304434099762524481097339189933175
559.88918046520090373219388909149925098
560.59947574204868169962704093806235833
561.62348253144632505299349714431339422
562.68253008485729582767470537500937389
563.75411497201017913771776786962769652
564.42103792415944590182084166169630490
565.39404655090668724671485808250983991
566.02670192755964387074430798107659339
566.80225433291590293739320680369125836
567.96349937248027862954412337545316103
568.52040799723939616524841593678859275
569.07179747344641606527019567753227825
570.48500572041029685220067198772131563
571.27182171274614450102838058923120968
572.32116106778022911971786384400067950
573.34938605427687662113414804639819507
573.93029522271859393453423216814966443
574.95500059807335029503848994595216125
575.51531599788965077322399618844793858
576.44102323997499419713959323472092934
577.35024851454575376700854135816067653
578.08959378989383026370050908563370581
578.76799177635920220870907180777279358
579.98035248556701934036497645899226402
581.17808259285168651044699665654289710
581.81065761359428652497470124569225257
582.66826608997364976034593907216275702
583.74354995000286275448509384351880523
584.32768524004382266559208220612514862
585.01702965877577475466451541085825270
586.03950362692990149514461980752016942
586.76936439369461664212078212547169162
587.73794234546638961142954291271007068
588.24822150187766582065723955552059154
589.86263894548119061628555606498046310
590.49298023877163771890301151844136212
591.50261198581924918584250466105869539
592.15634515669042584956479160915966101
593.12722145530674810376012354010031681
593.84944411964425111007946236136875698
594.74077642125974610106446564958563886
595.27774406131576501671759434374304838
596.35760654158133128791264884309645170
597.27484013539649549823103568351060496
597.89825440565025933567101721097657126
599.38861506589849200338387473913272976
600.41784048593417399152267466837431642
600.51845211014045924114438325927216517
601.82609371177434696850612693197710878
602.64591840638962034987142812577756636
603.17942520961407814808839527685367498
604.34545163033761316345985943738175302
604.74281181143644562456081128319010109
605.79783864977776879492768536816023547
606.74691693568797295157745565910141085
607.74832900053909948073787968470096240
608.71622006540562560297946267084681983
609.79609898143549898543615409108013817
610.35290801979007928129621686448137921
611.02902240604295208805661462978162180
612.08848793799799447881859056290726030
612.90689867323641823375362448606806516
613.53354943214184348320264434787872483
614.29797280772726455285645495732312272
615.38535519616355499932574919686619652
616.18907112373802258647037624348831421
617.62549751053463443171030629075122223
617.89938978942837103798537279234170430
619.38491381632540778340613480203406681
619.67909931801392365529304413244844776
620.59125885105957036344762025521595025
621.43571584524045397169307444990355649
622.34338163522862952399860592064440987
622.99045846631256992347539683107410551
623.92626666773120645286125565069446026
624.57469538795048648072615378222913829
626.31934869018065229080612217553529322
626.49923955166631970972136937747084335
627.63970418410301681464125849867085807
628.72548872321233763892093073038666623
629.11891134666853674554761886846439047
630.12188664923080104266671062313524155
630.75292966147439164896022147322845740
631.82387106679197958709944535104321410
632.42857947706734999873994606871398988
633.26365530071436276924451927949434714
634.29390241849231175792364497399102143
635.44991554480902039426085276379977052
636.48831946469863671730474993717683697
636.83492376848944717732810204041234302
637.90526686856906897102782554527179810
638.83710851019621996644770574313615596
639.59858378509161161004508923252875320
639.92825581580597770446640588503116266
641.31389147208472062737997589953290118
641.92340027614028140520685381699498623
642.58490317244356765682877090033828439
643.95207196247055002377654275123268204
644.87070667684638904877472345508371551
645.71502539021310543843754750522417796
646.51837793144584763596349305771036399
647.16465062346331731989903251186600165
648.18961666193510402665712643250251159
648.94159321771637020252855275870432154
649.59518938525032270092033901625662882
650.36876100412155032951997311802537558
651.48343123264787339267265725709041664
652.17007781962999987935442870629201874
653.28005875239354255265833905907109054
654.46288255644896849647408988633684562
654.98162486304293477514548851581527531
655.97239336512533178693587472482724870
656.45859721439365316439139273150907809
657.68358127544710779787923949242828475
658.17866729204701084724270724852571926
659.02356596515426051935102470986606545
659.83364870995093011078188614994360839
660.68939147524327329068887627940251196
661.84239606662502962797698119442502992
662.71434491867909278034872782268361329
663.64378123413900123499470348413736616
664.60181571751967646798424156258940795
665.10412416416673528232654223468807759
666.17994666745714580207336851787227252
666.56788107683757220561732575963343690
667.85735501031568032081645148701971884
668.48733590529585284675862368719431397
668.89959297838610089886945333338008248
670.28092855658675928290450442835035842
671.28516847379842265427419094036270982
672.01397656693159688600805824300946278
673.26151107714111372535254987894613522
673.57337803014134018159486758065427624
674.71971008218355069497296121403774207
675.33862233100120840833860747575600598
676.10255727870232361869549218973261138
676.93052892737640274480617994468580810
678.09001530696313166844734198601208006
678.26401714784162339510858876620545272
679.51329162441506739561752233168863492
680.87308006694266756992476293404704343
681.48076141161042138754092171367276506
682.13237825983272100663327265363196526
683.31940149021473037351346610813413550
683.98564778022901114714358905540529798
684.52081648396229309813670417800950568
685.55312539211749422572380464391146026
686.33341697952462618712346246649022348
686.99491068002086228819739417553979473
688.10082862007689989052723636657919309
688.74171771923596325211466273410732403
690.33535356452151533565429390364000196
690.70781824641761081778789669724590208
691.61454492914525485472840337552891716
692.43615532618013265461240845614417584
693.23671582922791689119509107587837351
694.26174037190915789335511663319401332
694.53528755928526957168810845794178777
695.60982028249937464553850269931681614
696.48467667657468669209255420994922024
697.30331937454086079451742236771031833
698.26277464185851845907248206287807200
699.52787143213661042247613406657123483
700.13308611678930160263876435490261850
700.92831773230016343494902861824819307
701.69766216004846148512646780909671360
702.57317100817920342583952357898386517
703.36116180658484159663782134107689512
704.07298678267530653200160238355540905
704.90424348800701225957207366069648501
705.61634350430733599185144460789462780
706.81394364497423534951325355832660535
707.69470186200041432906634784107518849
708.56621935712315837849168900531597164
709.60497212422708296849631185823780361
710.39333122181244846500266856161334839
710.72945871826315928774867652170147164
711.85783982517158107850413272231341535
712.89488477783749658310412372785309691
713.11386060942788300912489146708727051
714.21739265533370468798926876158682571
714.99376056953161462901755806088517200
716.02277263496725879320784666232034138
717.19507642806835232794635291567669300
717.87327028637992455259498785668892091
718.60163184468600118613017287091175662
719.83493563938215429238655287307769816
720.20375227683003927193420110915716418
720.82849166117247914624497356212394900
722.17959471886518973391937382136517576
722.49341443990415389607557649184095556
723.55311141813468655339561982887440687
724.10223780755856696786993048691323656
725.54669505965299030313597483201619720
726.37868530884752547084490607768139794
727.08951466696961754329012488367115401
728.04556756651254107014429445620330315
728.80554163462527760393621804291241843
729.50694948287166130420506446892566253
730.50458288348723796369148472597269401
730.85681140257111936168107832924244824
732.04931292695057382229009476980159153
732.81072810001265616280673112664493291
733.38144907637375869440180366021844258
734.81147247886122382552773558619249886
735.63247305273301430616495523697182617
736.56656172595379657297120435854578438
737.02497140859006454497592722267861683
738.05504940728109959479984379687095798
738.93077514572182528633084371480989388
739.58751136610286400714010895068193812
740.11986684124072830613219508877604189
741.36887570013077268616319908678452095
741.90738028711576996095124127427596544
742.79249108164701585519817181925078356
744.10748390600771090232229337520614413
744.76564805230791946550277266258446578
745.84745910122091792608580801990548807
746.39611190331894688895937435699019799
747.09840757296539720997043845809960803
748.18448293711770566008095567942215697
748.75780002338547062834828353855269391
749.72215614014934011512176587756283271
750.07585117710309246219530111822831718
751.39055349297223667533504931333235862
752.17594020325398646010180317009207053
753.05795929532789526231326567867486917
754.41498589057946364337089184508345956
754.73163500236329882678062938940176567
755.62451435364607467102117054428277174
756.55646542337358593698067384089140500
757.11054040151179885470341218287839822
758.08901269986669387826889477287546157
758.83433394816399153809123024308230282
759.54744117356565692507580532907842604
760.28492904508528783255413770984079675
761.67112626600306648984985603936060232
762.36566211973783555272814689304601038
763.19821312508482507839995905676455447
764.29039792742939491461134008711379306
764.85765464999458552955427197058434214
765.55460756204391320149933653681962102
766.44274533946499183659619913436507070
767.20417064783094273877920531854237272
768.11063878465947200552220937337954941
768.70277762410502755927024876742934677
769.52898110560977210516240832088525603
770.84080938612028553262868682245349324
771.62267201625839205475802592209904494
772.54850800623394292372813809996147693
773.15878706603395145838035509065222950
774.21647995755753402816023471937948068
774.80650865046228768418664929320930837
775.59106873367480412189398454878417666
776.31299804529893616620822396752467831
777.23805657662086807240307440719820665
778.13778885374773964418826158028833084
778.58117694757131396210580224517553893
779.97399539560502387865447258421061385
781.02834134103800094088483293700443744
781.60434450632436120757106123639039036
782.29141700850934454819665306316952477
783.42737786012189092661532384466870900
784.06234131949723013022620629400927758
784.58103860398936786569292806646824814
785.73399814486915826660705134975488487
786.24547161955785690382874409854180554
787.10109415341762649923660067516679178
788.22188502834756117197250668568203592
788.84565867949681372603687056531886825
790.25268628063661897369703438670159425
790.92248782532926387987142569648118279
791.42809552057927825165805006848235148
792.35449368894669307406238591427441718
793.36474222206591443419301720251657370
793.84754888910677596733106153637421775
794.80514090451536412042157849164985677
795.26676699083286234457234262052029167
796.70766923235087004176796502434344238
796.86850744526956810143689221872158915
798.47987229778568903747641351717504137
799.01578005276650130069719325789228055
800.13683368969072941443031541874060909
800.74767167970284790660664645846183526
801.55127243490562895281038278024556677
802.15158672630390256045482350657602962
803.28544371874209207123460102001289302
803.92630191698049998806906863219031220
804.42365841571358058877898939988778702
805.50375069365500198943372501526378728
806.41167883001950280931697327201628022
807.51545188891397918925109858951518113
808.22078714752766340752261442497722922
809.15394181854248417508761821039124365
810.12717331405838127379098716501994871
810.47513229644881828024899546477565418
811.41107083688460192180444120927068073
812.29117668536268157079727311757645800
813.02703059747100039148204391346251698
813.74537543359126982940517886146813669
814.54362193802577267653590822791625868
815.49282563877123142742754015063633559
816.80109221940808543338484093716079802
817.32609265642581255084248266474840951
818.22861163660260437338158304885221709
819.00739512509254826537751506953244539
820.04126173329785300142962535408047348
820.41882352467202492915182466830122082
821.16557101653109526534690095663470984
822.34905005799094165231799739437571808
822.89901144131351038193388394287004705
823.53688658710612403416227181056080244
824.68766778611236176712266174535247148
825.85803838744472086915987374186668899
826.50408453130941544994383728571721550
827.33062014978369521589834071641126833
828.24180827525654612961246406553599348
828.74584502245019600331770132731953133
829.90363931091569366181941003671326472
830.39343987682858582204960168590470114
830.99805612844406203999430012642301855
832.18551707362414226204934667888791146
832.90802411266859514319005279085709209
833.50595671410469287649725641067202532
835.09517087731594008135737202961627908
835.58734581577956212184658307302001548
836.46149573526106440796297524991647488
837.18162280952809341749837136500269757
838.01806065036207560940362230519599855
838.83610431842928499681946268476946387
839.55212699885499115757014871630728429
840.22873682930566321429574339296808620
841.09826950118618902349568690298059766
841.94858260154478387388022692286634902
842.87747579009963160099710874402811809
843.91132150999789531362159727957532559
844.71856599536005201238787778303899270
845.93025475408925171355678437549894321
845.99959488115198338329666201559162018
847.03161621227223774730177141660954441
847.92367443443246118745839929703735028
848.74122798207270107173282117875068875
849.26733407833874977799596117647025883
850.20404004741075786710176613909187696
850.88463456936423803277876835122592910
852.23453994870139999571046533305669999
852.74902848611373065266920928233123508
853.90772648472231761602596322866143368
854.87115318308289652708332503243870237
855.10143760509655963044510265221599323
856.35725161474031635464321346969146499
856.79164729138438754278389593499115230
857.64887516224673533151825252185320641
858.61741032467553414025399223221433046
859.27399426959807507726012546712402230
859.81564834783883816706861562668095995
861.18258505833171581617629506297863638
862.23918494120574979347111715950569550
862.63534013484137028668746987477713257
863.73651532763686941196450153193548702
864.68651038570981707491025585245885830
865.03992479960788376405594254585104779
865.96132643099008464281735575701468252
866.75948736706671239218333854733918029
867.62385397651374254561849972759258961
868.20655270019058177166843245589805078
869.16133909417672766993169293311420120
869.97725026355732574210233938977193380
871.24513461042718561445535749535992412
872.10173263390433025680026271600037853
872.49235059913429752891453388011556345
873.51434357505841322813025792400828367
874.43604364828819543061652309720439463
875.09234155627613097648901218711480169
875.52860269754360156708226912332062507
876.75131933033077757593731721991580584
877.30424347876413775760815540663670432
878.17583258904085749988315073977580613
879.00371899133107775697835861969373919
880.30067663754783534644372594203939380
880.96600853217260282835598685970020411
881.83444722806660468687829659468959486
882.42932806292350029394140529700462949
883.31118170717129476945850330640320146
884.27357985240838988015387451615878071
884.67990648825678533264539809011990514
885.59919434636030741707170716104256673
886.38468098247171205965830260466224122
887.16461768160529945710582292115388186
888.28035551173596039233634988723636885
888.93516544747044774854119878854705267
890.35112391542019452439629275439837273
890.66364690428699534221465631692702099
891.59941358243333597458469705901218184
892.17317985500646661422931355096590229
893.31568719163591953824934737196561993
893.77135888550258352152579287855293428
894.70048378840446737113217966680209443
895.22406533458864490724041976999950599
896.34263906622109307036706713266475077
897.07574561071426039487559942812866450
898.22948605256910715057841729292955404
899.09667214130921181018787210673098297
899.66178633213916483767581115753118889
900.87861832255494549226165522485646159
901.29754428635704159887082432571165789
901.82828312648972684526296141069434366
903.11750981275578047152839195096868294
903.69658133601788104276806307381053058
904.27724195489147454124297416601072225
905.10286415563164402328977514276076569
906.34782801132921444185224895888151279
907.03575371018347988983091734300778535
908.20822184095971664028103340262427924
908.66043068444325324493316780905051290
909.69456599587212641536381862391594375
910.43184238684479922280439955975533229
910.97026507599452619467521650860610086
911.98163040821103653152732741865066517
912.51314235932921741994120084812237249
913.64367102357590749250524024815433067
914.07548423424193856068045599594813205
914.95484739330254514419233359814057888
916.50558694120778534573618920326313180
916.87177416141029983570073506010341057
917.71851421615019773623000703072276118
918.70780901232613357754454271272939085
919.31748353107690150494109501696310987
920.18731133356763027671437659508749295
920.80199242265424405770894068251292321
921.55301217973586831355079476526220083
922.53262633799505400180044260302512588
923.20812610104321609458678026163546674
923.91506251114146368527435643705727845
925.24675267873445897794118899702362214
925.99071928052670971019952197791048168
926.93452092815031262735045536144415181
927.41554950800554446663156944742349403
928.36149591727807076174026751438203253
929.11801964714653969282516910240795444
929.93299024970507956085928723245710886
930.61226147344742335299026109357030707
931.14845177027950820170916931718930100
932.53952942292788065541156417120843687
932.80406766006477230201102249443683345
933.97765696440328208917572801953103458
935.17168661755928770686204496604311876
935.77750287371245701992355839361829480
936.45672509203135090086772575892064136
937.33846488119471721576352361070992250
938.04610427026799753638001051335045774
938.88570911513669498168302513664033552
939.53554058632576591960926122929739195
940.48278569503241776176393841025384718
940.89439080055584907525815878172449644
942.08624980260882277445812414992452782
943.08660710434741783109320415592103402
943.76132905410845306671506341449578308
944.81172093851773358383491204425556355
945.83224150783644853784489137789417648
945.98258632953299157479893409510875382
946.93747406344816739696818713162157147
947.92211248479622968893700040795659188
948.63720994651132909179752731518020494
949.09901081678385250117707728186403350
950.31658727605059511731612478703400522
950.63946956699751976733871636801411443
952.08385316591938794543325202083076599
952.90127452197445848175924286088521654
953.53844826097941206324560461470234994
954.58979899215346624951386535168179548
955.26594741672271833013520815299147083
955.90137513655645535105107562040319196
956.79463472153703892252120556450741461
957.34097219877258054068112288386353970
958.46264351673048140741606231812074082
959.04990939677366564927620969744587096
959.57823353104831909895500212704233677
960.96032161569567812405599619777119228
961.84652779647220159937460261601923649
962.61376861301896646332402804886359885
963.33084871053498242063950451128494294
964.20393125509495255133658267797987423
965.08560679498643143373959597725529695
965.51533904604918307313740455033133868
966.41139136625996460815493244605018740
967.25274154318543653387061960148292238
967.95565066534609555087165579625978077
968.75029030768587639059098133279713925
969.64373939377137859317873283581895593
970.70716534549890046402312964173971425
971.73282247880875134395986017396691454
972.47510204284993810023238778980040903
972.67218023511158144017979751367161399
974.21980932609623374678787523854774639
974.51807933695453492497568145400301305
975.27346253749875517231165018449565459
976.04414476931232062874605608185965467
977.03748732826598847493369764344981459
977.60954805915784412611263341612821421
978.51952039789013470779924340318880815
979.65924584965109177428040008557900769
980.44668393570066460798064550601685486
981.40288962514430568452761099419174606
981.91024336484711330843684755183072134
982.82209950648319620177094745161088504
983.37091958036922741343509939391233087
984.60823215139931789332814831161541861
984.93924392315255262857908663052111239
985.55962976424910145962800469099884870
986.74997953323332143576614792545201689
987.42880373033161672469518210644256786
988.42751342522132286415340612728368526
989.36335266669946769105368477002733058
990.30062556320120960560331984668032265
990.90714840482619996582660017521256678
991.61093504949310185332800340408250931
992.51144362496550584292720315028822763
993.09110497502832519294525961669222899
994.08016649239118246654373226897309550
994.74017989208746671179217089911328435
995.28456671703901366037720099686984399
996.38318095846241265257047027566469916
997.36706047264181840492929074612963841
998.28613324967180127606905603293353528
998.98405922767805790797900138536288306
999.89686761958542588688419316801169661
1000.6405029771930438145602260432232283
1001.4206958460658613155447231170174962
1001.8438290135500148314804949374358402
1002.9562171093969822547599987506447630
1003.8816639477354776265368503519099963
1004.0595680729814934370689371416592135
1005.1597255456808483990708474153279327
1006.2085428050022599249790465291394103
1007.2283145017635343819705642102363547
1007.8516203868981622296485225236084268
1008.8167404756793080975432912608856698
1009.3714140545822565976340283788820795
1010.3942254694607331174842359594953059
1010.9358165458992269506517808812594950
1011.6451670201184884787205878239755595
1012.5094253902003365001731231674932900
1013.2989208178372133988469176058453473
1014.1994302560378256726767930216316641
1014.6288623306125524914079896326966028
1016.2914864532217233416234147688721422
1016.9332382691128859878216586104600095
1017.2466203449149212680492223457920972
1018.6314497520604203500170106174972011
1019.0201264389996829761035601080569849
1019.8243065306768208309074851323076460
1020.7089642548966986560941643924450231
1021.3190944579503406406470681191704742
1022.0289993835311627039015023700500587
1023.0996148890697007791971422025463977
1023.6605771395590226565242389441616956
1024.7615305318317132267587347780459761
1025.8008773834028142818020200881705954
1026.5390576148480638805460051980204582
1027.2380355496855246789327216185289852
1027.7933945447882836578071214175704904
1028.9313445063680300134851276530464016
1029.4926092285708513864721461436116458
1030.2090078832090530946499098829756419
1030.8821183514270478400921157381721245
1031.8843826094470648958782581477645040
1032.5458793627943497973922146465452919
1033.6474920348370960004733647928130737
1034.4593445875353563942741548799807376
1035.5068005016308830020625183950299596
1036.0148129441028652639066424371352225
1037.0305783717699974447490625918927288
1037.3088379477317579943359668534271868
1038.6870203846667135822622995895957241
1038.8502789302173672108620128669211247
1040.0346263230438174496981559814999655
1040.4664553156753418417639144021798910
1041.3430022791675275321503890383103003
1042.5779821061076335224251737061739063
1043.3324680571843190969869621699622567
1044.0215719091819375251410146790002492
1045.2296650898251350486202743196030039
1045.6446475078415338898568854252975012
1046.3727656238388548011514991662831114
1047.1726767496853071350281369442944380
1048.0196462590674070891750103938045886
1048.8076412136074332236170147192593288
1049.2885538760434650821737982106726427
1050.4007437350441081962622535495860979
1050.9485190437811928493528315268011144
1052.4150748328652703879228790207037018
1053.0030533080456709770245413616461330
1053.6163940859682130038768556160407090
1054.6528040308551730564276841337354819
1055.4046465295027711648053660669553098
1056.0448266913584655312714206267077573
1056.6258845504907841678402754797724426
1057.5973541270710215995263717022974156
1058.5141120279992074248356607415854657
1058.9144557525137576187055135569899419
1059.8070640648872355546313059644820757
1061.1689264346150221220648125994492516
1061.6971863195758080892109664857660748
1062.7794606002696163784701201882544796
1063.3104385590279669955172397067020489
1064.0497259871727995409857281530108194
1065.0236926969579541695651856940849903
1065.8261587544108878685887527049946389
1066.0320009727966085272922782307287388
1067.2500965413503927980469522926068423
1067.9261911557147894917259573789200044
1068.7009462162638268940938783797663482
1069.5709305673385574912393947798712556
1070.7707046129157813048580127767514641
1071.4733064029280019581763561324949921
1072.3229128756340472779696798518455622
1072.7421074787395088532138721376185295
1073.7683754978158837648175723380034019
1074.7611862219663198398412007555519439
1074.9215147991572674441339007704939339
1075.9683545814369673346749148039260950
1076.7532708915295988068237756087155724
1077.4343845700152268672925460971685337
1078.5238144156053193207449991565206570
1079.2800251726564001001004948827368678
1080.4183192043864860171452000763127484
1080.9840139944754518616284172491344978
1081.8446356924972293723603113443337607
1082.5275308991994265026926837959655586
1083.1181916643233548694061441618577744
1084.1926099490219907415399391208544655
1084.8852696547706980617455480000382112
1085.3373908452858047167280807705904782
1086.1770875016085880152343359015063516
1087.5827699098723910313297832196771582
1087.7588629136986538377246816766695778
1089.3143029248563100295630329674874572
1089.6645936985643197939889179678727382
1090.7228660519465853142158525870212877
1091.2671792978603399602787604076180005
1092.1602921532090812309432978897682835
1092.7251650727530928847821443494037519
1093.5845392761684861304408628505478276
1094.4948545360392946079399029738192137
1095.0308366614008871830392759797488873
1095.6854162686298674551591055261231359
1097.1094806317015070071237298292732901
1097.8068495774536489938833683909743648
1098.5249647289262198690456857565246291
1099.4263091548037461868800387449512318
1100.2589555081364844883896479752364509
1100.9049332922786971314501298282042319
1101.4668371584487431280719739327732821
1102.5192045610929413242291743229507839
1103.0328667006394334254527302313156462
1103.9839594144029517500163839089779948
1104.5941979455672986812301453765262085
1105.4664615364800790789108100529907483
1106.7138043376314281828354530232080600
1107.4510917616615387179552519628942553
1108.1548154516668640616984603260291943
1108.8101046222694739876712614813036319
1109.8948881501965420945777912666396011
1110.3474597349988674178383971490845718
1111.1951941216930593719248514505960620
1111.7951409515302336565600539580120154
1112.7162136192206462047075046972486664
1113.5365290464195206812990532325095310
1114.1594801178096691901597782054822438
1115.1835170238593092279591271038377964
1116.4228001906509917662599169009888265
1116.9867266830064584959189938605133682
1117.4845794097848225651947150914742188
1118.6411421800444020050579969469824314
1119.1852704216212503237912969965746803
1119.8642233459713275242306993299680923
1120.9205802137606261314096564248026816
1121.2519860178004596916911362441315923
1122.1292109098431315423407678212170859
1123.1682136089657455320469304143561916
1123.8470634185389419003489841861354744
1124.8717005184629570218900937131069354
1125.8200690210408132516456371957047869
1126.6027725882246553168907151251580896
1127.2199701767444932715118215085599001
1127.7627960775390283237151160415379382
1128.9440698827898928383837904534185384
1129.5333238907969183164768947117101785
1130.0341639791319701673083388363948431
1130.9825058316302178560228945398885972
1131.8028632933708481007803286643887005
1132.4959389565660332871944336099761580
1133.8148371949676894580160583342883104
1134.3572662210490281094682697638259876
1135.1932307982278933295833753258240871
1136.2677866988973363210773452823228507
1136.7119584336985211848440925273146638
1137.2704173452270237579318438977554280
1138.3365203574225182579498924943855112
1139.0834253283894551232183408073255451
1139.6631292397942565269942386238735280
1140.4387675788181987149547711190169747
1141.2231214436341902172995588868949600
1142.4249856286150650137450606128919896
1143.2177336541279250217088885096484019
1143.8807275329599381618873212375311679
1144.9477049455306740252265453746783693
1145.4175129466049536303048367705644650
1146.3382867073878414292606515697559254
1146.9182001990859319461802465674701758
1147.7008307188729402338716349004620419
1148.5005671959912852059138375171732016
1149.4522290381633272345127046904408029
1149.7357745815335896485904465669768399
1150.9302849822843656103388128264340607
1151.9733712508683675012160777464280463
1152.8862480297386381188796630530269740
1153.3893239038037166363032398351540459
1154.1515702046309201721108073684235691
1155.2985042938308508822748340913366814
1155.6337431144079991892291952063471147
1156.4066976665765971984361160154855331
1157.1779829479575179914336411437222619
1158.0617335912686724200392169948634116
1158.8732892883787575848677591131224809
1159.2835140431839541995248555905597183
1160.7610420479312728430764822137271993
1161.3414965991778258768920367174084894
1162.4258044085050788576737628032759881
1162.9231322182549895887000506302433518
1163.7205612646212431913155495590003557
1164.4014791764438810198282088920765292
1165.5601407509151213249794490395591113
1165.8186220904005867948012827887785400
1166.4897353633124447291994296043693446
1167.6179148003222825320714017181766102
1168.3071196666845991176686856461102521
1169.0250644973970672151555130622615179
1170.1695254918913022695919673033695453
1171.1693573570110203105712950799720809
1171.6258111397206461312261028943189563
1172.5035177626854634314063141386909609
1173.1529370525526024530311756314814561
1174.0650497924047681532421370920511894
1174.6092868374834455258909564174919804
1175.6248667935289540925369770314256375
1176.0071624798869928645671921512932514
1176.9212440912201190105599540035199532
1177.8299665223803712564492171825619555
1179.0282891614960550411135785024139017
1179.3159783586093518841735062333652886
1180.8000917594871530020470952118444969
1181.1322497333073516161873572520316934
1181.8143400795684941689870926957122255
1182.8298624719727595440749679164121860
1183.2603481198772048881715053350770872
1184.2663574820461958914076072043593475
1185.0921546459670195945899613514196525
1185.3744550366780717256856635982378406
1186.4539525917102126388644189314458442
1187.5266287598268908842126284880888518
1188.2614742413853001933322034720559101
1189.2544778835968521331359655895350056
1189.8595150504166055994897843451805550
1190.7073936442877444874803277057042316
1191.4663208070167400518521164857114166
1192.1606467984929636264903575871406955
1192.6782912345426812185136350145271809
1193.8698197645571897936051476538856972
1194.2631233119835423424527057110718629
1195.1822407751638974992245650243847116
1195.7669470768510669056772190234151900
1197.2409170842732520119466000749021559
1197.8562666875344860247750770596137409
1198.4603500489419260849288217289474173
1199.4327139786892463772298612990172627
1200.2567392455284862414871415887210435
1200.7884416943717983778617498520701447
1201.5028640870255330724278271749773081
1202.4290278756511028707789500819247442
1203.0338349918654761733584199497663210
1203.7525074757653442769775522069900657
1204.8547925427346503464450111194030748
1205.2389403127698071322745736490360361
1206.6827941210168360335641397862050602
1207.5416129916918342539317670255339942
1207.8437206168052370577866343992303804
1208.7453519526263582349220906723940938
1209.7256159169773046362659782108625764
1210.2758455731996277098291959818618408
1211.0884645862558136266677768297363846
1211.5419998498896159614881200728245982
1212.7783981973121770501709145389432309
1213.1142812940578813510522330691903762
1214.1489428912560495939206815184208453
1215.0836739126213587854995457431292558
1216.0769814968478560577384941482798915
1216.7763215007039882775681208247393503
1217.6675728780390101990998313777956319
1218.0159710105019179075583432105161165
1219.0647450508335847751709958545075812
1219.7718773554178332816582216125711763
1220.4773424742926096649369931139576827
1221.2067200778282296811286534971737325
1221.7713944453659158234774160527006125
1222.9517027067459258936648553811151360
1223.5814122601137831480351716046531828
1224.6518304293516800681286411900251022
1225.4333460588704717553039368642509863
1226.3383163153865285049088169430428619
1226.9089554868756081262212097186449720
1227.6372302381883941515557857056628263
1228.3027304189478473386271711778169315
1229.4399469154567395216936419832373925
1229.7357396762055530332091934179443631
1230.5391828675981175724193272302694298
1231.4833611010293783922041261613725930
1232.1167979439172370331926653185475502
1233.3636984697255211575933375653883583
1234.1831802703215218301612912213818454
1234.6558667046258009802913515534489215
1235.7560771134732903222949684634747933
1236.5008973746694694818714666552573630
1237.0068025371081222567872848930515408
1237.6115657577148425436490521192211452
1238.8807496354500791485120643095663886
1239.1940343522058926867908972686516667
1239.9992176986075631446738769586818908
1240.7599319105128198299317721373758323
1241.8028794989529948417128026229283214
1242.9230387189151763908014358717744345
1243.3319793937850654633500029888325163
1244.4428582628974445823591302329266836
1244.9350224808304341537175252169998596
1245.7799913960454393288522765313573933
1246.6186125511558772636909245019755460
1247.2079297620716472714826306442925004
1247.7392121623436601757660988730720681
1249.0170297786620676528003504868399779
1249.4601649764744747051537895928481056
1250.0237021472108469792566641342473592
1251.4584646076742254538901090190083008
1252.2911341023847730268659339234977903
1252.7993505844629112780483848860002203
1253.8358223450826918817863923728776816
1254.2509681347529257750167670108727470
1255.3626616558267362910041582404758913
1255.8744810675064850407250456271712725
1256.5114751313036505415927680746217060
1257.4247582963609484617211410020028677
1258.0845787924119780817934831597027504
1258.9691544648237268778743219054840134
1259.7074711569470428972696546834261462
1260.7876392437758897956809094558826084
1261.7329931787640500924807893476700679
1262.2911173307500079124397452384573022
1263.2668630746144470365456709390151021
1263.5126340496710236601280664334934232
1264.7739954505513675972393261076255057
1265.2854665322121807721539376175413200
1265.9779452901275448250017068177660738
1266.6911990734838288565528360964649977
1267.4980251244099123493027575274142749
1268.5154529108695910795013883684755616
1269.1245233850699327030625995676122272
1270.2882856704531858148441805710798749
1271.0951511850832410910437840520097029
1271.6892832291549738085926440678828677
1272.4802230110397020500035557004976953
1273.1982259556638159803012991109222580
1273.9360252894169503833141477579193463
1274.6391528923649695286544874561028328
1275.5981856448204828988979040238266284
1276.0273245368558759227049069921270768
1276.7575884950611502128621139596575685
1277.9924940829195776041767140679503924
1278.8731505598440429215439770258728886
1279.3781265016324210257687752527008837
1280.5306494129490889653217950950424135
1281.3146138536891044566770396462874486
1281.6374192479657088677224955506564327
1282.5337614331473855041093896408378027
1283.5217436507916477979237068248692827
1283.8582722980765712206256013828846642
1284.8940077932867064431131509486717722
1285.5586395227718086957867415659183412
1286.1371943678561288281994152321488579
1287.4616243048326418998839000711012732
1288.1783921655764847566518745652415182
1289.2294868203204833619105765526119660
1289.4272398267027737086431700037657906
1290.6451340511492401547287238910944171
1291.3937249424751548439055385931301458
1291.7460606353921029545374618588953958
1292.6214316532125040685094395612441071
1293.4905590254655874086050999428879781
1294.3221093714223293021471842943133163
1294.7014157832571386538697853276886576
1295.7816506564310366614054883924187865
1296.7589366532344495899906436073785798
1297.8121182459706990189805110327883397
1298.2919554753952844352879010734811496
1298.9874302724964746582669298286387339
1300.0134267095278591049677578740935495
1300.5472543557653216701332312499235033
1301.3526906419034845351214142613087472
1301.9173887634795958952548317661987422
1302.9336613589203708585257446603451027
1303.3378343004533856068609000528152958
1304.5376508146631490163840467418409452
1305.0132647642381656006091358267291928
1306.1771991342356441620354867999953573
1307.2949037260133254097055973027793167
1307.6336932991685340193963456488380210
1308.2735049447129726790187944602913645
1309.3579801614651443876095230869442009
1309.9116049017564615018737157748672814
1310.7344672109239028717560814961268347
1311.3181557013200401058161486356984401
1312.0356867862875100176094997268497093
1313.1047331754845770639750154586791012
1313.5167629126574890765339354046348885
1314.7576966785617207048932068977618558
1315.6061046028220986427564197052141043
1316.2378368183889007485223099232573994
1317.3265539464063146163676809782444904
1317.8275278942420544931524154472842425
1318.2688804672662226564893888175849986
1319.4211680581590691345128532596976691
1320.1146250697955874036258399009423385
1320.7339248741743784557669897390000754
1321.2618130965009367338036028531179030
1322.3639148838827285031169431934442766
1323.1611637335693087112193528062426148
1324.0482300340120528780462214263282336
1325.0025060520289776706885804269081246
1325.6850081696659250677273913750913358
1326.4404560416980249315636285590364927
1327.2311691968602502535576028367627701
1327.8382733179587912080295416574359141
1328.4987323186386470486302196259345820
1329.5460988771941160541418056113188796
1330.0041534436273122809123236127680433
1330.8531427108005662916872739946680680
1331.4417229095982037214874372365914886
1332.7235534532362465628428135454477966
1333.5288137417166559487842930762310523
1334.2375868437842314027795468214358265
1334.9383782216244195370528898545347004
1335.9577458326436853857016103996477734
1336.4722071095600764068904864951020073
1337.1193415683560778319390740103703851
1337.9430462036165872419171954998480284
1338.6666877312446982386241759313782806
1339.6377395793995819087958432370775978
1339.9361886194717247326255659821265263
1340.9865941085241573449996194202520902
1342.0154750496400935873520132859051010
1343.0054888330247899195517463582063200
1343.5215181297996224765536221412167128
1344.3070175781885019928395842223167721
1345.1982687618387946259655458199010680
1345.6995587388379601052765108717686823
1346.7812369916187956680392200798099767
1347.1324980015292724485147995081959077
1347.7897880983901089031752502224871902
1349.0690724121145798932430901322401443
1349.4579240271721837026887154647379630
1350.1197369499836280595797032267039320
1351.7565025380274636486262352848413005
1351.9989912958939322521987007213038393
1352.9586913132709812134010912450972883
1353.6619847143315091794637827047808618
1354.3930092882048794132046379658908330
1355.1495373164096332224398377860233299
1355.8797494232598855785682576015262659
1356.6476416278845411303987022767296661
1357.1559462967915755448294979060457374
1358.1268616301127823479359713911088042
1358.8457982057412131346605910776755116
1359.9213072514283185502919187005196674
1360.4879720657467377445835834011282390
1361.8101754931900275303385090709926532
1362.2686748163856967821618443130022638
1362.8051882402781272869843901258010371
1363.6928655685126824441175843890673351
1364.5387094968731458775295695307006354
1365.2179266951960415786065486581852479
1365.7815744915634707298137226452754380
1366.6705618989445737096077455579465760
1367.3239491250590381517729084793162362
1368.2010077502208627511779395417981374
1369.4569380520978050517491649587903537
1369.7488838871524034571030954360704081
1370.9982640118887905778717449094328285
1371.5995059082361877469058147950077489
1372.1779662679033001278097966135453427
1373.2408743544443842851635325480253654
1373.4290353329143749807214637364453036
1374.6459168267941994458253728405540527
1375.1938955577818532315649316752438189
1375.9359659398253215245507231559376519
1376.5102137647476208486105967660411816
1377.7220412791111659049991075294828937
1378.6551422494111775086552901751345265
1379.2528680853719994407061518904971433
1380.0987393962590483371994915404497414
1381.0238067146206168473091396287012841
1381.5347238870415813761466614121080973
1382.2662502073554004944704010110076013
1382.9785416067364429483248703509283157
1383.9110177680583518703443111693513456
1384.3384657795511535011562788673053987
1385.4071038489464368146323718263859542
1385.8552451146954596604900102769755148
1386.9033702895078604426005141030794486
1388.2740951436559881813815189599440812
1388.4289899258042883974895000771581675
1389.4235399790617544762169185789355187
1390.0138335728491559751220914427836927
1391.2152549305581496972419642419738263
1391.5082709182403384484889852326064080
1392.0793235033635144523148941949229314
1393.1178238165538547926451862439280458
1394.0896867809835382447582643380901308
1394.1973356275543977120706752632065839
1395.3993034648894596838332724113052300
1396.3059268873843927378830471342926043
1397.2523680306933466034140413332396920
1398.0213603566193015400015124720532356
1398.7707020148939186316685986637086699
1399.2119874349525009875591185558514787
1400.2305003340826379451771429168340991
1401.1271580992948088267331849309606228
1401.3645711762317305976042894835599803
1402.3120730127014346378648903249717426
1403.0223888204029450250539783133525425
1403.9710522128618315593390346660197167
1404.5876009574914252584340387283761940
1405.6198226064918679464541020467010753
1406.5894858074841737000116261610787200
1407.4063866706219150243654344032262031
1407.7788600345139215164666667686547307
1408.7256483298222047461810631385865236
1409.4752850771367601204913780536193560
1410.0620067433071835259246935865320496
1411.1124472149295732890738918972575512
1411.4155648594312952323015092594250939
1412.2434108461663452704758156319410722
1413.2418415188816654287288164382015477
1413.9999798871305916768790891001500054
1414.9837294107297669602044770470694822
1415.8258643443579415678349465306874358
1416.4194850122981346831389477668021183
1417.4936280730320632716049390079637850
1417.9087637959091887073369716293357917
1418.4309145274525530102963122044035386
1419.5986686153890227969726262118868528
1420.3207386092040518374045790095141296
1420.6275512529129641300719375030699499
1421.5725572648505047518002566604731093
1422.4623293340671455334884640603832429
1423.4227265947604223711061477142343400
1424.2400073499623121282142575434636115
1425.1152866729649537463820397123659704
1425.6860205861865909821103636340578841
1426.6300836401793716283243728904818611
1427.1673232579596916222741843062104168
1428.1146664835037331177228245413979639
1428.3724192479936962818508816134214865
1429.6078228406081646150488667030633212
1430.1216892951972337535163766130497071
1430.8604788633507097563825021642142980
1431.5073240318802459247372814175536364
1433.1560064052384104009298743756909309
1433.3062442394535449708695386523299567
1434.1797735938577824498861363749201567
1435.1705912585146727729225138449995533
1435.7704727403734854151519540698953376
1436.4347590583719198725225314460524181
1437.2482737542932401984310863963208794
1437.8801336368500569370064879738323766
1438.6205293570743776476256434819992513
1439.4261426876232555617814166498671779
1440.2357463460227563199880364519651190
1440.8299200310303117315159841061804512
1442.0960026502916796661974335171895939
1442.9348909633413465249494892834756388
1443.5199003669012316984424439718434314
1444.1586562906338901448223852194787052
1445.0415958066522226814773224009068122
1445.8605523146717648412384492736557882
1446.3971736788918364082766883491608724
1447.1155951414039144453901643882122444
1447.8870029895932100878847953808980775
1448.6051812761853989449476007852378662
1449.6761830305497162471379780008491791
1449.9918253150390042954671484707002528
1451.5606744968236048309360976749803509
1451.9094711625610065393954968186673106
1452.8738424631054927342018755821909714
1453.5345583629791109645139375266046970
1454.1324551782973260845589792192999003
1455.0318429255724530510871436494338970
1455.7340720897942503893295248395808401
1456.4336014251617081891570722787093463
1457.0398591994552075039156384279213313
1457.8556853770740786575976155827609290
1458.7154652983193937150741952332765880
1459.7977190248983228239405192060654603
1460.2810463001868432147951319472665389
1461.4466816159753637684420588642819354
1462.1421185888786854299181401082776079
1462.7652945133464706740992761308522205
1463.2257141999804584926524104359691505
1464.4202631532295474124406105765468258
1464.9625209558264796695567261353448054
1465.4388449210002644433923630729209282
1466.6559579072706182738812132179732213
1466.8676502522423529302325562628394022
1467.9298625810334798414388398514207684
1469.0904069093993986751173536583051898
1469.8046199091226321297323904418935765
1470.2991942361104160565096102210946114
1471.5012370287513836439984922965838077
1472.0233163170543098266916687181919277
1472.5649226001368233242606139819322181
1473.4379913679214689382215471498180519
1474.0863660171822321108455844013777004
1475.0511324926278815248694770036008269
1475.6238961653802408950270828267299865
1476.0802776623898542313830345457347133
1477.4237851066280493799540889928807030
1478.1169585554737610766134979318695421
1479.1036831403850153986069465912253973
1479.7480471884567153660567724736737185
1480.3855814595722657445493416826126387
1481.2782677340813604427982937674909822
1482.1824443744220850530149218654845185
1482.3447771377638043323979513355922753
1483.3742562370166543639253100430002946
1484.1276642818204078169846275852126068
1484.9150223138168976633676046589841929
1485.4836808285135794481174431408477432
1486.4314958984570063662258691939808107
1487.5401032904521780891594993773606355
1488.3783413884486732139886439157759444
1488.8673541508857874387322951147402830
1489.5910635757646539682002400610917305
1490.5391956406165397260970942860492129
1491.2101435629909495269306328385570862
1491.8176370039629014431832013283055892
1492.4550945246363517489257368898214453
1493.3845420084572729770058308852666939
1494.0955960198620537205187266803974311
1494.7155919803629299299057541211014628
1495.8223305274320135779815647784149862
1496.6148695181404223457156419736899242
1497.5629513526629898286653330370406486
1498.2292704097903231169782624648595296
1498.8799993487170651924227970258482820
1499.4858983219981400511916779286557510
1500.4596207005693350919082168252057682
1501.1633639757257293730292259632737778
1501.7954582749548828472674192223742590
1502.2392286917633436473935852038975083
1503.4895808022873672818822136994355033
1503.9958352819627417916595721940030302
1504.9448721510176569935495837710577944
1505.9324124895502877703558766110675654
1506.7732518959644679883844874498889266
1507.3257809146011340273902726369599125
1508.1043644351274900172184372920437000
1508.9112327965846315983566768020160141
1509.4104459955914487435089767961573905
1510.3140084093264930917920322467598689
1511.0744306563654549741886005454195786
1511.8562869339562825708821414388382531
1512.0493006958161523947725928682453093
1513.6366951153678132112714574544084904
1514.0970261980502026304063941987079671
1515.0998113834208171568294979909905769
1515.8715693699523718878374283735778304
1516.6481181093407266196763209092312719
1517.3264584583492095852232414717986641
1518.0377879212523265619009705558576585
1518.5828258793963042398501140688357599
1519.5967046389321644004142967446952323
1520.2133839467665645107172479505827186
1520.8395819052576618369913508913702092
1521.6175654629419545802775465793994442
1522.5035063330650223090866160830093635
1523.5568465606606126466589699852399822
1524.5168523812408021669877332650831992
1524.7540120757507032130551253667565078
1525.8650070823551713156973341692891274
1526.5857946244760516270713235406008152
1527.1684481860937481397995033066883277
1527.9350150063659904903344736007389824
1528.5410573077014601160830732437635805
1529.4350744469062734143496764295926499
1530.2072970215777313241213608969900412
1530.7624029866732662197202997540519210
1531.5941936764287446962578726375212923
1533.0516039454509063079145861789826683
1533.3715926093869110930662846406709094
1534.1152860646048203405170896028802437
1534.9927212185060155553412921418473107
1535.9390863006403856789063445060302887
1536.1004696907001575755985820501688515
1537.2387941691456922082793406435316303
1537.9339146894208368218305063994275458
1538.2503472062279293525786966506505235
1539.5137358477142606941487946744907150
1539.9987760004810014013188382257649665
1540.8704243670180249220470059001768848
1541.8948668754751616189809163251853071
1542.8724774214587392766613347665850847
1543.4923798563082068351752758274638714
1543.8564563383881293884124262063815374
1544.9497091877690048699671240172263842
1545.6170584728142816869153818451456403
1546.4410429431742471204912093531795244
1546.7325272143576619308953599365364888
1547.8367123032715778411685844000045061
1548.4497145965677909421643709695869811
1549.1697439801150271060646674243667026
1550.3330570994880688648350611080138317
1550.9216742986857580971211653394093816
1551.9767855292032261056013086275177101
1552.5861422276739597317161097088806862
1553.4707811618264087166473305776890716
1553.7854282768755720872506353128240571
1554.7299881318815904546822191042044209
1555.6117800824262673850749464546475509
1556.2626954528539216433028903808149258
1556.6298815738453127816499410761417449
1557.7435572112762709699370175258937902
1558.3591429030577280013994574104798154
1559.5349920887740767265248933464530713
1560.1550321150715244127952626504174249
1561.0021002946868477944408158260937122
1561.9046495387104958072255019057044532
1562.4500068617235620655296990997711444
1563.1351182244704812172018868540542590
1563.8658049011128173615604337391588169
1564.6465285602836837707050169866741003
1565.4363599246652512141138366293165865
1565.9396251728356943907707562482217151
1566.9076013113464801646584871557097534
1567.4085095851179151567502702340658882
1568.7894798776132929983758797462037087
1569.4762082295873289096454305541147577
1570.0182847212920537906346098007976402
1570.9190948766570720728175888838306779
1571.8366349593365888613977496637905867
1572.2668990631289222162385991580411867
1573.0052885676954129076163064523864648
1573.6891691020412007056264663535464054
1574.6323343086906278684616217908601589
1575.2745125731348639941667164330070314
1575.8064103819333874658709342588910840
1576.7538093401541203370263767615290757
1578.0017330646004300172991583478230388
1578.3820513793105340046067888831250843
1579.5347689794879952882751027820440010
1580.0863327766916400009975518363039092
1580.4876430962109091501481938183340394
1581.9609522292965696187269392335891354
1582.0757295131248539475127874515942139
1582.6929974393352358508207807353095141
1583.6526833006327684965551515980721481
1584.5413272194811051549678720125775183
1585.0762561768788024370422896519222883
1585.8146266863588720551298443832239497
1587.0489959807893267583317540695401425
1587.7621058847835387557353962696303628
1588.6727464322351632854708209232362184
1588.9419514147634081312933077224975653
1590.1201588522137954425720495045974310
1590.4936109428781203814081910505389007
1591.5194931851720947439803451861515146
1591.9705020641566919891678978224130721
1592.8054053509927207876849711619625847
1593.4190227168152842599839300327542337
1594.3398748006323713041336868569387611
1595.2127704573496563744588420821086287
1595.9175158290428127379002769070794836
1597.0491913157946124043034398798063095
1597.6836411957441905916341827713714134
1598.3249398460261267640034881862337501
1599.0197022457692292081601458476402175
1599.7398417051424456902000091189039220
1600.6004488668854745637073667299593179
1601.1960151682900613091421239600229796
1602.0660455357818569757012202894154990
1602.3354453862194212876119908522888067
1603.6367428615990361814042941453352765
1604.2166995527072100449733968813433480
1605.2531061215050496722369570385126613
1606.0515483957238422123452146739170662
1606.8034360627716979336027340587573176
1607.4688338785759623340860239773970187
1608.3197565072437395880973074603204338
1608.7945119526424202354428794527373914
1609.5901179448617372445404503045170510
1610.3990790679824556065734890898601527
1611.1762800445077947046545433084639601
1611.7325990524149447094802175950398896
1612.3300231590213055835073725944386065
1613.7324231135094127181805176042081685
1614.3757007950094644318976254463580471
1614.9795582804505657965189062441957668
1616.0705450273812429559333240156797303
1616.6148226638798613415519899430076546
1617.2910593671354634221856837441424370
1618.1340689174825107611938794024544542
1618.5816608327874082777515130726028944
1619.6928103981701175095463331425816944
1620.0013840459704226263233895821936122
1621.0507021881100391685608662040964510
1621.5939169510416995549306938645150911
1622.4916872491095149676216728977449208
1623.8251155244617304738630093466491329
1624.2528040265895295656664685355723436
1624.8368748569247735155968881436866544
1625.7466490918133530170496687445711828
1626.6908385056366907423379157587864278
1627.1209911027198948281656231560763567
1627.6724937307227858245441898716138850
1628.7587547838440783629937974323371481
1629.2155909198789775298612873251459872
1630.1022593775842906404355021690756440
1630.7873988022563117340156756413917785
1631.6448137909184177726928683037380011
1632.8083341182258721374430003771010200
1633.4163534619359495118725592708068351
1634.1764024930645321603155224740674919
1634.7061903258940768722002959972329382
1635.7278563395298435201841054620364623
1636.1933248485589826744655727672523570
1637.0859167887142445700300393948152614
1637.7125997466809350686055081908236323
1638.2434330764042763119687391590925134
1639.2517863436815553860211607185091037
1640.0728736626551861799419943478423668
1640.6460460039916736653253967525435842
1641.9387489603837257404611629551360538
1642.4820969251776166555426821733441629
1643.3356909531128700747044769499087485
1644.0467663599676388842771303558066986
1644.3922218434635859749223448911493239
1645.6796200213950848952453777294112790
1646.0671345277548805570795373765840421
1646.6806975199346435561939777131805603
1647.5795672613619426335715100435639486
1648.2753143843486510304804076027988247
1648.9795212155832879003226139148862313
1650.1145313120209138821704967710426259
1650.9366344138060756184890351120507429
1651.4142264809118512416608232899693614
1652.6042558226245934962121203338840687
1653.2086647675082961973008146642589176
1653.5104831143291018467712246366293947
1654.4718908517135361527526453716422229
1655.3311893408829365334207685913823383
1656.0149618540931072155407826416005124
1656.5093121171237883286271755464807713
1657.2729839146870404310904285538585919
1658.2953987629278081058361967632615121
1659.0547581521240183790039572131930066
1660.1172840799733664727960944216172511
1660.6283333622210291519628889819130779
1661.4842495623899221303147300976415215
1662.2389828312504102983952247307799968
1662.8687681254562140479842932169563384
1663.7108655708147350225679785601425069
1664.0612732918551430641358082356125220
1665.1282787579906147467223260842849997
1665.9289256766723382901516089000339456
1666.2822591884705770372994401471134271
1667.1424349363350948506897808353161513
1668.4775032476322188288870333047804387
1668.9739767419263478996944414465750249
1669.9630142090549909426211707952606635
1670.3360173485093335006078622130399033
1671.4839011498779087471129742644187266
1671.9274259807718975553423490139063611
1672.6541418360358374502572344112361250
1673.4526651658960874705129414342366752
1673.9645663686571445386752959937629515
1675.0019431003878421219428513881669105
1675.5374791403716090223382978315347241
1676.2504969041033361357446799941604997
1677.3463190532061090047918223773101815
1678.3383418429042625524742262654165778
1678.8098370378820564301069304788819259
1679.8569168991771043537602763619724019
1680.1042124105952881012243507895706594
1681.0889871664233736155079994985613616
1681.9827146464792691845668203906910367
1682.5171520019124267069939874656921653
1682.8825206835657011097104124466724673
1684.0823481578585282168607763482941639
1684.7280720494551920141367360794039950
1685.3209991327738232968130970262881506
1686.4228745211853275892054360044379034
1687.3045079088843315448715568536800602
1688.1449763740403808108984743089999334
1688.6178851335381938273736060527884125
1689.4488842006540990672410011536634767
1690.1665223810117211221926709471651753
1690.8349036821339872897234094006400202
1691.5997544183883578972599112108799753
1692.3994542485995810294447321268585270
1692.8500505947726425629485279438018180
1693.6224330887463285178461938468143850
1694.8091459024430912145608448583722429
1695.3907114160671060817133025657633544
1696.1893053195510968399275553477766132
1697.4088772468836498321168792297730214
1697.7397732481945185728642140060982208
1698.4193321417169275052894767089523134
1699.1806937583544040367243023763042614
1700.1925122135540861406530247014548667
1700.3851285909457145444636361873515306
1701.5317044951259685133577704759986814
1702.0438366439269048762405122283449240
1702.6372244281508253459794179749815155
1703.7202178442127911133472118416850822
1704.6058824641518173981025661494337973
1705.4750239701565957969095041129389822
1706.0443568517812961624867077808424562
1706.9301015946417534275323325075491948
1707.6951071093919477495248674872200533
1708.3620606636794696195253634069961340
1708.7799426362104824694866467750774966
1709.7689680488382176823686775079328870
1710.6250986157504828652810782097136397
1710.9895114680340421468648984131333301
1711.8951652467001763243405734986987356
1712.5715209133920026677456881561451113
1713.8312236305599828778631022289750558
1714.4913974501229562220236458024690512
1715.1493909888731419883777698387181779
1715.9178220715775974737684512403882371
1716.8198887993768383267239231521253117
1717.3045140989384010140151618235690602
1718.0346425537668464848707260374829330
1718.8665033981110295743162633350151165
1719.3360640421294348114492863970991002
1720.3853019346041694632682880671452369
1720.8650022139758674685264152676447010
1721.7388814663981423279901586769283692
1722.5928386636814516561797203108366965
1723.8444444898999986587847931942702513
1724.3973464278630947363468702114223437
1724.6229289713663055390553450433778064
1725.8977577255222924750856065520591236
1726.4255140621853648705800121270307270
1727.2940949355666408142865426802965769
1727.5893418579324467389899212000669597
1728.6167960601238994538955303354999923
1729.3205452539130647056885679273917822
1729.9434912478452713460960960573411581
1730.8114468628139732337300651561688027
1731.8080525372129794503140016299539751
1732.4999931106500209434015202572391717
1733.6542773702788618374104330883927920
1733.9143745539035592064586621925960906
1734.7508504552856288460445534699663032
1735.3810950615497259357716567844770567
1736.3340193008689793689756026998451816
1737.0090984355884910972703254889294247
1737.4548518657861107794839785207265383
1738.2090556425669530044650398889214482
1739.2087700620839708211367905544856100
1739.8592362721738123007066987124596387
1740.7058198149325724989230237211403411
1741.7599440170798043584030545645457571
1742.4597840876269124013630678440079974
1742.9975865785007521249303747475450215
1744.1960588344762719044364566716222545
1744.2150394291680600905603079064558860
1745.1445449149347285294013781728539343
1746.2253519622803617999235698850705691
1746.5802875998080192068469934121537689
1747.2178391653001544192747901999799465
1748.1905546161322353564919384722768793
1748.8077110403919255245404763619004257
1750.0349764222120939266438304250317784
1750.6706614066515365494816708902805911
1751.2697952715513776368715962709886421
1752.4841838494249319123058601584452164
1752.7105755952780995059615241021533062
1753.7674191204550476048518570370823878
1753.9550417733765666322770947304603225
1755.1878816031377584248588012208850505
1755.6964328922980917014134704790279353
1756.3699259738208533089153954578969174
1757.1245915982361064682641327576688971
1757.8579660548565226194097599394190008
1759.0607037000529014824009208815079797
1759.6814399460587053771224718297423502
1760.5024687650358408895515596306347450
1761.2122431204076091829317336325568935
1761.8463571767883331087532615701841117
1762.7722699923399280340437012090338431
1763.3258801986897408693607534005075383
1763.9116265280036101599249362472942136
1764.6508504028816269553012859867067531
1765.7044008519368477623209766658754755
1766.2383605621297779161982332000390596
1766.6079867748266160430377401765768521
1768.1798869775433059371682852326732716
1768.7835733613181430976295350956831864
1769.3988122263949036687829925850965539
1770.3693136353705223188117070077648787
1770.8363650740311796208556781171594408
1771.7300703058954662414824341127589767
1772.3524141178123944076439324215143773
1773.1174221296175755739413075922325678
1773.6622767741709138078003434342411124
1774.4921531190067750810423306047732847
1775.2230936821939266177245358669661989
1776.1618551889558409961229073061482910
1776.6395308595573178680809200302582664
1778.0968865476882689151165933236900045
1778.4650156427335383642866654216188698
1779.3644035320216260572981575646059659
1779.7797941066949592020054245748881046
1780.7606325073585802360094503104888150
1781.4400948982793718014824039323314341
1782.1347923386581211594631170238912076
1782.7120850615178481008450929821180270
1783.4646426386100286461588719025518305
1784.3107945697767949552384423312665476
1784.9824850299125100958390717360413195
1785.9847976874387134969974271258841997
1786.7747172238444709986713126210805699
1787.6092621646880595848227947091548450
1788.4275729033869397643782389516884605
1788.9570032109060078151031118469062783
1789.5857200183104845980352457308829225
1790.5386017918149965434745023483076799
1791.0175322826225072874180052083165598
1792.0062950656710404655714755107106857
1792.4309209143793276500949842885321835
1793.1437896567051430416053272595933535
1794.0409617439733908808960940674710787
1795.2614571106148265134000679871356481
1795.5398000213008064947697150322210231
1796.6057983094426230113501492008958410
1797.5541138726165122363590372510965643
1797.9154033332745422142196379938012110
1798.6512210192063730597233100634683083
1799.4720944543497548835791662319800256
1800.1526524004215698265467156537081865
1800.8047116557977941984706310167843638
1801.5738769373022812435937396032706696
1802.4600176629941778051510117727547516
1802.6978215508257221939431676230403959
1804.1512245524502141803081816655235839
1804.8588204047389320254158498328613384
1805.6287712802838768253089519343808864
1806.1841069630556571791447479545673704
1807.1074240343583624206232408986173393
1807.9784437151129892804452607857814072
1808.3244508838152542126442849973551512
1808.9045023651753657450892302539000551
1810.1105178067083154810186561485511144
1810.6081888756537943134672589055948727
1811.0666056923644601727053180993565428
1812.1361751722584715455943298131377883
1812.8639680557129979976511159044259462
1813.9297504528903256504059667664375186
1814.7127788219123240626028537375763784
1815.3273249462543236849958215895884298
1815.8536074748082732704524009120012812
1816.9617616052822471937458360272718160
1817.4412036678853947313928468236107319
1818.1261451043793116714971859145105163
1818.7887814463222602337719542158257563
1819.5530809141767541436354137833008905
1820.4042896591173037646317017701250405
1821.0214094461992866683585599198810982
1821.7908687990973810665418416424240191
1822.9401366841077165362592189732072433
1823.7592778775184271593160388519012210
1824.2539404356572380297666831399576392
1825.0358095459176869421584998954693649
1825.6865304349089053526350523062272812
1826.6156167357767618670333008162554376
1827.1175105074557780438419182545018044
1827.8171638129496567571967516122069659
1828.6270997205070848647300364584219105
1829.1364634569857142906182353347943872
1830.2800783668598640663200409095227488
1830.6904783179512433117367669949241254
1832.0364570924266827428010687831117484
1832.4110357990391121174232639415815527
1833.5059168882784079806311877018585932
1834.1676434376700377429842968758056420
1834.5674986340174554580653856350324421
1835.3489872624246389333082077719876331
1836.4922560211513667452936433195485922
1836.6915188655975891455485260708983466
1837.6534874282490726002889904360037236
1838.0214303531478596829269758347991401
1839.2653102880433780854702785598056470
1839.7647342744047324468333845541129590
1840.8272967734238610089779991004223139
1841.6398952509319347988357514330807684
1842.3866285793497571301373915704772435
1842.9377323479576878379164010396215247
1843.9596206491603555167541906179067094
1844.3810241985730549889308016892082860
1844.9633055687873153294347899078319621
1845.9687945643062991732252554782337702
1846.7485152289081944491268065684145204
1847.1284549328165607241315383855642987
1847.8375883374850681366941852490093882
1849.0064431965493782481026659372548523
1849.7975563279069893689756692885854712
1850.6662143621430868606287445657279882
1851.1282353488973671276382689283692406
1852.2020324968191306424610294991429947
1852.8858234079774547378343497348097690
1853.1673006482979498855488222727616352
1854.3611933674847175169565770547194212
1854.6606119423448499732253876465639371
1855.5815929322108356141898953037808816
1856.3256027079983008087017285519237692
1856.9898471178568878262694186385173073
1857.6444015039427571566846262070132819
1858.8596826341096739918951526448430772
1859.9028447642737912337379601933931103
1859.9624107698046821697509005889566260
1861.0288460072402757847223445348816914
1861.7851989761203548825796957046481272
1862.4425412113319910188750793907747487
1863.1348607937826310529854971741527482
1863.8520306815577476605182502035481965
1864.3459780906959228504796145366218412
1865.3833090227631623509393121111992560
1866.1596497390251898531033072664930126
1866.4319732663189958200136819047880758
1867.8011654624342382571687114524647409
1868.7256924266875196288555233420980116
1869.1273507222505395594670515528967454
1870.0666780547055066197056289336169788
1870.7078135628561703861706712482465569
1871.2874341208527227163197659872304802
1872.2594317581346258792061638415549835
1872.8441261929098326179678433452814171
1873.3461209929300166274161838846594912
1874.2743750395233056951300285142031170
1874.8627548008235821457665424713785323
1875.9072788639310391788860125820480924
1876.4974168322262082856132939172282232
1877.4616841221052815245950229597744254
1878.5045832417384707810702102640342287
1879.0663181025717988340448054193075364
1879.3636783758677466087539160232185183
1880.4472949526154939908569072450244081
1881.2492717329844729622243254706701721
1881.6210742526786806120864173603012263
1882.5587405789093999582799234992515328
1883.1165675640787134666125341275238024
1883.9441731976026530549252512512709789
1884.5656586327664487084565604078275006
1885.8102660083402514542485135460184125
1886.3629754234978948361801618940119492
1887.1245814932403911438823847269882356
1888.1311442965527119300548847156494912
1888.7154335692381699089498497023082389
1889.2116676299746081402211676712854724
1889.9611158737775255703394117983783395
1890.8627728537146137567238336372593926
1891.4945702168415037893606258383328882
1892.1336414924297653628215723872544132
1892.7751299334514423680631067041840410
1893.6055110647766538780119880949959054
1894.6351613426156499526477613104278114
1895.3985678220739335047038366356944272
1896.2353037407050666718660461589610920
1896.7997676649465805151263915161145129
1897.7450087529858164153973799580576006
1898.3259118049696523420955893773539335
1898.9497529667276420163750518253675914
1899.7032322681154756283579318144375144
1900.3697919018626738944010060928064411
1901.2075853993663829074733189814300661
1901.9060481780326759829370142027776609
1902.3858065963377111524935891640466436
1903.4412759650017605505003146034363847
1904.5724340860592545215390814616369037
1905.1031059730673946176496169946516196
1905.7772126267943104778948044470648582
1906.5576809009100924862746196132993372
1907.3584594879827493719513678966802542
1908.0533076882674256450897112410159634
1908.6274711883722138385234341984494927
1909.1600223290964526777171757177126994
1910.4401988219394503219808521336049020
1910.6239091099142762153378764790429922
1911.3761074207801670917312874682137683
1912.5427031169961361723470627072357271
1913.1209500214590675278990501924131111
1914.2653160871381634321105971427808109
1914.9267511383350605743788692815841531
1915.3800638717107411252737989203129746
1916.1071475212830936213690649216568067
1917.1770232493698874653282860737262989
1917.5551437045044670652219434588068119
1918.3971662662159926001384762936386477
1918.7770361913108722585495638619482275
1919.8981224143887481979952216608271628
1920.4935310194076445858014434820877176
1921.2055276186588569580060364847487714
1922.1567524815107447607067950435220899
1923.2811795636709467784001646995541076
1923.6543062432543203891433860100696524
1924.4738527453520712029209011504331277
1925.1958041286496734764628019353458979
1925.9146981919398115503900635726009176
1926.4218581310374430921078137569423032
1927.5477111320122356086258799297682576
1927.9149082914226398336502310191021360
1928.4902644809679097250123287470843527
1929.4202653250092159751245936113602612
1930.3748057369249415844535188612975245
1931.0231141306618305282464354037345197
1931.9209965150815323775488190542461643
1932.9934349667270999447390236986053318
1933.1912375176638838993075322714760880
1934.3992248457783368925805804917575638
1934.6003262061255281653598409600703640
1935.4182429909659208340375772402466739
1936.4659790270856630179581817563931599
1936.8650093290733949948780109972443498
1937.5094436807861199174655785596421842
1938.3976763495540074743850853137672729
1939.0281733922719706274671660250767974
1940.1705783143973491613482649244328105
1940.9066895877669049287767081029226326
1941.5592792341417937435034225694469842
1942.4763383693348415701050331055854401
1942.9907144701937764764134114100396154
1943.9605291218130864549665606256358174
1944.3262534966900484521814280234572193
1945.0430842483213020959367741872830803
1945.9873842379986435308582678960067737
1946.5878195476966187754168475968543727
1947.3852357733542902171456792610220881
1947.7162642434941293576879678352399859
1949.1414077248736102900489996859852763
1949.8555593039369904739533020430889883
1950.5320498734767063866194324466205072
1951.2252998970031514203562259316668811
1952.1563087898881458018492565916439143
1952.6680236452986493531525087656238082
1953.3429200452025241040245749273085198
1954.1844605145681556997995991144848171
1954.7263403069659388376784122329961286
1955.4488495335568955576858286823845960
1956.2567795449900570592273072345877129
1957.2254938196623759451836895778179365
1957.3758956025621106096480865171924052
1958.9902954288440836430096526488071583
1959.5761148245849293915283823124212446
1960.1336285121883680586546677416935698
1960.8333108367915710008826253926448518
1961.6949209236293024830501779656924933
1962.6127358015355907086234274719562935
1962.7494959293139355805232997865317756
1963.7471173994586691723705063787466732
1964.4736224606236717115203216968740560
1965.0194316779374882171100592539205416
1966.0761794772555647863552633612318919
1966.5011254021517165229419913915969283
1967.7179106974307707808525763002083644
1968.3849054412589892079977510326706489
1969.3347742493996826634546514864328860
1969.7604661366049316166400879475622511
1970.6338072505600798066580505909336175
1971.0366413183612188793275341122051201
1972.2479370806085321396597134953477644
1972.6345075739699712151572169253808621
1973.1683801899801701129865989893474604
1974.0573680287408087962248320554599754
1974.8696998186323921485894138225149022
1975.5116543435176782723644382639480703
1976.6753616101230093413817709846572843
1977.1251830587954525273418847157667123
1978.2379095219890069701319856690011949
1978.8927655276843652806366211996185306
1979.3759112919168226171204112431844570
1980.0706307963072941670714917699534137
1981.0329554851317985043058810563016187
1981.5560973306401593852770191700231693
1982.1890469467435067748019838906259250
1983.1666111471749945442172287105800517
1983.4965751421349892169750444898043206
1984.4256443404104162878337198391974333
1985.5822650321721946619408858005638433
1986.2345252519953297501088564408728834
1986.8241230540221137170978655248755009
1987.8149934329361939653890738854172690
1988.5309046684109717611289537669770392
1989.0595673341484979952653199745741525
1989.6488862579556842703278401785851758
1990.5053091365111690041337174493108047
1991.3817983367495847998087359975503474
1991.7926403426514163037646937047297051
1992.5609098274901729744620299705128144
1993.2849843697006525231057469988827013
1994.3920092626372507777937853461965824
1995.0526808135046081551145031245198609
1996.0644827619708705182591255391822515
1996.5666891783174257055060882283230967
1997.1434899160379660017551344456216101
1998.2625070239424507760585244556018639
1998.7345025311745185631785983974147032
1999.2566098873708409741618913370610384
1999.9816550113420374404072846615019212
2001.1015210960189250235275306314450864
2001.3974087387883651348177146046531950
2002.1833151002136054107616810583144184
2003.0018625388195631871978527782507215
2004.3321603437140760221476918935502211
2004.6508492675433674765611410014516057
2005.5107266889160708692485003914322277
2006.2946695230874125925860668906278856
2006.7873024060953941569816144242960557
2007.8865062083785557721034824440640183
2008.1323604605987432806175448299844132
2009.0928036097790693655989343016617950
2009.5486819516946116966245042991439292
2010.5044115907729239272999564194003626
2011.2094258071638271568645508912731098
2011.8324808295127440934533396289262546
2012.9544817203091317041043792369806970
2013.6553443468197974320469994202814522
2014.6224640171443139111533948987429441
2015.1569890388270836551688082194289281
2015.5499994094958508880763633520893717
2016.7162223812422853612477495029774983
2017.1926200351582768713229449654178824
2017.9666656711731098113819456517476297
2018.5422786263747490978438248782614806
2019.2244844173942820771483945528891056
2020.1209394893639119636849682664461833
2020.8727615557555902504240428601508737
2021.6135749946400777666421385967750689
2022.7118470574900344466834826100805515
2023.3117584025123005134045176093301377
2024.0491725532180173080702955001755380
2024.7396990568015858321691440406209586
2025.4278344629691136682362453512340980
2026.0647273967833791418563609155882921
2026.7700577317544888672335813056658233
2027.7299790400563635638782610496456740
2028.2718917429704185436203748271064401
2028.5343678317825622400707446632229561
2029.8860263533132218870641856564007623
2030.7088756380353066153529059358666684
2031.2218882638903423777278016592772013
2032.4223443990749748925976228658566635
2032.8169019716688424988932118347969741
2033.8382655310169307727413137393774337
2034.0985200796170806589806333200175985
2035.1646012163471498354296733614292970
2035.5388644091109907303382550906713166
2036.5255231224950750714895155791986479
2037.1065429601920706375157714692030897
2037.7640177930052948467759765522326727
2038.5361340430432534535145091383601058
2039.3247824455459775801365846411273647
2040.6175522967096340619421201773357008
2041.1036304996716967458980989042954210
2041.4837605863336196693753072186222130
2042.8479843591086886975584723316031896
2043.1399464371309459323179494330101564
2043.8709065428670498186612669090262412
2044.5221564768387577381597001409039050
2045.3462242235179643380566461318042012
2045.9694384795130108372519338147415908
2046.8192698483052778419033217230013260
2047.3093736052145887486545618878158704
2048.1782984593259192617229274182135310
2049.2532659320531113297064103379056082
2050.1779706564839747894170652699736595
2050.5054945746383772383393984910923397
2051.4213386765370955477116956833288630
2052.1089120064719053446344451846525798
2052.8440201396802751492466324146237759
2053.4824937250033180551226259796337842
2054.2171067026005935160795917043811472
2054.7615601049681250386475792981489165
2055.5720173432793599656011782284397484
2056.4845482739702020253901497909197319
2056.9527154399803270983468227281404649
2057.8955931143176123468245142274964704
2059.0462806271269390519783689526301643
2059.6141687818506077664341931709349184
2060.2460955003605053148153663775711665
2060.8468144248610266123179205815853852
2061.7924945708678357094574499279935910
2062.4141593800447831599321935010990492
2063.0652899040806230524118778359775958
2063.6412959912245734307135948268928211
2064.5658673832013285874512349763976713
2065.0934858354057771477533860275198065
2065.9096668505756001968576277063486858
2066.9524957689304279453245803050879402
2067.5581765540918649268370322305404848
2068.4867786712137701108648573858481982
2069.3289153150367253615698280717926165
2069.8416408356854997088363310893753244
2070.4701559831101622337628156522906770
2071.1140329892162531300127062997528235
2072.2350793992890049743024541781344018
2072.6619025131157573341491756701846991
2073.0789876860111123241518943477741012
2074.0533806459339257567134935238148541
2074.9204400371288270925395084123686605
2075.4797615094646246894906865490313275
2076.7289089391664625401511565595821016
2077.2126472312234048828357012410405277
2077.9948018330915661476742662107873217
2078.8695467192363470367946209161319602
2079.5170738146959720525221205639470492
2079.9116348253277388649734941312021900
2080.8921970142204498763038191911890740
2081.4807975147206373099380435386379725
2082.2668962749272881077122433066063400
2083.0540089580058965777588924139111350
2083.3244792647784028799830787473622669
2084.5203920527860837754464760335157456
2085.4963556763455451882477360572575279
2086.1816938024612952111688640035092851
2086.7249420408858087673939717079028010
2087.8135608525583818875900463398340523
2088.2505251030861017089865645933059876
2088.9671703788342112148284556783141391
2089.8207564800535559379752158805591706
2090.1230567049714442733662056140596758
2091.2931288545078306729599165732532889
2091.6874792308164585701290818250136072
2092.5477015418456212792914808814614055
2093.0677435484436923239237805720504097
2094.3432718731711407888970076038334176
2094.9674800841607270783732721837074694
2095.8504846187695476757025070725671996
2096.5016014396671711587033747250459465
2096.9787256944198885712450822385143296
2097.9673302061601325363817831803325871
2098.7363004478452219158786091972886129
2099.1738827914444751676443171296747937
2099.6492593308557504885350521291224684
2100.9545002075008204506765343703219918
2101.3050314969800590604673283644204379
2101.9246718153737966342426249455618517
2102.9772296656132278782613564608872739
2103.8966644404508519640660202801700735
2104.8114094638138822814846336335332795
2105.1503174626964386941135625046105677
2106.0546105018483692397656042781436444
2106.7846488049114823729534908175952686
2107.2993863487917402478816185887086342
2108.2166265894794117721667070830014676
2108.8844628054334329494866761860449622
2109.3178199597221058876564930359812366
2110.1364435323447390087050218999455938
2111.0893237531872047223900372178399171
2111.7435068501144317552195198160369152
2112.5009392183068748801048347832640312
2113.6049797259034179827385721167090095
2114.3891006500142666737040940801509579
2114.6819288885922351479617986203460953
2115.5721769006356949755368321912429946
2116.2704802269182851525608779660570183
2117.0055270912272997467348627025411716
2117.7034476649286118417080187862678917
2118.2578943138428532956293962737375883
2119.1583782813281202858769878779751950
2119.5755155778395572410392445726104864
2120.6433934120360430879199381118780447
2121.5860385515054035063855516382554168
2122.0995623083673521871342620494808661
2123.2498638204410592968206058250944050
2123.5988409420470754548326372870864394
2124.6391729385419158590313300668322528
2124.9900243945352351530302514922168637
2125.7115079493498771229795248053503275
2126.6089889773155146601626571100680046
2127.2066162390128681121657848772399912
2127.9966635913378029854731995879181467
2128.4327814394851159373206217638665649
2129.2855139969149176527389892034437649
2130.4948627299851785639282120835737423
2131.0068164038863913184426692991736147
2131.8210847129939413059625588396656039
2132.7009992250002408888758463588209353
2133.2474392237058023118847123267776444
2133.9806372264803759527032073644856696
2134.7573302441066482242212623643867631
2135.1961736331843384455204708239611378
2136.0757636537116828137648793593035425
2136.8521290580222622467394196843541287
2137.3425891237573262837968363936741765
2138.2888827821753665863632965549024110
2138.7692834718667461411414414708620795
2140.1954602586771025334541097800761386
2140.7123115783321328572612096332366897
2141.3970418953017320866010496320067564
2141.8908765691307780695977689708488562
2143.2883868880536976820135371559289024
2143.4236690871924350805118979150021164
2143.8827005932461506561234853785359767
2145.0806204758352356975045008445013759
2145.5358806269594065440085043865022678
2146.2364623338474623986778841912503783
2147.0594134312966798669855829668968187
2147.7444440933700370046806742346448257
2148.6459205745908360754526816540221338
2149.6732648186784121388192897215360622
2150.2994957333903618938313446275961047
2150.9775110991919169008678480447521187
2151.5049346588710703007216549540314507
2152.4034839269220593367729409664279861
2153.1943486832520623640347927120672233
2153.6725811987833194740015101964033879
2154.3581819681098016453904236275492102
2155.0081094947888598727894819661227901
2156.0836631199815713346166053595028495
2156.4531378257905850077280794570291747
2157.3738796741213098403771412680514246
2158.4772334939151606912458690409898571
2159.0929091937395442190475021614816689
2159.7825091518506905159711750466257805
2160.6631265271643838914746864893180640
2160.9708611219197964937917134558651956
2161.8835964042001516432287860286772869
2162.7144244456587381648596224500170835
2163.2632437266418240042257240760812138
2163.7934929730284970418279551848936444
2164.7465214145637644665158930677275591
2165.2908510654547574466730966670145041
2166.3103263041921202242102042748892921
2167.1888224636033750567556694754942385
2167.7728034917367549725078696929713699
2168.7057565082144249719426705991902926
2169.5676691221425091846933613875822022
2169.8417555801639229841883688162528983
2170.6234945927358254065813368535032654
2171.4104693815228489645067379389768403
2172.2171733279135416251862146895241742
2172.8199054336697311075624547879839240
2173.3064320836394863936678320349661649
2174.2055619459448487903933921089884618
2175.0432662150785630669363935995309243
2175.8580415446513480660354821164292259
2176.8846448060212510348374242416362695
2177.3510160241240463506974150197272044
2178.1027284664040929295070527863563244
2178.9611452645084947884994923602739484
2179.6394724459611334405622578143028573
2180.0982244488077764432918391109219632
2180.7994365939544898363115742279228941
2181.7831418261042150705534287291702966
2182.2809663218865819879013076746064411
2183.1702390314381223498352573581036039
2183.3833376413750005643600921999907195
2184.9116217002062557627830863622854766
2185.5364973596574331722343389262504531
2186.1409467368469690524750769775190829
2187.0342696523576879780440360187245131
2187.7670093928104378059119409976877646
2188.2230814535055986578697622232310520
2189.3048334180395391187718421430719981
2189.5195661658899797148293463552745665
2190.5886751863139197754339135655973217
2190.8665138185759456688108933283013627
2192.1528084311916049360476248958310836
2192.4243596584195257879549087377265839
2193.1741088204548794652147080799231149
2194.5497339204107244401494047307530007
2195.0107646465498948999335479198720017
2195.8887455147136078307525311918240534
2196.3601464008686629216958242533295512
2197.1873528719881841396430762305832504
2197.9149863886939257408997916940590556
2198.7287323507919346438150218513235827
2199.0942285786889916290750383418462155
2199.8446319006928884020736889320568292
2200.7479672029815463092882143099819469
2201.3983988415668715214901085474078093
2202.0047629695671352729165414295711131
2203.1406179682947276126742007980132912
2203.7854576426648458369425602950373318
2204.7689217622584705027845487516760250
2205.3710287141050106949085174952313926
2205.8144044957845882464427668059685280
2206.7378939881678885377594797124714903
2207.4204548647849162714492616637450479
2208.0432635837127995684714074564942200
2208.8116084172437984666529921770940501
2209.5205163943223741405130787704588723
2209.8495779202858962906748336293072418
2211.2318903735801570727647343078889123
2211.6419323325327069802198592780053334
2212.5496864903844453994513078475466335
2213.5132599593790223786947676704132921
2214.2396746812521733708795276034097309
2214.7993116814918955048643821419770036
2215.3170003784188496907172789578217013
2216.4098718663149479505309015616671922
2216.7702192012379291057352014609451814
2217.5006110602265153387108473547368757
2218.5445621147912308958240289838256979
2218.7186604549424292339898576729827771
2219.6237691169141801326445477913908113
2220.5074388649597754431532741776520071
2221.7367737258791823266367018617339425
2221.9245936459823118654596632950270061
2222.8820942451302816803291795470477780
2223.7662024761685374030195581099584641
2224.3821201498083950831473167603831504
2224.9380911825108203692990974348283554
2225.5317026311308752771505477577694556
2226.4777347861326820855817564860345483
2227.2178419381890586077233236919462164
2227.5996831772246915106079953168799245
2228.4510413413798789997301832528012593
2229.2350164997359061102337151147289755
2230.1155580768061850211318599670877852
2231.2019227136883091851029124390597427
2231.6240212173813811748196605399628662
2232.3141042540042077195949131741959989
2233.2437213572164435287742983183010386
2233.7796372577057515808587181318414220
2234.5903551986532470018988473816341624
2235.0848691283938146141373086295088723
2235.7270877090470249476925174037635431
2236.8874249582196604801690823150098876
2237.0828764903710670825043084588426106
2237.9605261740837624431902244449295826
2238.7761678982381575856908906392047406
2239.8662248751985952693945716821600293
2240.5770852173809251991787929377526142
2241.3014532007141682209459091593374442
2241.6467867913090325519281319281627848
2242.7661308504486399528211184108976198
2243.4439260183586805482756339117046167
2243.7733935528991374955521763653417118
2244.7314130518287940951680150311113014
2245.2907793788807995932034674426728643
2246.1370017078322152642094947064974407
2246.6709139429342811758344214537218476
2247.7039663151641611921372649340176400
2248.2976458149106940780499984663280561
2249.4112305971048252345164596615117725
2250.1068097133306503293161924568135295
2250.6872438365415497345874576771451680
2251.3647908808151571122202082671106309
2251.9676018371362526446523325884220369
2252.9422919984610331256168005706026877
2253.6066092717547505403109282065771555
2253.9391254248246478290082147429300079
2254.7649539748116112171069422980973207
2255.6612498407353119891409473022825407
2256.3621625451969611166723681567072405
2257.0145166894119632419218944547388342
2258.2288351860373032700074705414840756
2258.7777324141931452345018997235254679
2259.4150219846670610676316710500865685
2260.3457738049442369212959035482034246
2260.9849604791690424293636363346000739
2261.2685311266239054453006881659513240
2262.3440114651570223282227392748430553
2263.1079884407017186008348667073171556
2263.6682966829430128477486982666754057
2264.0224654907848816753537509560694965
2265.2413421773330643312629044202923872
2265.7945420422547836236124775496787002
2267.0525056015297297458087429323972527
2267.2860231018331706517977727417376436
2268.3658715771588246301513964259125414
2269.1299184687072348965933054720639527
2269.6042104949381820174244851056612085
2270.2891285183273386710544015772368278
2271.0863645022481352415443256699531318
2271.7123179807956849417674271226161735
2272.4266427222301966437952889333973960
2273.2098195547676886316704478222170317
2273.7327373508901524693487577328980118
2274.4655432162451404738471261641172334
2275.7269071217956946269947565705079431
2276.2554621241448930599794868282700603
2277.1435856721082642833806881747118076
2277.5993084384277712421105580894497159
2278.6708419597733758983261284791266092
2279.0307778391684108739808680719124011
2280.0564964120958370848172412968119756
2280.2363920047888783483337543033269965
2281.2009229789853289805078159779368950
2282.0037436950729849063836168173549026
2282.7305451740309833530539150394941363
2283.0615636809611986403681463163653494
2284.1811147842272419996858386723363694
2285.3491027720312411160009457992348831
2285.6857279363616230211756541131165337
2286.5024748673621655878878838181093039
2287.3655648521485589821126315357854623
2287.8159822037742923102327346748553392
2288.6372806102213039739958791225247008
2289.3954789326109498615847350682580483
2289.9776117796647084081055190787380731
2290.4880118567883732542106918932175201
2291.4635232023699681052846470555151027
2292.1549269874184044348895113494170153
2292.8348632308136204102297519505269366
2293.5967268235558632970450677481488643
2294.9541942890104750824395788565496929
2295.2841909623765068061790848372283489
2295.8171819392874806401941616817600969
2296.7848101544220576973863833241595054
2297.3539329503234611815851810000971036
2298.1560700305239184744526290829683633
2298.7855619404248837604492260968082201
2299.3245442828772075581919530239167807
2300.2122759406286509491116916357946487
2300.7951862854123820423355280404545900
2301.5567599158461258830534800059536247
2302.5895819985106398224982127019061327
2303.2292428882462400823133146636641771
2304.0366152574954492874218678175642476
2305.0718033780464741699484528427635883
2305.4395555868586333328901192400908366
2305.9475308178880099912690380783692999
2306.8648680726624602854450289407935185
2307.7307760749670107956346235062290687
2308.1419877079531809905509550303223419
2308.8242538754568946781968180185280008
2309.7566653874469797400867356743045381
2310.0747538750866093773088872915975283
2311.3623767195213669250757025070305375
2311.9708828577104748260040996811020215
2312.7657372234982142345021557941254361
2313.6578912884509508451282746148926210
2314.2887958356326002865988863384416274
2314.8666221661743985330554449466707073
2315.7388969360647359742397627691795513
2316.1343891567783499867885865865100745
2317.0516938632515522923030492762590921
2317.7034657765373823919172065741824990
2318.4009725025696231093468885466550141
2319.0522286632801266778515024219026741
2319.6424672759522706354669627098169103
2321.0132665132910359218589397583986486
2321.4537106317104930558821033842150256
2322.3509681368539529212502073325903834
2322.9001247155001380459522694918455074
2323.7789567320091182977209754520913564
2324.5746850588924031322398976867480203
2324.9589653976509191228560579064187244
2325.5402049494992669467853697723452963
2326.7672739964720994138963218639468383
2326.9879919467391681571541684071577608
2327.7851662475206046482163880034383904
2328.5145012547426801659637223697435957
2329.4274307602519194258412599666914440
2330.1911884474310365174105694291175847
2331.3385251205755811820479574489945015
2331.7525583130080926390257015224221574
2332.1935159835376949283295326268616649
2333.2783649771067359337313361904370784
2333.9238370558977876434697003693613494
2334.5607352713800225637457241789661283
2335.0241057064012099393003890947043356
2335.8703062264855631192520810742811364
2336.6729436045864317930156660659132504
2337.4405124035458954886705684079198615
2337.7831589281353463883977105340608311
2339.0194394647561183349731676167261853
2339.9589990072624854521599441365319047
2340.3872893581597634364028686159416793
2341.3751826473429291870113759025617755
2341.7849989280190146623967171157868944
2342.5477459828967734221906893825311779
2343.3928835146906517938682730292197141
2343.9483692757108970884446299528089073
2344.6658682317582832875848774548018117
2345.2335317695439305275565056018802142
2345.9824073215879263374960745102659462
2346.9713521711920876996182883494788744
2347.4624772661119835484500182056136086
2348.4666308098233502984923269853882823
2349.3567922081067511601246757350058997
2350.0477935631428021522655958819289095
2350.6420928030851204428279733064238567
2351.2802093184831373628852456110287076
2352.0184404395716181122898437739743555
2352.7324189652561396068703116191582428
2353.5535458418089999700719047906590057
2353.9887195919889597575739938247038171
2354.6631421484979966781757657552771695
2355.5483146318182195921128172565417723
2356.2888810662251457548866897338362127
2357.1734990120233484635794649329248984
2357.9809888033278072876583496597248354
2358.8162806449906324972932595123274612
2359.2901857458413411373321415234612256
2360.2568923096051116461023551296924691
2360.8344845139133639336618827826312475
2361.2571378291224768574619079576628820
2362.1395715325200638130098253592781250
2363.0335467897986544558467042953352381
2363.6594178769211189548412311403132933
2363.8534601177758486620193200798387921
2365.0339864500879927270683789775423963
2365.8651570163544013880739672386165293
2366.8133015184339010022451091225238574
2367.2865438551770589244795225729009899
2368.2539441792384827290323790844819733
2368.8237924308282962250005342283165200
2369.7239787165151797995184069531243046
2369.9819000151174442829801265905984988
2370.9757048461932337253350928135991497
2371.6684128010765561627664578788783519
2372.0416920708954110151256020397638768
2373.1966877986739700845644244778556267
2373.7445415675776385731356334903036471
2374.0782825363587227290104781031196323
2375.6940981208189012729061432046465694
2376.1597808528315606363433941466519250
2376.8090995958085742447509575579820980
2377.4963792190894092082018177700917674
2378.4257134274442567994914444981878901
2379.0258103686510601450426874808504897
2379.4964414168440088434758051033432214
2380.4819327155331244297106120905033658
2380.8005704355060795755751393014456320
2381.8390426177073235739995401334349697
2382.3631065822936733418369761220625961
2383.1374111305046894889373568626041601
2383.8779249230674233084344264399998892
2385.0868566367920840340975457551694793
2385.5270452873381146314259998978240588
2386.4743872397994083654422502980641039
2386.9060461974650017651021531676765131
2387.5996884751883812403277645878055031
2388.5509225785127873802333202188634470
2389.0809102331601985020511923663841692
2389.6990816435642175177529002910381506
2390.3535092664606989874846826425890264
2391.1159383734769111266322743715538315
2391.9912901671772879748620500390001661
2392.5154906061712327472282120239375626
2393.5527776287784144368962555574426450
2394.2923927636449414278365998148820912
2395.3286554591010716225221959574774680
2395.6870242399500974540737306042196447
2396.2432832237950631834281911779258888
2397.2141946491718682237501246707570716
2397.9347881574676564702664517644844775
2398.2922500624867042737811789931682876
2399.4331684004230902335181585929663799
2399.6292824663171361794681506667459518
2400.5536580765437329593741545499127078
2401.2780018373825523340640439692414571
2402.2496639951687866582384076924161498
2403.1641685342065315187537204356554519
2403.4882733464742724123287035902061776
2404.7501575688446077753359472415687711
2405.2274959000264927763221636764044064
2405.7569488599852020298694365263080631
2406.3455084633903626566380869543926517
2407.4658866481174801799114562300945784
2407.8619796714073246438711999004987607
2408.5445163702803600434133279523589418
2409.2232119306021599828950111742996499
2410.0057169276923968458479880805041537
2410.7575854225039852889963065698166793
2411.7748235549693633853162201382969725
2412.5790232941954528485247613578599108
2413.0466851561354324859531900212270645
2414.0025453708624440013118184056248088
2414.5628091072634519646561885209258928
2415.3687863471251236097059271144637108
2415.9462286419463348156925824532921504
2416.3839894657370727768276607761625309
2417.5483249352748994038812649455940177
2418.0250094056149664012165245481874663
2418.6237513944489862318772602470365681
2419.2745470768512466729206832210151756
2420.5083378854528895832245459985747183
2421.1466940402597410219180669062259937
2421.9991023285017342579058735830379508
2422.4937777077835818571866795145261860
2423.4312411386981485022340580205632714
2423.8973291186140876517275128880414309
2424.8388821438409103725333706340354301
2425.3275536413615466073922040986254632
2425.8257179655553640356961026261046755
2426.8882117263048743995287184750763451
2427.4856064544067708085344039886108260
2427.9449144415696569681336801280708802
2429.0320005301311203229742866987024737
2429.6904107675710445887185636976960367
2430.8222362313947263458055767840144880
2431.4054527589399467135556515641333886
2431.9225622023102597659283144051324160
2432.5833115760178007610981576467406133
2433.5774175684444805507515970471248897
2434.1668634056076878033426075310277796
2434.6123558811757056335258084791605061
2435.4291547325585322943350579447017101
2436.0944704053759645050035091861509430
2436.9192174199957798127769176316827536
2437.5907828142427197950394475988217398
2438.2727695356709581272344533985983187
2439.4997824868896808709242483292237491
2440.0120807322637775289764825671722361
2440.7360961494820572830088315732743694
2441.4599198186764113839966349182887719
2442.2232360314876701441759467437514456
2442.5550312196283933556829440054242234
2443.6420808810251628009846835524005192
2444.2261724933589931937489145171594371
2444.8475103585411812126467773569807468
2445.2679705012837883593868534617186109
2446.4124203141970202569669295704215984
2447.1353401568990668898565871118283131
2447.7788536427086649327916451216048699
2448.7719901669526033919416881608023785
2449.6327220516743954296466106583253092
2450.0966920885979599169257189763191940
2450.7582083385301326447451656259959776
2451.6199386059590085136116365588962731
2452.0772528681502329022442554564797161
2452.9094772402765214094385675197577424
2453.6736285018383015140207017975459664
2454.1327266550309490005626498284998740
2454.9869170468066301824862875354682187
2455.5190759790782206472848983653926680
2456.7448849012103285482163890074712967
2457.4135971706515964473299445349122413
2458.0668163967367674982892097187196104
2458.8279786585985437940315148692874310
2459.8015940183118335471869864542692726
2460.1012397707583298690606729315002115
2460.8665419089640545645395639511252008
2461.5604263354690484136332291744889949
2462.2427834680752357298767534966051129
2463.1295861665191642156557961098522455
2463.5773264186706911158742150185062978
2464.2079162203205042399228718478712098
2465.1826166808646790869717666314917387
2466.0925593063089185548155953402151997
2466.9760522780571414629140790707487634
2467.4373153035661362785906220833853512
2468.2101828886912420653180318050090840
2469.0806440978227962013178049560286167
2469.5598427212193275451363768036369083
2470.3410309149320994980482745069517149
2470.8880783859254742499853188452031266
2471.7077531146559023371907540677348686
2472.2540200410104347535778358263665539
2473.2001162685896111881814893827432043
2473.7590012082473476088382077540018630
2474.3701354358936726970942661631600586
2475.8981774697713437461926526765263261
2476.2508425349916688061204140404361023
2476.6941496398848560302696719907654732
2477.7213018173170833317517221439270211
2478.3487055529652132124051655618235087
2479.0739152922953580767778968982540885
2479.5938067444031225703847406375817359
2480.4111399375201025382266481800850842
2480.9537310607662059501442944176960401
2481.8254086536824123903573815198511635
2482.3524103093303553665943919932937503
2483.3271264580796171180555779894095100
2483.9930332261950369507599460869499902
2484.9952427550234730498427449160871976
2485.7475048931151884179498661539357931
2486.3714645982986870938980832405346231
2487.0030870566749498785255511193085774
2487.4881008233689179449298588014977740
2488.6237041775637008790421726071673845
2489.2351961316215799392985367596634124
2489.4557173168985187480804774120284475
2490.3497614965256213401675494766752222
2491.4197405590199752200616897697572329
2491.6198709171060813907821083972215157
2492.7265727996312592739194418128435556
2493.6929174429000535519447709839816505
2494.1739074252206389751215845673921458
2495.2004086374738140297497075516303908
2495.7450229751311922496491782180862519
2496.3629022209811134261076549354039422
2496.9650107014201200011608888177980089
2497.8604164738293774746625941271650020
2498.4721943686877190694246992751316493
2499.0849763916535892074515444555698547
2499.9094770439187957668681377985017374
2500.2861297968038614140826354208445277
2501.3648445751187590428825612853669979
2502.4913684823745594345646603723284715
2502.6386538235683398241685334187486789
2503.9825251042809757373243914813070616
2504.2113468914495515260173336329596398
2505.2839858524080981884869697115853236
2505.8623110615761984815006373673629129
2506.1227107505758152079151519123566925
2507.4552885855945191791673635689940844
2507.6098220857664428968522661708487639
2508.6341889541123463947000149666565810
2509.0727588858927587440330166406654633
2509.8660878058619311449170361126563099
2510.7751603051750085174065332506052286
2511.7086634271258002210060172416808672
2512.4528190498014694198444091259728271
2513.0593431100905269960250767646256940
2513.6927353059860397157232812892717790
2514.5795220246347727937342793258897623
2515.2485996367799002533135739638993953
2515.8309392855861030515541316915266852
2516.2216800825301813273893670414410021
2517.4098857721648470054980207259090202
2517.9008813017623437998268817876043284
2518.5495956682110603851464392456694115
2519.1213405239625634256840233635952403
2520.4568151032585479202532040079207362
2521.0159571580196676029957031145292871
2521.7328223253190186752917766433424481
2522.6234783683039991151367727604207079
2522.9998604046670618973518352375805399
2523.8906321879669263207850200932555002
2524.5061245969783218121684401344638600
2525.3868918340788041978820291952004332
2525.6838928328586502756404504485626577
2526.4354268391335945831345395591333407
2527.4529218777993259161649770310536912
2527.9572706604665842265100397756763512
2528.6202923880607308940497382990102007
2529.7340015527513140582718382526128123
2530.4957819846863220708974252514084646
2531.3517701440059831174235520482941299
2531.6691694787954332717271033090301013
2532.3977556240679198789700097258245996
2533.4244010111645783513397087587409676
2533.8203544792313171742858277615442564
2534.5013567731206707071805013098572918
2535.2697086101124950516688546564148465
2535.9241926183937751894865420785462070
2536.4887821556258661810834282285984169
2537.5623387248685930554754841055824428
2538.1396858389874494427593125192851945
2539.0427045107925597549861405857253799
2539.9500775627931177889704433493019881
2540.5759268110857806141063177931468899
2541.0990389339435388596117485804792553
2542.0279094392003551990978376910975794
2542.3723661966028763276591071272972794
2543.2576996701501226441035044963329044
2544.1077421032981055263790298451032791
2544.5538826769261881238189485461591402
2545.1047620468603809384088411734222015
2545.9855831955761219307716621897678497
2547.0258328257696729120433952150530258
2547.5294313431498621466104013305953105
2548.4932666287068529692956094870417491
2549.2575700028716216841528482564917395
2549.9281501852000521595576320873267466
2550.4829457118715320310390234533579176
2551.4002278898024273474373261457175258
2551.7129912365252351254119298495316096
2552.6836302964039787211397503159429852
2553.2370516864327180408335914594959288
2554.0307580486200905349102255045641758
2554.6568896286421278057648150674883604
2555.1989611194450523548832398487972543
2556.3278666766361950784731749153684816
2557.3434698951760651000515844110027039
2557.7542470439469249073109838320112627
2558.3076663213857810952859367448777828
2559.5937446227215297003184359617158174
2559.8946693506354714507118788534532706
2560.4016876040563349617078036192435075
2561.2675289470822784469935975273164220
2562.0060329268451669474471201409794660
2562.6599317930846298359193080739004852
2563.2146587038759511796299888517674570
2564.1971144813623050989080533327576078
2564.5574846675181783532960855563813575
2565.8026126150092164325832877933943516
2566.5176148538613184499491110233204970
2567.4217345696334173836044104413179648
2567.6673723716171395749188816326445356
2568.5313104046367053108019772639652352
2569.4351776423434711870976341865748601
2570.0545352226907759045184339602671512
2570.3787898578321697821127615711675845
2571.3567531683358406584082595303415187
2571.9082606419963361535211565888058493
2572.8284265847446079533160288627001284
2573.3115505464766013551253524176627831
2574.1255510275237693950265625567748963
2575.1841122093798375923577022051599414
2575.9970055673864551545616456092548626
2576.5226035814373380203923183397845548
2577.2287898671018071705102814357553927
2577.8526783565255944215117394321816547
2578.7969453452208250813921320006448026
2579.1387818191653189263876588565348088
2580.1129773348013241674781204833997641
2580.5432724569267126002645953602448313
2581.1998099230781409828996716686508586
2582.2420017589854258414231812787309377
2582.6254144173615012098317217260659337
2583.7951281263653196007031386595939339
2584.3368622565655591506800859882397678
2585.3463699663078304168452264607441967
2586.0047175541716567096453339819084833
2586.6175890880462605805417829847444439
2587.0810638138155856835469221359935587
2587.9686880140601495248215708634862473
2588.7796331545747766722149217941823623
2589.4062243318834380909927962906882000
2589.7219500032441960256010026222783372
2590.6747167652191347480194719833449900
2591.6098740458934434366440983982428737
2591.9479518837774845888276195482621023
2593.2685861921907824433855342802626626
2593.9108868539151076716005153259738240
2594.3350829973015574263092726957593266
2595.5154135502578234867765092713915185
2595.9618977899941403235024434043799909
2596.4556386693909108083721444223336437
2597.2775687348428848249321217408519406
2597.9426158385334708974038710039689886
2598.8293626885846865071139873607885206
2599.2866222733511916839597782795035161
2599.8704165364442746776953168236245027
2600.7088953782828524184465001164125178
2601.8470607282262530299363178533697431
2602.4345062782509554885926351971976996
2603.0677282321259900279212935898765142
2604.1874447742733355688460824965177908
2604.4369819098589972379814545105509124
2605.2597587944029297267667164044815563
2606.0300387300322315842378929797724149
2606.6571725658265497618732034482740332
2607.0743905089113413222304226635330824
2608.1746586344936424554267587884811566
2608.7018431027083584533450447979401388
2609.2488705185250793652978744971337092
2610.0664465249247796264399009061744039
2611.1363111633455235585866515610938729
2612.1480050417351401362304733284288562
2612.2415384050567211457386742755536446
2613.3619445398583193748378300260963095
2613.7980783944409884158315953050335678
2614.7414121911112587627675405363994065
2615.3364922036515655236990924295545639
2615.8604515505508525067756072345020695
2616.4880137979346449053332118602004372
2617.5434245257746941108356193788970039
2617.9382094984806141849747723902971634
2618.6585331483876493204569588474157209
2619.5154495155440978612795899925285255
2620.5266116453081845435023275110850017
2621.2421349078336131882951911090951951
2621.9060472230573275673673769272701501
2622.5597096884556449154478631863504425
2623.1904254684842829127454843777508911
2623.9932403430403265410538265522201441
2624.5935887161380741204245746352618727
2625.4354403156120296090627249903564123
2625.8163715876824291073198165473642199
2626.4972129909313732582919591690283673
2627.5617450821823148600095606457622218
2628.0768115664524143548942233664270713
2628.8246360781025144118675025350364069
2629.8548033689962483675467800507863704
2630.7509990804366970195963179248865640
2631.1464275610497706322346509643923893
2631.7885184095690558854516082868184371
2632.6701141516411965313998572202848272
2633.1794671617205545134335396017355989
2634.2079524324932003568145457541455064
2634.3009413930284047439047476269576571
2635.4751969582189736292355616061225207
2635.9020702976015719915356648481041262
2636.4804907261677999333232116934338232
2637.7837341531166541838169326608108982
2638.2829545060463131013835304985441987
2639.0124817029653921009357384550586688
2639.9960455138407295290770565713687031
2640.6806265604405420066455226988354638
2641.1450095054080254524887459894116914
2641.7970677940810037263239492964667906
2642.6400695757781159965939219472945554
2643.2118701395833274082446025111328545
2644.0881379668322370780953474857778010
2644.5222636444801741835185229428758211
2645.1795997744289673003533526737244027
2646.0997921701255651934482914461358159
2646.8663245221490295472192593701081823
2647.9363786246561417620260706905651360
2648.3176274772221067352208973204721996
2649.2634466013695104955615075089659953
2649.8093142505290894661963598168536097
2650.6784265322592118691194508345156985
2651.2313634628710905896970926764137034
2651.7376312480183713311542403931425791
2652.5477910767936715584587777537164068
2653.4785305105869615768984445588737569
2653.7997495017432534837688721102961052
2654.6013639569489588881442336829192992
2655.3241797541187547952090979213815575
2656.3281336666092855450482468435984526
2657.3221146193282407571279386742144258
2657.7574592963109602370386685707845841
2658.2615405565117535437583955094143779
2659.4355337516209517777220399005247138
2659.8610366903368054418911860333696334
2660.4769822732345149401389601730992067
2661.0967616425082904795445363017330708
2662.0089618437994495544656026810446129
2662.5578536386595624748505917224572773
2663.1148886379021656042430672124973834
2664.2982626619015560267216584248260995
2664.4370237033693813019950914015438110
2665.7195521841883773959421499141364055
2666.6426165161376251979655556189333209
2667.0341632982019468604622264915871151
2667.8754924896871941418292496435986218
2668.2883760654162865056713411552235365
2669.3430956936524466398430016907000085
2669.8949672658926535089257383510215982
2670.6072698863779220545553724421616103
2670.8508798391658055865634712596381622
2672.1248879450212842573153415858069978
2672.5206696769259132714198389762665904
2673.2425828112727741522611585907063358
2674.1357208659567178905262688490917827
2675.1511121823995438064670483976104944
2675.6956362591758798072231446871077910
2676.5048960280264866684295574928015102
2677.1448792654800905932758556687090167
2677.8703815482717595418865949187669786
2678.2137169948243401061773760499891988
2679.4662590768790636883238789590796996
2679.7826142198564330280619267029209026
2680.3689534663483551726482480999347020
2681.1318617669516396625399265926629993
2681.9136090683548482678152891232189526
2682.7992907925605758057316661584557764
2683.4260011959013344357934163850664030
2684.3937661666039874229568828760601722
2685.1273648146029832066743074814979774
2685.7478743551836742179204012403708330
2686.5842860014443530722461728774321359
2686.9097475563592787654191189014833569
2687.7711705221071482976930158723951231
2688.5734296793034163527947380681359671
2689.0649731195654179436279282166486806
2689.9307748947616467516495458947470693
2690.3107777863239889236291298678405544
2691.2166398715245710370330430504597534
2692.1069304633738171394977682367565719
2692.9278287900705450381482064221221851
2693.8033587246148874170092069966973853
2694.1752642940188441599383147149351526
2695.1336915924651777837408122892347218
2695.9185893733867343627044017200229524
2696.3228142684713631524789741652836183
2696.9133768314776853726038140600231711
2697.8328919985821893959279621873278959
2698.5126509204792173377599818182455374
2699.0687132196287415245767700048242328
2699.8967101252421855761696868427664843
2700.2639650699963021172202153991188871
2701.7438873203661671281047199917653502
2702.1607723442378918773368674580937631
2702.9036808363925620637761496677470268
2703.7621204794035443349597120560604860
2704.4027660717547432970188385956328151
2704.9174077282065797494786573980871791
2705.8003487116671642551427528822689326
2706.4785580879798792865680994048364481
2706.8792187675432041902047078555267069
2707.6295537119460700198469787083953552
2708.7530425642527813062657997259141045
2709.0204573661705363206634653475410544
2709.6277004413839217447067845614672262
2710.9710378705247204598624029107849207
2711.6649682372399568315318298132491420
2712.2697506303560741546044154438425643
2712.8755362452542497353008847045909658
2713.6587727350513367223890792749267911
2714.4313926266747532860647138034562523
2714.9956926277699656873397919139953708
2715.6027145346973594111185192605231424
2716.4207272683482894061319918143657916
2716.8716379900464815432354433513374164
2717.9941775883221222096912038722220266
2718.1595584086618218740433445710762878
2719.4679962416550295563751735515606007
2719.8903307491014955897597795553882741
2721.0790588497705989056010250747213597
2721.6262164946130721310026736803100117
2722.3919221125779572245337812698041454
2722.6104783175328260390708721664447060
2723.7772802063108684013097495620890483
2724.3987380279743454477468357322946058
2724.8036136405316132891138791712967898
2725.7943734868908085249382020701656304
2726.1274207607904622099339312824276227
2727.0053862259936788024440050880586583
2727.8867647127901280536271129786957347
2728.5647020370994969889419391227648728
2729.3870310022282148856816544167369723
2730.3541689340484568009751405802967743
2730.8698654826602316007427436017781477
2731.5265602046359613512425238757261834
2732.2585137567092001740030251193325799
2732.8222606294701605814117218838796680
2733.6278964660235076971888261903870128
2734.2711569873444291751541316077710199
2734.9257145261155211570302422478519437
2735.6673686139830810917763408553699497
2736.1057397874688357327593477221736124
2737.1685695185038877807193876896468645
2738.2198090865285942297868556958048756
2738.5610455549219970732954500894847784
2739.4240133033258531312075562304893040
2740.3271698565628448904084087380658565
2740.9680281302834740337666011767165606
2741.3262719917621242089423848357413744
2742.1554654767928972667500688583823456
2742.8958530273201886827948443283177558
2743.5996536838395140261070076719561566
2744.2212708099135260616284872122985813
2744.7824035702962840657406151093852227
2745.6755043601409811764770291115980705
2746.3493025316829332206764108513154202
2747.4630960292802545254986596060440019
2748.0906086483355604361054364095538283
2748.8059288569536366434576781030325826
2749.2193783835487759385010519888386775
2750.3655051009036534714701894454360515
2750.8712999035196534721316765878486877
2751.3221949838067737720389103708153358
2752.0061915778447243284550993553952475
2752.9489453348987238665185306113281287
2753.5639526407455584509667275248655210
2754.1642240693468129367697478349040332
2754.7276083970087412850698927833330830
2756.0167467623723930671770377469940616
2756.4971023951668288854203580746104987
2757.5501207165096112671307126787609548
2758.0323935081187368607300543558134366
2758.5194405956648263548043341186383244
2759.6024979721364575528777248688374084
2760.0541290336119928255916034881090481
2760.6989357852743390033421735471906200
2761.4481227415144420088613009627492662
2762.0099611066684964614523506820643078
2762.7773816315117555128238056900435385
2763.5708707167986055963615019431556826
2764.2196544482842833645811928445308836
2764.9850165230999600873121595289583530
2766.1643609388737148201827652456160669
2766.6550071285746488329649247654033948
2767.2747779967749744686452547627707529
2767.9432412119219531000787853127122893
2768.7207037458804216819194183767364482
2769.2954802089012923807406022796562504
2770.3040003407968854634837587490234538
2770.4778848722997678008232499038253381
2771.2672507488487497142968923191275506
2772.0803234856850425326927964084679326
2773.0014372304022401379874751031434379
2773.2890349804240450088866022439561130
2774.7591384208486702668838993957554905
2775.0041136214737302754318140408642067
2775.9696196153648708638745474830950398
2776.7253875050024210747910459032804248
2777.2080106699610773574237537782379932
2777.9860331477686364874287080079819702
2778.3933395990613954719392289159420234
2779.6124121462453599573671790797489426
2780.0036468636407137209280777765945053
2780.3673418556142986911697474108571243
2781.2935380802868935484814362689106987
2782.2207324396878016940570569632476123
2782.8688108489131755803754346660656835
2783.8133947111574701912068805023971658
2784.4220662665429711356568065037568454
2785.3094718831343170421417906684562567
2785.9324674587747148842794037964321278
2786.4084176042673507890383248405367424
2787.3038517372952450531703803986446808
2787.8636862671163536016261403864825863
2788.4565146981950121648903994964220492
2789.3486145305909572274781924497707561
2790.0102571235873015968356991156728555
2790.4281344224625787038380014089546611
2791.2725082654141446901314036817602403
2792.5324656190132791491897425867928742
2793.0673191224008069706356628743827796
2793.5481158242356204364609671089835744
2794.6306323341684164106053564076409519
2795.0860109327886980091744586786654867
2795.9119412506745869436347669598486609
2796.4291224522677168240608009494714358
2797.0295111469579426632060702338546355
2797.9145406987044982360219468019934167
2798.5177239895430759646273315684335311
2799.1373415590889377212639406759938058
2799.9550704091927569791949637609932061
2800.5006031361182505672286293873991886
2801.7609018023647412279155624310718323
2802.3816119323776385248423378687621842
2803.0048802326680731003465097328060836
2803.6319589708661085881805315020626703
2804.5745043884723906429556367914920034
2804.9111447916035686166621128678103865
2805.8913168385868129543854076779394395
2806.4527400137660419365898256033308631
2806.8425250830225426740160557248805079
2807.8234209052223940535656071433191018
2808.5900289340366394660485898221324059
2809.1038034644499122631267317874875437
2809.8652943051545653529885999468914720
2810.9866658485963566731065446561024675
2811.8507496313206432066041935209350057
2812.0898901915246703582185257703291277
2813.0301430479672177119475634100825126
2813.5790814156065193633723804780596800
2814.4260579717076426605828509840705577
2815.0039027745763145153422387445790511
2815.6431184442519331149482534407166944
2816.3129893215693788133304006098140320
2817.0480655295737514885299088580840503
2817.6263183294831613404222562547213528
2818.5344932560599285452991796237321046
2819.4135014571937377275678904301457445
2819.9874640079447917511530252844771518
2820.9471159026883463376474585481211032
2821.8091634514912599166761374142543030
2822.2905547032854759005622848820844256
2822.5061003430569785992716311830713385
2823.7818611389130454026481779901485633
2824.4173310729232165112889063319861305
2824.7203495879495178122884306923956671
2825.5994058023121904092215365523664656
2826.3169613992185312173231534085416472
2826.9006868096146699143344409594115122
2827.7722943191321535320266779551452990
2828.8493559962548014692182405312675887
2829.2019565931712289462976474048276009
2830.3026987464968060233607801793224934
2830.7340084505616225215217744966633360
2831.5933289940007093609857543486281664
2832.1790529900027317167286864854804465
2832.7267457436903441837713508006823051
2833.4151474665921258137459031693247824
2834.4851262600874123937829438565474975
2834.7516671206057029438614559654981641
2835.3842250094175792525686726084390016
2836.2162831240876929826000858946708960
2837.1586134681399192195851049383430432
2838.0018750614349093385648602860780759
2838.6767414158743192740876237007411170
2839.3210521660544326874222402355252291
2840.1615653956490074164814127644515848
2840.7240480447152250833364605735234431
2841.5758983631335606527246753395986728
2841.8748976206435135783826595620529872
2842.7382357131059087129358932648473247
2843.5213632616066801923309316119159308
2844.1092461873224640098006739573086003
2844.7341941248675403535672330190121188
2845.4913752693431143115713662336999091
2846.3445936941180534825769471944506193
2847.3051446811973314136069656327909579
2848.2325230648545610125899998930865799
2848.3538252657950255501404428334721678
2849.2621486183891427223932217191728902
2850.0618452992703002337665390114484964
2850.8866893943019142175322897381753638
2851.1622994790609032927734924807152004
2851.8602637587516834038821307600114317
2852.7206490571778256192350597749662941
2853.5130341410304972414825798656537822
2853.9349079712941679698217819303457772
2854.7112500705158805671661140919368995
2855.7181153485703098746536580131262327
2856.6581633420395715084632093115153977
2857.0508252080202718463540468381062536
2858.0331025155398981397639491557463371
2858.5586657999661326297601127031931537
2859.0215189710491928958172555871823234
2860.0913629608817614650698887324887139
2860.6129225223522745442119938165726861
2861.1755747058936360353376243808134581
2861.8090120157337882412695244421249672
2862.5923492421066536839230044211809442
2863.4010654217478726394495424832025525
2864.1494410871325888393887435524695489
2864.7095487894985063765018896334564418
2866.0792564929584001557818457491815763
2866.4229549671723849594169597101330424
2866.9677440156928902544783597901388612
2867.9214208364065012658886839660919582
2868.3883946379517379117755632664307419
2869.1548868972285327239698048913071348
2869.8167171414984220534678072229851134
2870.5272831402215647698751769470450240
2871.2529004777272445551580201400671813
2871.5378250214397826542159320566149298
2872.7538981742759376434365220042824896
2873.3340920093858198519230167385225703
2874.2578073399023304461034470119775163
2874.9935562512798326666902009717504876
2875.6633909733354665234833926621478983
2876.5279115895013572335750578795256997
2876.9857175718890126915403769116991358
2877.6954116029396273908982203940391805
2878.2041359101008191411574503443057337
2879.3140567558755345474896580595118003
2879.6403127242910197602546358322415577
2880.3525309049215302337715208803563206
2880.9945934390934478548336928575686030
2881.8045829907219656204012157313065526
2882.8239768554084480137091675633992803
2883.4180041603783618557575939391144757
2884.3812502736217463786141449642487972
2884.7460695060082190953560905542344669
2885.7235047228939338338141242749193152
2886.4246539657566512946994770964663401
2886.6920917480452020055981223493744253
2887.7336172358841115901185468460885561
2888.2325132554619169743116970640232461
2888.8390325261216755001772158783096474
2889.8640006192522030526240544409723500
2890.3354933976625373033543301664041173
2890.7262825504126045824292911756548984
2892.2693481538867533992998913797165131
2892.8101025452745296698224189697964817
2893.3293752929813074215854072572957510
2894.0733632243765029682464810145393688
2895.0797837052892273480254060297123952
2895.4148196950607025299490583854355197
2896.1082803166507103382356999187480673
2896.9172108563181159977136054773130308
2897.3956555565903826349143516768445161
2898.2630379871939200556682194491391938
2898.7991845618130832893106736147200980
2899.6360924632268126225859473653421510
2900.2676257911544966332426865330790758
2901.1917727345132698237840127667248955
2902.1520481569764217331164840640009297
2902.8427723486019122394989965495170909
2903.2474500397612399242338252139251200
2903.9071174021885356190629073476936946
2904.9751414283649496020755863334753756
2905.3218559444756971973398217009635844
2906.1559973251192851411471118921361525
2906.5399305464990742631243265556623702
2907.4113327739788460160660615882008250
2908.2490048577916792715503297198005697
2908.6957019762340712244712377855259932
2909.5971643069849148096230561947997980
2910.5627167478738947921049758698627933
2911.2044594503343220760207149996385870
2912.0671521748420091781522762283761860
2912.6280867705952850256993039853248995
2913.1565009668489894158594874866487627
2913.9646686369564340689861059384784016
2914.6357223592866250703711794582345627
2915.4706679446365726352825898974685542
2915.7649412680574742225380104837286624
2916.7181986711002501398534794833898180
2917.1448505324879941943927453826341024
2918.2265893590738385689789931572798231
2918.8187608132118045544967528365720725
2919.9188034415399101841439362695660472
2920.2049365357371595309092839740995411
2921.5050482956863030228972060694455840
2921.7349737478647662191330380270555583
2922.4700412600175798178086112707411345
2923.0060660371745802164130985508972849
2924.0151749461207982906001467318371411
2924.5584552121606129772925211019773681
2925.0623988700581665410954228304799122
2925.8399530051625945296007468560685080
2926.6501901326564451412836579981654678
2927.0977565678236881546398685141870243
2928.4700665268499232641987139790821843
2928.8306445362903472811528160105232570
2929.7193079106687360720430619969576153
2930.3396100258003197733619018010611031
2931.0990165144232057954824618332756501
2931.9068152353417963490783525254340959
2932.2456642015980390216498929201926846
2932.9384959237622205772609192769679867
2933.7490198638519525199192644748870162
2934.6138033177575412864112013024457148
2935.1511947065743734362450368602128856
2935.3640735408852358431093884146000360
2936.7959869462197798505469576607359016
2937.4056481443264656689515225741818661
2938.1727676739370405674148708022341598
2939.0971330112578560987050041679442559
2939.4425735074095718446964361862202857
2940.2716010227934904260467468037162328
2940.9880253214135725890476692887406184
2941.7248058428374620911699452857898955
2942.1520698980950559160959731247280357
2942.8301200140218716705531848315142734
2943.6940970730963261622476355853771662
2944.5120947918861127472256675184907136
2944.7562737421875243975411351419074342
2945.7741317024030968104524121953265946
2946.7571571635034401758276467368162992
2947.5589639773098789703683866624552341
2948.1870500086958868544836201857949100
2948.6081897135390542990262225050536689
2949.5187601729474898746514026448433457
2950.3003500949352803041971843094265235
2950.7732094748354177750435888696573632
2951.3841562189876748430194681476491117
2952.3214253601446497557755618281555993
2952.5953525426562517046969359345157067
2953.6762933418820664536317214725982052
2954.1842760489609261276969306775416610
2955.0050245319047583537280814154755915
2955.9326553280821894236468694916279444
2956.8358232391951059640060915561740654
2957.2391586135442992170519907928973408
2958.1405496833626030031326096972586256
2958.5541800638636065661377238334234367
2959.3621884415074886939152562798320614
2960.0166472658642439078051542725830476
2960.9302433181559490787353377032254014
2961.2479868942383751429412529770995022
2961.7906755685661474016205680823101023
2962.9456189839277194511018870507960912
2963.4073284752198328689621563349544430
2964.3458427555089399997371246451496981
2965.0410774976550446880353936741885320
2966.0311932931983735378214892095766834
2966.6721556459458561114112506146392065
2967.0323659832377609047501849841136703
2967.9418595516542327171027505582459238
2968.7076292888090301530390147345219783
2969.0063822361141235744985394209922019
2969.9731323600321040098122989950708721
2970.7750485334548306860837132683547991
2971.0463503894822416413099409611415681
2971.8314119821743254874900813927450540
2972.7464533023043382029780646025283823
2973.8166531380080893802649670441623618
2974.1953857295510530369915589308462652
2974.9865992770187102547121743729289686
2975.9970174042712718821233802362227670
2976.3692320828186982607814453920686013
2977.1609984609450527893294943156388100
2977.5809257316607788387894223944848907
2978.5017553754147647103486572254329843
2979.1636551854049046034636513306560179
2979.7602329074480679711173748065909536
2980.3791791416734946601712645846628000
2981.1955600915786767876769756222352789
2981.8236424687468793280616256622688754
2982.9256723375206052503223415936969351
2983.7473522830920405449831642464890225
2984.1494466942098227517852901431085079
2984.8379988005992831996306241697042540
2985.8619954581578284474027181214733687
2986.2489963158412650047374943691434125
2987.0371624971323580508780106395244169
2987.3943763046671582424018411780917264
2988.5056610591824449032407238594063592
2988.8561922099645962941479369218651964
2989.6995600743197193027372885721001259
2990.4191202997948474740268748524749046
2990.9334929525584174496255598270709755
2992.2966049792607243162603901970236219
2992.9227143711550131674242944530286141
2993.2372958691151819528676956751054382
2994.1813435521433825972451471159712370
2995.0427785758156515615818332269263353
2995.2568114031394313497022686588116600
2996.4338257289317965642585340822753884
2996.6410859296529410076631850457658007
2997.4589836452764276817621048612738223
2998.1670703173343225874558819139228944
2998.8887268747748593816835776979454105
2999.6051900646795036029857484871992094
