# D=12 L0=0 L1=0.76034599630094634753109425488040582420 Lp0=1.3169578969248167086250463473079684440 h=1 w=2 reg=1.3169578969248167086250463473079684440 chi2=0
3.8046276330508650971443175400383478577
6.6922233205001311599101281944433852901
8.8905929587267415093356255371704063642
11.188392745074909154163586795590616018
12.966178808028845374957099032698280284
15.181480875888216735397832429452383834
16.632633274523762123171390835505488310
18.884369457120650808166588937461650691
20.103928191245818573133039384763914457
22.285839107226887658739733010514451009
23.561319713137844716347932732028710885
25.411633892392695962033821338368586108
27.013943985850672344345415796374260044
28.442203257745608118508824305836980885
30.204006556438881854310538948591570582
31.648077614940686366898633770299370916
33.037132879506503601921758064941545248
35.027378485012702581653866820115441697
35.778044576523510272416853116626695419
37.926816821375212835285231705290793354
38.973998822274940289539552361530961661
40.484154750804020431842823209369287949
42.235143017914522029749553168436024713
43.192847102617221657447923692506337191
44.948822502158543779002657293793391071
46.243369979044491138169911692029002500
47.646400500978413538182335205476534080
48.943728011811544037661491134301762125
50.682473708703818015556061556607883278
51.501449654289003067536367613518695172
53.252953501944111296508592503235802526
54.664746634582266939140404878078411286
55.557957047761764710160536729866437301
57.462818008531823105735452412557839068
58.449911251759454797712519980110463444
59.715286231827133436442907338068717417
61.468612644321861641929453629315861330
62.282846241993594266048445172830241250
63.874346814120233687464594775229887834
65.086085807259905157303652991367649986
66.559286675138394432276029028159687183
67.506740139102626184102913412899629936
69.130110327778964003742597389702481969
70.352174860587656928597706943583725864
71.382835224516186600028293915517829730
72.930733922802756141741555609484441390
74.365706132513364465657113079764618037
74.952099742029929463248808444214807660
77.065566087677007991680091309854709141
77.649914923659014678800228591407971430
79.123123834732254184714869732204374719
80.468024277202132891915571286867959032
81.721899336397961605880968483072688584
82.742882234418810309798941224977955593
84.227532943570075611914411718839328697
85.360229880197671391637959293515766560
86.645200071803277171205150425210685699
87.654412874552796936707537571389510316
89.318750930758401745472467879678141499
90.155441698016266877140700210274899528
91.322968233415906634477413706631187447
93.089148550261566235074637089398193527
93.672473420448313727246344427321760899
95.036745244118890067938184869178134030
96.568292232717016241660801635885715543
97.441444672758210542785855739833521630
98.627904396359037252021552119834039679
100.08505583887374266104543537310383841
101.11336635511982525297240624949778124
102.24919913404026990916013150324690964
103.56092168370775440653723385902805971
104.67796671370039681179767744065756075
106.10587718178267475714802765333633047
106.70061535310210944846862708771260029
108.62733579308918065833797546791150293
109.24275826848845463579294997195967389
110.50430095355178412450499841117581585
111.82724607888611055187855823251942459
113.25071655974607861820446038147219305
113.69175951315446006527762139519472266
115.42896349854255711595571965950187550
116.60910343349908286253786891853216885
117.32334663525138856932499680467655553
118.93297052159142233525016867659349810
119.82071929458580649440542823934764526
121.24386645193378507682716984506706719
122.01326276247324424705652154680872553
123.47881240350289174319867374162433749
124.56991786460242258430826386081170460
125.67224158442230184038347431682419699
126.64877180740398885437873469436671540
128.24782038194791088578435986220916052
129.02330242176159478211316998705829392
130.03770681674868023344629470339567056
131.61342631901016633420592281463996119
132.58458632585917793448418584386032061
133.37198234674291741727184770050925171
134.99850631391482269284362369511497658
135.90081804831834661356062563704832162
136.99274088989256081928260738954451835
138.14004891365196362702433685637389415
139.38217361388338149225871182638938163
140.45989505926904582841325168427732159
141.44733637874455722851406983148374271
142.69877673096002005684335393922937746
143.81535774117711890018104766203107516
145.10360590300294645117859199553571680
145.66063254874701159188970911891408502
147.39966045150305701429286192935881375
148.35226438799103017084859446108112701
149.03036425809364722673732632131735345
150.69515648031234121297039567228052314
151.57692066180193751766167299924910795
152.69608126403180534175546303446900976
153.60158051849211075963530565973766568
155.41212050371834332083337411444964234
155.60253390371395150421962108891219753
157.16239081761330809050382652830126673
158.20697283636030515577382473650607351
159.32700904093304856075045076552827941
160.51446308213098071168803640914240511
161.31856962008797209666060554231852496
162.65355203117156893514809465046404260
163.94739846121791050173520052605127222
164.51389052266277880161592497008604723
165.86497525369215455695826706887850178
167.15639397377296674061623508778477740
168.08152860035635912279540052632718400
168.87136921206239137990516715268685864
170.49456568947389178265460287663979318
171.32798543753789901144358219616206662
172.24454201166452276011035537763698381
173.49180173738669408871767893209968289
174.82630682553383187622609466714452745
175.39241005309027882774732090894186451
176.91551819384757748366309905262342153
177.59172318861264364562164689671611870
179.16441244773858007145966471142287930
179.81756493983324194267354437815214616
180.96728716330586923884987869815683218
182.16356084948894077503661362806374615
183.32489488820142021424836995920286249
184.17111658810491530838194741292877907
185.15003897463843483483633355191414065
186.77883927267960007572175264672162294
187.34565507954039615850656276163886201
188.27860890521110893871723578934214182
189.94352248505514513774359284127300408
190.52142358670437027488872739885233115
191.74537755074612104272802997570545011
192.69656274057560979455151354305805335
194.00867785169739925766362812533277630
194.93372256881282365942695885512371653
195.85466643210124869500879740189160145
197.15459967867528481963077611312056062
198.00236621290299028026704137455971321
199.44602427134008037327200845688254574
199.93475544005386038383301741410515596
201.25009286739271087189231503598624991
202.62223686768393090621166700430461047
203.23305037971808299015133797574710869
204.26494839340645879030052420605731747
205.67083754817048457771735666004622408
206.69281356774693675483001229112219414
207.30932101778141749388020741717314250
208.69722845937430809185733542736016786
209.81579761309222416533655651501449980
210.74520181721816985224678228991173397
211.59667446976422045142459507192983800
213.01739508904881737938615222852990126
213.81670374306455792904906393559860829
214.95296129890901973272345513015486052
215.92727690467038599062899188483206371
216.95966975926200645508282007476661199
218.16620657531529570938056457999430934
219.24973144707951592949650969701418940
219.74353614863847219660022408572688284
221.55724788285674853452820683568934186
222.04032646406035351947783986440322596
223.30245546723965944607829008734864448
224.06459162734000655934182845985148844
225.64087381698957535672858730988482777
226.35211086541634798335884841713143137
227.08311649169041603075194542689214652
228.69570919145333262086867994381781649
229.41531909403707774865339633366297677
230.43848748917682854096254801006381382
231.52166672274117659272939969852064223
232.54743023744458586280992146606319006
233.66845520607585354333958571764914448
234.64010023393298503054187758264195490
235.48531446409699416911790795896434749
236.80282018104937402931713381269242909
237.67576600807446106492798195505975201
238.94164141472427308495476624626256421
239.36232091996478098027532903816463422
241.04518922881215984955030548603398733
241.87789309389211871631799105865769638
242.60741993807450033648802605476238541
243.80166706285303572089253155740660582
245.23286667561739200946290776424450689
245.67787341937596695386824470722108493
246.79818401809371428867016041199708969
248.06535348797191074327422806022948127
248.96797623348073425202755510137657947
249.97793843420223172683935459705964868
250.89966372116127963212250288808184468
252.04770038547593380510924388175507712
253.12815859322357499177021297063731156
253.95891013130867075002175533825991697
255.10945349485562225405229799219581168
255.91797816096659108645364069778704898
257.36698487862677242891592120739757285
258.06212659853592596656478381702399094
258.83129782800569374235673360774042393
260.36000979583981152400979640555046101
261.26746477262438890951212070630942590
261.89550230830955896297733518751058006
263.18063703465022918354594937938241022
264.23895552524706972442051519332073404
265.38503145158748241759595518658338481
265.88025469530742770499077664376224331
267.22792246835571279088753485008490410
268.56743396286898681229232229894306688
268.83048144413616054893039015627148438
270.44913369024594531759338146743294358
270.99738801496564034263934847743630593
272.33212897791393795023231507676703383
273.35750263428284363054153595959059234
274.06010425099474408738206025795770532
275.21010791248748736152877957202503549
276.35097520501537142949398385810655380
277.43490058364629874652104000377172676
277.90953944482045240390464070066479854
279.32332597866687101562487281586381922
280.37513090710700239724718029283477936
281.35753438330259030429467806741464179
281.87348815074418958910477578983494607
283.54491611338345577770148743233427685
284.19533081108560477020172958265118968
285.19625335601248643970297306466563914
286.12009715961152263321702048450198306
287.46009975301297443932854102102792940
288.07847502682045905913295466401360304
289.34491048593260136243887341264510075
290.09718919323573653525772456822593273
291.17512014925215709136975536243592544
292.49942934412314281858420743426099229
292.96891249623208584124043246540047311
294.21475172360517921566846058670893695
295.10301467686926986076079761808744355
296.41737581866148401253669499658226487
297.16451466385323700902208356540226076
297.82220649120416844384573595970127962
299.47273815271175325132694179546030135
300.17546047703669181874997417341741009
300.89712133858201424512126375966743427
302.13151500384373387376224833593945129
303.24691332247568764235277525321463535
304.04799145757503985422898800805587803
305.08933563897801335666033118030761665
305.90401516856427007509555460572769609
307.39593726874544505740495542733172885
307.77978359980157232895234051166017436
309.12549042970180217520844418294596491
309.91382807155153698926023528114166887
310.96124336587074192694362898024773406
312.18049691894139328422730012970049872
312.89892973243420048228042659672280363
313.69971264770049053161285077861493908
315.17932270186707974043148497373570392
315.91669448185665521796212093533364978
316.79591997185544218700891336747272658
317.70136332954668579838942710542045040
319.16221382349299127062552037108684191
319.75138389370279116321852514362473737
320.65880861275310850875395010993849798
321.77785443865397821932421063812642077
322.90366376464917690765566772364455306
323.77664930922691146783488123356810183
324.51204843838076979837203885546769098
325.85111272418846585840594072305414440
326.59443333237113388404830868818981347
327.69745561832730874798470584435442507
328.69801581351424135719322561066751391
329.38849875088827977482175465022512299
330.66309751542744232806475172591288906
331.76524222758037421743404799491421789
332.30898376301654970724355263581428955
333.38663302224995944708601165753867922
334.67146133479475570066130277181349112
335.42125347421037188665840460231422734
336.43841980115607968506431259720771494
337.10595661420783568771241549734199064
338.72161394197646190192789266837525458
339.33587567712767536259491438013120463
339.94685824503092497958703295978797456
341.56966139017003342330747216609238468
342.04635578669215271611152896951161453
343.38125787670010872385391992923038374
344.00996578438448466205057749537174044
345.14421196651015244224117002571579198
346.12731901538866223718368453762912954
347.17973479051241048888784442696749905
347.96354118689046395734380121652484988
348.95271455068501735756672615282571191
349.97312431438477215040663123504137261
351.09299085685841978279232326734867837
351.95843811387129788791274148537590565
352.53463549099067574453799207180292530
354.09263243885862779685667801923834380
354.88873712806227509055120399459548217
355.58925211656320191153562814465284733
356.61349851553972122600779841607362047
357.91236596342653874180256040580196935
358.66770835071347290072255258240261910
359.46058259178870217952054678388128025
360.57317818107135751311288462597930711
361.62312723364108724460512066385308350
362.50195957487519643539542661556409886
363.47550917420318402333709635791193682
364.27265914520595085814617815430821965
365.56644616322180787732511716265161499
366.19416031931218575471269293739067644
367.55460352835935690171110888577121371
367.99296206419255706746685126477950881
369.15567891136820706838918408215746068
370.46397558972055048944878000899566066
371.10769753550114311850103623453975793
371.75999855488298788505972543943200835
373.28905874909184133525238636538549813
373.97183423917407031496498202941685538
375.04630585384843286363573831310941142
375.65849723902710303454134818061694144
376.94773136598098812028985892236231464
378.05659531373649825565869075071666240
378.59476645542869172680007545216665659
379.60149669124505990579080745831807182
380.90423832186065058998646645366962193
381.53589352359710727031738911187779601
382.57111750157214813342215405659626041
383.74893852268314408014178288515326780
384.14004750523916275555062664289544495
385.82365404688442816366320457204218805
386.20384022053012332783737226347243559
387.38850116135741725773495550734236544
388.13078841248644246041564250296584003
389.38594838354906417298315249859267917
390.41801464387846502931574013096936428
390.87233214260143826432879375389820055
392.02466238944352813530031180054126442
393.25526796867566469991004251699593457
394.09157557424710051574782279184263468
394.70973598050724026305542028643934231
395.84073384996942331909567500943672264
397.31396822234824503777373431096315859
397.41016575390754635911922075889272750
398.81023807456823150336316194540541713
399.57275496306957173722475302359460326
400.75705441531867149342587095319150166
401.51923500044289051294703247995742965
402.64565808827194505516267147836832187
403.27328048291763107063393285167100699
404.44428519107484252572054684196635168
405.53844141732854872905165423809208899
406.17410650202961717859662018087852063
407.29485075979755116333758386496755668
407.97522709541035569313573325834226432
409.52593328423232015540684424729445140
410.03421147731835719704961644563296572
410.65046998083187556585848269814170503
412.18196886428677016967000215504778817
412.99438496873535529611702910770890166
413.74154056579469236656941025342214467
414.71475326514750345145642549413574978
415.73891494259889102739437440708849159
416.78508590989757918267471497697752592
417.64755321804539001449498797923014386
418.34304380718408302740772582247301931
419.62951521519054726380597771644099086
420.40278045972699906221960454829216450
421.36024917096016985272210495240863087
422.42786529909530839823462477319078222
423.04176679779710615308170216551493165
424.19951422807277438642604671294007013
425.46039410461294235865059675862440177
425.81783186809821894986806332083529419
426.84795508026427262223706377672315848
428.07373166903526946392210352067110376
428.98759507387950301040853593778211584
429.76132049451224570922912350534706835
430.52148630615210520433243600887250669
431.84572191112656271074545300926654455
432.76729519995254477581266933645774740
433.37871897144056115205534478388496702
434.40788704739175696510619608727163808
435.50413548453201903717097799725963192
436.47480373533104485287014034270544398
437.16142542369342119764994885256536346
438.20014660380284605996392132460921661
439.25083804157891737795692468817117238
439.94112731935320871700483999762425754
441.38006839547530949888870276086975645
441.69326040962428032181587724232779253
442.75202647610477467200054598209315324
444.06251281601636311276113456101539734
444.68231352649629193593038902996361078
445.77410128149088798871064813913026180
446.32358755481028220332606838049767086
447.78416663510834663670611833700723977
448.46984679051752645134038452779397936
449.53610923674483954917559412964431308
449.91836447514396391525031323852163751
451.72538229387276158044689250880796134
452.06472617005447371780800247908923796
452.93451548977723732350858427855260084
454.17882586634835889864550181567724266
454.89148185734625312267939412930211232
456.00017305881109300534557141326309818
456.92057636907228627131559281208568215
457.54878918277966542165108065785851131
458.83133518569362958469247159346777312
459.54907660320242803709881649028024496
460.66709920096581202694967688793206535
461.44825117291693110289392980819928518
462.21946285439700433832365319166231317
463.43795719409369860534600742930985489
464.45089345972983218324556160720611315
465.03776613518639154112516638354831460
465.88067687559216240026759990116284009
467.30196853289976440327635485318716231
468.00260090953287429900888316602028498
468.71198902974329246564259415647136476
469.73415981447404036712667717101515795
470.80504625704211496316279491134772051
471.88864800462818217074264322678261192
472.28427984222448227695299963236369199
473.57766416982504325366783388660101754
474.32664716582575304885902186311207203
475.58256640626315224195705201842944454
476.07510912528645720456811081881776839
477.24176045397787783725866049648011361
478.03128844251037382993480930296551955
479.05789209631741948775709051097312315
480.02599211725291051936938377416518266
481.04249423896826016572209737707437435
481.38262622621728248499087088019255699
482.92422332021976583683723076572145035
483.88499679766576429254635739843550178
484.23436595420980225059055267518285974
485.43979612210755267855978652757338836
486.45577143265299570768161960883969818
487.41828876189771055642925077071189794
488.31456819948434708203617935577365518
488.80281260810349276801586502628099630
490.30161828792045047578901691195412845
491.05867287148433280944317291551860905
491.76171950699679139857512693431898183
492.78501190302742429195100176117491005
493.85806020459579004743782286965027149
494.53766392480189065703122609554077642
495.72542602090017459503524168843001937
496.47143539450456137244203188276091169
497.21599200851470928066146840692069959
498.46265498098057790959761250419105314
499.31337088552041112244020411351738783
500.10066609831922520341295733565081586
501.00454768526470431246643537525957753
501.88561289355893236753827184737387618
503.36836978380690916976167584713240110
503.56826274288959453478239881408509818
504.50277998699870050559416625591351817
505.78106694786815524552210618892226918
506.64185457441795065161166707791106842
507.59259640569868810620622602981790923
508.04376284810266631918612358602234462
509.48325989766273212834378912434998182
510.26286924830957341143232147859604776
511.02445642375139432990001358434716723
512.16099002737873369412903868688250488
512.74808773853258151197316189437582148
514.03610608166835472816500761254784843
514.70670921681071250996324825206261317
515.81692017043079653361692796467407973
516.39367126588950197780267787364895317
517.55571441682704412585500741306721135
518.47273057420844879798614859667318487
519.45417793497975598838504705365032436
520.11178391387764982310424826165683702
520.95785037596506532085808754938361381
522.45761288580039289185013104230269505
522.95650610632749857556849008078302958
523.56139650064544493384634018461598720
524.86754020095338571194052766542145988
525.86523267079193014081543277187388497
526.50557518290608859910959632710720874
527.64339190718921698091087037750973872
528.13687460306556156520942368587366812
529.62135430674380115364929680692998725
530.18363940720103117020607918869261265
531.05484397179303894730442810314384997
532.08830557401980101225522058628152107
532.96244357333470575949560070448001780
533.84033368689417790440493649491504698
534.92127655402231987715677460140756506
535.68159536730077810600282966862387463
536.32712032784871782362212863728940729
537.76868378877925972329963368517419332
538.38611382204682886492744099907635057
539.31798915251674423180838364192791972
539.97888160758994756071679549061002954
541.30332262988319510859259039141735602
542.11002377873944069018467115760402877
542.91890170099480265367566570441333877
543.60043113058965962532953869247058407
544.86129694149896876434119696404464112
545.87556533278729735021873518453242709
546.33568313154705377454224675575210098
547.40592162054190575409418392405776656
548.38724283830469304015196763555211490
549.35072567494464421778904778403368417
550.13041948603519091390005438873092458
551.01350703244421386945983434802179432
552.08780883805904036169867124073055611
552.63587698804882471467714779158531838
554.20954946484911692652921944743946707
554.44097544778781906026855012812554626
555.43873449661022644612626935566742662
556.52693692517218617433301143708015819
557.47204839426097751631910664419707412
558.34988715947102844218281423754377723
559.09605577266337277714754680831641945
559.87400350793674717388000366936343933
561.40638146856452999482856347851129824
561.78755804424374323514325271335539434
562.59133895437861068769375647615106147
563.62737605138931367962644063650006680
564.94902977316746349477359744856254555
565.25687408543312505030451832863247037
566.36728278935626147100540609597671924
567.33346505810628232368912912000398973
568.04582356388433988836957029824583288
569.36742224308393971429405573036568822
569.82638890816562408997476573014930865
570.80001209514968393605840866920045551
571.90094220739635220217892770695653778
572.51740691230681370363613884879258128
573.80808540269699426132385696141722275
574.47907806423285223243749109340777387
575.06209371862909254621053580186709615
576.44687684689455479568888067748792475
577.22300019347118147245463554233772050
578.25152297006104046176042785256189719
578.50947452149549047635730048774128387
580.07216177015288943552573181108220934
580.78399992385682455925824018426360724
581.71138732871486343834437283045100784
582.30322061754891122321468856182903767
583.51046875779831967812305713589856826
584.42565633741903750951522316768544393
585.25506417233901158593738501010417348
586.00143812436826766634599365003052856
587.01582496863079801755709875742400806
587.97051337598830353401351414915404119
588.82021524696299400384757957658019058
589.69874684895078147036705065512003873
590.61217004835757662277846638118422311
591.35663506168500720873802420605612380
592.44734366359542132868849660587816653
593.59399334765185063103398053657545371
593.88497038651517930100204394594784897
594.88317340401478067743030473517078293
596.32275847917197592080347176384418238
596.71455043969289044228437643282245259
597.74787205435933243847862964921100835
598.47525533778821337657762890073471332
599.56285027348069412005568813563900292
600.67948651863469645050881062295828130
601.21491135352888835442859765191600495
601.93642810036371877163769403187820394
603.31054710766339410393344678056341423
604.06169571142350165359520120535873866
604.67274535305548113254352229040408108
606.02925270794428733223539911691142828
606.36969277402359700380724831997793410
607.66829239317830121613329875385584231
608.43153290941757048335621737909656895
609.46335739455910213912873965544310216
609.99334426678124754433801796492791034
611.11191512875045112592227540882307734
612.16426323490580749558453837836268967
612.82460400498613300419010624694294044
613.90512890887730668157925555869672372
614.30780486142203093615821769898030281
615.83403080512416757449608185819080498
616.62682616557792298105098203307934799
617.00435575657387027055093303683172954
618.17970654351973909713540983368284226
619.21572207739920139881647760662629646
620.14803579580340736187680087190535052
620.73544776532216420455065392375198951
621.65506676721079479743723119020363540
622.82454136557489860512995762361814324
623.49237507436449529127234750949207496
624.44954204592358270743953415068597536
625.38147581013540638725423052845451835
626.00063146276997579535179454632478693
627.30099339756417719587800458648642641
627.89001142467800544300429586045567285
628.94860424108097634212604170473406590
629.67006215329409541226945782796491602
630.51617068932065467780039419442917545
631.68762032301517768600074092066758667
632.62447387499456344191783621578166443
632.98595162022049391408950392518916677
634.06806977480313507950788417208217144
635.32638198610604666803749800672757406
636.11114403024413220233441780292188453
636.45394911154768603621317046687088690
637.84698553567890676595190181489393280
638.52422777348851487615364348392868745
639.67468447825163973021839550247598569
640.34566450230349617802844118826855000
641.01185855543153031463684558150494475
642.31438156830521948519393162979850875
643.06215088843165782517445620227558242
643.79454247333088880146780148298693205
644.86185941803939803102871933549747342
645.64226816012294461955928272118223324
646.41430236158606932815739053661263350
647.70594883218808323277089783740666315
648.27182625896061947314358275328901841
649.02409947042220543158860785072508675
650.05083309251078436307331226423761638
651.17200488981581812684061331194946682
651.82881727374174647329461026597018375
652.67139277014459045204571065692243521
653.40043823263828070397414865016772220
654.81247237802563469624498178126609345
655.28697267072661408851373765287830665
656.29249872141379646692919719231597560
656.84479937628526973518137241081966927
658.32591609145872271612756273864056258
658.81200654874302372294388419581855601
659.75422992742590838244483498727120915
660.55435141728840271004816487088836055
661.60753914332482163161048091867786326
662.40803671387537298384366823438154257
663.30062585440968850242837255853963232
664.25715616076863377663254404341008151
664.89642473822597557712524738104564243
665.90775379792175324253097013633841084
666.94989560485592733032911533122899424
667.83586397697995029776244832019769894
668.24417110439717278079980039884601180
669.56635916918799011663784927569519792
670.24047127657179279026604449775635890
671.53732713103878707637382579228838419
671.90464723816652142518689791499501165
672.64170519306366184136601540814232408
674.24224338780541320428864699603131809
674.66665020573240390862796443683662833
675.41877640870511961852978777356233627
676.43746852422837530940406634591441517
677.38226863971471065456553755144117102
678.33539863795490894054318127095917079
679.00229758653153717311587445231737666
680.03954082711713657178911322013161188
680.68197201807056218494936015436065436
681.85973938968923012470941851430828279
682.67896657894685454314716325657482637
683.30914504402899943299197773170692311
684.63128627733763590993399967644100211
684.87292783427319485447518866355498908
686.25129741948496242035839282791071219
687.19301886246821485065404453047428214
687.65713846552085729143016454067308319
688.52064306144619201982053884992170589
689.96111227931801826894323972585229340
690.34833722389676959150587028823818576
691.49189485147212184052091833100707068
691.88483891774711338388209975622322314
693.26432973199157090877844402479264048
694.12996802294294352847426398668560704
694.72326144782093854826804651000688300
695.65983446059257495070317815015430661
696.55252402890830407520231089924423228
697.65020235228039644213328882988912529
698.30913963649242822995017450100420256
699.11901198226639410721421531928930596
700.13565424777870279115738134441006803
700.91569041502906693500106668154920395
701.89905274085639869867206619952342424
702.71091160734837383701894358473225895
703.70999296169390780430754848767289516
704.14392959677717863748738988354465311
705.45416558378963435236604603277812216
706.47618725292490221248310677804733385
706.82928810090506623221499441162491257
707.79955978956377167368737976576500263
708.91401140395733104348942577683887423
709.77410441827258798292145348368563486
710.61552970085782295065803310061210900
711.23004880068758980122993395726390700
712.22084187450510314356842673773132255
713.41289978415237394278051447019183414
714.18924868512449376206714783349341733
714.50387270419717790588134804164510987
715.91922551007087633550239244477361950
716.72874326548234965443865750023402654
717.36131045768521013275386116697103437
718.69155327763171719299897253641213409
718.98118375547590031017313009561255197
720.10159588626036203359599943064740919
721.08984877412139376553960661647228920
721.89629124439121661523839723974394961
722.74858666148962548883685114726420287
723.47369034500179835619458636549497202
724.44986361814180962376063804740179483
725.48715203137399149150025561063240541
726.34425433320384816764968076315614467
726.82854679647810855395126731499203442
727.83950696376407841518536515146214245
729.08633808297595460210129139672417556
729.81280705322623108414241344840666388
730.20955087459295022982198564241438991
731.46154045196172145111394501367954608
732.32151038482610231153958110172836388
733.30525095410620032054418425673448891
733.90342870041384614059436397690569706
734.78474994355512727039859933130214914
735.86112980466121588097929157754203733
736.59282582152614617039726095433621027
737.51017989959426885003914938987233219
738.48511770800532354617023090579002790
738.93251247752323772565450219310831705
740.35231772134800188353548509643235446
740.76750446641712257923081925204413696
741.98882090463524002562012233327945020
742.69408545844982361914763279331498207
743.22808443565516212725448910452277619
744.71033066092568927200514902782704086
745.31981993864548042243177843515070694
746.09696278462857712825702503819730172
746.73486397718488147638528300779508717
748.19055454970653325428587583201615121
748.67405345184934004742164497609381121
749.62762731576280615614250104369223471
750.33613729566312784473959438099696459
751.30782695888856440888108167450774914
752.35070248787262376712860663328265656
753.15768033866422191043692435256061319
753.70142306853731803244764977889402483
754.78587938637087685021572226845855164
755.93486315064029282790530995642526408
756.22270314246793828716705565923213561
757.59990113974232670664531167157849038
758.18769455355603734260940013632343746
758.92010774950503145517433446405147057
760.06382871710011988657052575524954049
761.09732465522581567916389549084572615
761.46734233797121298505284214260570857
762.52506461128768727483312269808872392
763.34040028092828099255865883400846735
764.58310363195835118697402865899283233
765.05401251214696877681047612966297807
765.93094979515570109866184133601315306
766.68857165411329468394318519269124275
768.16975119928316016689197125966026760
768.41324505879183006520291057137841991
769.39447017022960519888858100578610813
770.20001360815746073265260898416130576
771.29635858701341919378498480031482312
772.21485533989506205434377666401820905
772.66209324092848537623812561070317931
773.90072733824091109793399396323677154
774.49896597576496932622409123614544543
775.50349927303081943367379483775862614
776.46658565973946392689720676319053502
777.16019847725144919412717483880478789
778.03713225465483859214666459232844175
778.78672197725130565691087821506132255
780.04273879955274858238646097187924107
780.58684810623447397628279530972978748
781.48662591753594477131668500613480256
782.22006929447583356090028500105308833
783.25725354978305258910916322959486681
784.31745702050926372296785712375708313
785.13103286913683736106468589723976994
785.23141703622519509212985695470147910
786.96779771061281483846135654445960357
787.56837515901266259726762674243727580
788.24636608690162160515412326679224364
789.26505223741441446730292665057763112
790.01678397588018339047017581491628532
790.99637308202870210204149283548512470
792.00013271559049931167593553103950240
792.49586419814525540481082693032252725
793.51849891795709426846247895876765622
794.39726471760010953870651104919654127
795.27001531114578194950593337625368870
796.12918472549756550187592912934258024
797.01120475381853063102640714355159650
797.73121978703636972613301862967298032
798.52584047413894339477052778276796063
799.88174712488760188705687115535591482
800.40795357847623462572714080929806379
800.91437390598396784562498766844838183
802.16428918185601292123927888322662237
803.06274912390583835473287124068938044
803.89123819763861660847267913186106276
804.65445133157375850298103270944424441
805.25351570091380198632308063509046612
806.70587561448188141887684533960203428
807.13883991786507284626813046184640180
808.17454129676929010757482384360603324
808.75066629100711786047972128579189947
809.87700144357995474383177419795640236
810.73069822060768436511283981307398524
811.53396378279519606784208773456217194
812.29363380767723667629566942047054456
813.30726205524667070089992734578315458
813.96226043625181677422163480640731953
814.99693718589541198178214073525026267
815.91842146106068850427778987116535036
816.67797943662567252329542831179968455
817.18932249513750249403045800696944845
818.58051863332096757137955115669905665
819.26783513445385376878758155096281039
820.05374425999450959033617735992875961
820.76438050807136692169181833748254324
821.74693185147706830315885152986761707
822.79798195494665614796989176256344861
823.58762211874439398658424319380632691
824.15675597338437663917173228666432991
825.01594318105326593945770756452209906
826.40304039072551400660314585672920447
826.83109262312830964551543070196513849
827.55636319401940422499020462450484457
828.72240937253131328964469157638621249
829.37851555805349826554263024795168232
830.32668954991989244767196958677787168
831.21086160918244635163861020120762592
832.17682063912578946848810647892889657
832.51242530829078726417071508938551390
834.00811853668829571537563913698445709
834.38343807543832823508198165323756106
835.56571098473268521809277071736171648
836.31779584102328374895797530423635466
836.80813258060054993255939354198903791
838.17825603316039129737502358357809720
838.93785077285861558121184742195967384
839.66540180153144412403018110495529564
840.27653716143263413397363241522163981
841.42996372492076677652702149579534642
842.61593010463934258482142451297227355
842.84170380692391499361826383412093937
843.80360734288549307219634657335583111
844.85079674782856310696113494412338965
845.61564019056603652906470330715366770
846.75888673394947647308575203741169451
847.06118574018808571887280682705074344
848.20798220165698031309393424669766665
849.05392409179617441956955712949564245
849.86611421685326464443134657794775658
850.88907780597967991890920375071185061
851.46036410595610253647767489202282799
852.42823365015389499754163685396954239
853.23720905616653324457542268546841307
854.21162739644799223598817602513338742
855.09322565525700072760878826998542585
855.86132899148686893002596859497883207
856.31040807123919665294692917771604300
857.92582552309127969228198557446927917
858.40256696085520478976848611459536003
859.00875280070616894549041664872456230
860.06727502379981932734904549023487222
860.89972158028694599419526073065829841
862.00053032187052882633714931000202275
862.55504014578000932564916702178923176
863.37906820555813807015237096829352200
864.20858131166668465926813922063059744
865.44358604169604908814126205036480523
865.94712795574755573434090807830460860
866.75693080661071218539603084161888169
867.72510082761026393988602701200785620
868.66850087390791562959427764688863231
869.21152181927727193619797812491617883
870.52787917287545774869112054701843278
871.05403999165498429570293473683732415
871.71429599298136108108942270269996772
872.88451982936633282977375027359769762
873.73242343350947291764308538801797606
874.56573333851318164621331078595925023
875.18627930554783954984242806574092820
876.09857650571429616862770135545634306
877.08825191628175644004706535402627095
878.20522913981929258165769469260177244
878.50266782740900778633479902890286995
879.33588321905439605513827259023000811
880.59998228302901449275897363672639194
881.33825455511586634838255840424681506
882.08498266558754623646516538937158223
882.82412454522768897381679391017297549
883.76276943479530573539305317091472783
884.87971700671944710705083933166667952
885.30864663226329500239862679509871410
886.42106405339717615399155982897436524
887.13350213795273257218654746799123851
887.93600457341091421998446841161437660
888.91965981125195742335701267908737080
889.87369505314348173576187647253255522
890.43130267623862156817824032689922879
891.37097126260066547575954727556325952
892.16116425747415708619803807217349808
893.26445795397080820134544564709224404
893.97780541461712522191441917080666680
894.74231902782531650254425714365241545
895.36239769706257107847406705328359781
896.69713535951509373281029719398333145
897.44053231114312753294146383836351644
898.09046892343228866519770957661481669
898.68976440341687699157136793835885015
900.32085899197921126053346503063483693
900.41196546719876935016248844183475925
901.54160462884465088031086690810557604
902.48881112407862101103839983989945826
902.94282453119641105546730783527693526
904.21560014262451078774215056129171029
905.10721728605416352737558853160317706
905.42653487375077965664298063315259888
906.87774507134957659244184336340334049
907.14818261596329566439476547728342208
908.33699313572219914299375571042580571
909.15588969800821636751252284432138120
910.11675974490352712844159771522144363
910.57847105482192079364611274449947378
911.50160993158991577205191020138689003
912.95448305222020036391826339204627298
913.10934664519031969963521182054319616
914.09637244217432910818003017846642607
914.85901160703447940489259470479374488
916.01215881713270642738190253673541348
916.73331565923063789560479925828270961
917.64957995829295870952097509145589594
918.05738974159529069816391877835923269
919.26661376831371204510085686672475827
920.34663885866202125073333436456447536
920.67764261429151349295831522620932601
921.77980829678939427513872833425629887
922.45479771093621503139497929493643338
923.52960735975483563687029848668082286
924.25730504950995275231327222717241492
925.07527487931775028442063900771854092
926.00710790203628874572897904801145172
926.68612592911715009524064432142458167
927.51472891861253803571150580657418245
928.76812628832902866195419174663964777
929.23014962600776593808208377087127827
929.96873115976834689187412054157918959
930.92510771504450717545923930942193539
931.99455127265886157782898396451066492
932.68574561582169887015163714931001428
933.48645816702079341481169004790960796
934.15363663296136084014418889542695137
935.16534772613250771633584098288431337
936.38802789942488030150062614828393897
936.74714582972644760508629483973470656
937.37827737651090938019613476135736522
938.73441015568423891330169751513609294
939.33704460519486686963151255850130744
940.31504307033906095123288088370748616
940.86730193897820743398156484589264286
942.13335819786534452797297454536935525
942.41820366068772126897687543620827955
943.73474153487186711365178250581686555
944.44292344376507992958050362065814462
945.16504987416044882372954317005566018
945.99360816876724870621462321364138135
947.00489543200213533818753872360772690
947.64616260982863212195433511447692124
948.95026495976753091064544937042774016
949.22695319262865161065941705255077326
949.97609628494429616363252291124063702
951.38991053340412970258860630103229633
951.97179975631684190976620320561872961
952.75572241711455375111396416219901059
953.40484257636406752966112495832675749
954.46824870149582206398518847291359587
955.57737725881955933459043893544984684
955.97310572864248737850777126275454171
956.89876966363071623471239287079886513
957.72047122936382458733161408332729360
958.76486042822536148341628559407983779
959.43151665915773091714172578135779796
960.44835204146946772996175944799038397
960.89882336236381383546521663919406069
962.11506921979444321336445926290112670
962.72919665429448670015893139827010016
963.68936486517063720088317308888658794
964.65789547363881963346285649851450869
965.09180864500260401503278521189745718
966.16473819334616291411991314404399316
966.95888470759635001855203214587845660
968.09624634900811987370272901984383032
968.65949990713289974720928706141466519
969.10625016492898469296620651189264372
970.51750122973319870244682124019954488
971.43919180625986195470359189885147570
971.72390114752675307422852593646065226
972.93789258884717781460318657397329002
973.44854469683548119734854759685490869
974.65705883681277963075104994946386759
975.56482026791458876308996752654944132
975.94112534336744861626809714139482250
976.89770090846964696489696513712905788
977.95679732374044354748137667032071453
978.81602087214502337602219067655803090
979.30508424305158332557282348382285890
980.51013675987048413939493747167276151
981.08743380016733219912667956987343405
981.90063075924237616093919374430135958
982.98137393238540679769944461539198163
983.79816401219507690294399055614358615
984.38129691214164547449619226384075688
985.21570254820027037443489024689489788
986.29533911357012860080563349462553592
987.06159570848504996549793761317349889
987.93002125254671725782798260301074762
988.54971158406393068420564705897667773
989.32239106704415103103124643378026104
990.69345449342731760855644173861805988
991.17437306307297599382987165885123978
991.84478623354354524033499477396696924
992.72098777565796406776247339667637967
993.82077615648566896132296861607119559
994.61706564241118726466338254027879584
995.22427868137639754655630183169530467
996.15800001666166362021690561165965987
996.93873016246717149350365292516847808
997.96789638261936324887462443242151001
998.60485052017803250746860867434370781
999.54145366568812120376736342901299893
1000.3764522862546437706225944221749937
1000.9506909898794324963889665939485617
1002.1520420688083059281702770792240525
1002.8926572571189626103403703055994904
1003.5657232252988741454132836020579329
1004.5731064055379027586294739328376579
1005.0665319194529091515090538000288855
1006.3630715174085069853047944733177179
1007.1767348208247863302565501144540227
1007.5911047807140859700712149271017602
1008.4442950069598228522870546600030554
1009.6851269387368181170223036904142753
1010.4150673405625181250041802016204547
1011.0760723736836606631950265845782679
1011.7481880864331296795899482075293492
1012.9909483776288868838701805607964452
1013.5363223435084313617547516405118064
1014.5408358001970895341102477136381153
1015.4067923789556398965871925353246671
1015.7842470319616141170510485471280644
1017.1789859276535954057125531244096030
1017.7379369179721745457222517237903943
1018.5515586112014112852132399303988478
1019.4727624175721427915538611348208616
1020.4094876884896404189917550619157535
1020.7337069205852632973072019101362421
1022.3325122140767468110553778634473734
1022.6314236906558214256931909465360359
1023.5194429923397395748192211851677711
1024.2425306388110940177366349531524424
1025.3536419359509939157178010779002457
1026.2551305961716451971358844475469224
1026.8250271395209316819138896245122674
1027.5436902375084146196730558894939872
1028.5735874123775547778250669266719018
1029.4734134641292876472240343303393145
1030.4851874996504918816524942369742993
1030.7193568684401790019595278987833538
1031.7796638063800723477527636809511819
1032.8684662368888992258422011567612338
1033.5643989376247321133823874235395318
1034.2442300372261398097090967104842893
1035.2779501127473040120652115176300344
1035.8372239012949554874106197360437158
1037.0418792358847914821206085811608314
1037.4932254564379653184997418793381402
1038.6864948376191149892529088834967205
1039.2651055197028166074256632928558849
1039.9241659849191375423852677962326106
1041.1292014559561294838394066189733879
1041.8766967890395519895548512747383391
1042.7005124044193316546134690037394092
1043.1923831077517771272312795576941533
1044.3305971910825947921664368895353887
1045.1855134634804352945734752758264024
1046.0250077094825798149538144214185925
1046.9031973686012072893937953865872249
1047.1231163329312107592995957181678902
1048.7024580435566343976497575997007188
1049.3451818715658178530387595787531897
1049.9390345910056671107616764526418632
1050.7476625026513333418697542653764984
1051.9158894136423201303456876057844486
1052.4211255416301574398313477853660478
1053.4793514379364117383951062026576415
1054.1875620281219415195352762213512756
1054.9760275441831207255320941097848493
1055.7600894942033264294706341956801166
1056.8260692568667948994575200254163874
1057.4855084552210049579462517680340450
1058.3177422508267006606276099984963708
1059.1659968446124855448567349689937397
1059.8240634253029145566449974595982865
1060.8970841205150674667066477705445672
1061.8446550143860064261578326071313080
1062.4105741268376540879673376751002167
1062.9181352157603524392720125546299082
1064.3555414871270088009398499718024110
1065.0638007679775640946906649519237329
1065.5936997235103931491391543094632802
1066.5947830389909200881738175516598783
1067.2250593094379346848542001170389434
1068.4662835914824792681726645155900850
1069.1574784330171726213228357616985270
1069.6061177622961138919740542466571415
1070.8534561152981637402629531536193167
1071.3429840405647438020990894060577284
1072.6003676807139277296370170958503325
1073.0538374494937111181348419054354456
1073.9803987761947263862297486557164667
1074.8020982477482073582361580241808477
1075.6521429984525753887718445610447537
1076.4041719353130944232745792602788485
1077.5763739806605661619286070681220907
1077.9463939356896297087748283977568121
1078.8237505970149593299424441364827667
1079.7120518360885412134703108771396669
1080.9055316082986073017141384215833369
1081.3553066273488179518451222044984392
1082.0304656497935902165054345691648657
1082.9683975493411637398307198392337619
1084.2300773875321087968955788808291447
1084.5081093672591321099808137134145572
1085.6622327760697637424003506300425114
1086.1173331007734507148833345966318782
1087.1142436774969557304213812745299581
1088.3874253069448389435574556362119171
1088.6643366630656393229297000351286815
1089.4099805578374690487356069754859260
1090.6067975463948640762755998400975371
1091.2804569430435533585220766731295400
1092.0145917304060435856095804683571110
1093.0770080680365386550268300996572687
1093.7317983219912369360825375108263464
1094.4055583527536195038694082249387569
1095.4134177682218732617477211577036104
1096.3520668392740255389883826773517451
1097.0795589153374548262446032023132741
1097.7007421874483459400147782066554034
1098.6574458723451116173742485571745188
1099.4717279018668130267712941400516815
1100.5393992671220303047118432188553760
1101.2357849155247018968224289921411041
1101.5936671028767443027160713476631646
1102.8144409338932389437125436649478168
1103.8413825778451785960944096818496230
1104.4455063969208292192972774549163393
1105.0531375878403913557882910239835287
1106.0033681844418707941895710698165812
1107.0707260388486135374148714288757283
1107.6384734117610791633402120447099887
1108.6305219457480565236715556100022553
1109.1981922445095127834908048521034149
1110.1870502647490458421659803058747400
1111.0180763215275932758949691388270488
1111.8086074218923812033314294535919499
1112.7159111372442177503125739458466486
1113.4159155904474818468243025707275119
1114.1086602187753420043188323707916468
1115.2153510078322570588838566373858302
1115.9492855520074211941776501352278372
1116.7325132034233372383318178969116721
1117.6601182481531030722331938457070668
1117.9893150099789651079830189188831285
1119.5159341502527707865009942429066226
1120.0969991505186086095671062850329028
1120.6689539828607796182093765479368987
1121.4377446017597478274016961623953690
1122.6716271157432796463934758775346463
1123.3484748192107036085889135324859495
1124.0226537525923471418490358626241442
1124.9812891669250538214571244895311598
1125.5212801741300366989907066898429154
1126.8408020538119240046850039031113385
1127.2351129499832285514615011484107985
1128.4096925241380515337860594351491161
1128.7159295708852146527933846174655624
1129.9173203484122885068133281985817568
1130.7939651516849341728131341529963862
1131.2461261011105821972370846974133269
1132.5851568933599655308881099683817254
1133.0435227293176597334570454656956992
1133.5998098498806865497194889737637600
1135.0217427198818368235052172870458776
1135.6246684010650180403823609398406684
1136.2792712221353594662170007896334365
1137.1158612045707203297007476454658925
1137.9433873353199745124415007889605978
1139.0203174864610604435993026908370596
1139.7730495841401340961078130063608854
1140.2743938423375544963686562333910169
1141.1664199358049364380475851480520298
1142.1987888863823911895466590635795558
1143.0959450066006331158566208978256847
1143.6984707101129549137828653433908213
1144.3333356756129119771740889410278330
1145.5058090808716063970693043056845783
1146.1576549673915933748136406612295828
1147.1337304855897503902241934529106534
1147.6627263175399894929019501781460703
1148.8196282708598974236099364829018600
1149.2309420384164733054576033524530931
1150.3553251131214731534266110930309580
1151.1373592270232757392181381722449157
1151.9748456652889536068726367506240964
1152.6358060730521130420966783411909370
1153.3498232622919944371109547943463483
1154.6869643530180409233040429018544963
1155.0513572386131600660375514863107979
1156.0519345390468646106054553759166581
1156.6164463611540682249455834751312392
1157.5752397560656513796533207817753678
1158.6329374990386481185564844119711337
1159.5312373775282117730512161223935619
1159.6442938877201959954429152233755106
1160.7837301558758656828888437145556655
1161.9981439269476791471027470803786530
1162.4856103388871481791083406295760530
1163.1635047528708597300565015249938574
1164.2402727133125282424513857376538651
1164.8764493836318625470756009112606918
1165.7541945897022840721966042520458984
1166.7751212541349780168405588712909787
1167.3311226339794053054814278442499802
1168.0856270084249267971234625170340168
1169.1686310368877512814110431936902758
1169.7182901318542479376038281953987259
1170.8051462063209884325084653769721237
1171.5071606237821988339952877882460069
1172.2126538747116621139051135315986782
1172.9374536840468460202103023551621752
1174.0782745960241227870150901221247397
1174.9912639714665314383155920122511647
1175.3698651474407259797410605410467231
1176.0824240203527645249865391903503142
1177.5362656283088851882509013752526719
1177.8380310090290681463070285440171203
1178.9851970960064047613100157759411233
1179.4145706177346956752509921819680808
1180.3382290818786854033794602333469021
1181.3850490529855105975757683037390866
1182.2622741063165370609285208707495821
1182.6125012925218103637077021274239300
1183.7702392576838893207228304800796403
1184.3989522908409959139915644966700420
1185.4166025703837984160020745406097134
1186.1315389839545535515670648860662605
1186.9522666614989627969898649792707457
1187.7033491384107747260916456404119487
1188.5925513766971111667907179924693308
1189.2501674652162564619696224164564097
1190.4394197900861344588008848296430740
1191.1597305802622769228081550756978276
1191.4124016346652109995363396615735389
1192.6823927903190492912028413083437026
1193.5644714740028337161552654806372108
1194.4023399933833405379994538552717393
1194.9095696175519391837544388449641735
1195.7520128606479672631255828423764963
1196.7559724820734588929431549649932380
1197.6863050716117563983730068542067419
1198.2643147678154553641142457763143269
1199.1298206924148669227477699206655963
1199.6861364108963461338711090247771260
1201.1533586239710166194138122828871153
1201.5007364020074548033598058136667494
1202.1466799823704984804949755160411366
1203.4196236762346995359281413937837779
1203.8527513310301752405793036567514287
1204.7692813495173190374066825861501044
1205.7588054852403486990243430555437586
1206.5042110044909003447126606635657951
1207.1150991712110360045138467862788197
1207.9607792242414080730696176904957020
1209.0618808115814551319452234629389100
1209.6177869054140803967083629805735661
1210.6340292708771021853848489057968980
1211.1787440035540087133297725635923855
1211.9154221177454064477495891543083002
1213.2852326212567868735769299032309565
1213.6707477844109408162362779854663623
1214.6092144248277099723059241191892288
1215.0115988808371805344317948967669478
1216.4142715730666058098896481173950402
1217.0305916890363818055825485156997376
1217.7813361717397649536494981319350433
1218.4749532681044035050583912313315291
1219.4038250511984316696989038303439176
1220.3045630106117363981874058032698840
1221.0565321752544512558801072092892582
1221.8589789672059790431858201385285981
1222.5917379082938943806220955942356944
1223.4393530867463023192230126418432348
1224.2985406760490280791110420515924455
1225.1101610939086088991568706457509828
1226.0077460543338312820694051279509154
1226.5818504405328318047059870607901522
1227.4659447333626547553245321406602191
1228.2843480537023384431355986005535366
1229.4552047840535346875497708785877503
1229.7587280994204095923594817864561331
1230.8314819299536777310976587248892383
1231.2121399600138729350846940223481247
1232.8221054747799886626917155829680916
1233.2228098349811446049440069654326382
1233.6478222098403269562127967304874270
1234.8480914443181286864203117360220414
1235.6150598061971641120303652954018712
1236.4571827189116217036313358893181137
1237.4406673316206686113958990826775770
1237.7805515661169621678896676220709161
1238.7812675686165535052971375768176969
1239.7763627433897572043251006108102026
1240.5216794892093893746110291968419173
1241.1915784129995467199684794388476450
1242.0639166185388990007987346486159714
1242.9258727595269896813175397975728370
1243.6230982738542616887721370974256264
1244.4943950682200628798642891298400161
1245.5765540981453136973254979489091486
1246.0277816246987440221004287188498923
1246.6183871781761883085038228521709800
1247.9918039879655348064374392056056352
1248.5862534763039632984270193831174999
1249.2965499224111059221994940255931276
1250.1620856947265348514745406778922565
1250.7709491939294848725604296860970064
1251.9359898613264258381770196732019505
1252.7626289802958695454772737457846413
1253.3191506322524613322220200704251403
1253.9119621029737724118836374313773544
1255.2308974161567176633813451983510872
1255.7745990119494567852805970865029844
1256.7727861186707354391106700158753970
1257.2242467492157769803942621934451962
1258.2013155413909991793187098451795507
1259.2045443939819779332981922746022937
1259.7181388106378953503140652502818513
1260.7643018549197844066749660884950488
1261.4606150915779395748847080877118470
1262.1769150991966160542342408991385781
1263.0265120798101254338913857824639395
1264.0005248072566174275124167125113066
1264.7402463806807868362862298135446711
1265.5394193095449860017114084673848675
1266.0350746917540955462393496486143786
1267.2518576940889235514451676082125056
1267.9298298798905419481333731443099159
1268.9027626761573891084624359470578028
1269.3711337391006730508593494625037849
1270.1179069795475587391838702401357809
1271.3368263691018359978419764841335667
1272.1717247376361635348322088342744049
1272.5738615751862857141910766144246700
1273.3665571430912992587574996637643852
1274.4823690796753696940343859019094217
1275.3114078505096763695080983409178786
1275.8227550558514442780419085180223902
1276.8940355919050582745685954050740749
1277.5214224560411155971230168177799876
1278.2491419910380114312147242036520323
1279.4767396920248815868667185718314815
1279.8989349292233508850437162026106175
1280.7376835351350040780909862718679019
1281.7260980152519640679008372838997999
1282.2675470681276138912930574901602706
1283.2244880861237443419855149626035888
1284.2377406514296569780785262367904363
1284.8803739868929167771168461555774504
1285.3454692962405506243626508530675349
1286.4214156497368723575832450095469532
1287.6046255069857951562379845628255312
1287.9349757997732555668778835011396637
1288.7809458874094681730003128486180627
1289.5021629051689012755569982231787615
1290.6198411430995178039668073179238805
1291.3711022598979704032644663257652349
1292.0163036195909752628198485356955153
1292.8785544941591140495648930942345952
1293.4791980680583618737927989957459399
1294.7988461053026706230819837296886806
1295.2495530862538317801221939836900280
1295.9343538963278527166363244520430479
1297.0895868615626487647243540053119873
1297.5046700053042755337758079278397478
1298.5771439273898014619825362476980324
1299.4139999802813306085355927851590359
1300.0115596592780171771336591107917347
1301.1537338381429413410676695995341861
1301.3972379321601785875905924321229129
1302.5624934811214857310050737974671807
1303.5677973174153228010907256775801947
1304.2425968915832637413812316768667092
1304.5321814779619694931327538048332978
1305.8757942472770171916124027968963977
1306.5388873355201124008942377264783590
1307.5494758255336112235837165318961019
1308.0484434203251951876368447426487839
1308.7770967876213752674650291253736780
1309.7773700269618848646218154243197908
1310.7388841015629432059317005147726641
1311.5187955257707782000873850872241216
1311.8431816958419651463864638220349925
1312.9652925189202363087905179948959835
1313.9251584801938075811296134531833033
1314.5716494165769704252872076569418314
1315.2676951013954941179232271636156071
1316.3535194640532442954210351320330890
1316.8488326421513483073818333868203569
1317.6792192532445131474976665611658409
1318.7703155960896902100970731744844812
1319.5421480227133976269320686575489880
1319.8869976368277491106204279740142875
1321.2303529959613723698696020522046682
1321.5041543200794786188355103756838598
1322.8867740639473026319608356491987100
1323.3315689137453634982214270247416084
1324.3266392092921955786787473565384712
1324.5935095347264090506491230236004707
1326.0590052811805044402388671546939652
1326.7576964358682823634203741892512483
1327.2934832043277913626861235985145643
1328.0419042029393092945870739343309112
1329.0244659466965762837460179718946104
1330.0203883625144519174069041446156029
1330.5286639289002819023826358217894797
1331.4650673312332001431209068378479352
1332.0448544747085305358702365287005029
1333.1067759869337632348989589614132132
1333.8635830450566837425149802829469317
1334.5813875245116647739912835529068361
1335.5746303558379746864825833062544645
1335.9918975032815359304490121228770628
1337.1225041132903269318217129267262066
1337.7779085937207435320796881785756351
1338.6802721101511510996148707407183171
1339.6544179762130093327979816622062718
1339.9089962565752564420586312780912185
1340.9899639814911620010148905908347350
1341.9595989808962392370611805366669124
1342.7364046380966210040748590717865488
1343.5230116287092186194459255360253216
1343.8162542225346550497506875688093353
1345.1821538295773085532626719422562826
1346.1419160687169461918369907585193963
1346.3900346937522046920829266664214633
1347.3764305010565815915098113985895682
1348.2261795653303513255481450365977705
1348.9818699812494653331290508950422521
1350.0464311834198534493611701032179997
1350.6462795025118719338268364745500355
1351.1747722687887654269069375109048138
1352.2859946574077607216396272609668140
1353.2777995527531480988075962784879660
1353.5624354770546208685310474965215078
1354.7748997660460734066261841253346586
1355.4378005378389454171026769359094889
1356.0899155702301689129756279197228067
1356.9836460324278398403542624307135353
1358.0462947210481068863586872988138890
1358.6149726785414497961280941216790815
1359.3755539466572033834078139019048385
1359.9832713354554296190434832767535498
1361.4411891736259756143334563880695281
1361.6027405621238184675259400353224112
1362.7319174564638913940616866952944881
1363.3545438965654204915218295419976489
1363.9564878713649759867836072455198351
1365.4113362039445587476212028605306759
1365.8178956288093622542649359597275427
1366.4212269030195611089384395868212026
1367.3224761341798632409389697494428278
1368.3439725244287437028806142187490285
1368.9940017346305417101030881748290284
1369.9770871573915663611499731022229672
1370.3686903598948730993028771098802214
1371.5310000273487754822718305822248610
1372.0890427038830237088980189641244310
1373.0941508728719830947949881493314300
1373.7851600197041755205744893323860727
1374.7244847893009605338466669665906004
1375.2231536335207662314500664108492184
1376.1222738127342011649605945329898983
1377.1849277100846447876170680506491193
1377.7751140943427242548850078936740651
1378.6246576638874952515421566659974447
1379.2303700092826763582668760145338063
1380.1119548125178480049394999894688888
1381.2377375093642444751600666412066563
1381.7928896551947282203580780042828336
1382.5321264494109765768653592027740854
1383.0835287937101155281566331417297120
1384.4407215573656334020783968660192699
1385.0592717440293658300531230722097433
1385.6590746186319184080483370939125712
1386.4317616067405091875707073123641420
1387.4800066533825624161668704450725493
1388.0879584134545603709091455210176108
1389.0479994159603252666094542509949164
1389.7892506263138341414640337211442585
1390.4503068368799034530011404941825502
1391.2615937369782672855379769186138482
1392.3368094491069392607467234215782031
1392.8385128592162405739804436107274809
1393.7605533380906517139368086229908706
1394.6174781678333367803472013016209966
1395.1937849924586275123037367516163892
1395.9978568238566613396443996712461672
1397.3254133710417216744989041441829547
1397.7264556278186298503771773109918191
1398.1416098492447939914280301669606773
1399.3846203828338370277669784932761252
1400.1360786753268377966327944719561592
1401.1125283453120016937141536145600155
1401.6151264803613681245897427899844384
1402.2902869053429950550093243838457342
1403.3494183023300291553761323542425822
1404.1776973537174464474592012154552589
1405.0004866601390528401969987534546726
1405.5534652431507115041855527989506484
1406.3549504592331761300531458052465874
1407.3427889313918539359089225304520258
1408.2651009146028818298549856093826922
1408.6555362868644433612964437432420493
1409.7495103018853512194352544640537995
1410.4462566999105732478719923293020860
1411.1038879074995227582970656182393667
1412.2104914425111287256595988881510649
1412.7877247530851251853227695028506200
1413.7760364513815846606224633756223288
1414.2732767668797794131741829566618517
1415.0705606214976539160987874571679374
1416.2911027272277174643078977174717261
1416.8597648439858312687156874452131271
1417.5155212154642761678898668683095727
1418.2165952176483523243144416858459864
1419.3612187636697148258659827906990465
1419.9548596486810111408406628406094482
1421.0341354547238182347541580188188777
1421.4413722529396959524498212368925543
1422.0849345052893773556766831254814127
1423.5270163112898035559320137347627398
1423.9582982025061425570730306843742018
1424.6355199049917722917936144348729734
1425.5400218195452273350745740710151694
1426.3202824283777163090610744467488019
1427.2869088556078835374357119357509435
1427.7983238013742664236467182633750191
1428.8752757622765595944951389317110946
1429.5750358714466113027675204265768423
1430.0601478021607869137153698182193903
1431.2585136223422400058248042354017341
1431.9618788665525464827911287386974882
1432.6932331846680732866701242050430899
1433.4995586519305127342396766129062434
1434.2216508443315330599652178434116267
1434.9633638385820878856540088174916390
1436.2209287888003765292904866998977151
1436.6784238065982011261319074612304422
1437.2276976391034355310711341777104137
1438.1342411940114592257913591035650447
1439.3022690055218994734046122266273013
1440.0181727487581734927166613352554789
1440.3539036082755300257575369923744910
1441.5180912695119028927183371001253607
1442.0566346408354597383794289485768981
1443.3027969369460945235034874051023833
1443.7134748828265652222898163538059191
1444.5980422133486712915146165022527908
1445.3013058323759923108904376330886094
1446.2663268834160566902206978442415168
1446.9420697610798548661080944606925462
1447.9189987026929658936236178126509655
1448.4683754678685390058034458114179147
1449.4154776957935164285989969657874574
1450.0283775167221130804171469543385319
1451.0012836421578116548711148304133090
1451.8140054422357415682820725704098341
1452.6588185734746664953927188320555041
1453.1732570006715858882179294638883969
1453.9094882669016260340603031838710755
1455.3027960440136124335061853742714076
1455.6101431594504971263243946297805037
1456.5240726610068922863264011047611978
1457.0305434523897261695358425943044765
1458.1606558208338115564122762297330944
1459.0488237444056616939095389597535703
1459.6352137610665841202956081045327459
1460.3678264660986551073014689936666037
1461.2346609333436556669717481126440855
1461.9421167659722827696329746788972524
1463.1604981728607482726167923128666047
1463.5484811391241465250167045152072501
1464.1686856058238267531043692382198317
1465.3836318395488034202380633064989496
1466.0151844870273603674418757101314668
1466.6073411184168200950410063615468884
1467.8557791979300667415896542851976874
1468.3552303368662937356683434038913962
1468.9378841903390377650789520119504626
1469.9709205276781705152243747757047140
1470.8792358822505193126453044670487673
1471.6054581867885453592730653640510700
1472.2917649849644272583473349183794100
1472.9413842374614945912293082017739235
1473.9572553796879144520874528594572839
1474.8342699868606241689815650230312508
1475.5504062315003667103062585253438813
1476.3094202966202384940369567298025679
1476.7256621024403342417088638248783405
1478.1496270250310318942547375708622661
1478.7245828364655035105720409566634812
1479.3968297412156405529591033032589343
1480.0567085745349381556770960469895918
1481.1546654020815633399491619279573219
1481.7890076074777392554398342499484438
1482.6470378699672602874324367062292092
1483.5119930701614461626411985257193746
1483.9946025656582334279251551192885100
1485.1042939940370170494352462307972397
1485.6588364224351451165217878516865951
1486.6221323282118007818995963626935279
1487.5483861371508385275431963894755031
1487.9561295243696933106096363266784352
1488.8593880995325892204849219008955368
1489.7392858233789738532441687195413848
1490.6600424622748073406753380930435140
1491.2891107789087215998888153194888376
1492.2023859531127444189156280690738993
1492.5117721660506655255690279389789225
1493.8818393603286303953870585675741123
1494.5714057946477884011243933940797413
1495.4113094074433642100311631380427739
1495.6176176699318881687214262912318579
1496.9063773019222987427994194087596127
1497.8068235659013921981543898856212546
1498.3748208865170533443927780225783477
1499.0918523609624891522760216825830030
1500.1648845300880387280946974962160936
1500.4922357369939412273684022835952364
1501.8738033760953971957127391130612490
1502.2271172305823851928700061291349985
1503.1609896434999820911643312783382861
1503.8803466245042319334845266689626071
1504.6844733642958029338722879723232982
1505.6592750051019303630472213201651319
1506.1314150900445496266300879770324317
1507.4170231321278348494018970378342990
1507.7489326083053079826238509062731678
1508.3548991260376560727681656609943337
1509.6901908630372748906439693257350343
1510.4208298943292012122964922065403569
1510.9119482116437230399948288226329042
1511.6480711026125778832876019718232471
1512.6536124253264896404984117793919866
1513.4593646736823270393493855267499875
1514.3064634492742558561227582597335046
1515.0436323317316834346260133282083228
1515.4256795338328518817697899441476084
1516.6903812970078790892509318990019368
1517.4362834717546099555758354621525687
1518.1667373479344491740093587551735185
1518.7926634774022437876078891694991748
1519.6799866536890347365059200351498898
1520.5133708335826583839363914992352753
1521.4051136741382605154878417415984558
1521.9428257549039337579473015964440738
1522.9720680282293798514668358097102605
1523.6295112467587087695223375813580215
1524.2468452178402306565203818762638448
1525.3522252598065658724871931585960986
1526.1384574241748820322819312952650069
1526.6991919640415064802279554320186431
1527.6033846200023418797904184278638703
1528.1373819911924574786358502778094655
1529.4431330675644992875607929335765107
1530.0651596034968925754077589401942608
1530.4789936395940263297332482916044538
1531.5730463398394779435953561324121816
1532.1509754873953609563427808872151152
1533.3127820258239293218892290509125654
1534.0724011530331736539943507429884292
1534.4078188494529364374707135260364923
1535.2765269386223929843102034012640067
1536.5706141973330782430098848568024645
1536.9647392626787389693450238916167161
1537.7174528915403536345269568386593028
1538.6495387044611735009721462194882260
1539.4026081090769057022003176931792891
1540.0500099561813708311523526885660863
1541.1196246396055492450690300877795214
1541.7441559884428808712724496718770246
1542.5808310029298531740881417487818977
1543.1396214620007550912211570917098921
1544.2145766216809006966905481926575353
1544.8496990656774260849204219073233064
1545.8165594429458494809756560618409262
1546.4947469678102029926511079016985486
1547.0943234222550095841553080626297264
1547.9120028375268174390157837271386011
1549.1411036699184778894649793660744262
1549.7806308162333420157109241942211778
1550.0533195939054802211807890815198742
1551.0907736866469884679532868320744825
1552.1614698992132323858115966540282558
1552.7767895317626726848205351414314708
1553.5732664450982897207361998827219417
1554.2380369584487082310726462931701809
1555.0186880496515633277562414417928536
1556.0094696095177229587470939162912232
1556.7845578642582770004173847056507672
1557.3947934851187835362260012835985231
1558.2418152031002182708409394965878541
1558.9867774352845874287192127151940133
1559.9406398241901380117553025794813502
1560.4891573397260012239676853470320699
1561.7540728826586606875193209978955330
1561.8897535706119499844221159074302142
1562.9921754118506926618876984385144102
1563.6593754990576942194156740407867044
1564.6218358185258479054395425240403246
1565.5685098204992648556424467117812768
1566.0026706169172928626692816348721768
1566.5853213026381371864287296213208334
1567.8791345503180799612822550692834845
1568.6298976561322560839971156904602569
1569.1320563654301139142552523301486551
1570.0620178835471561097858381497127276
1570.5964344081868973398755514589945403
1571.8419620274176447313480169231140975
1572.3563334387872839994551357904340877
1573.3083238032582391937368081753339897
1573.7246088350606128216205697000911440
1574.7201458874493077865080901760218124
1575.6445013195610095039470260214571813
1576.4848287146966866907459262130865409
1576.8377321657201179392574598759238832
1577.9533246849759185805037389252057486
1578.8738566481883471313802227896031349
1579.0828329624095713673456210546018633
1580.4684225756692824672416790346830797
1581.0980100170820213657936370599491466
1581.7033279325132641082418417533798973
1582.3885686102780202033796244174617582
1583.5842728801532531993024324841241676
1584.1015477426895846643902127915799634
1585.0120142766503553774688246061451650
1585.8832203757306394152440072714259477
1586.0797600748183572632457828320241222
1587.4539811673057336539833286415734370
1588.3186613026338681065045919078871129
1588.7088747855237276132140130386397974
1589.5933218891227914456198100853254117
1590.2216824843814342358952148699661489
1591.6519975955706619486249680494941069
1591.8429016077074213913643830914675740
1592.6244211666198452585749517533234469
1593.6853438997100622281468427137984170
1594.1839650608545385056590952513161375
1595.2391510738670315726610332313847230
1595.9114413236950232341869437378638808
1596.7416404484221835632632843420064159
1597.3702150716990620284903410455176026
1598.3177367468388080339789493536932499
1598.9149225493159896347591229470918765
1600.0038698332762162069633051129990811
1600.6256917459983222384251081834505579
1601.3323159760730318928835741162776399
1602.0415312165977664766354865819885849
1602.9945370874093920685845310364697090
1603.8440862857379897646916139251695284
1604.7279899952171318866144878359514815
1605.0516757602272392222489468486698608
1605.9120665769481590893429867998749640
1607.0548833810254156531106567202358699
1607.9135550304969591474781405270015622
1608.2308484989477302201804007956619464
1609.0191864499364111376745513251560144
1610.2279787368702707661089508131907485
1610.6312177418058049953964813968229433
1611.7664739894544362779081521183954840
1612.2481927381660407696335859328693801
1613.0632546717063875876593021467814472
1613.8617259642953451512825896557729190
1614.7782253655142635732304943783323852
1615.6346293861842557661332266078117809
1616.0120659836516926649770790420787388
1617.2948096417957705062663695582772107
1617.6039747781195803545810602308444897
1618.5470666066353152429910808368192353
1619.5099547372573223946540036346654049
1620.3416463581815487089186067834242546
1620.8050467319778305940313738678055960
1621.4850866609881306059814957561904901
1622.7058444692047467078653641607890517
1623.4812611577615474953743092045783597
1623.9237457488221953248674601310362169
1624.7919552493788660960289260786431087
1625.5751036129677559626310646126003869
1626.4448567228778615465172720626072324
1627.4270240288683758631490694774098785
1628.0235177275045043369723696567222647
1628.4041160566420131839655937687881773
1629.6464267401700753854593330011991215
1630.5243274257821468885330739135507981
1630.9454403684545484220294122270014585
1631.9926603110548587717101922253986332
1632.5407234821632850125146458593962564
1633.4292611255906796649157166174650852
1634.4109610262988300064578546160286229
1634.8055529041036245856743899082549155
1636.1175312863130235758180371333406457
1636.3661241257680974743662742562541672
1637.2211975660675374867143214740276221
1638.1740438849886883112648914246205704
1639.0960818067710006565833952239766602
1639.6576470995890918764216532748507517
1640.4496527633182349382457634582353865
1641.0604774336643173790942469671797812
1642.1611348154185740453166651940322731
1642.9563670426655679257998727282638575
1643.6196334321135616270242253187115626
1644.2008426997362074199926714623186645
1645.0652742823703524720970120555975768
1646.0658076327780542143315654740115967
1646.9958080129734262319087987307254783
1647.2908362232940890557401608802993577
1648.0779313011637835068526624270726233
1649.2199590479565021206309181002696723
1649.9415081867231864910894777628376589
1650.4331729897154795258231329657487460
1651.5806275399106812900470526703924439
1652.1564889686272374822178881319343914
1652.7187245947052244426354010443163167
1654.0285735738588872931915603547786552
1654.3802361251802100889529665719978558
1655.3825502625474567661659484813144197
1656.0015854972068082055930767948378665
1656.8493384784126436420408792487659884
1657.5225272596525008670918789708850935
1658.6416783552360473178866876474021738
1659.2022860502087138080524473911023912
1660.0291151441585906612994391756486668
1660.3682688986986771549098050513697096
1661.8030630905781283402506845876292754
1662.4904736859243785193169137128523397
1662.9163603229142689365214651955328243
1663.7645623562444671705291686933096457
1664.6447555617107381001213522311622684
1665.4856480855915729374023650157884997
1666.4225834860799798863582973667764378
1666.7954374306097829905660660339644934
1667.7715293924181656432228067054098506
1668.4273914544012991050675407461014893
1669.5207716938652391766509602787387492
1670.1064637549667824645949970656932141
1670.7545993631707302434746095899580898
1671.8029986061287313485639263030614709
1672.2978102423057368913657877732398343
1673.2063755819083758031396762501832716
1674.1058949226030348574825141707439906
1674.7947861929160164923398975961383550
1675.5758204752924140707024618265553465
1676.1584097959677286689032741582311297
1677.0852722025875822074153602624727085
1678.1364444905327662788072193186225068
1678.7263458332697198865306424120413539
1679.2422347959434577044408183930983980
1680.0637357479559197619230969844105112
1681.2917648942912464290789170895534656
1681.7397843270756414350162431927129679
1682.5340498330267343092488364256541641
1683.3939756363137632415603255647553897
1683.8284465184004195120379581607357238
1685.2029264660434626697010961771696503
1685.6234944333323913120576181178217093
1686.5127987181004129184522114302031948
1686.9553012772239813206506587430687416
1688.2154199878549739135052541074327614
1688.6966604077425165798593491233227613
1689.5955648275304069008093707590429146
1690.3304867949237048610923562300503213
1691.1464628339421954592529139446179579
1691.9027075578989027946113442192482348
1692.4387859744164715257255294780278568
1693.8133139707857472654140047281797668
1694.2311788335116415450156485920987632
1694.7220542189774409179754933036224265
1695.9000105832394189552860152167850617
1696.4422494490067172665188885807347775
1697.4160874556528478718915595335205618
1698.4145463321291490928924899638539674
1698.6541463105900053455459172446376965
1699.4034125679377773857152061073349844
1700.6622492165657702228069671702176077
1701.3763439176108175091641981403428455
1701.9168926911325485455097646588572610
1702.6127213379558067861226676878296845
1703.5453299054188045011981717522470072
1704.4277147466721128166193554296059890
1705.2061782018892010425892613226211654
1705.7489096827006797868922276704076800
1706.7055617611311516642350019030983651
1707.3639885255300596979390984468342286
1708.1944355724844148273047140587659743
1709.1781946388566122767598578920826818
1709.6151080921808564108909260397801158
1710.7084281347394754777018931372990414
1711.0900935441400913089331951889989196
1712.1617320732510077414454824981359943
1712.8400596670017293017276340561088674
1713.9310229664024373446915592900169843
1714.2410466440395306311594301517832586
1715.0557795246683072592579750671507738
1715.9691546578350307730345668104326013
1716.9254158706392249802201844280831345
1717.6186837086348306589716332536533928
1718.2711894295520071921403465243153588
1718.7240935056180930737247831652181373
1720.2883643561901968193347843351854935
1720.4982841858810262727933969523019793
1721.4074333728210537816946980062533710
1722.1080075358645587517043089200247569
1722.9025733924728130276233702789646748
1723.8045155996691279376090096953686227
1724.5272148987326834236053725259287594
1725.4874766020767282751597316206293134
1725.8004145282123162984769827192263797
1726.8183056773090161477754518046293764
1727.7718123414763137839075717275066510
1728.3058174655036274198358276748066252
1729.1268130571182899677970926139750081
1730.2395402396273106877461038376022454
1730.4640484224893810017736462625200273
1731.3060730306104231473836583120688734
1732.6456367276594850038578871661623411
1732.9035399245718635990221919541754053
1734.0559445064216257820806454689626296
1734.1407256571905217000969705955192820
1735.4818983214376017554051799224839783
1736.2579893919118474346157152561272613
1736.9616550701601948933360207090102137
1737.6197853242549551164412902816396663
1738.3727641591952337217702139561774622
1739.1539722266878550913801052740007456
1740.3965548446168823136328089172856320
1740.7415588668922093922879019503717359
1741.2975494411874622844881744453232806
1742.3790561211304979270735871309275305
1743.2000714062942301117899883492206074
1743.9058736452314802603233111677934152
1744.6223852417278061220528968765358652
1745.5511118678736072856323661829153550
1746.0544048515091980458738677489232861
1747.0231735716419706200512860316992139
1747.7891604434326404269274330056320896
1748.5424583408167074232079196149877665
1749.5256398087871135244301346003461671
1749.8487234303442840164366084276048584
1750.7331846848977444646005494607543848
1751.8828906240665251071701197280936633
1752.4166072938140101596162248741124376
1753.1237138816131094773265393980263635
1753.9743523892926402390505954833594567
1754.5016292988968486396604706886780259
1755.7441336309151544005614921746900694
1756.5076246998175150923169192305165507
1756.7824384313793959718719072450292454
1757.7359033764665394103068263420661316
1758.5710456740821465189409128053828972
1759.6752959690193731695723914682707413
1760.0962064717000400967894015241724974
1760.7225579422874401758286236078913526
1761.7609763265827049655303576418457078
1762.5098623333167914901134796487814840
1763.1744254353183576934178323371891339
1764.0926033872290005356313692070569207
1765.0305409698418279624032318764472523
1765.1989846117216160883724643489876560
1766.4043878476144040087309920334296863
1767.2142683706732589125460861678236996
1767.7892531442105845804042245319052897
1768.7930513269599817685300952336458543
1769.4380352009093045681155082220951168
1769.9697141895310622850292217302392150
1771.0169337008896498152188823736737449
1772.0408318985088824340791156752264310
1772.5850343595353989310820822448069573
1772.9214338554200316131309844369992779
1774.0820724544029224535834860903114109
1775.0347685011939173044624893462673880
1775.6320930567192326572499712066601071
1776.3993426961345091810761467228957351
1776.9784344088969214888978720022185625
1777.9699791230075812391016458017161626
1778.7514069487658898568638386613581999
1779.6555550258568750692417448836537559
1780.1371423763435892933999647745638571
1780.8922649092552358222023760640541517
1781.8932991649184046826810147592294603
1782.5958015933735666997737393555921110
1783.3212194495751842905181802142553582
1784.1788131047152660701056817880960255
1784.8393109007032693678073387479685766
1785.6646831956501109516650395935310397
1786.3005718501864513473501479576136311
1787.4323323014725184182066987911524201
1787.9748852946329596818452278608746101
1788.7214922406364481386984403140067639
1789.3416847168209227081514655514481779
1790.3063631339698542112915965897183449
1791.4223099971437667738011309463584718
1791.6834000213730317429253671747854566
1792.5391725993758229105186030335357428
1793.1938309430180580738491966380921048
1794.5031015249557881481743106625764728
1794.7512059228398024084696513153728804
1795.8572893631643559306374693408136730
1796.3768869492222999958183376246933054
1796.9831377866817845278911140862884808
1798.3488392233502160273706099837539370
1798.8773149954174388285776859271569839
1799.2505060021860028422210559706963345
1800.5219356780206761819760732085434053
1800.9482293677111949519043959868531699
1801.9588205228453323715009914690695485
1802.5569220918449521463856929071619727
1803.5850425143129251054361415195143665
1804.1799383805734067431275890047191501
1804.7816614518634669039044798651225543
1805.7097986746966987704819106997003960
1806.6874533859499743204043371441109742
1807.2863618054466897869852576198444219
1807.9586016363389382642717895480165874
1808.8136572235950945783592389397205962
1809.4403597974538733041122685245445672
1810.5242835217278900072806846522661895
1811.2853839125944127418772242953638152
1811.9785945445474179766017716047819980
1812.1650007619463346689886249683401411
1813.8374622915036246841663065435698012
1814.1429763140086480698797351610149254
1814.9738427840291923342165090973991325
1815.6768137055690941726113845276655421
1816.4908312291634372461194705285432687
1817.2813094926179534975396005157415392
1818.2480862638457398226714558214705789
1818.7678492335071264910260625921441571
1819.5278516393342256849465655033967532
1820.5132655777901093045204500562352480
1820.9326928133114881501714679050080424
1822.1425605242186750736421385837082604
1822.6094401796350927295378559688446020
1823.4730448555228266192063309484095041
1824.2897447538585280072665685056319839
1824.7832761204500822028937620883630020
1825.8739009249008988518558776418170265
1826.7027979360972899207014814983202890
1827.2928971335194760250705668919834599
1827.9563621048143047171280401249346615
1828.6974684402354286093310548367485893
1829.8423356975204333549967464897537785
1830.5711828764447172309504773282597764
1831.0022554201880848590232020780775993
1831.7427462018275189078003417759805707
1832.7860967717705708747603569856562014
1833.5865165585231241260560069915420325
1834.2575070575462073003391109121123927
1834.9547274751593582189086384592814012
1835.7547029879402679045211375063617817
1836.4553458803470586392532908234284493
1837.4819075628736154996144852222507746
1838.1717634295502601761590562708649736
1838.7088551249064317879015187509269200
1839.5964212843177425887852471215262748
1840.6162441023945449562360376562522509
1840.9150050136477155594340256156645091
1842.0274020739662513003016190024617090
1842.8785731280501026866652584603779666
1843.4555306410134661426447771097921924
1843.9313407572780325876089515902827324
1845.1789764212747398760663158519556754
1845.9791661963759500296796528250949187
1846.4395482648006950873401019211257667
1847.3035170428227742747069913138157915
1847.9439996237183571837467593566427785
1848.9355595598275154004766938320141533
1849.7896543123435859289498477210903432
1850.4616087329217597398795829029155275
1850.9714824104557448057043475889082954
1851.8121181166035125257537644671571595
1852.9480853692326013524113141281577227
1853.4907986259314194624129327154103143
1854.2760601859906466378858011460166259
1854.7580406954073774058679128174101818
1856.0936363992093609105032436831272508
1856.3269176113939437380493498861174395
1857.3863478864958487849956948212379861
1858.1366356256129434960233174450621094
1858.9129941589520085813072311355909617
1859.3939988588724860676789512800414134
1860.6966174009972636885679788789031071
1860.8816878117434975431365691690171014
1862.2399400446521960399327246668350922
1862.6505618905770077290613123679300485
1863.1818549209128876229341593906015716
1864.3405653391076017247510825979665965
1865.0542824960149799141176966549387861
1865.9012482918246028355963874818350712
1866.4857855795155728175169590850218193
1867.1654443616827734447133339965799879
1867.9752843298835353140059771776776274
1869.2667628736866415804597895534445899
1869.5565247361476218184204721252467411
1870.1403693739327505784245568974250149
1871.1098371929850791657117052233220052
1872.0031785853332814181025186396787460
1872.8212061225863814997433209476124555
1873.3486156358383339767392454886997643
1874.2224856597850050917826704731227861
1874.9916320057002859913836045700886803
1875.6759955733225183524791782690891125
1876.6100395223654754607821442171522534
1877.3708726100315458005657303752858584
1878.0236664855864771108696741524053987
1878.7333910402384048830137935128155463
1879.6299816968844985860048004567398935
1880.3796660318108986130580556394369968
1881.0837449689849987878560176138722413
1882.2632938532973743001458396174945402
1882.4547808601677273741369783255974753
1883.0908715899213755885336818733876177
1884.6135590644960919753720208998884400
1884.9323742420301259350414068155444867
1885.6838310961331686250049336254198512
1886.3715406292067760800489011626994051
1887.1930450321035139759373020211939906
1888.3143251849852303940268987926056486
1888.6905234672794389933847469488050389
1889.7004846862948327817840338443829446
1890.1290143098821214888266379662913273
1891.0312945304969931182970301248708197
1892.1408582131465092887229038078077694
1892.5818804823609373193910770265691648
1893.3224274215971453290526655444034230
1894.1811115026262107536103570748373445
1894.9058029901170423692920925888409361
1895.7708225351479876600071200420014465
1896.4119063075038856426169698765237666
1897.4123754097513788253873270709753056
1897.8877705658545831758015550389208540
1898.7882602712922503207343215533448954
1899.3546190570731976051967464172487990
1900.6445870981082018759118982969268364
1900.9978086354751569089664202494708972
1901.8000814565939825951264465849751408
1902.4441574988199540741951559367588956
1903.3773073156874156830307547863188671
1904.3620958995250966878059796300733908
1904.9830249374471142685362123347372187
1905.4271923775714806370283544718990579
1906.4324229035613942825301883575816316
1907.1627376497713414277685360580784224
1908.2245443863975549757960887299345940
1908.6924044736405004619561339572360150
1909.4112992043416915739353727754377534
1910.0905427998249007670009923581659310
1911.2999485717573079144529632671008466
1911.8153507140056161162668546214508872
1912.3935454667835820389314493226067613
1913.4200637590573237579304935104994010
1914.2351653463178913479545742379736714
1914.5587174462996390622184463286535997
1915.7838461866353550781153399306044248
1916.5688987233462960162010819634579746
1916.9804278587316509040912440493698052
1917.9515732120433713092597004351730860
1918.5802698691769695723663334527588898
1919.5236493412373831592050018592775737
1920.3757293252782667178766207143651349
1920.9497497101650444841184972491075090
1921.7087690355526544040760050680886820
1922.3182722978833927965524518343962034
1923.4491514107771771493272981506710618
1924.3024331368269457352516688447909220
1924.7593179314904761198459415557234205
1925.2059225810438444168312196687677649
1926.5582441290151757648505910807628037
1927.2032027124478240823507412785990324
1927.7605167696236209114747997752670249
1928.8370121619672686990185533691166663
1929.1670983398837946497996605660918254
1930.1557659592100037504540512437515609
1931.1115306466911928988874976981083727
1931.6467647321742416260155605160292575
1932.4649072848852590305227981223646439
1933.2252518598888180223059181928137236
1933.9637071175816488758679192799211662
1934.7163932398473583549578045381001350
1935.6652717166747957923055675907532857
1936.2641196589174209386478701952520304
1937.1619207176009114970906703093929800
1937.5906375934098740668255839084233440
1938.5800794643761408413630385142250037
1939.5136907819352728532259885518594635
1940.2333187497112397586874546272924773
1940.8112553675524412716941325548474935
1941.3383514306344391857022745135099506
1942.6771730160833742426504074971429373
1943.1620534007682131674403029103945340
1944.1087476284803747955715159360559076
1944.4353797612637415450275237316988155
1945.4225266567326250871812297001614457
1946.3614040468702658357064576653958963
1946.9747457271301255755974130076605175
1947.9272763171974940211894773565279874
1948.3416782390902701756944075949639731
1949.2084212487876211750636955404530380
1950.1331261821100572157061654712900045
1951.0320550895810593642301410340817582
1951.3159524449796475469234619434932092
1952.5081289027718208530184602648367775
1953.0427062973932009232385888507635659
1953.8094463635472041093805109755050974
1954.5586516286167648693170278526536239
1955.7709754112580629763193435519117677
1956.0647504521881303523631232679907411
1956.7033148074790299495651866274774246
1957.6354521425439487560839803405086247
1958.7518755472731587556957899853559780
1959.0995259207777170461387719961353602
1960.0201498343972569834011269188835290
1960.7957544897383410066793286920132030
1961.1794760167254510875565748827888912
1962.6124906590284300969074000027124424
1963.1062479758601569493658966381408547
1963.6524738876229201040608230325987075
1964.4426962639981184564865277175782822
1965.3359461460893859119145060647052471
1966.2399769901798615122447311032083168
1966.9621568117702520131620618786763551
1967.3692547234676394690745406156659002
1968.5687622249531534345287829475086946
1968.9902317677671672360509951021601221
1969.9192484363639010952254114757236162
1970.7684350476979409409677377118301521
1971.4306298673795451707517188063923076
1972.2218018310137721240373751505815919
1972.7974871866663176092589111676092530
1973.8154868269681143439155606147219349
1974.4566200672836952685249457923743236
1975.4293649818722358188723708721225510
1976.0318685054941600263777301479665620
1976.4521221940054451241047448089120123
1977.6740811355112349598471564701100743
1978.3756201804969529965101961274323252
1979.1295296654504685250351815959392114
1979.8877555260356901386743879226973439
1980.2492200043967707407871032048701962
1981.4401569716963362558553698001826126
1982.4549001258451213769055664794913962
1982.7789665454701512493622833760382264
1983.3566164594572176299960617647012851
1984.6188991508301218563317525324561142
1985.0269574762140880315369442219290861
1986.0020566680214845805882426707048505
1986.7750955296373889195092136804060099
1987.3706320474908720186254296770318547
1988.1446031302793101053213936946565285
1989.0122969983874553817680268380030598
1989.7414494320534155263579183300547816
1990.6283111411879650087393953910148078
1991.1580779854982458880195684202443765
1992.0429278885610003867237474007535396
1992.8027131557184791472224428789056500
1993.3534176095462409641726613093890572
1994.7885972207527256254726757928180621
1994.9264357883272819066317527231944899
1995.6572283011896935377402881424443864
1996.4270926686848835461263338320366181
1997.6468231631661087501254559264262076
1998.2280793753805905238886783360592598
1998.6752068615345787692329855135225840
1999.7168735023432021660483215836034142
2000.2140078608481369079391643866109540
2001.3277151386964656705668580859878022
2002.0161953970316024826404565091673840
2002.7368193917582973720823776219772215
2003.2174836193525730853731968688352618
2004.2154074522690220881584174626172554
2005.2417292836605019194813772881038396
2005.5672378842493384640728930135878931
2006.5382746423721281752506261252511771
2007.2471061212141060467570522373000265
2008.0038648063199524122689340076195788
2008.7309746351602918335352464161260546
2009.6206324123991685476609536110624877
2010.3340873413684792386549268790105473
2011.2636817937920942583730273014617430
2011.5004103563865195568364319583795688
2012.6075585133813042803366914373172438
2013.4305787146892008743424879252092859
2014.4014394895693075251742599333873511
2014.6315748657148868568140164811213423
2015.5078317433991019069287392725169713
2016.4035974746930802677060991872421140
2017.2983780742717188621927832753801839
2018.0004646455866206424248543437308735
2018.6633425809316655674448473019039504
2019.1914330226069194201095130843861074
2020.2618745334717352895470538319139317
2021.2059204372494445365182486105392925
2021.6148927773352870243551117356461640
2022.5170960527579037571385103907063883
2023.0118742018392706630108061137306103
2024.2807675286665959317842907212803130
2024.6817811335516749696063720434461769
2025.4164128302116457299436561213169056
2026.4933946545472304170625119755886322
2027.0482646966033819705763740487785352
2027.5061005012795042405955762555891921
2028.8060064423746679238460132995019974
2029.3518967411918257313014500639279565
2030.0164723161830465752947024577509933
2030.9102286805982203437088672378031426
2031.5117265503946027524593632271727387
2032.2576651858517601014481860603306883
2033.4794257426993777256294287523332494
2033.7932355426477693181606865044491950
2034.6984504005022888320079089550385610
2035.0571904455010521771616287404509435
2036.4047286876313330987891193850584197
2037.0406901620520291336922705552005218
2037.7425022586671756212670458928860620
2038.1745726329626084706162404200287864
2039.2599412426244221824115146649226609
2040.0562406623546258861118776968579937
2040.7232196206438083884640732535327703
2041.5677886224798587035385413743498338
2042.2020400754453841324956866046905816
2042.8657420589085606702624060585236485
2043.8905692995819709391187551475479211
2044.6080306911331952287574544922400919
2045.1944420880230325259681530923145388
2046.0849323193051190065669487133740197
2046.9669188764605961972434371407014043
2047.2421688991468360437391595702166459
2048.5397524867062422132170828712667196
2049.1103175811989177359460404036196791
2049.8199879537721058462386824266813695
2050.7631890049579435572475620484367880
2050.9679870186746296869581934932507060
2052.3801398503034526826958596697863073
2053.0060483691665829995964573479867041
2053.6001488686816223416128046082562753
2054.2070155522781983687999519244221758
2055.1171957222247329748633808536267412
2056.1790062185421405094575009698055073
2056.6379167928461452124029431577573622
2057.4379515715915007374378548089766285
2058.0942419496186726491530398196834802
2058.9142679310432174055472207246156156
2059.7998843275043843681622591473692231
2060.6917254843024271177324288624982925
2061.0511072273971614584651762421821054
2061.9261136878990865510876718274845206
2062.7920786733005056041648167158809248
2063.6299507877793401604404917741364805
2064.1155495172205668174277109507101831
2065.1764703003733866864593694218467891
2065.8424564977143015632962113405121336
2066.3956179250504873763674019879201160
2067.2040589411324703362057002252361426
2068.2580233340523724982001891086082528
2069.0109960926619795104567948514754105
2069.3806485665615774402253243920192561
2070.1943361629304457779477693954317102
2071.2838480105556585212266999096429766
2071.7272433116908675439804742151401867
2073.0120386716393904443463151499246288
2073.1756227629354976944332804918594455
2073.9054578338626833790937506444239478
2074.8849274715662618678438966741546696
2075.9700264313912412199473342762082908
2076.4614198317277890489333616773361267
2076.8485950221634178118628098386383416
2078.0094692513842308185251840758606224
2078.6777131959230769878826733770095130
2079.4797336242380251913599905514831361
2080.2876924125433103773048897422281870
2080.8679456506977502932118334888691826
2081.7245123036184530865895265012329300
2082.4674920752685252160055401839140782
2083.1690595276900208136009794543871362
2084.1684221086279491208583890931815487
2084.7280547827247675058424053825161450
2085.4488828638676419279228887168000997
2086.2042655845362237163678601541982016
2087.0130581618051220975963659302105192
2087.8649362817477270092539515632035078
2088.7065165218367469355530059510850511
2089.2338800428782788532409278762458770
2089.7576480969849156656220308455528144
2091.0113239718240413859295686462238074
2091.6342511746436878941785523520551833
2092.3695934277798640165399863161864573
2093.1525889196067547559170828018778514
2093.4442463120110930308794753367420738
2094.9715408541048429510720217748955968
2095.3431861376728205663290511276700311
2096.0167427416423559833534646916404514
2096.8141418806067756790188971602629659
2097.7636076873707461381612424913807545
2098.1770287163355933742307961778211375
2099.4583936614095694661243485237345790
2099.7375225685817335769079198878567953
2100.7549566870918272540553751210419444
2101.2009547876966788529860100213865953
2102.3923396133715571459430382695706644
2102.7927217411520050914632003902178485
2103.7012370409012462207383042449633861
2104.7137541116653122138670456201231718
2104.9891220260328530193600196746173093
2105.8269816607195964384343392638391528
2106.7363731731450021945554915154851276
2107.8189701968037173500382951395638561
2108.1661988566980535840318367777067183
2108.7304830477144749253214415656945284
2109.7000673460776556499524392217367024
2110.7064670631670976523078597884916038
2111.2896687443344351440789907340519627
2111.9449416131963127067467242923405024
2112.9077493311301562032574820713638217
2113.1909816801113960231898805392142159
2114.5000316133166488053909863264859255
2115.2387570123057562605123059866805836
2115.6035086211006269529757400389985217
2116.4764733806008218614946037330013041
2117.3383379849554080065252137736872072
2118.1494911500268493629553481037447102
2118.7959542351866330860672275106999134
2119.5728231195268824097351513300859118
2120.4751509422996528105981956550059284
2120.9300273927903468992870374250813180
2121.8150888942655709441267311853950449
2122.6673243690150783148349658152017105
2123.5278829945802576057899294374386332
2124.0124642425059939874847565410908448
2124.9355553623393927882695887174800345
2125.3508534509169953531599089065417265
2126.7047002021907129723422365588893562
2127.1608258698466364003641884812542672
2127.8152610467420021079356705271672608
2128.6042114436320780454848924123234902
2129.2900415522384073315165496594394600
2130.3185727468025847263020171435663181
2131.1072291946928248193740608852105000
2131.6226249257531055593682734075583591
2132.1719821182094869698184224580397011
2133.2963584486536176206180974148780535
2134.0222623708611072112539788669453624
2134.8702743199565873603014151742144015
2135.2171963318749532783312245860381714
2136.2802828131326242354924507248484145
2136.9647996212066390070075937734791864
2137.7044515208102446524169896940442304
2138.4963055519794760822393175908353585
2139.3584820635037708986972355852028373
2140.0186554634156391784908618821284996
2140.5019913499760627646801560787743419
2141.6215397655210393171332062215502172
2142.3687411991904806355491943581448177
2142.9137546154315785243285829092918859
2143.9429740470732683488191820283543851
2144.4245760273012113343269499293239556
2145.0250956369155821190329614673250209
2146.3668881023415632655095008693426149
2146.9677637638659061340965934199073529
2147.3056752586614593320618858825149022
2148.1170154374551091579595033855487328
2149.1788120110721261138927599596125671
2149.9558492927377397014341061297111160
2150.5285819777725926293330880696297119
2151.3884384224526412933136113760961642
2151.8250979003216381105205382781778877
2153.0541546730847982996603438380470527
2153.4826257742912667566447388679456178
2154.4546972665132782006574312100493305
2155.2027751037570023429769706384845293
2155.5469981723891321673623752111674033
2156.8436597516001165498791646681831192
2157.2660630548830240522161964190387942
2158.1001185087407721376230061678419535
2158.9916825876159135150063782754061253
2159.6412824690228996670488368573334530
2160.2160809611749419327333310358512173
2161.1155863735864081066374036580586507
2162.0829078432827861373464099778204716
2162.6641168566350445399456830670011770
2163.4237073929659610706292562945399695
2163.9187488559566166238354910832007825
2164.9212873544209916147981929498697259
2165.9400668412532403466496069250116612
2166.4526516060290686895192178770936949
2166.9642610376195899403031369518662016
2167.8647022604937568396150394393246210
2168.7411190848253600760656029604936085
2169.5633520280268769971725673714814097
2170.1954900207109751266956690830019146
2170.9492431084114899636172367250295906
2171.5088245182833229835117662138058075
2172.5141331906056939385636668655180713
2173.4625422096308954951304827869911867
2173.8109499767864705899175734360423617
2174.6264036510024457924712057080551389
2175.6554409943371938331058591823661528
2176.0579934071955697316704213031492440
2177.0065986069080004333504534458171783
2177.7381748518310657580416864348710943
2178.7355619326385207121348597350801430
2179.1101165820623451400044848639373435
2179.7260887456724215433419734117669830
2181.0579267676384797255493919840249945
2181.4066197273590472963351920819613302
2182.3712228617366226826481648909926006
2182.9419913685967428250448185519620971
2183.5911484442744055073802022533894459
2184.5939400700171374212826743501519793
2185.3603743815478357711649124790033687
2186.2907829362372991641341554143502207
2186.5266785416960218544058866131057933
2187.2815348693196128366344959294647623
2188.5929864589272129165273791192863422
2189.1516303286199048773622583824472914
2189.5833224219086903086714501830044269
2190.5541187452494895307744473108979271
2191.3611832567786389997003772933174449
2191.9165257158972027516579316154112930
2193.0038664923805161772740497407534200
2193.5317855512407594682757723379343026
2194.2446524455029160565163339283549230
2195.1291441885524211696108911343138841
2195.7169178989146982278324221552786296
2196.5883026560942336401429336562089943
2197.4769374568190055362765221843120179
2198.0728570616006231781710411232926208
2198.7497596640612138228321628805999027
2199.5452587473666269061724568778423069
2200.2683435078399655643179662490649420
2201.4178967933402468512971205758480252
2201.7698589667752906087536261607624603
2202.5291563020067170236852715419949629
2203.1185962595421659339113926318105290
2204.3272235962559511436396549906813017
2204.9539996547923522098626825877906804
2205.6261619339641856464411956155662387
2206.1747816513151911022047659239020097
2207.0710571473249891049526835565915353
2207.9776598218666801336733786671145099
2208.8642771054546358874824187135412213
2209.0871154685561798894827591528540623
2210.2954044286955565740541769978342383
2210.7268946175747741381844841915130303
2211.5800250114749690620898311573108031
2212.6176652714499033869515375846981420
2213.1110002548325402138493351108979301
2213.7133477406725740163083917709072698
2214.8356055596425019561210878686682974
2215.2853846594992574642285287879413898
2216.0247011228122765427024677455867076
2217.1654451201287682942140997276383504
2217.6980540962854035165590828361186459
2218.2387514685939320443479308734665106
2218.9778797270888503656503065524256858
2220.1186549939578800017358200791764095
2220.7652429012447201695300943817508648
2221.4503221486040494228127156836099568
2221.9063990815190997131200313659521622
2222.9936136746144536767818564015957275
2223.6302636438143039366810823532138732
2224.6622698864175363237896778441450173
2225.1212085442162039840096480514536523
2225.8164982551236115471001774654437097
2226.5268131045681513208110630099561249
2227.6546271628940812812492322586731714
2228.3352903464077036133267069582212329
2228.6825642644028517163715844436106262
2229.7719954226425364166069378997218568
2230.3580673388192848766914837542149753
2231.2948485392960552261266836401686520
2231.8264652657318665805884537618129090
2232.8289282696415193736595258771746594
2233.5617101101810048031665257959345143
2233.9311820708090275180671236082215368
2235.0343582218411325038341581410955231
2235.6343088498931511719609710193053954
2236.6990509124210459469065284983720370
2237.1226714330168466168529873860373949
2237.9030678956338126258606266316598262
2238.5060354503912506499272426989646162
2239.7362735054709247551474646277440423
2240.1681437415896679020904440913969847
2241.1145929376111716200292797480023327
2241.4599392590790257867007119693573447
2242.3846476605408285938986709666439212
2243.3559878463429259612305791663639356
2244.1034121170137197811532322618631535
2244.8024949250272020235920563271528735
2245.1095091138989999319078522671355496
2246.3206989487815964160398997443243175
2247.2276063358698979435328195543707935
2247.4611352636915381633422066877425630
2248.6889537184211777161994086832047866
2249.0578785092468925011941980576159426
2250.0259720504577971892364346712625286
2250.6069929408066385729835904646963906
2251.6525498480224958996525755176907293
2252.1890450998994424931805813530171363
2253.0760000860673649476495099781689808
2253.5483330798909373252446026382210141
2254.4891717652861419003438294295249648
2255.3099835786381342773589349790136854
2255.9697197343250853405773189685981682
2256.9195610731608435628135656741445010
2257.4711897173300422754918069693470058
2257.8072535597579619321773249391253671
2259.4465781536161105785967288566625483
2259.8320472615756297814249285561853592
2260.1931142195205634130077314255069298
2261.2280320913540640110511426405134665
2261.9304237989899161921586554333217689
2262.8769290648763073088036115404301855
2263.5284795038526148231930350556144214
2264.2648346759153668372493070172310038
2264.8726549857162061146090164511059325
2265.6694910038659925597222299048728130
2266.6429742172562923986533184663640336
2267.2969647749874680222072712877884282
2267.8844624013019246393987634134734013
2268.8585640369177959281935682694257367
2269.3179919067691122579787277403097700
2270.4373356952940595957645707358690229
2270.8079077509906313503928815163422331
2271.9131253834459144812348526728003997
2272.5682780162600843808555751502515073
2273.0855277430663321579710496918434200
2273.8477535935870739314211890546532572
2274.9876928578002800740887470189820563
2275.5041550178548600153276255552654369
2276.2960128053669728265518952107177812
2276.8437054448047518233291276096937568
2277.5963345172762931048780005506336601
2278.7795862466095329391236527853926015
2279.2639517184025530639726908091370661
2279.9680847283427784202568386126577775
2280.5687675657125611101767515684613957
2281.5495889052773629521407977077684922
2282.2279800297031076837879140697522027
2283.2316627996962108824081700466464096
2283.7037349075839790983491832181176559
2284.2326698362648599089945985023872283
2285.4063730819690232640194083692827838
2285.9447042762515137386219820367637494
2286.9141827220662446461496754034458917
2287.2837485264565850390270380500903252
2288.3991007614022074226909120587135134
2289.0052339453388791273325521010146594
2289.4871296398323980341590414597012412
2290.6658803153170288250740614015476897
2291.4117561990716944030911163956000467
2291.8662593554171403833613837053161486
2292.6114382766385820846893302451585281
2293.5098931518403239828820555210282683
2294.2616684893204947155513500610487203
2295.1303007676749337518796401490177022
2295.7596388054996659101063918183562782
2296.3619046333793728726487802095246040
2297.0516879472205694134954009089125922
2298.2243669854833407283635669013956236
2298.8231408332092744662739215290468834
2299.5846385330631708559971915466999969
2299.8275280875542305439113422784551741
2301.1182026745919588779646661620009794
2301.8451734540989061973470415415134779
2302.4515714154316503608890120155866459
2303.1572817885390905397935874499661765
2304.1377576219666347781062220501365233
2304.4933560474035331308944271499343527
2305.5462791063010639894472033700188911
2306.3429091445076393356764032581428733
2306.9180578251243406103764960866262419
2307.6872727754768021196359291562885457
2308.5469554216516000135631746640140013
2309.0526493265912167560148215679456331
2310.0363129294135319412018129844926064
2310.8587031389208269719039889791582791
2311.5134753294058310702146443980397713
2311.9873906953384503495894288207034783
2312.9717412277543549754930214378421111
2313.6975334246795062723102210068721510
2314.7394563264977941904024285936896926
2315.2555430283132417356569812247847800
2315.5967816920335294413953474026192253
2316.6785672616579552958034673477930647
2317.8772443314394545820123269644918236
2317.9657930930254843641403090749066932
2319.0160397278263744676853669624372426
2319.5658335731618739947646581036313712
2320.3630719991823667352068856226189300
2321.4550692564440938390857027698472707
2321.8237020546441620625181308319045610
2322.7139072975135133027661712490582101
2323.5088104190385352200089293965922528
2323.9587983288231786149958451647269437
2325.1184952113279138781727433745653384
2325.6960387924976725773217339124470229
2326.3496365837251519286035202889924424
2327.2473759043126742778341432455215060
2328.0446426243818217298732880402731475
2328.3913735685523947640350952875335659
2329.4692800826760650532223066890623112
2330.5275597151158258436347246204270247
2330.8495903296262054192369657470243632
2331.3531825441297864305854280388299434
2332.4527786634095289704987252132908820
2333.2945186532190264915429728810396669
2333.9699076576569202070689789569358496
2334.6510382056479099485510142928034618
2335.3378561244026817033968882497378425
2336.0013216293457636788805363281531041
2337.0246314323244476447441183268243634
2337.9384010056362287695363642708782510
2338.2061327354184247677737852392761694
2339.0061965706274365557631912535136613
2339.8785680583246794550941333554547179
2340.7947722434336672291432077935355473
2341.4424436320680939751770808170792754
2341.9649714595416912672871625690862783
2343.0312501374441944387064437499355308
2343.5746790885532696382559471915902547
2344.2330074847573338401263212727706699
2345.3433721570096790750594849853812103
2345.7868676500223711531488746758946624
2346.7516637531809380444657945152496415
2347.2155855187793109841290324154421539
2348.0151342287720605880517124512990140
2348.9791584066357470032868936437778380
2349.7052323332824738236819453967471900
2350.3599344916459719851835825527927162
2351.0720342188509382673937438362466319
2351.6039823243374380220812539838649709
2352.8098036271666641974985020388130251
2353.5228991548396834475637717798987344
2353.9271734397525125862441847551257629
2354.8940682566275510766657538919506372
2355.3104124351572243258007919013832841
2356.5882228696983683370330898646725446
2357.1940537035326651189212840740894843
2357.7052504001653455694816049767215018
2358.4302658789593277045845799089248205
2359.4135794936334277999264012863661501
2360.1497575782715559528709067326939939
2360.6471447505115627599700240968050348
2361.8948074922886991962270797890252723
2362.1117408069441725741563274766793075
2362.9184747755701777357500635170063005
2363.9453662110491400639132727979211638
2364.4335280954771085651213617135457143
2365.5552622552630326913737733702982572
2365.8395466530999947580693752412714785
2366.9424081382326653829760628898104755
2367.2817069323202638336233069798117911
2368.3075246039299099851453638974470117
2369.2270255133381832040457013670416497
2369.8729206964114297309065017583237798
2370.3332096590226884451898003322366267
2371.0234262808756369474724543780093322
2372.3530196022540069461214709578358261
2372.7991356460237004083339984529088015
2373.4154849519222220457564545259712845
2374.0987415830068480143169219484348187
2375.2139983611465660219812244899066742
2375.4808158773343156250997761721026416
2376.8347841238441698114537431118768844
2377.1998936464651200344578845722000405
2377.7376362794966441673214424451522401
2378.7585317618490220916150150551428377
2379.5692987993523858050881458223810408
2380.2082269583312030182220624966254199
2380.9357609233906685324668586770411155
2381.8415443242265305487651224122328839
2382.3098868285875211995192266995608760
2383.2338000155596811918138254603696509
2383.8764068180211586405847800340923038
2384.8330226052743211450815392989832308
2385.5658855280556108303970127024949712
2386.0602107974076879952704240523499468
2386.7174646050353080626545143986964740
2387.8890990318540663170537728943058603
2388.4443038465239614368545002740068010
2389.2885936970897678294466100467368600
2389.7820416492589879304431233659515293
2390.4673839800535183064404921510732955
2391.5838282929426489056252879605230481
2392.2603023263614587136205474090388767
2392.8661451587992509972386125555633109
2393.6291279605100618948817214992854303
2394.1865933214134307330230456657618577
2395.2932215978831217412537395133262055
2395.9469388757415516868275297027156293
2396.6889037374004470524326097252440805
2397.1883220796936341337183006873346912
2398.1198596964019060178732997746972986
2399.0036699471501619472447898090748273
2399.4915031299478391798528523102442318
2400.3642864701350569923001499509517696
2401.2600712697964032480534309489309679
2401.8226350366360778777279717118946577
2402.3192831676343206723619932525477123
2403.4935241365534381401482489997252116
2404.2140191456282756474499922580200561
2404.7368466730099296553730716738110539
2405.6046711059081192295410608856576415
2406.1586104135225904653861527654435825
2407.0809889662475453073241125778580358
2407.8833619537098816864847882876213209
2408.7973223205565772294711672099463706
2409.1775676353258366741401614643908074
2409.6905180858320704667005134727811837
2411.0286026158050484874891579486366654
2411.6347325883355937269650225697163550
2412.2782617598241396334761158147151286
2412.8445234152100404519106989942614820
2413.7666691157215693249040038953210565
2414.5388308647337641128588377413430289
2415.3444649255931999654988311455133485
2415.9530143400569480801574583464079080
2416.7872115090680235123825989860004897
2417.4609116648423120601605065322086004
2418.0803868496232853780293218091248261
2419.2507904693912298232078777574011744
2419.5945003754166577567965296562728073
2420.4416164160465916981484629781122699
2421.3891124673951232756174980686529642
2421.7565494342552168864551495776094019
2422.5915172573911015764790569028471289
2423.7135135155054842087528767225806012
2424.2498649582619243434450513419940374
2424.7488651316295488781902325798227971
2425.6948569904010454175858865716518824
2426.2429112671559331422338188569783252
2427.5167288196523845845678080594079744
2427.9328981669710106239775341694891118
2428.4930976919007028597263523491022264
2429.2324816304188826257031355205042242
2430.2533409047544156769184001705661676
2431.0447834462927982040582771559752455
2431.5579805246983909361658585048258294
2432.3821423754293122409237453729541506
2433.0488757688636274366945116146554339
2433.7879418438989199720429949533895919
2434.7795525227168801286687381519207073
2435.4422802503066004285668302673073863
2435.8834934544953287898669384806154432
2437.0857147363898924444713347843762298
2437.2971169415595584289585401716994896
2438.6079801718960580712256133296118474
2438.8345923482670869291624408882098365
2439.9664510296272981897943119122092378
2440.6351614484020359525371007100476893
2441.1437826564434610642631432680748183
2441.8692485212716701232366893221930084
2443.1224157708383315491114381707640839
2443.6332733685378275675703350361299895
2444.0569582655110567790819553057430397
2444.9105080527675598997655623484114311
2445.8869915094783413251246205224162096
2446.4406065713586231875039705321160012
2447.4793600995451694655001164914699442
2448.0327682877140403695400905258086497
2448.4280361929818058075077962141544742
2449.4708621304135740939332030953622390
2450.5269614535853761323873867672870402
2450.8955522355547388928232015153182413
2451.7166571385434280575722117148641681
2452.2352244162136372905002314644281149
2453.5033362095286222407047087912048359
2453.7532803891967220583027014463038409
2454.7195519975319721302835408884719367
2455.5236504627186220186178830100739596
2456.1224117551603200321022801079824924
2456.8549315498930658510875131521358283
2457.6378270062846077684472994792564904
2458.4469934841435544200238763709261987
2459.3070289819907770919851374015148484
2459.8030671919722638774993279204274343
2460.5798325057357870014746370318297857
2461.2726789489418227511165077431543639
2462.2079311217026446303042983774356249
2463.0478183326190303336470178912538409
2463.5647863815580518765410886580805904
2464.2250986343325598783241805517553460
2464.9282635532261907603812297789431241
2466.0880040912327120642199513359458468
2466.6609151360208683312621663513807675
2467.2401206310732322462549586723446495
2467.9680829381506869226370613685858235
2468.6833824578912805434943558319831847
2469.8177155161095235683303819389902163
2470.3235973444828988158460672874838304
2470.8499919152055193503273030318462390
2471.8751600118579892901836005136009523
2472.4350520939877201455203159746255543
2473.2902248026173624954108744202418569
2473.9787292408433027363949637199793284
2474.9561901712056977836303765998579196
2475.3868782470009321600544777384541771
2476.0669537555626882799363607543024879
2477.1964615296302322201373372642213339
2477.5564129052877335647119286827556694
2478.5033090727743230060938980720548512
2479.4319375677849882729225324927461128
2479.8445573833922392963756870296173593
2480.3764505678140960588835019322705602
2481.6652676040686946801994622212119426
2482.2456164690965195954419284675309115
2483.0278079318705688870187850468654159
2483.4246140533148933334641690377797498
2484.2483125979000750351106797933149285
2485.4292357942121977188565104053083611
2485.9159477393298850795877663555770911
2486.4725968406674039929831332196168066
2487.6480165581780616138782402493441778
2487.7297348772024079065858575037208626
2488.9298409032721511523869987229441706
2489.7500634006501084234383983091204138
2490.5272858725865227888556386760010906
2490.6710925596569301255715434197346144
2492.0039795028282141128740829627238134
2492.5294842982283121676463078779362714
2493.2321837348897039605263683911849218
2494.1596052248195977494616803095097326
2494.7912229321042662041337542054202135
2495.5904171484115992073609351781705521
2496.0385408711580379323992284920389664
2497.1275155553077649456138185545562916
2497.7903130005634252333921216477258577
2498.6618156961598533748844856928442511
2499.1386327848707029793269108874351235
2499.7578628110034587423197328074578397
2500.8195815005694259180640168194229250
2501.6576394273099388115888666795404956
2502.1739915712641673121321358898266089
2502.9108345551511732418792364458673890
2503.5243532443718825487980328991450344
2504.4512704643194776440729209324354076
2505.3860075422460291507405148887810717
2505.9746946292151974335990194788158502
2506.4544929680941844649739241352290135
2507.3696046450138302425522612563945166
2508.1196283245891198370938297030568721
2509.1325420619835081644523466402718438
2509.5013407979656821780306042488046572
2510.2856904570998271721690415351447905
2511.1515303014618065145997699221409589
2511.9328346567325740046217728432000168
2512.3606815457754916747143613282531822
2513.5647047269268305441407199640617853
2514.0714383334288580972971119097273583
2514.7698653670581221121801711824179615
2515.4145632571683384767401445036831237
2516.2911860223028397441251147180589576
2517.2727689999056545418015957274804055
2517.6514145716750948323015089618756666
2518.5961854888787881686401786712613404
2519.2038809121476789349758741934672474
2519.7537518141479324034449468397190174
2521.0646003145493554607834654632196756
2521.5267993882646569218398954448051035
2522.3452566790844011182185940417906326
2522.4681973961384549152476482638777985
2523.9859037417072725671042918296599988
2524.4231106033787319629761034089947361
2525.2245045963010750333560113233783369
2525.8800477645544982181016857092764441
2526.6241519081181674867897451964807573
2527.3493693952746564708946221180905985
2528.2561029372876629272321739119780678
2528.9086970780731742030958801529385192
2529.6244616618710041770457597412806498
2530.3984332017668216533811424428971435
2530.9476113940443182394204811933013066
2532.0508020303045279592730400901862896
2532.4570986328468032274824156812775586
2533.3980913241467730832356534456436772
2534.2735690697969058645222439582569724
2534.5753203783101304531085822495146539
2535.4565990749375973659506085554904413
2536.3700722158673717170502108393894491
2537.3842275036687262725485973862094710
2537.5818928364440084727475880423359419
2538.3464685624406174997569461530893491
2539.2428064896626586746130890415336499
2540.0375409332554418465969199400367276
2540.9728562095166083140198688831131186
2541.5725877761252107940277663854708899
2541.7868337394451129262973353560700614
2543.1441127835400747505743909333829290
2543.6526446963840482725382293897526114
2544.5470676762445561033907975690833403
2545.1533401969739363035443041500718077
2545.9581797231610609227181679931181817
2546.4219789770629306979703819026476905
2547.5988313434874344322422365769117141
2548.2232667669464753786099296819435563
2548.7043923198353095765970139480274668
2549.7211009556204096651512992340473608
2550.3728994827026677808338203414408411
2550.9671257632334955069223168772236650
2551.8573847561258423977035712013663797
2552.6901567721129810256102995639233701
2553.3926945155951902812084906352288123
2554.0873897163018071416006063537625092
2554.4450845506346325651125111663393989
2555.7564849430655017745158442498558887
2556.5133319609005787543098656340695230
2556.7785546050147207514913418092702179
2557.8754905317097167322120457768356656
2558.2753401115817707258825608884865665
2559.2581445885771251779253177371578962
2560.1609025070402531175867578214514184
2560.8142936212848781290800797174022513
2561.3321923419098032985885398556716740
2561.9413198666030964060140808614569856
2563.1698830355321138009414217560958851
2563.8895898925059594291174873978522143
2564.1288738934578154889940002747538746
2565.2256165164438296076383331755894567
2565.8807290009046085664409649828937465
2566.5641381529008535698799512248447690
2567.4362411779153866746298881781783972
2568.1252021744234259969316896440723411
2568.9410576596371893930322917058562085
2569.5052040903636817872365711947184100
2570.2443761507464908437231286115148264
2571.1173432948659313194540844197173674
2571.8158010226599487902552617551821433
2572.7721016359061223410551214399474547
2573.1157392582198785396065666981376850
2573.9783378791958634424591135180390691
2574.6212524478721847602000516235910097
2575.8547214111444224785181906805060615
2576.1507287807840203561061946480027515
2577.0446533552289684080646593437353374
2577.4707150016304096195837171691404568
2578.4164162420909666056501334976942596
2579.5929934809382015453903932905882754
2579.8152876583788389474892138130308941
2580.5816558090236419129510229655962042
2581.3177864775124137876111507659320377
2582.2197955297241350887912108640800158
2582.9153136074897375536611264912398306
2583.8061136599246269778915774772281819
2584.1639765092339032723412141865707979
2585.2385317512933764468941269541006746
2585.7334099093127223393126583011777559
2586.5415687768592981899409090914597077
2587.4992931747564723063099524693655582
2588.0960170051433859182418543164725653
2588.6412595906175752839127001191752689
2589.6591292554076575006076595834261729
2590.2079248884303455324760030812418564
2590.8989033674938738220221048296950320
2592.0997506291176311932471125176948821
2592.5468698465762053302564460606915207
2592.9231344753557102440423455492620709
2593.8584753928186454556432597887387941
2594.9947329625138984155961154477499987
2595.5444933762028852431494564786537454
2596.0264214432421447679009179435014031
2596.9305725819512380326494617799943379
2597.5076478814466612549542011458217020
2598.6189891397097721700674735924673275
2599.1174185629744849467039478943687689
2600.0040288960597156475079995812872251
2600.4357848475702818946757719865338083
2601.2819623396680389528545140916903800
2602.1804789639537073606453926557255871
2603.0262945996430478979491947462083202
2603.4513983855686530104420738365788246
2604.1835855966531634803330688694509442
2605.3313506500537658360467862980322450
2605.5617020659378280375443821359696369
2606.4602947613239746995946175541688366
2607.5008911440452250968864890114104407
2607.9926265805946521589503203195034599
2608.6102583023993903185551126267829218
2609.4031324520781895531221554686277293
2610.2646965659385305299793833311839867
2611.0355860936341124196934856372830558
2611.8047175631230775455454269649808965
2612.4274700669256397299491777842990026
2612.8192863566297768813915540162443158
2614.2270879612163579803699769675232443
2614.5343882052599936357426475099621018
2615.5502553813437809756748087219496210
2616.0412843277453277154258376299723481
2616.6086717205705722655381905351274749
2617.7187054050780236726446466720709361
2618.4672633040604686327960904153761415
2619.0970056455185522293181392221725071
2619.7010488878884401410977887682628408
2620.4215549898124835711855723765656523
2621.4334528789756012179484998177296170
2622.0425331448048660350298879728787197
2622.6749215953961882973677890944847321
2623.5823760322598264410587632981165678
2624.2562672171796067421333743312113133
2624.8348050671319560444688341773968847
2625.6873487057032290608788215342050643
2626.5836891224507719319470496650690319
2627.2566282943766137523293157694904434
2627.8273836190924344441032379294966429
2628.5612435786969599479168433111066254
2629.4273340682346102394571836853113900
2630.1186595462240713223105378988685277
2631.0845849329838364599011228798394974
2631.5648880171886493916386654870059165
2632.2317199269309465390684788691306258
2632.8500411478490792677899474561841124
2634.2493436781959160854973926755217057
2634.6005046797108005825064975971172974
2635.0486003927181556652394897880631654
2635.9345080221149587248878691094017799
2636.8461183636772689002935269665978677
2637.5548422966925555590680388294831089
2638.2603770792069570331366835609287229
2638.9968519236866869898162533034504801
2639.7056859095286045588730583211768978
2640.2845497437370272916833860306285724
2641.3267280099535983375569753087942296
2642.0514096129455795966853498527306343
2642.4789192167037414616981391934119518
2643.5348344319800004628955987882990143
2644.0953527299796774787855681492133517
2644.7109491944820068015836890033017986
2645.8321488715861785645449980209010481
2646.2190921263443441039919138328952229
2647.2919138548293834435405094629262634
2647.8023623374003464205216380417081598
2648.1821078962463605899198043410457746
2649.6251692601674445376550893708960433
2649.9784285681890626269157042224411343
2651.0477767764515167366538750475789979
2651.1047689072552474553581756995309419
2652.2450965858004472822356871086572053
2652.9435088147789694395981195245678155
2654.0763818260270986982009724894154794
2654.3172929696179952363169965916924694
2655.0020567178999890875389546347903868
2655.9226539392111457643036746725882663
2656.7250796789148196860943048581029779
2657.3926691760782728829770767318851393
2658.3352246995383497919783771424870675
2658.6847905523322371806203926228037218
2659.5038817367797171603739326415371440
2660.4363857763303431215279258332719882
2661.2112012502496465085118179016295343
2661.6057012400902627828628639006589577
2662.7287696190555739826389592375441470
2663.3030959870958224355268241074114418
2663.8622828878496813057232986987320913
2664.6623826737310956852059148041933217
2665.7849830654889524235346709551143617
2666.2705798245909759406318019088889807
2666.7834270915296800684816949813614359
2667.6755554749893505083745104325651548
2668.3538871615225918397304478582474445
2669.4258507923845817472779838467056653
2669.8886621611559346214180535206130593
2670.6110812027632434875861599191044083
2671.3238964247873047449559168318557141
2671.9470760729138446729503462508610323
2673.1009922015745410132673335313555987
2673.8474531305607473733385846679410202
2674.0436668171040893772599825678027710
2674.8717731492732194000243385837033443
2676.0259141773956326611052501637139881
2676.5054357050129088378818521671410636
2677.2485776020084894414933445157661625
2678.0083002954782725827166970955171196
2678.8637311613491341966260769500537852
2679.2510276350038071587477613817013825
2680.3236342658201915525607523726059877
2680.9127641843385722868564777763732359
2681.8734929529840650853697545034934672
2682.2609114807657627143467705482763712
2683.1924191105650875044268114056576161
2683.7799887060161347951006381665753531
2684.6496382315947027590405710514585102
2685.5157780985240211648904817425276071
2686.2149888331915257301594746046949192
2686.6018206033634285812793856310761184
2687.4490668515353360956027290144013380
2688.4439226615303696906218326720191407
2689.1546517751067808659909458562762787
2689.8590869263073001349205199256882464
2690.3181016971415647092497584768812527
2691.0721056211946234781762606846893737
2692.2605880023568963680236058800424573
2692.7408940449215518200173828322417750
2693.3767494471076607825787881379783888
2694.1393212963215259046973357678171261
2694.9039797227779258206616974193678739
2695.6245538982680335088189378388658935
2696.6020374483976659335238004475013858
2696.9682774474077054621611605342809233
2698.0430454692139047577206364473890758
2698.3839327004556206831616797610569688
2699.3498598183331672154774595442428979
2700.1340076215715765158935505064618672
2700.7835351296592695647528256572914396
2701.6221806491307202829326388095672813
2702.2255819267475903862341119852429365
2703.0235549210887319316918012493609156
2703.5242532519546483455384583500530896
2704.7125003623927048054796145001050121
2705.3760916889360210254538901833531130
2705.9268006490510042177244443229417704
2706.2588965693225057390007057863523553
2707.7156532856222885027506110502695247
2708.1754434971078053173599887457858795
2708.8024586258097053445184615093363677
2709.9028089975521749568402349096719267
2709.9957239484051211734662878915993740
2711.0347374349848197315941756770119569
2712.0714348647126935731583146565252838
2712.5953968837393045779088164506326512
2713.1829899827077016635364689859444617
2713.9430899822291182977376292411488471
2714.7777652673441641381353748965941504
2715.5987627972037197527095136357983602
2716.2545928237695499891245066850241754
2716.8738839273503675483435619835748703
2717.7721313861522867847014081276506019
2718.5801036807433657804347305986665019
2718.8299980857593220433894671096097182
2720.0901154062842031214237020321371436
2720.8478334201123628768423754558715116
2721.1513291526016985875021993388394746
2722.1739591101710461979082216926178665
2722.6560643683152432775492577834292652
2723.6656000197228766963506108682132552
2724.5316480420358322218056531945208361
2724.9413375636769465696487372648004434
2725.8140966311236104565798692542254281
2726.2094977352945917712513471447797430
2727.5435445690393823371854316845044727
2727.9867033004679048700905613890251933
2728.7121714418661038031580403888480938
2729.4318994658693117116942627922974380
2729.9597236922360887299030051194049365
2731.0817779417444638243113559418186249
2731.8545345428397291116518899793245119
2732.2348603861032164415853570878951510
2733.0194742969542747438451468995419994
2733.9586938359599042382771849879129596
2734.5327340781665014738386588365965074
2735.3134803150771024975461819035738387
2736.1428199535205450422368673774066871
2736.7849981877487530907830093764761459
2737.6456713394910367094479208213710746
2737.9385420771414312189735182306776565
2739.2744410984160712197069174186296073
2739.5741335966544905756068793172022095
2740.7272507139128579907952522044500173
2740.9529019484406517995242010826287643
2741.9862013699872476522938280062635508
2742.4646859712436397365401766247952989
2743.5510836341169086956151759463485626
2744.4539242838869580564336072561429449
2744.6630215304281756939234068414983561
2745.3043450791733164460542020762206830
2746.4275389360544468150776838043547249
2747.2170489018473970236819272764056932
2747.9855330003765967469392200787948220
2748.2206382365339987969040345646045956
2749.2602704627665613444663004409612066
2750.0934017362654563725340605264076115
2750.6058390550381226126418339601949614
2751.6728336338850951539127908966275434
2752.2459876283187527533096593647478065
2752.6694360484296683693415755930884551
2753.7244727748915227682803868149938507
2754.5059430064943840776751806571004147
2755.0445739520811829662771247492070647
2755.8797156883548187548398626560390447
2756.7706098648513038294681203244728444
2757.1622835561212143920938309819317950
2757.9679337002682776788905931949977211
2758.8612310677136396111857692482255588
2759.6892172689972528905266397511708672
2760.2496770758958619431435592396796909
2760.9891237159322338808483799038180830
2761.4428709781335330367611564990350627
2762.6911863108591785009511025299822833
2763.3081923731709458166388844063388368
2763.8869676916422064045303977169305216
2764.5748727720894352094359800773028193
2765.2633096671194363547454021118804920
2766.2334481147034214483550123815045437
2766.9654639100640934071986795685461391
2767.7005809877429111365714657751703133
2768.1103440546304342548956626457488645
2769.0084258449459237834570156936041825
2769.8881948802314651647537815732276325
2770.5390487917745273534759556021697960
2771.3606949419261152124789733336111202
2771.8757109081412505137429527008592766
2772.6859884763307493782493143133036170
2773.4868261636924681905612887584031834
2774.3061745382516852036270956187759227
2774.6961259225175940768973758735958144
2776.0086948841743504863974041459730093
2776.4116243858476353876078307157892237
2776.6985162219037696383552955494884828
2777.9741633342236335947552429994371765
2778.7477406827688636443060371332397451
2779.2844431805014828119171934691554619
2780.0509987956204399882012857019904675
2780.6815841090741508079861716772419757
2781.4249115421145575811321252172477147
2782.3824760110333419248045448211136459
2783.1494190079195803879875070073895171
2783.6551113935170446413333241652575707
2784.2807805115263320550218698016280414
2785.0430672046111290950331996342326851
2786.2865556489272174174249006942847064
2786.6640992966592919118118693616381216
2787.1132908047713097777921410234554220
2788.1836796643294657729454516136496657
2788.7544434141895568073146867450599697
2789.7567206615627966266744495878588852
2790.1255147927168142456770569280509967
2791.2494207469665412377294792134910245
2791.6820744173321654545442123368071709
2792.3746263116386679363852376131555429
2793.2744759368496787894388282315383336
2794.0037940912457391123943276128320120
2794.7382800846364109961160303761230648
2795.4188974388980649457026213763808908
2796.2818696780637111085601667565138552
2796.6191016654637420131560857071245183
2797.6546361296453940224985955497940370
2798.5878818748997565906597574379145634
2799.1175391583531769883126826075148791
2799.6807631661004773782688488696405551
2800.4033165762667454466251054758476037
2801.3291203913134253796701216297975554
2802.2888646736535535734066283136654262
2802.6984402568354991038145606122092062
2803.3624267468654288812651593859472449
2804.0764962214897027841434030361564795
2805.0403628236626756718141683098378593
2805.8281170440837413548765071989813477
2806.3615593567422488845544444492346615
2807.0313925820666650396902207141664386
2808.0268542297095765960496099423802144
2808.3753733964456299171082310661320806
2809.4553804912714051928720722559455333
2810.2443277772101427026275129365532854
2810.5882652604249078925605586773868625
2811.5750027007940126785867041833358680
2812.2940598008005681726640333381078966
2812.8534576857939221434271938715627358
2813.8288930828816903499415683875211918
2814.5184646239665587717970466455515068
2815.2161607359735219410038677043889302
2815.8917599583110770867750180847370519
2816.3724925659337010749419459246767887
2817.6396181306691725099849760861611184
2818.2943863392583375117677953477182956
2818.7305286000034867161337596807817677
2819.3315835848105536243377480358478425
2820.3877578792133932088415701093494922
2821.1454581575358987151892980485519371
2821.7029519631228972149156959802932076
2822.7952188067981835377727975833311330
2822.9922695818644786726787376103630580
2823.7139723909239657928396627526924131
2825.0810478702987406511253507641356671
2825.3574616439680591063427124893244728
2826.0836241061700288395503103869304527
2826.8274059095467606488787543357201864
2827.6215452138230597553765071823088192
2828.4508480288063407474610215200972655
2828.9416091176114217178390139100453789
2829.9656103118007180172384157678833318
2830.5236415519139509927494185920615634
2831.2611388193865167024830577411317652
2831.8959059854220789125131260503676554
2832.7046359804227571704546940192794593
2833.6650117235251246281688581733288849
2834.2933714886727029854696165982822909
2834.6918179498850498660278234733157303
2835.7412118448108688329801190836639983
2836.2096568292728613727184669793457472
2837.3474839475282062908460765788081579
2837.9268650591945782734122349339572438
2838.6080269966160411163162434098805907
2838.9663882985716762583028505671621424
2840.1935076054204065316371740182325275
2840.8329042145270575410856738824429805
2841.6175478881212242721836262910839304
2842.1952247270836011852188271178468725
2842.7508311853507959435750373221954799
2843.7591243104655236263589294511454531
2844.5642147301391808555102017380679171
2845.2023643835668962965557458114001215
2845.7005255424624679522428252236548922
2846.8858528662455574142119696304025992
2847.1077752920595817307369539194261461
2848.0827480482546402056220557798543514
2848.8654802863705000234827759292788644
2849.6449828083603712521918950283476712
2850.2345747919210400516974550292826804
2850.9097753603277038538906561194026787
2851.6742063523563345802023829198497803
2852.6313241254304352081291122542013045
2853.0815123404823978835160418240617350
2854.1472771024703311902542367678778996
2854.6601998712461237157792312395925762
2854.9810031854088766455438309378048908
2856.3188668273161948713283690542744793
2856.9992602510814882991637693210433602
2857.6482723279555457987465898944453259
2858.0551055612904093378049173565798435
2858.9133594569910299764757268707945604
2860.0693597301642882854751301653875672
2860.3833309432196443378491084182048544
2861.3179788515353000146939718389195077
2861.8264717822556581098004259924201497
2862.7295504017088020441626086559417108
2863.2656776336701675544499054093677554
2864.3910987521771781028710932474923381
2864.8660898673282496096898976406283130
2865.4918440926611244483560069911626910
2866.3194618820824056580506369475254244
2867.0953306942925943529576077699601248
2867.8436217078111535531059167348130097
2868.3867516275755874221020718498214917
2869.5111327103099991286551419315335604
2870.0011031149263122653081963823123019
2870.4470913120264869561985498206482458
2871.4238815424394657358325911368229072
2872.3943456867479280483147958290863750
2872.8727019655228561140418630671125717
2873.7147563636281723152334435931545158
2874.2017663360230562445681491322808772
2874.9253158819210492844996713537539178
2876.1425839698324770923054769182078125
2876.5856300677874432317247886999174877
2877.1468617972076017026596099536313761
2878.0038147192950584331878092279275544
2878.6145837048289715945336280740139273
2879.5543588590992881724446441951639164
2880.4338867666418475911031862953101162
2880.8371416482024651376853420382133598
2881.4757194436358021706654005224654023
2882.4528118480629919716104421883817618
2883.1436957810704942506582805622519167
2883.8697328326396836945023203310281191
2884.6506043007801592146414407874698276
2885.1833409453003145442151397552253004
2886.1354812299700834517631993490743887
2886.7050526011257676791226301208374229
2887.3818958610981126627817559459868950
2888.3956929964939083767838099477292984
2889.1144487603221273059560124783168362
2889.5139463605833229795018618624803022
2890.2049221939952975108879256948460164
2891.3598931476421948071539599014702204
2891.8328102383680795787666405191651351
2892.7256557974192806771296275483962389
2893.2172148551384289308880403793566570
2894.1167895869084342124989084078843479
2894.4850440484118356946389317785906418
2895.9767652829334049765079206234908457
2896.2209325548172837777653270551700602
2896.8014333678590733450582974545338196
2897.5289841807601625125450649299476339
2898.5502173943290643524247255131877197
2899.2379810941657732896960503851734071
2900.0050251714865405226490788229845522
2900.3922954995992974644050764777216047
2901.5429904702030548648239815408160688
2901.8853755627714796678612799109548252
2902.8411266280807072164947284946349449
2903.6098100198644079326357753582096765
2904.2869847165691069167919877952552056
2905.0131771951141160716364624362727081
2905.5489878076763364012630808434979117
2906.6333618060718711457700091836500555
2907.0142619694067257152844114418012768
2908.0128591707895570258551350779395254
2908.9009204967674054090260311583709374
2909.0684151556226233190724455900954800
2909.9941295128670723806914355259903999
2910.8325910506848113289431230890983786
2911.9027793020703526320969897833803971
2912.1470820476478878637503159509051624
2912.9402846665624178950114493169532480
2913.5135754774402540567454362449026725
2914.6963229804594017111804377369749822
2915.1909097766230126021626323396583635
2916.0214019135938732599101364835496415
2916.5742121947068405741115318157159155
2917.1427404531722078663259155434599031
2918.4902360831764589231598158170155759
2918.6189729398750067370783882720364864
2919.6200762919394577281212695480831535
2920.3596916977614760388282390512794197
2920.8651881840131950524141672923379657
2921.7368722697124720242778305962665692
2922.5624667733644120134271751421314332
2923.2735170766648243161761469856757785
2923.8273016452684394631396760018098307
2924.7341228979606395219246496927016607
2925.4722851845198792226676377318317238
2925.8419369076962515285835225519402565
2926.9845331407390860274915730265868716
2927.7676625666287525524678569222861961
2928.2574118517864800260822097394133532
2928.8660365055345031154802820866365018
2929.6270501851334907850578015979993411
2930.7548233412363085621412340300787394
2931.2704023057306820321555549013391187
2931.8634249806829876471812383664486261
2932.5811764064003411172194305399024459
2933.3501271223174639046713436725817773
2934.1541653587395893908696506959630893
2935.0489798769140228909764174409062467
2935.5501890301320762513320944097437275
2936.3236361866344992908943759332011477
2936.7170415556089568575237560328124510
2938.1259707012332197855124146259935476
2938.5851293869840155422722526927753001
2938.8958845752145508403364791386969009
2940.1280239344719630835237815187530206
2940.7045793294270613025587369706564248
2941.1950657557676415874357257300091465
2942.2543704081813387665360029517042266
2942.9033568279813231252004432747931939
2943.6035186758588950036699973679395504
2944.3405386040510646849912346925396778
2944.9037877815622858783638313988446324
2945.7163052860094745747336996853542502
2946.7991155056938228808999902929735510
2947.0890835860431227536982280468180073
2948.0872622598238236205911733688128590
2948.4520122949650088740702597959689552
2949.3370807702850457165305621276697147
2950.3170931619834259356312839375509659
2950.9991216127922439436144106606458664
2951.5853634456366453098274918304455945
2952.0316283700974021019467804244652549
2953.0956248427978241995492824755378993
2953.8980763586243615710455605775532187
2954.6110249887936071659511977567967348
2955.1446495047778168401689049408933339
2955.8395563699466147779942136828804413
2956.6900082868940291909887913033808916
2957.5324791136423556894113520812145902
2958.0856631815195241395555495060114186
2958.9091901694755333577070325441604624
2959.5660049793525939233621335427112682
2960.4006802198847043748944129082844431
2960.8242840198767005022893514001981420
2961.9340813399684976661147738596484772
2962.6056915516344961507654870583972646
2963.1014223893622585058952011969709877
2964.0308504614616787324904437700183611
2964.5805501694804276183512771161434490
2965.3347418916624561616871309891031097
2966.2877964182483008631215854667639480
2967.0035095949820058298974836229640295
2967.6511003289167608638177108630281630
2967.8978481859677999980566797307768821
2969.1556666223762780094970388868861614
2970.0292400154219592492825575740964731
2970.5277454712267694932276355590579708
2970.9760707698068575180622088694670269
2971.9743659431436061783277603922434194
2972.6805570115140740865826756608587080
2973.4285128746698833355828285133906888
2974.2949762396911089948893900207169059
2974.8269786085751130360526609489075874
2975.3923240179617034861181271192999519
2976.4017984886088869686778925383504168
2977.0129109801463535657799010316005725
2978.0396099019528228434150298986286777
2978.2293040808713599851703447933728867
2979.2881454667772439313228370837699459
2979.9528418989025382965416855293610603
2980.6379206863976360870613221696589783
2981.2818889269291096342928960943544266
2982.4567552740380997585028313496022836
2982.8254736415170219916248547490643053
2983.3811556585819197924669107561819264
2984.1969292698677720334352422748077711
2985.2577883573075958770997225902427579
2985.6948383918881982372076073659941978
2986.6914061979444525065160341425837478
2987.0657409303242254588500818460882940
2987.7118072230634959732483853609501009
2988.7907391042303167757017155269315796
2989.6658693874230825261173209878349710
2989.9493816971340101172169637283019656
2990.8451899193053678277858538426848488
2991.4444169847290271723447140533236235
2992.2704801936600694360953186205073702
2993.3202401096179317564819631541978958
2993.6556230949577754748069570824397435
2994.3903299771912415066944006201827674
2995.1435715973324449414346551094657085
2995.9952260743095774355501550209328570
2996.7280668994238442638903433797395330
2997.2354384483087356305601205668454193
2998.3356651926711026803199261261074930
2998.7641752981383127973493100974310437
2999.4173956841540795001101468101050342
