# D=-7 L0=1 L1=1.1874104117237259487846252979493630300 Lp0=0.45354689226184466010519606809980931889 h=1 w=2 reg=1 chi2=1
4.4757382837286831319746284871931309204
6.8454917124913772678397977947848097870
11.160184543119529655101818265885153646
12.489603343033134237758240030507175088
15.112882258743768659628369736656841378
16.802876475728853982349899698677650884
19.611878056690031028743350936636985783
21.899913703318322486271815343684276970
23.162971799736578638404938561830916692
24.498847555356328973089618014247392733
27.361477519001282523444589729431887976
29.178879666363470696287765538112189462
30.721899644547575587639904102723196300
32.475887591542075807844645400730401034
34.111240783037339521752335515212493121
35.311847458977969626587230969278687483
38.364637336031365968444591803781826243
39.482578746661921722688721218104835886
40.710328651653918885803246059620055823
42.304857587642650580728770140580580458
43.931854287427145657230412215150666589
46.194327427405816062018739697323089741
47.298585340276698049627535113983346982
49.235894262416259558200137889789863853
50.983099434947909410402568695849434466
51.296631458426785166823698285345963605
53.246556716448665859135273304786503658
55.639330768799355361121405532884507732
57.012687073640310289710839516899026369
58.281923096111639099146406828268009399
59.206201945628542540584347877948090073
61.356287385982720768029811497217428784
62.324608617365779347973282215441356525
64.103261131230510316881224752758747566
66.126640192126249164820026552297842499
67.149320310242677769862000503387020470
68.614855143819563590962059554210018887
69.618030821396564740038335910038597781
70.829902336758543036382634037677072790
73.406720929511621503130460636609463210
74.547140922263750765692325852698870182
75.465732176025939631047459273676302038
77.242745429812634242202184721217809521
78.494846517302300218378897046822625197
79.582509767098509776831457959888028952
81.064150238779773022884912307340815598
82.874742376284982876106330931046732771
84.700627931748396866430007101705790615
85.594741477040860484751693486997947714
86.478453083226031122487619646425036631
87.825015272948974159104168687555595483
89.576403137471881951959188962126172424
90.984722411012988942827419809988912356
92.779639034816960056884940331709965984
93.443685425392558803067657736141157426
95.220606704034581988628067644078279747
96.356298690370916488881007665215149760
97.665110120174716744443428515906399638
98.198032230371016042039387309435764163
100.93598508097000454858421289764543783
102.03910755387027323096204895764627875
103.05024709816560719708771555628493437
104.26542636832115874798333865474258224
105.42750128770762723082291563000325617
106.76344427751642940432979014454287542
108.37872534093514223392673801835936343
109.60352424223093047252151003439045452
110.97703578205801760228109849085185140
112.80442071286121297194015962523323122
113.39626714310471621378647474205109945
114.58985762137753604406395810917539622
115.67551041555724129142365397349098347
117.17190342305539771077064465516363013
119.25383489007485262688964512438021956
120.20003538545002805555023541483662567
121.28624002285172874514769469481725625
122.14849909247972897499199739329071849
124.13825939524156646709783866409796132
124.80156802038890027051462774826075559
125.95114680568835156588878344274284187
127.73629200588027710655362618451905853
129.34114126187280540013508690115457650
130.22607482293847147123135821490805337
131.66886217825504284157361018745611995
132.42929165556776896017702896079802330
133.30291151097639585367766840610906193
135.15672202964702663945259735352072535
136.99537974630136344163113864490024090
137.51930138686469959737855676930674906
139.05702917271879245825216273793185660
140.25886569856686531953130885801664496
141.42001499065210241523116167372938948
142.53124843263467339559051002557085407
143.58490160392596596365672401619816070
144.82053253901272594850462877851785426
146.96784741550611728590412806180201864
147.99879653259773006765267385564590945
148.78064649273617120786303386113913059
149.74656964041912550829869662013204728
151.12102049010469359756688311321696318
152.41411977401946161759086589699784060
153.55742776520127754194234349857562962
155.40498430124191992771172638346875838
156.05439921386203017336008863744914279
157.46847558742486130137309839072162713
159.05122083573073638199802361706451121
159.61705907088505036595224984618889454
160.75507158281226589157020437178730072
161.60493957408740255305310241798509415
163.95492504714908016141424627455367564
164.78940132203588338671014228088920228
166.26782980259590907361078294613150450
166.84433067160496966729763155104240709
168.15508643880252103629340320350477958
169.22896013750059855614477287852556684
170.82989402239159234398796230208368402
171.52410920533340700496499239115266248
173.00638733056806698833568248088205728
174.61704594560650732321753145955147674
175.79223912141447169806875705554600597
176.64061076273337405072263627648982902
177.55097023319860877832305374731948953
178.92998041982781257965759126170395668
179.57897603400396478322258429341694219
181.68793234037264441317140416127367620
183.03988739917129288911579342705069685
183.75551041427413137070050764077359759
184.66239625280727221251473315771416277
186.26578693274519549517446269501653890
187.44131017886484527868851375724676755
188.04857600756198999307319139199571705
189.28658478861258692000823910859918737
190.83640849874178120410259653875140286
192.32955696434825603233223618038899884
193.42597681047925901112527229061307412
194.51897454436049347579916332735489669
195.35461187283487192972983225615199420
196.03920045360283457770461687623103202
197.79286339635280756843705518205459481
198.97178075011769756641665841551788195
200.31597335508316222219623233254891934
201.34382978895180836482820976659749450
202.68414441726377183813631106620949007
203.57890905758695241499814964448891320
204.85993050278845681646612012588379154
205.96221839061128143721423338000051030
206.56061875149042898202791002386603894
207.84939380027561174174705045475026791
210.04564617689443877956583896449144139
210.99132615737400091489594806470956530
211.44513782724974592780656554983208282
212.91999479304544413612628846444918850
213.67816623759064835991795020651664236
215.22213036464204689254328749941123831
215.91053322755051818556951652918181417
217.55838397061367357818470411962397120
218.67269144806887103301181898559090571
219.65544141908228854995596187261250563
221.41700857735767700546889080381452972
221.99346818625600685220412689347272578
223.15229695095977627197814048364454143
223.73646925491057396620452235577198149
225.08445854057301937061238934016967069
226.67949385384303696281083744297389147
228.04890206002654234525155378778827929
229.06135164788608609719190121856010641
230.08122790079791679320066981812917317
230.71212049656829477920814032693946939
232.30564895679240150767157604965879764
233.35252847971864488213827929187680752
234.36110349984413485876899647770539677
235.10611758942016979206731647557957097
237.13211024400742139328326948755796193
238.10342114778544361363029519880935666
239.34830966356882478316667650199883502
239.91387988912554673727952896450524650
241.31491750466661281656051606225473121
241.88673772889832195739762224052012537
243.09275940417703806147896800105389584
245.00621290518803030766404199884068205
245.85972999576318134260938430705957913
246.97012734268761761143929775144449648
247.77704008355555332128159610802349190
249.44685667006483627381338396369678110
250.16541930968066855882064500238165220
251.01351005613736979339553676925067227
252.27979640116661959559118212371329548
253.13518735627612691443569538903089083
254.92704205699088745554271681656202130
256.18264779940263692714099337363414268
257.24761311939929104549373192193364977
257.83121557057616846651005105197820587
258.69989242561854517484802461462246192
260.06802608530239421048444924739296165
261.38123203331971827472651463325429378
262.14339735273810468369399720412764829
263.72568135213662065325646841844336123
264.76816334678977015155651366987972154
265.81749092602671023511794190094108485
266.93841628767780584397462758059686886
268.15090312086761879100252171586692663
268.99910219459929330782902954192528223
269.58852582587462053189618767538821639
270.80278243371730346357742502269564504
272.88429382944095006976785415306614250
273.75687417958402673691806144834866543
274.52434830169616430654556320626439974
275.67534795398001852154035381618054109
276.69463188284972471745000994598341024
277.57612965946194647204385107319208545
279.04714142381527400442942472477316882
279.67868556544834325548851698745298792
281.25850735103031142066246678127788944
281.95710935825860724917327877490037571
283.95689214626680279661598382213463777
284.45878648147577451213662025671579474
285.61269365162027191515624501648196766
286.27974308477750590303130144956366799
287.35934227554647614526496974634020629
288.49188367245525198210855147796752573
289.78751078062421597815242620567497041
291.41426089436384207105263314644873764
292.25352535451617640733776342398075719
292.93642505999449713575137046841003077
294.06603089176642506017294664539990290
295.41072103867594634983488422999641784
296.55223131251266529998487623597110617
297.01989390581607574640727126221557240
298.06010660741486464600673710395567909
299.72431761920965845677255533874627688
301.14944118011866898512496786882878822
301.82841667283918913662697973772790054
303.17874811781997950687122278460735250
303.72401307347250731118027453553985907
304.76955339028917050956879299038195262
305.62636290867293540927532089271110845
307.26440640849950581512663884277573009
308.34115774355382935347499990278188927
309.33717446611728177383323318554233993
310.48208073438704382226091669352491770
311.53239035593633887389849192567557316
312.90387299496790473264961662716060071
313.33261034018359454374965574371746686
314.56765439299293857445320771185120876
315.65973634424588928420038283821414883
316.16512415182298361795650872757266055
318.30255783285434005196667543593704752
319.43355897620682702715316614414668569
320.18616278730988607682577902993409614
321.00571165945412859783238614078392139
321.80453682217771129630469248664439743
323.44667809737814701620988600147511803
324.01081144042413953920735448211305717
325.21517620724252123578130088089378659
326.37823032198908920212723639200159793
327.79245973297904079283537436478809282
328.47934932892720351792296836411968953
329.89576847952365801504509451356324126
331.19708326348611500376575638475513193
331.36632933986761724593283794987618933
332.64376287791893767689227255800215080
333.25221990891933757188114619956279189
335.00705032385847994167387621129210876
336.41913067427425500848972878196342945
337.11999704948072102388752715198542235
338.31711379777761984100056265946427613
339.17747589181640536454733274628327143
339.99278202363069560948624347010793576
341.37816312356706499394573843310064797
342.28571410192617991766083844757118611
343.27164784819677753485811875907407261
344.06456265598430120051086812771402759
345.69315897492158032796621707169203116
347.20420562786851853654968174799973170
347.73671207835332529409064507407710552
348.50849471049627689540435420181520818
349.91909127935747561283402044834760358
350.26517758410029831760620928846936732
351.65636984858933648626284621386265197
352.70505028854596985177442315240153441
354.42643689352142400985608618634779941
355.21756849183883821129120438244878047
355.79272617353311179079209697667508740
357.17891265208066312295508273038836865
358.35684436232380684993158888873850787
359.27342671648667357693089190481740830
360.02384975967624252408623045351918123
360.80358253612712052618974555783649696
362.22416688144796865061897516424359595
363.57823383085829686224425322341407700
364.86781440923402107466997303170814751
365.69178118083974804808797500011525574
366.54892014145641048826418927547393322
367.43557920869597530607495875717071255
368.12209044805587478008640690322960001
369.84315232984791244684629457909235085
370.54239683962288794384433804711571350
371.64443292215251957288665584414352066
372.95049985369980066058321041410532992
373.92775239359096764956523454603373324
375.13534670819262894095199713710541138
375.89807010804867586145544719737344034
377.06069055129042841291169660334846399
377.83514150573191220929410914057005300
378.72275412500807813400130238280728144
379.49116361139379857709010472994552138
381.82601172232487747425280591311068158
382.19545738997232254839152146396404513
383.62057952128468139504834877376393260
383.82590395583412671922626872216932426
385.23538624187230553872222500163260146
386.35340673000154001739582520530672774
387.15303020631943183030670012761049711
388.17935742545694596612992639192400435
389.33709689396931379115266074094130031
390.38152128893566602647482584611156461
391.60574170907355809026917146666436885
392.81933685807574529378151316342886919
393.93599323613609936487739636316354470
394.52996109799499331436316680880066862
395.10319676661671779630336368850395838
396.46330965996724690534620943072026448
397.34355227077061763034221089481997828
398.92734289624754079665985877216213597
399.80701957214620211170613805329067504
401.19807621876844861984730641301480010
401.71362124138835188603545329227891982
402.59321737791990258258355004707799313
403.97118516978678755335155682356090220
404.96146040916882954921860340240227274
405.82621256018430815251778810078522876
406.43882954741749982409157170892026355
407.66113452304763840197721129357484097
409.67152137737434909513677601304740600
410.05273258701976008540243358694571456
411.23645844696916633621866347551626140
412.02803766205095436280651254254187044
413.05861435767423307760799252483368746
413.73927600049085593059161857309971171
414.87137239111742646170629140044437346
416.16669749534874220993146746425965136
417.39617038211910553969475207409231377
418.32024603711773931677730615525341730
419.04651158673348289677709855746395457
420.56170223804387851610284177210880457
421.44234427364384435490937818179421276
422.22494075610626947042192401638092475
423.16585977247171283254215716497442250
423.98800625946879138389998235168671358
425.05491811457763934016366445948369620
426.36716654207910113356949037426093194
428.07557980486117782577501408148377325
428.52055002567081732289809246201589873
429.47246542287610355136994620467552856
430.24126027568442674780064310749169173
431.18858517542669069585093042340997803
432.59675686511530321133306430973690015
433.57706861243795323841802921500942015
433.98563459067421221855159944629624461
435.71706575998073053557312926758490962
436.63000434841877683463841890587572378
437.70976406046858499934959793495687296
438.84184300451447518508655505040108591
439.60003637036963062386996848682619097
440.74577264283237834050255683326245803
441.32078221228711227259385869512313460
441.94713670658740903612852084220353040
443.70591723981948958097293819481735762
445.05797761779688849554853388927572240
445.90467950962248538956430021461167384
446.57652334103898755279614667734778737
447.86414943122796255877735304713434046
448.52525923023121749185115234902446736
449.84839408667394714669686425062897400
450.45243407983230261332660946396416582
451.86341653905181052081492463877717305
452.30782550364466385734059056707261580
453.63218773304794594553725749932391872
455.09726833425570080717850474217787294
456.27578699087363845246615340390198081
456.87108232207545688958332767235804304
457.65264536496608205958629850652771900
458.51915171036358735475138741753912619
459.65843029565155843651561164568147235
460.57321510912842939498462802778454237
461.72465546751143313925633326182372048
463.19628197630573233445858805418662307
463.90396042013205773642251583877355953
465.08600378460731346049529484133341913
465.44739934649312717628512672389367588
467.28363657265270163165268353719332015
467.90420701112102392140105069695946657
468.54517873326766894635612697280065782
469.62530847460610645244881284615814764
470.35676629391030087544024216260165439
472.27722162116401192484668987356438210
473.12593843861876005454059679862575030
473.98453199041915190130131126299846926
475.21128355212596366029438143817300744
475.67274842856587570946155475476045087
476.54612404257304457388552373319830388
477.71143302415484481736750180134117977
478.84981419685103300588911272462796809
479.92597600696146960956704846259064865
480.77315312552449876216250709894609911
481.91392017850077098458018778622126352
483.12551217248311584760042538341562564
484.11046006896135317583732406441374957
484.90680322995146269058016136739319283
485.82612959140103157972206105793431211
486.66055601652801552412935363313649433
487.67571345151092086068214057212597596
488.32870852699885810620089898441231679
490.26170855698531757514057682414610101
491.31807654475844563758592687760431232
492.01907557171626506662066286604931877
492.63977212009478265732337597088999545
493.72693692314872176830053802486308777
494.87978612467975282920298477010492315
495.88183592085717818428889751600733726
496.68988500873611767309163918955227382
497.41145707827494801807338870123083348
499.07326580076892986642233193013945670
499.68867908908891976358974967835587751
501.14838182601834348576157465586567374
502.07168907355050819310865020892762265
502.89423353921464845721554687137181565
503.86461513699943979604837087236748569
504.25364164145626588309866766542547683
505.37125210907849625967905891424979477
506.88248851169547248424401507367141142
507.81338983354244941596116073753791666
508.97470783179500125608419330555318938
509.98277694259285899461477644795892972
510.55026156464414126567183319258071686
512.04888109560696280897781598940221063
512.33027809065982740396698327160085021
514.06592812042045650580991353725627419
514.41087107836823405932829786016780785
515.31099585494899347820561609788040670
516.31617357363577066989156743828365196
518.05095339587758487535555085583291709
519.19701647901224354752156660636308120
519.63856494967928011258316642778931287
520.55626520148341364828205410915045376
521.51882107956837452842508062893146359
522.44031459780172944099545015008424348
523.32101477305831482128242221405032486
524.42104299467945464575993072540794468
525.62894202490193153036524061182731922
526.85410272583624676224480880197279275
527.44631748057568947951745508756533479
528.42520687837600641293013937792379443
529.86956694598231601610547166590195586
530.62143337388340076413165933172398748
531.39129787225948827667355663079792807
532.06456225443807774742327608175632725
533.15928334640790674545343973695765458
534.14029291009623364875499832091766591
535.82017988534996560330656839812101605
536.52637901012338157435581250320169525
537.71626025068826006036276759341776501
538.50232088287922732660047838095681572
538.92826843389761939710226868198518779
540.08058977343641282375549119475705788
541.56234410315290615368085316070448984
541.98125053274732339217603646569393005
543.23211927599965591158141223417749896
543.93384120496285284558672259227904209
545.56246054051745248940354056506257038
546.36200018178806953663629475960175120
547.30885146132091580677049896687984313
548.33056765972965513344384955576683434
549.04773078800613502238469413510885604
550.01701598129693637547086129181311324
550.64552479702517021824680498621742421
551.67308396623027779304994417986689061
553.51289976241732555161640254327382724
554.41846857309574389515113798628787577
554.86005664492352251751831699312964436
556.09263161610986120895027935631663583
556.80138370067387971137486497069854226
558.11056580590317048998239079664116702
558.92342223520734058024554086156181527
559.56856024839080794981078125277145628
560.80362399590338181143601656642433351
561.57532114135824041355261806279467526
562.83761717424983453633366799259822224
564.10273224366266599908166511497425174
565.33729024251556927063528518343921628
565.67781403740002008616969038352449707
566.63114105468727261761412316975530887
567.40667195624827228715646955537279831
568.31634807902987596505581512880672132
569.83626945963259191540647698828103652
570.28387643447732853692452958433568320
571.86183608146523842302094197023797563
572.75457346041286601069063023482753118
573.58348971803781664352799649092212182
574.41235883705283137813747788462640476
575.62471458718153946153391617376455894
576.53242576808823584711097994176352249
577.46752491140133849688346173353625776
578.12872158225117645700633620897392200
578.68310856335948755843742025598841917
580.53355803852527598206503932188333536
581.72102115395133387002333450531623097
582.58818534757405541716560987424319014
583.18462423828982259171577315889765675
584.20195110478645052844188944186167882
585.33662344627151798474376282827128110
585.62321771975931168118291444553322876
587.08482580199515558278680290450644417
588.08611095449386671261596978029892654
588.97538241472662682768449775073207644
590.25993228938219860185988810960293792
590.75941405224698804778786286484114532
592.39186699938719306632545207183630269
593.14712707262697214565372418970026708
593.95148033552945668035306938955702957
594.59654912722431561010035041236271240
595.78520234886967010614581271079255846
596.34725768898820136552786837387886050
597.57085579995262955949222002138864304
599.00137474524192669677065006248974160
600.21114486013384374377472879052202023
600.73373524827740693959419577687820164
601.69857087022834842438544086809754814
602.18673011773546616208319532199030660
603.71865533991092955965862549733787655
604.54099915274370357270942278676855544
605.50253094181052046509593426886698633
605.96491250061158456705994589225929822
607.36617951668575950131603536645797460
608.55608196014998668005002599887257777
609.68584717453641399286349092961138768
610.33264248515103435516316570515815485
611.63080792008208501029904636326499767
612.26629886460058988542590326213737141
612.79153937404070586364028770902993118
613.87573147679009596863912361828035799
614.78600321120059549720913114140364646
616.49704772198582002897053816427863338
617.09675505900071249747734292841237913
618.09968349843727758532439304958843073
619.05206224667010901957855346121165337
620.00061908246172829570818694759676699
620.87093159104278276066043673159892770
622.03417613894606831677126912064676884
622.55310463511909044738031687710480936
623.73959345183794707681729427186627729
624.41366342747683633849129955815263838
625.36793810522645001483443135973035098
627.41676019521286987357595621005998094
627.70226594788385570247631830609987532
628.76139422162881637466799982086868526
629.60817222984818895325992382437547754
630.05786328431171917570921608047658062
631.41400642973073596428136003091130748
632.31149348071719513197205058038438753
633.14765938950426950817752825798630502
634.31238110705542809721982529793860072
635.62726464047123357174386543096736122
636.23157457829916081930356270483930588
637.11813698305222233020156160545425769
638.38108213173318709433089735470396352
639.31876246400850741234401586120244278
640.16062257754837305565425742019362434
640.71911410606454775065782089572628998
641.50257563684057316201557646950040695
642.67761597368656352508495678753902146
644.25144199079337018555783092924592485
645.02418599917351506636937957255114812
646.14327695783492505571689651639498443
646.71529721341569637585819918295617941
647.82401314556203534497951424519809909
648.33871461081200770934483441903427886
649.46334947125799973375973242668827990
650.73173869209182598799897552655991542
651.42641916047289778315822980010248488
652.17798415043433669798288666752344111
653.49260730157063475654580689532209559
654.51116482666684531117665140114189667
655.82754057769021288222910227921617878
656.44983943440644902304894051078579536
657.01094241315051341736787658589039298
658.28842077040427693273768429328207696
658.98814807175153352390895947774244917
659.56593090183374687224890199752849294
660.92409430927970089884757407192380400
662.29940574631719778200601875442038374
663.49109209535155491028879647952397788
663.87740476936716634121691162859676333
664.63868000095137644055524150648853825
665.81632441612355103008026584214825310
666.98219527328002618000738384925044336
667.65934485786917988977334974024033888
668.49979503313996321505922721670134962
669.30645765936604931368077619969404226
670.36260973425325134444973525701982379
671.70725286398142600624464554744998644
672.57079383506458433739423988540475695
673.93090447443048115893593053888134846
674.45251835436750432411939738996560092
675.23115527426841689392439966583282493
676.14324121105183163437337176789805776
676.65911465114889945184734001610333633
678.27061117564173279559382157506154259
678.95423437364598335422200257770849651
680.22898998123783770337712130017708790
680.97557762455244389383063961634875858
682.27385527935837627221559812937752619
682.81612716789680366255858529016516368
683.86355926000184751587861967205969946
684.94540668885907057220363405533052597
685.72802532534853035610983536533043492
686.49872762410138291690543489061310348
687.41241501249668792184206112717650344
687.97327275536465995788774691529267119
690.08790318009339098667029383528125087
690.79427602016028872659983021339927626
691.51993295094607270445659846425785942
692.30081116800377413300189526292138886
693.35846366977452177908766040651380524
693.92530689459027311597720580641763652
695.31535122367840042832273513065017673
695.81285709430947425045677397902233967
696.94812662751461009686607792613937772
698.36555704714219936954262582524688627
698.69686875077299927067902614404143838
700.03967259408978497589751036953919484
700.99419102665214352178316422369938197
702.25789114919490304191658744660947859
702.69240391631008128887170420855067240
703.52904096445761623268718759711628720
704.20634848029573340044802526173883780
705.38029408985393406767230072665727673
706.28373507848728928117587281118619806
707.78080281498578533567881713794611653
708.61462178663751177350807317920946044
709.60358973101779264362244724909926604
710.35230184761166719369925206373840904
710.92079904948038244043979321417918245
712.05826785711102617689242457061349820
713.26722747735689356072234990326848459
714.10325589134242178993842794428245299
714.59059340979643791274382082945786578
715.62029166461613260019558687012782363
716.99766586997652264967095088980962387
718.12316379950689330547667535316886494
719.07944530215076095735939695888987784
719.60506318979638513762792897525747306
720.85362390832144911292466397322328222
721.31139749925127847257357208182642733
722.44601575749059029186490670571972584
722.78980555812281076780129995171467406
724.48653607842571888356311632582381959
725.50850601952172622547379679159518024
726.52011216265680343705697869142069397
727.22323129442560201239025574386992949
727.93563559929606880020053387140630251
729.39467116295787909471691534143808746
730.08657755401372366240465734900440449
730.71354045683323408542229188740146482
732.03436793320010785436792893879014171
732.34080079414809123566359928190744286
733.53496177461524628813106001174686049
734.63561638918264892042838825338278122
736.05694368052292059574419996120108922
736.93653381072567041577749598916838910
737.76386372836241274930919570058280246
738.17103717670534693472288051462222942
739.11827652482944533452120669660906964
740.19476273756050865592540140596984977
741.12901630881998599260304707766828919
742.35171737443659853802750502531957396
742.70019762375590831242361505370473347
744.44225900018326201705693854779211492
745.03368001990299404907189510063842211
745.86609350972885012715987740988896723
747.05912228287152238528060303226677738
747.88743112779820233033402892198586554
748.95035538380586937516898434132306758
749.36218132294212188209863508049683552
750.26020962255766861905922618231705550
751.00128619271387228370586816045827346
752.77494606425922589928773313455668748
753.89632351905608975396762111538108937
754.26395175018140461232708481631626171
755.39738565003040130316258246126259456
756.26421875217277720039516313670785340
756.89378360940980703295786838419563544
758.00929653845097554140174404829163379
758.88315848573542873445505371578810880
759.85613996570883055270097957764144364
760.80561809149512485769825042375874450
761.62050913808406967092604789526693464
762.68481978634642904705854771077224486
764.19497422164085307626567885555563479
764.65778697383929087986132246109288718
765.71975063516600808820382268618590153
766.31489513369176653888441901301123010
767.05244933195681958596863412050367510
768.19205017098782237373192493237579206
768.91475620793415444783624036848723527
770.03052226374354136838610410577142916
771.76745061969630261737150023924027663
771.97333745007860304805628882627243225
773.09501484665804132052837312581146967
773.79161951215602630524071256285257939
774.59086932961686284031505786120306473
776.18018139202946895538010859215666081
776.61825729364929407515060312475445116
777.24984891005001199928617688598054767
778.25605463190537102750117875005086170
779.22167921177143749875227998709597299
780.68775379272122690677839898099369339
781.54188459625580291727493612607776820
782.47961366469395341374837743214559144
783.27731708297081723898054335440479650
784.23660104272177243293564768083807766
784.77636608693832395118571821390552774
785.45715760537554563870395630652666195
786.86635340554486669367226808011078028
787.80199943498544296807505062677859957
788.85820641252183410971925986641156923
789.71469024644353410382270137880682291
790.60354285204723788277342524897784468
791.70730009250368250202492559833116303
792.51088215053789561497619869631546391
793.52058498828224452580152168424891147
794.10888075214618557726146218555619119
795.22143084341814310077499912948707213
796.01580388368845607224072897939380947
796.41409886740664654602875943621462419
798.15228880553553843352932437863533302
799.42143182818536861729212080752735237
800.20749849497531905797547701711783413
800.79270900654754675899400399131737721
801.38583035690111858504334043228472844
802.66893498258548503590401459077507227
803.34684028351901357496739547458483523
804.55634168535483429376142923350272734
805.12673680394148488050653088868409550
806.18136803358009132097111922726046143
807.38792306090758364905609900875729056
808.37511529380178216628568992048377444
808.88290009821004924202761740454297416
810.54114631832517037708609569926186155
811.02400080948146448920964088489002838
811.80075103283807015563177027181556258
812.68833585714610189442809858454256282
813.23697802504766678981998223397604427
814.25945473660983119985606333469344843
815.82100112911046667727027887025886896
816.56217211076810315663588141128656567
817.65154950244950886704038055475399722
818.57595970765067867195388919180825330
819.09942225071056669156462623487432507
820.10603389894223766501288299944394565
820.94313264046161427615601831760641054
822.07844401180387522062062087729700371
822.94434998446434863471056592838403361
823.62928718843793976381047590991246730
824.37466684657558874780546853097496713
825.75026341977107545453269831173299671
827.17727115038814648817522380748518406
827.61623458996858396443450081109492530
828.62134787733677667780755904740734808
829.24256964992871109212609953595022563
830.27131423402846645749032177904252812
830.91747703378139302039450957356180259
831.89518734487722017164245818639512141
832.77452779711052885716135819129289304
834.39631379420127028729574502149578387
834.97919753802974079791043659251618926
835.99930285788430605561385116964059501
836.48377520454057151267151361557249637
837.74875517624462295673936094289837557
838.78569619160839327059416506116912254
839.52188586573340588027254168054210748
840.32581556784627225526098315633371046
840.79590657175875537300245585302863303
842.22469881159722500655099075664921627
842.84789479247211370395749929499349593
844.59607891527207960741257940246460783
845.11476375910405823855967222156312911
846.15342311465705890998506965481433889
847.07752431044047305869280420299476498
847.43185739605643089307714014412573905
848.22748482093604504830629959316968355
849.63211967113746028573313064124557038
850.49701141574020746262635944474018437
851.22268034262465834305485985796391365
852.31989274784938528918362196077979010
853.36431181164848310643820034959655092
854.27203017663347831027384244578980224
855.29659442490833364628923394919055738
855.96643519020679740775284976437516300
857.02037120143104154721930895793014139
858.04216745617694312600097744480610355
858.29538692582485240893537253294179536
859.31555987525312297911042643172665905
860.14317875432658289966627562923253968
861.98322759345742878342989845623306429
862.80693299118130695213015564101203819
863.26355981139487790136257117029051887
864.31390586741627082638113210483447855
864.98357872007992259891369261116257868
866.10400968203040322230199149965079554
866.88655533957017981109836528072962875
867.74600126113726834028215447604695262
868.74862773264877141213078009289581980
869.49515235621934136075394212740960892
870.72952033141074854840363655434891695
871.41848387293382496972599576285561658
872.76879920733775582247168903320752830
873.76559379067597950587983201456068802
874.54910446251119546609075892570896003
874.77096247849570456826997805027770679
876.06980297683379384383637025834620177
876.58597338542855987169260657502259947
877.76306232665178856528089155396040218
878.88636338188377990839836225765690486
879.82346192957473230485437968932385259
881.11367583405672769694786035733633046
881.68495112404511557653284221095865889
882.33622667467246633928650066688951093
883.26358081431226204583189038166907244
884.55475725844027552424599805692217161
885.17018354381574312706249930721051466
886.15797602535011350400083974254353856
886.79362631808078425881604785292501372
887.37150481820596556511170442602832120
889.23582284500592039402727788712841163
889.96967559232090340933954437908887085
891.03701322480168747882667087023835907
891.64572334653874632322339125001548298
892.54173447007570807748718369984752736
893.34802629474960590225993488286984972
894.16579449290418019064715574658936655
894.78939474645164163338623091022599604
896.24665317044233830183810379582805400
897.04885302668306245541236939982280412
898.33113267911142637532423664503690348
898.64159958542155283355021523717403343
899.91360539825945432127749733035739801
900.79422036789153892710025701344506363
901.93765928878190761760641910270806413
902.48305237714237637316011932250751736
903.15348880565800505743703954897754079
904.30910660608993132779529426689636891
904.89331474749045416147012739568155931
905.82279379183207997146061374285199150
907.32946929579026284177464889028437579
908.45194988305997830025972791118633539
909.16904612986918441562545830077979951
909.62404137035421293396199823634092158
910.80594497542083930375784295004051593
911.08915928887280562989863172249969867
912.67824326205422914070574847482813691
913.56941486800150104519073511087887204
913.83469680022946182477566163275121912
915.16046240331521533362320404994004106
916.25841887814175854096978581435945977
917.08823985409806331498114653348033788
918.23072656254964410159064411512363153
918.83514553344987220308715729668365513
920.09980740439414665898866746041962083
920.72486414880314570682426427406438149
921.32557801693521934462431827060638903
922.03959179981122339182579856045893235
923.04262397073550835348362143714791771
924.42366238089161213223805925255388890
925.60618598166006792053911252305296916
926.24928806523485979159384004932611305
926.91211667747783880231509267417303800
928.22912634504360487508454661839722876
928.59375501035338331914569623058713968
929.64602633004949490227164323527248301
930.69345060296847517882610357662742210
931.44137577875263875713312449326205012
932.28696505548582710727528149304647619
933.13360294969871363592473112572580730
934.04729263762090215160642514716016240
935.54361892359824203377423567078303274
936.60225257654606894680915150916706554
936.91221207132220713723857279842794352
937.89119562355975166206581275276073057
938.58337214214625681209545288494254346
939.47192932430755825574988834941118031
940.42386077067543653972573274194252134
941.23457865915755134088049896546118603
942.39573738159029912332593998314019820
943.52842298890818421397020869855753765
944.58796644881023515612492666119775790
944.92473264484148145054796245264608548
945.79564528790272854968885201192172997
947.26089026326906130540429515651720560
947.80050433840194988346282367444403378
948.78362779526127404706587942985161956
949.34171163730026292701018530696019561
950.07219292639853260244951767872012235
951.15737306943988207642980273908013538
952.68415681938329674164202075145684911
953.33869585010447102855885070039247634
954.39669885859211571843570807213360355
955.24850358421067065340440245946419866
955.86531776750424094435391634351607683
956.56480237105740448963046700332243559
957.53634693363503647396955070948834942
958.39851680179861629379565055332842494
959.87592754935632318111071678583546402
960.12350448424235191084633527507576297
961.19783639147187431854318035410435838
962.54525717042743206898371346935984870
963.01189112054451687454546243663135290
964.53082494016836430887650904861102468
964.83567372467893592170867272215529448
965.80237568332727075789154810662178933
966.65756187743588432777256441927233449
967.59554058351793373306221347431825856
968.02075443155350720952092935174069317
969.06142967729615428418660516629675439
970.92545657406065570739540640070404998
971.36653977138140880948867975474376389
972.39044694189698336328231392194264243
973.01006645017873418943092201397624325
973.59724640133061313672244797773712289
974.97158452609290383408074062265662101
975.66086929311034619547983753931362477
976.65005995894180254690443077789272653
977.17314917429348376284415966020204568
978.29488505149324993308929221521896331
979.33955866420241906980814466327415688
980.24389761781326367200493623928267486
981.27867704188492102814443011333443923
982.43692101312448706444213660836398298
982.93073757394379472686761876760194017
984.08259856169147462466020000500839707
984.23083853965891651189445871676347218
985.15620321341440823842354529084104909
986.41507585028201340733806109887867443
987.32669419626637861534403064960019067
988.46668624522939055409505157459665343
989.41827743061120874313567589982529371
990.10113532419592128008299288219746879
991.24913938991348442351062749867025201
991.66666233393077856431847093350774327
992.70682900044339523981951384189356103
993.85385052704851760017128538129285192
994.61796149129736290224925732800834165
995.13604169687483267668762191279259836
996.04538793644534063153912809656004814
996.96672431561371669338142116545437502
998.66821788902869604986950571094683004
999.44939008347816965102750412597650508
999.94605331371875574309816160495254751
1000.8224999346757379990225962668355993
1001.7360879246649713776935141104416761
1002.5738454046886495288480079492446053
1003.0891286236043355633125835988749044
1004.5487111718946275061966010108590771
1004.9245462075630253802542045707725078
1006.6679628046576973884885401846393862
1007.0569727009701031855415080546703159
1007.9372970563549080803192114489764007
1008.9002837519893685207814226431567594
1010.0831936053093012589990138326330401
1010.8226000081784135008923029659847681
1011.7109188842875889775656966409503337
1012.0180871881672037116155411699099629
1013.2760303530728293962956413363913788
1013.8013331399434532618545671375506913
1015.1583981103371943212243526709503982
1016.2702359855403163780070914274898572
1017.3093941230074938497571340785437330
1018.1382276228005600866400855817735452
1018.6191495678690094435956082557847699
1019.5045560973875526003977212749921681
1020.1958151911763944081605227292442421
1021.4914641616496778867684806520059861
1022.3415492596385189924606097060788353
1023.0404577389997771113766162892558904
1023.7772267933230348607453965899436149
1025.0342977960168037220815449594575775
1026.1886542356007782439457138868734068
1026.7743560890394405199551846489822085
1027.8757982196583455944945937448149127
1028.7544190635769402645445186506150965
1029.2422084978730271164254302572929970
1030.3656573954389422313244638763263864
1030.9757012228931312102298060506736065
1031.4204383639619279130424031551096920
1033.2618843288284733154020958892496752
1034.1884378412541234964529649639362194
1034.9634653164660237754354749726248571
1035.7474393416904806214546357741157205
1036.4762893258739501039716953539274510
1037.4297737991534880597878594458871684
1038.5655260923445556544474474441706367
1039.0839749801771869082388244888934544
1039.9311370899549925546112977200185755
1041.1134200885556086437107064035515188
1041.5087091088283569886567439820350573
1042.6991832317216557599303783866455374
1043.8547422917652862857335299567365308
1045.0070684999003802092737820786854530
1045.7266921248156717434281484826414219
1046.5754956854840985475815852685302442
1046.8809516578870002906300157523532591
1047.9090213708717972300977919109421045
1048.8738230166277887444932590828544817
1049.7951823122036485446472954716186605
1050.7373710918011763175103309542196448
1051.7237245798206175991705673631508094
1052.9420244979744563977670946786911519
1053.5573011038612965190389273438295417
1054.2745678014267782998126530713610020
1055.2465148872612481022469118992964428
1056.2735946148102242410482441542166277
1057.3718385408691894617534342869172116
1057.6215467543902032953460895146646111
1058.5563555598400003210467270143772246
1059.1820193882029582225384397925734269
1060.5687112671728405468968234844899980
1061.9572454206753343136216519961864921
1062.7299115210705549729685317050887674
1063.0680966135060817941939191505514515
1064.4165754705734180675012701507955920
1064.9736926636966278796148321175308804
1065.6033825410845814351121239256300565
1066.6120143735416573310209413758959170
1067.6469042156677986296725533771957876
1068.5635051086745196544381335243832597
1069.3784417211630588123646722294978043
1070.5788938211955538775906635098956071
1070.9411690699271048478418575070380440
1072.4864390650924200492417160624902605
1073.4178104457268777912750496936967065
1073.6847436412380494145910233264960589
1074.9067313163748896274333235043140436
1075.4886195185152599573004422842511131
1076.1953257371427716461514624767056865
1077.3352920293177615375944621616613086
1077.9425228171233091402061332060427918
1079.6624052421031981839595255949442141
1080.4345610147817733194185943785571713
1081.1840561723034114882371394732899658
1081.7438583356405806268791392981719107
1082.6132740680492631283707348352891367
1083.5038630087895803278855771078006670
1084.9401382775107419658169167291831145
1085.0922373136532607901228189941192898
1086.2373775528772618055143682542184066
1086.7130770544739972526893910472266972
1088.2638003706199094694638442169131649
1088.9534123313301110405643105525690579
1090.1010130022570054450934153334477841
1090.9160624097997897900072212976235244
1091.7752870585913314672995955422529488
1092.6246758951983161774941272405273845
1093.1163050583473540250262040082256433
1093.8962866352174768310072621692613686
1094.7829315643739617277171401383831622
1096.1412519431836288937358671060235295
1097.1279469392032870088883995527189061
1097.8163569357108680281414983375853303
1098.8469132155550850872914675288879841
1099.6583259868065305597230625815175137
1100.3337251583388673914729831876742665
1101.5959890320648335202714588675105597
1102.0119938686276550652216138189523448
1103.1143543982332671500511232719082241
1103.8782520742560103245451678674929035
1104.7771821319681463389820787805246112
1105.1087034739508880203731206209489360
1107.0079883874980738089840239862142823
1107.8156820632059515844469920591968063
1108.7411969010864878505256930238823198
1109.4820137533138687779272702873285296
1109.7581000952559822042563158376843385
1111.0070089756461116414306257671693329
1111.7665743975154390368896066537054647
1112.7084811269176287622593443401743324
1113.4562296255020294070092935389071710
1114.6053442175997480318905084976894174
1115.5940593984485580472260717657207464
1116.5332142864854489579739536869655655
1117.1309180098807972602798898787968294
1118.0476848546556425404165454969379553
1119.4407381734714824497239758989467482
1119.9803190644870935013388859298177964
1120.4825519110547218170031577527537731
1121.4534218253303587707293372790168487
1122.1017390270679961462245343357200690
1123.0954991060604632938460530079350928
1124.6478955078589530029923988895285655
1125.2271818672407598620625174453059677
1126.3693956800894340538692897178091502
1127.0068873762967119420398002579639678
1127.7970966567947534256892736540939204
1128.5529902442623808755588270768039603
1129.1937075746418933314338608561714717
1130.6363051801894498530364609399284309
1131.2525240062131925128022263921569941
1131.9616540771777590978613844046281427
1132.9831140979068895411964217663523363
1133.8165304567725519411318788468201021
1135.2465610280358061416730371433857638
1135.8403382298544709473934040299941365
1136.8769917901236749920509551086826850
1137.2951185190700845375001376902480350
1138.4331356239776895294006335658908577
1139.1139107675702118694376642343605091
1139.6810228339040280253369026816215914
1140.6792295420423192753505490386198248
1141.8363733872486928293809644850409953
1143.3765723166421546549691483402047465
1143.7385849064008058594121700599974613
1144.3919796411841801242705269759837714
1145.2853237016783198179339279036196887
1146.3472799831572109589280700466868565
1147.1263501037224051641595948991224873
1148.1712336510382626740854238066682590
1148.7694460883515763394494134108534629
1149.3316567042109237279596828100649810
1150.6187401946434137917675116100622884
1151.3947851645624186121318094292450673
1152.5170600018140255858417489464318152
1153.7131134501335619600419129734473081
1154.3806922071011530873067655305414456
1155.1317685661519649564075827204961629
1155.9012049429856535683549278521912032
1156.4625991019906880648233932545211620
1157.2915159410630973766752589396546316
1158.6467341920493843198256114291088031
1159.3420599620718794409550377715272038
1160.2237593646411031902801628803138409
1161.4516178498420592731932820630883439
1162.1039472754973694097375199699123658
1163.0593905584663528187075323692479359
1163.7344375433550837215865449963266261
1164.8452165072035578231879347212727328
1165.5442828074454159955319946048417380
1166.5778726866649918921314335158209706
1167.1032071660602959253816175227428623
1167.6829694484312488261457091865478541
1168.7323318234513893405751852022630929
1170.4719873478548745216015470048509228
1171.1408934079063456122150116015930631
1171.7318907843333221805435816424524807
1172.7243141207208728355008986505861550
1173.3065973589534786014685082268777804
1174.1935646531147368620265675721549269
1175.2598123929160189470103415376404808
1175.7195242895857828662089519521412895
1176.9042251091956420644539873144451951
1177.8891255753712345512547353628533868
1178.5766215547677400423021912587767900
1179.8053053222367902109433053928278742
1180.2517130223259272973849084679817584
1181.6800024477202360220674271685957798
1182.5067904423188398517836963904929853
1183.0983292535684708594169815712360453
1183.7414915304380437599436635221108782
1184.5115431692489135416948805539136495
1185.6601436471200416205406582305848046
1186.0861357803821944799887618105022051
1187.6197817500198587652980387926065741
1188.5731826557044071705997118967965446
1189.4243501696973225804178111732431950
1190.3239723387196319809712469155104470
1191.0516164696236424234890035694661546
1191.2264934838163096823860994793039174
1192.9859927404774802900330163923299280
1193.4293454470203217362770285259119469
1194.4965398956870377903400157028675343
1195.1137372029370827203444306215449786
1195.7284455989302366264833834524606961
1197.1700189863531784368358297277049150
1198.1658354238143718641727199981091720
1199.1093696327645903663790968862431457
1199.7046817035846914028322434782297679
1200.7018654124297549117435497691125399
1201.5179106654982373798183624124661121
1202.0160963249305562178981279337999766
1202.8587562024713762892099936846948133
1203.6788105833767779240727019496423451
1204.9904901486483437478874742960584892
1206.0764983272508931141122718848454930
1206.7750610898809290177169382890299784
1207.5209723226571412699939486743589701
1208.3538552401086780509908812446460579
1209.4786088323445534099299293113320566
1210.1390501844587492086253066879630129
1211.0782727044350567034314930145941014
1211.7458525677661514380773220961432259
1212.6196335705511033366470851792999534
1213.3793975038578758471482771993008238
1214.2403544407841862037003192960409786
1215.3940005206607295522756426007129300
1216.9262534730519395595214755314345784
1217.2897636188511320350624270060672915
1217.9837265172339450013630540035220554
1218.8067533935014507043464717244413269
1219.5461706939967890369887558002400142
1220.3027945287637190666906278319344538
1221.5717092563455923582612552481705012
1222.3197930038068321329877034685547115
1222.8294979180362957573152210062128884
1224.3598297917140181436512942610786761
1225.1453780950384448280362961278402118
1225.6799748837901037423870113025887502
1226.8810708649475201587095867788131899
1227.5847672922670851972031676396543106
1228.7559109320951754876531865357865515
1229.2310997675272899720180663890196449
1230.0755383583765900781097953520745755
1230.5251889246885273644351377013986291
1231.5209929630613493645050138296976691
1233.0607655119849554339930799812497461
1233.8626333025810387095525422157066264
1234.9158595107331767261959468951455018
1235.2945684494279268452381224255613465
1236.3311419175692077454121351801139182
1237.2136111987298194160501466769338175
1237.6810505634553964438149145691385223
1238.7716510763266289513478426680940954
1239.8779559349927022902074776673960838
1240.3578927539117496961196986265255816
1241.5198098685966374851271379715490792
1242.0301458789368046334843615894738193
1243.3814758147342473677454956121309015
1244.3538891548451823530905988904986693
1245.2863183148468654187884761675416293
1245.9249392072083798047404202928498815
1246.5161902490615604528591028215951610
1247.3593457767395563085470479571666017
1248.4965966119166945841469238502774475
1248.7651703843920456165945486088629055
1249.9551039431007013430410592420037655
1251.2765241794892960963035697896446525
1252.1764788600425745761238688217890471
1253.0464565212194138723041152225527233
1253.5657541106402171603226557508872862
1254.2610575468028754881708537294694863
1255.3824647244922274211811750882276278
1256.7172538780164442291258492615811394
1256.8508519391345645236540831479404229
1257.6489468524549958812188455084100971
1258.7431601763074353503868685359950213
1259.2937930486185095741405681982737237
1260.7747989230746403320692123123121525
1261.7700650073245955186458176690425672
1262.2922018104385051208668117554740820
1263.8097554721630061639010226186035022
1263.8507993365859832190018033112464528
1264.7484558965385971699742457691914068
1265.5092145290814246449138388249184731
1266.3033081564785421805236725238838288
1267.5022071764118385270619086722623023
1268.3930880803657912259939512423621636
1269.3652831725198057269653185404369861
1269.9857475775168893997562810536797400
1271.2904968073019206318573166378145580
1271.7440972649519956563630601277260376
1272.8594416928889312780266793160034449
1273.6356908958981130002969140846447946
1274.3615885390236070170539190485938537
1275.3952674450395566428327428416249927
1275.8458313252451541181482246756271658
1276.7787353159566637871580116216096239
1277.4233272075070307122767254591318285
1279.3014474705830428529276538426329108
1279.9140479900442430996183486102867906
1280.7608112830207456808885955951910724
1281.2095497224822253098879825982904834
1282.1622390630346367163449274688133206
1282.9288102421587116027796640462737648
1283.9170390164734872116531137308072378
1284.7539574359134151676177963781444992
1285.5297856086278768747410171147196755
1286.3289586420051329575285178334958118
1287.5844591248760510447774221911271941
1288.4108236379021195503754152357148591
1288.9065308846364989130952340289457484
1290.4024748989638625477666691498101868
1291.0341154602428865721663501736635193
1291.8071999835623426288682334126209183
1292.5889133372665781932124936452067179
1293.2525632595278506426975805478727581
1293.7218582888125944363170893296080867
1295.2034037432157735839057904814267858
1295.9255189064170670647094971349732280
1297.3475012549184918224821260235373576
1297.7959978959061770164485347148733493
1299.0335091231668905063481109380761492
1299.3080552542313222501994873861618219
1300.3301911844213510232095541483654882
1301.0507214590548498784247910693151972
1302.0913468965520561858787213166400006
1303.1934578862223834315641372381415575
1303.6464713040612808151356753217466112
1304.1727749124352925356927250809508638
1305.4840676983478291783677362151315021
1306.5167516113566027068379120446768906
1307.8160342742614075660883060685651328
1308.2445933672775844997133881775808632
1308.9428984456552614073030764312966592
1309.8643496424208373614940699997422409
1310.7985901901653904317881362288651750
1311.1900454048419592277330137924930195
1312.1629874964582871701717544718721314
1313.0908756569822573355577520903141616
1314.3751399369210504356321909835359681
1315.3164238860229338947571511248746381
1315.9504741344820495480747282393836649
1316.7150159672334079848431642263838704
1317.4969826596165042299014470837978036
1318.7530186190585471676495041349288577
1319.5021278049562257994631012641887661
1320.0355784509859249154418969018577437
1320.8521172810423577903433437920826602
1321.7631073867050155778430512461531008
1322.4572969231404186401200493197559561
1323.5589221227312905947266881363417529
1324.8652211025334893612054778037804147
1325.5595879375254043540358183013694177
1326.6398536905028203497951913962067174
1327.0913672661453917813500257700036112
1327.8228557883887748104374014019345811
1328.3708579055308754797716776012422221
1329.7064119442422543377999229665768086
1330.4301485628197499149380206910906017
1331.3981341621565333968978958330724645
1332.0613648711859108898079266868373778
1333.1609178735607139205976879694493425
1334.1251305435772657392015520161629740
1335.1231737079169925526187673103358010
1335.4974394236374274027106358245267009
1336.7985059234378918762139539138630941
1337.6384326086415922867602172626592881
1338.0182433043652139714938172224193703
1339.0845903286758102482379879556652916
1339.6236121864693013555696678311593748
1340.2985552515395461297650660901580050
1342.2123916126377415950751966071854753
1342.7998082046464649224314765559093831
1343.6031601124872106003719867935448191
1344.2862479301359382250852066357366919
1345.1637325267872569242978342505042998
1345.9575263797920192845341473979797953
1346.7345324476126351818172147981432777
1347.8331993210167284384973781131739923
1348.2972439160961089136086658058648395
1349.4082608338687302601053485044959688
1350.2476477081207723696806103211359308
1351.0114791722269285266471730330137048
1352.0458552280095436325997326211961673
1353.2374703384645637676047490741684603
1354.0323114832698608037547781738121980
1354.7283334322166185836739181644694975
1355.4037603007863541625504276680730825
1355.9576262281470907934361995181334475
1357.1105289946809659648091844736343818
1357.6280963696739919184585829642708520
1358.9433275500546278654357973076442037
1359.6141087462459541151538759617964321
1361.1035027643535478785745985195733701
1361.6755759682635280067683332200588053
1362.1435863177316825674254272860748801
1363.2417630690508205893572616744114602
1363.8259053872502386588130053886607605
1365.1222350907989159434897050769711824
1365.8072545880017651256519925993937565
1366.6436363584991838056818482357902764
1366.9038450908915058551947717409346854
1368.0139821139947928559994497529326858
1369.2984782433923075798582134872110460
1370.3625006564838017266858544362541979
1371.0978514585335423585236132855177329
1372.0316507622951974302882805023835986
1372.4387501061826883487229134726324040
1373.7112638357660376944122520973008709
1374.0820773691868045779013965278500147
1374.6693706450746766182256665972342870
1375.9610556570976858781728712937509492
1377.0255469946190867703841310629722872
1377.6328098698017854577900305653408750
1379.0087250676947807197495248435802048
1379.2097838794900510830164525416987511
1380.3244293345508905318988106341103274
1381.5437851933628427525207530687901501
1382.0653050622968284038274515919304075
1382.8094564772601363568024513973615079
1383.7490685516038632838143116824424071
1384.3686819727108615829623107237112752
1385.3285584558640878174721961029765758
1385.8116502444098950924035069293053937
1387.2291401731529495883654728129592453
1388.5058814188546260124600661144221792
1389.2303732981265593667631778990330954
1389.7321014410908068536191648632834543
1390.6260174103993696656840958649121464
1391.0734276176318089815266117260448763
1392.2728827701220689947033389552558533
1393.2213321573599725614258858363468261
1393.8996055155896530855348032425287600
1394.6533099856660523009810325426486985
1395.5626245820096510148214647827611978
1396.7215037666922445708368512312326896
1397.5805942194256676632921857510994515
1398.2365951809169304786875103455448752
1399.3946866489152539234317177262738633
1400.1844997761301619762358271396887850
1400.9759720911596493617670816466985618
1401.5664302141196741573096483438680106
1402.1086665490993739587099523893964821
1403.1172556184927320647164087181102909
1404.0294487262426402594909036280111205
1405.7081830605540890471840006140167948
1405.9294732989277609186591446649318874
1406.8331108003811744187804685825406681
1408.1107607198121007055924508231107716
1408.3330639580880791081836686905273031
1409.2093883807273114849337546848761957
1410.3608889905983917836314783162329575
1410.9725245802605782491899745058650353
1411.9143525644733740398328997103446013
1412.7864523070301244764492139089316690
1413.3071938261743943366167742718767619
1414.2545554916084923204401714079755281
1415.7556421710838261600331168479835504
1416.5564760383508505856125292649252234
1417.2830965316105222085600964311247764
1417.8749250958297655296372734430710653
1418.8019800339490934975054555881536895
1419.3323830868458393950844373968800753
1420.3529392733609501927780270104074666
1421.2073930621883520746074779455456446
1421.8384907403880699251594934541579276
1423.2928552568868118149538082986122855
1424.1168633804821304897200497115432206
1424.8375283765395398900245493492942905
1425.6733806675154553141199068693727306
1426.1749774056649798525777533635693148
1427.6761972771419495677117128051322880
1428.1814508615176992859403327565555823
1429.0513830977130355493626490754512849
1429.6448472818820608978851203313753409
1430.2963827302622534046396235050842468
1431.3320506510103276641220694678325846
1432.4454129224933404760858819430554856
1433.5472463614915860882501290710475913
1434.4047428696008970843660677689769347
1435.1134439056456961546715628651319036
1436.0774948390389342776509537110018346
1436.4073203473583699901203105300899721
1437.4491883265867947791950561236523603
1437.9091578192942414475791878734044345
1439.5576625651569677776400335634692393
1439.8833523360613194760886969898115474
1440.7620251611658167997627685408735748
1441.8089499801222932321823929464881195
1442.7299562029296358851807339884289644
1443.5629761150284066719617424671198619
1444.5995633644089343469140747482010967
1445.3767658980362096287641779500686213
1445.8146010637358281081400263972267024
1447.1247678486459786526475553095291939
1447.5154863688335659191075626534458164
1448.2767072582625862412379211056912200
1448.9239939099108950923629875014085685
1450.4249340250697079370293393153117611
1451.5391545814786405362597699147917815
1452.4206616636029967982784029110883241
1452.8027333347470662307084650588714769
1453.4530505907675348269181369425880349
1454.5905897585475746669521147996942767
1455.3831923279203386549534552484428743
1456.1669623227246962125887851059661886
1457.1456830808650908620869302451662954
1457.6427960664483508256891058051316414
1458.6211990726042504118443752926985861
1459.7524287481068510908321640952123072
1460.3793587182981559187670348591910619
1461.5381960383153430844193114260074382
1462.4679654957879401561130186265293694
1463.4216451402392614763827588954884938
1463.8802084733891743635383531990022844
1464.3920314662983913187269885358274843
1465.5418129521669386258759201250952584
1465.9210154327396074121869264502540183
1467.3392285320929794298041323030920371
1468.0854667705967072876995588511258410
1469.1313282149585140725198888642611168
1470.0696767854273758336914762835916656
1470.8044809617130768554327224724142965
1471.6003726484541002192193685116381540
1472.1962168774696046749255675246481352
1473.2089595785286324815684425958667816
1474.4602598796932899514358323010065354
1474.6701366187387634245583975699258866
1475.6106714754990501842905288439389969
1476.4175306083218100701592999715455172
1476.9592900573600217124101437661723000
1478.8516150733702507498584911769417627
1479.4136529947941891632383456767440691
1480.1582354660260596295158456489629635
1480.9075281818365427098437649338153032
1481.9004137273790456467512460271950078
1482.2439635075378532311647746229746799
1483.3508438182231715442385717714373836
1483.9813434070993512352595873334539774
1484.9174234594785763901421346816909140
1485.9908098799505818001868915010764524
1487.0735991661745307653756809082785046
1487.6041581055458414557744061322269119
1488.4252061530225346219006708271424854
1489.4781588491507348043522310301304698
1490.3039671566983600522031791752164731
1491.3408361784768049386121358900420386
1491.9684470026722878093411859011599897
1492.2887761285317064126848372896358863
1493.4447824704391491884258438856816441
1494.2344062028281374109282389049755631
1494.9177142511528988670349224205844966
1496.3372492349121385362311500673528854
1497.3829608144052431058672896970043308
1497.9712941163546159429460607290229614
1498.8848429474029423200287195906730298
1499.4582387634131003210603797394383875
1499.9779011685977202718258573603723252
1501.0868359322519063926539886508770632
1502.3583252274252895081514890940164315
1502.6169140655520705741074336246657679
1503.6861383406273069629669193902824598
1504.2200731158231700324459167964930846
1505.7528941435373186841907824398503648
1506.2172464940043493962391616696624632
1507.3943234388159212769142066200645376
1508.1039643210577973082165078889097350
1508.8660388236526943172611480404454911
1509.8196107907054454691776717282578510
1510.4387793234500056717773291298141765
1511.0463672644838402992108317682472957
1511.6716291784377437453146034493313564
1512.9616601817844631504010449575117244
1514.2723946505234428052910942687414242
1514.8705612200873914997846034692191595
1515.8674074240091812479286286852240449
1516.2353180969838519245272655999679621
1517.3252763806447390649853878477935219
1518.1490169297351487469529348420866620
1519.0350450214649599240697124343253552
1519.5857988133241466255758043167225242
1520.7127193366212844396717332521960436
1521.4273602406991941482058007464312930
1521.9105752183743487032091416614006290
1523.2504967150169191803311529509529499
1523.9518391895794966034961376365832312
1525.5198856506792021256813305114898468
1526.0404771388373717954654604848640934
1526.3818629054143550633115024796993468
1527.4382869354972336674135889773997983
1527.9969690981458450557201011211292605
1528.9028652859815045847793815324758909
1529.7948663136764287789430879994015927
1530.7388937020892554290528351549245513
1531.5098339619493268880342975569144644
1532.6959177862835949267304142170426666
1533.6333346674001851476584109222175193
1534.2218325631214597281123195466298877
1534.7344206229245891020661918707160013
1536.0490388989946726008531646228410296
1536.8599357574268657732569287004395179
1537.5659198735167775368214840126527144
1538.4024518436606943041410524524283870
1538.8353672611615052558562157888050890
1539.6037900519014436249024841216881070
1540.8821072717149217679014159752766696
1542.2736668968260916442464931593657181
1542.6590971105881436997175657859673883
1543.6781030474828092712829401972148396
1544.3310314700001197273855600428874934
1545.2983404499439756304986383206519848
1545.7126018112788005533805262985889503
1546.5208586147619554797231521423601009
1547.6851877269019818693758735498822804
1548.3490737047238929972969424944522110
1549.5338482273829019761146159655221324
1549.9983278019057737847003813213761260
1551.0157308729548310084187829853096070
1551.9516765609525304930495010364604008
1553.0798855659388555716462969048077043
1553.6005842311655489018326294510241576
1554.6628675199851076154865054966849009
1555.0678816361701195865461434970236796
1555.9270332131431659522505735246211693
1556.7990988396338747041748198640246233
1557.5443042284977438515832657904378871
1558.1744106961934037316246897569543030
1559.8891074874660705311573477678825124
1560.6809661600057341446481147014540827
1561.2262567926354135805553895381972125
1562.1124485077455310745503126090992753
1562.6422990667601741003387964375725248
1563.4698375302160428955058478373233416
1564.6805449971765141668473696393679205
1565.5077687248165557914704564292404668
1565.9507571675131868068259807156791829
1566.6671487002929023691012415725320938
1567.9788426076507235940645138340675343
1568.5114295747292903147493033885174048
1569.9638427620276138841126239167705465
1570.3781791044792862900326102638275013
1571.5084319847955261897530777310876288
1572.4425666879285783497130352850736218
1572.7722144939307158919421135843376875
1573.6941863188487249703894060032834345
1574.1358454952143452864114991463365255
1575.1872014758813004947406466175668185
1576.3465392838572354436921488524631214
1577.2269811584178947231728580509226608
1578.1144357905311162481871428032790729
1578.9733144601769138892541403276530619
1579.6682363221509829799097528695402629
1580.6176016064386657951548549832100308
1581.3014885951522528449859314856063516
1582.1405732245135127389060290502640177
1583.1110866114580587892368289946267808
1583.8232088601437163065965507188139978
1584.5627656013524592175417096407059516
1585.1529069309405554964123798748863840
1586.0715263448021831191637432093314083
1587.6839488333112070359738061073819102
1588.3281357373757246426767757262421638
1589.2781426282581236057647271167274501
1589.7121594366330051034399493412663074
1590.3022181914254718418712847197286176
1591.5391495109619749496185058063282035
1592.0605843858674750105246376504557853
1592.7936082015711371855387815388719029
1594.1346702633450302451653395102868011
1594.4098455617370230145572387738199171
1595.8875997543558996314938310972972905
1596.7052471998063946939534839190323378
1597.1309686060897426801843033128697621
1598.0592735703827521396878300808468808
1599.4235833995187735675968779539743956
1599.8998324599325500907550434097724344
1600.6501526449572149978470207270426387
1601.3306602464296785725113238523139304
1602.1331991882110014003161962350929225
1602.6995438348203992104748982523208783
1603.9738195499895240683692456274392171
1605.0751949290598016464899298104740915
1605.8522928054402306027465379038940255
1606.9174292204170732692726988812574750
1607.4835098632978147977747287547453788
1608.1231263222133406535410675591443873
1608.8820656126025673107454692090860135
1609.6921614175736633140829008111807011
1610.7192130433801587008651690826810177
1611.7487616972812193676798405312624324
1612.2055556215214735579430474553153463
1612.9240694063042946943989875065959863
1614.0812665623398443214793181819881017
1615.1093838116061406322907277685469919
1615.9840893438693000396121575708779298
1616.8418702750796916041444011866187392
1617.4256501988062617114065701514297526
1618.2924498822023851780712556195478369
1619.1730551085550721236884021037543345
1619.6099895767210076271888731885057511
1620.5316675883783446971229523709763229
1621.2042002465451955943093881915494298
1622.7299540075054406360304911953073706
1623.8465404171552377113896213912295105
1624.0529225040814534196698103210765735
1624.9484798378245704475126902028508457
1625.9132772429069350222009820216928600
1626.4239615399543550205982491102124475
1627.8796499970127872929601079199499656
1628.1799189779674240734028076119966487
1628.9752393782871402601308416202772000
1629.8265429112051096491202895696813257
1630.6755985815413088662764597314216017
1631.5420944538799727514129433970630336
1632.4619866126273781997539612492091656
1633.8386169251660181964105098652089671
1634.3397852200358010833545075000111016
1635.2034619681049723892315926546071823
1636.0550375956178489246768771071590998
1636.4295094670200859485463614282584856
1637.0406725002877764907306572723303855
1638.4199458883973020817239573625975649
1639.1074918341871069583312985990163343
1639.8698265421053936948077438673932521
1641.1055728883503634487755221203480310
1641.6707190799274173923481517149869345
1642.9573581315073924837888795166671441
1643.2340822172651166043251814990045666
1644.2238217817736524014879371231567129
1645.0899158654168249188676075079341782
1646.1708621301955339810544431472717528
1646.6592852350410072360233131363654464
1647.3865124505028659385427906594801702
1648.0609329657397599747457013390694069
1648.7785967935253170042471005146393919
1650.3131167082287564371511267101217035
1651.4304343472650435770187763482777238
1651.9281516720140009541014525532841384
1652.4865285388790859808908745565930837
1653.5360462441583726489288089473716622
1654.2979548954124995255329310870077102
1654.7694872840507122482344166107488948
1655.9561543006702816313759140239159746
1656.4623876347044842469568235585438344
1657.7619440004058312650838972063900980
1658.2150987171754598309270321094396894
1659.4363610641616944571354434409246920
1660.0015339979293730863871132078804490
1660.9381494980228564210677646507293881
1662.1679614508352973372388631263893070
1662.9547816480927102682159222557592353
1663.2652001735716807050502289710200126
1664.1843048540929693341079120122592499
1664.9368376000321242224578199498163134
1665.7487572084249498031618572897156922
1666.4012881351589659454034454144965620
1667.6617328735933618844855375936122403
1668.5746420225896120765858829538598006
1669.7376924486341155941558560834836026
1670.4299081848865427442802325796188327
1670.7762793573548444075397566830183899
1671.5898209564149407759288321286311191
1672.5864746691790012402330397766305314
1673.4895576846373892371603887550461319
1674.4620159557311927681944010841626342
1674.9663888591047130751342842419909629
1675.6712852677609510280721497232252277
1676.4651289673431289985431257877764815
1677.9942558421680423828144181449150023
1678.4524304322938795530088031987644595
1679.6042290188713938371704513970847624
1680.2533136190798261110119281061181739
1681.1756114926304312987898570092419946
1681.6702497930196280664730412430890164
1682.6154612430106777852074136057665997
1683.1339799065727662212646870814837116
1683.8148523365837226760952828157652367
1685.3588370723604679753508612542687359
1686.0071230241286618534893704944850224
1686.9976034731154213936188670546796263
1687.7481095201861835097824733496516609
1688.3842187320828201694333111003320369
1689.4059669836433288709064215914829949
1690.2785599364641259544366383795980473
1690.8985598249493301736059974753532371
1691.9461993253048183690993712515496263
1692.3315207660420431590565182869574059
1693.4529192547194883344964023851757042
1694.0372810878227783308492114523157436
1694.7307558855294741071052073107184719
1696.3562578735538359787814894161941882
1697.1678897790146443425106881762505139
1697.8495919904147639982667851676074850
1698.7008235995611467777722640814259608
1698.9857818761922209557896071584047743
1699.9884282622773399150220158833175031
1700.7775006827841473447791469883244612
1701.8335240080041434683450471297509331
1702.5590660829646773159728915031609675
1703.1338144945971797347698359152260537
1704.5565220410434439347321009541453121
1705.2029613557803135016980428749294096
1705.9671852838306461589847300013775979
1706.8901600750721426574441706441616568
1707.6024527496285349347391790467133621
1708.7747922940599649406419535524336791
1709.4143526667528330992972775946177102
1710.1472323369456308670969797324053533
1710.3398728617297474104199276190380064
1711.5894989799749389508040709150956404
1712.2803055594306344275664388504258167
1713.7679996828233230106107805873994905
1714.7354635542644083576913529109301825
1714.9701471571208863012816315571131710
1716.2411553945029405470150758311908168
1716.7068827204291149924454251156500344
1717.7767103407303802649149691280484492
1717.9257345052228630502606817616220593
1719.3266835426878895917726650941506035
1720.1370307474741969407865780182707617
1720.7733688454254751121597748788314638
1721.6822414310989214099671001132283347
1722.4040800610588203064464818946424556
1723.4007097875967932670069273345237378
1724.6592581374176461930629512980283998
1725.3484931459496272090729919256767549
1725.9795395295331785248034984996924223
1726.7537141078401923850344372112152704
1727.4432021183590754064069166411619860
1728.3951545380792321952161705810756373
1728.8553070213772548320090618699081398
1729.8328891896954386895528637200170060
1730.7394455852666083674735764401846771
1732.2300251539010635916890987144791342
1732.7010690586419656391066392929009214
1733.5355192725530914183877426818294389
1734.2123866722183803351762763027049889
1734.7347231306177499029186502755211498
1736.2974564604833923984832456169708227
1736.6002436718384374579228404549066032
1737.5236828500321299248655567413125273
1738.3010963486949165217431697684038509
1738.7991411975986455595484730924736857
1739.8146279102628154438357765206266818
1741.0516512285645004198787261021496995
1741.7314667362101768859265418335311381
1742.8491742704087219506511588302036565
1743.6501079811608232475335719258143883
1744.3016503321659247246728313284682619
1744.8489103866810859502205326619195928
1745.8468328878245488675697646378610227
1746.1249288855630043816418166694704744
1747.4420820169197352587533035710906367
1748.3826193436907329574782511588458449
1749.2317907767860846016354967270216180
1749.8319941226895710549541106004186632
1751.1401051113107839684953955560843175
1751.6880789934568124382092045561153170
1752.4358443404356202750943365158408758
1753.4855350401709868152020183270862692
1754.3104484717066706106166221486302376
1754.7058932757231835305118501312409468
1756.0274522398303409009752276775822660
1756.5678267321190312882385204050332716
1756.7176168984258003585601650713831760
1758.0483670730198761369742238118527955
1759.4807855213709075909712594246201405
1760.5056209536984500776825176800587676
1760.7334812301434795230004290260545537
1761.7149912040781974815386381761689037
1762.2694428942443707144799122809710547
1763.1632584325106960095736838426234745
1764.0490250827704973123113385612661422
1764.8511954131312844005168626427753625
1765.5524800356966560921079376648507765
1766.4690074280500549743057607396352370
1767.3924130994414449666612594342200364
1768.3344837979955190433621313444462333
1769.0107472405494080773043094355697299
1769.9114451502898126203363504704179671
1771.0522810237181008394391216383366304
1771.7885836358208457489106850462071359
1772.3581038225985440513784790676257938
1773.1600579693435549879391603277166530
1773.5635893133133846311297158919522591
1774.6438646639187281719161716001560313
1775.4815186566460103426970328316750516
1776.5075217353233576734937832834201640
1777.6430437664987029161689132251016596
1778.3771475210430148462752945505752853
1779.0823294366853027924258181747644301
1779.9960343286261344880408230581721196
1780.5048634716615368586886821655723377
1781.1535977533484196016428282867917097
1782.5327181317831716126771194840176294
1783.2272367706213967367076975310231461
1783.7283314873295685682252931836101097
1784.5369471115256036602803840714122339
1785.3547046635074844856367482011869616
1786.4174804515446131064083421593629278
1787.7741802573069281778990031889242132
1788.3275817730835040429736713082733341
1788.8262432010056353911130152820405929
1789.9430579996778859310586401199570661
1790.5535272964926295794256683572025990
1791.2532766249364319157519179790457576
1791.9194038395287306238814206055828217
1792.7627280390360786199498188838216633
1793.7757067472649254370367955067099646
1794.9229231430071295341132285717505481
1795.8082120966686151493265712925488849
1796.5108320377618190546441145458675581
1796.8647613842837594059486182505476294
1798.3242432616400290128671961532308817
1798.7351669628075639602084863719428861
1799.9620023177662409755767067723883241
1800.3695262943962633561193060956116138
1801.1326736031613322492484998249223542
1801.8986296213738503484467979597215704
1802.8888196771279531065153926665187750
1803.4282393096095465395585901028639392
1804.8806415102307506922686931202731363
1805.7041208992177610206178271909951999
1806.7457713631764607844969221416168218
1807.1523303080781234349106222283757857
1807.8163790749677365170498019615823643
1808.5117271857380854446321698310724272
1809.3909372452495288900842727038002961
1810.3189410237767520246096500356162827
1811.3600631345688584502755230381273895
1811.8614599863842810781696153051677492
1812.6616723119458523191378571952249905
1814.0227188448624873086850194550190741
1814.6041613921391055354725830641835560
1815.3241496677224190829197720158821522
1816.3381939539886414455629973690769724
1817.1021288945107103065356845535169478
1818.0461059586597545480252461662070587
1818.5467712389267178412459281682300212
1819.3024299556225825670709348212513124
1820.1457207305164601365566531329647133
1820.4187080585322829020972241733000370
1822.5593867809453347915992525409011928
1822.7401717172424584843008442473608828
1823.9307320542093197645588371902308775
1824.5149591170687928636961937072445863
1825.2138041195203211271807742531113499
1826.0296483368983395878941293394430894
1826.9170860617931534431689526841115189
1827.6384442643428594149744472434862269
1828.3581456398521711027329725814437639
1829.5356008730432604886387195246420752
1829.9822118467057354844233022162246311
1830.8782119530177221071002812083322256
1831.8181418399388823939633618054078891
1832.7822652212654483725148057953340607
1833.8461099540283073139318265027911949
1834.7254538575957210505552543117831392
1835.1331066320534786566075228696688627
1835.7618239963304626984446987933295046
1836.6977968758406683083715941996547865
1837.3797941234002311158280598515621573
1838.2828198709021307515527755957505077
1839.0221123766978399364039385669179732
1840.2331818411426993397209548956332845
1841.1794668754660478719383173898736025
1842.0134531849696937248696712741253928
1842.6843655922413827878480615909629088
1843.1589461106651665011213328786689850
1844.1228227809021764262448749380995068
1845.2090659239470375015480962572849902
1846.1338892466361961559166106416767312
1846.4327578478781689667125871340390226
1847.3317061232413551724575615734486312
1847.9053076414843098739323499358542540
1849.0562298585111300167622203973147569
1850.2067608444793082074053588533480975
1851.1021154254623629441570209149401941
1851.8779737266074577648809027845844027
1852.3895482131298201435701604721244397
1853.6055014110984397594089517898656456
1854.0422733379634030829196047589680497
1854.4354786426379675647177097043700616
1855.4852601782267542571170938957435854
1856.6424776962449855579088950352503869
1857.2143584719954929033829678267011862
1858.5260913781502086118992034762032560
1858.9358236152987057332211371737399210
1859.8119556843621879864338088692649258
1860.8904872420413117527945657592958332
1861.5567974557847691474263797315196455
1862.6421988565315151676004834155146196
1862.9296047701181719245430675241366382
1864.0451625157765632075052043936750325
1864.7312407269724876499976041865310638
1865.2262601389628244652299568939478657
1866.2920698704145969858282338729284200
1866.8853666191237057739025588527142470
1868.6014162465224645098720938857015962
1869.3619860368169709748434600368210117
1869.7586527682138316647803789699379320
1870.4916702463230803433307534016956892
1871.4212187263088660772440402977575008
1871.8616209465682937820977549127412995
1873.0434928338247831341337677709786663
1873.9509259596887864631789117250681135
1874.4537347872505294684309782201842936
1875.2100563806937298055050319510635171
1876.3520414089664087374158577189679090
1877.2191841060187330888823973201202480
1878.0464758231087202384837427236583332
1878.7156838930796815479331947496406392
1880.0304752354128953501546474113928987
1880.4493159021171202096259587915315860
1881.4256322584911761561055849512710499
1881.8150874577825657256943647732049868
1882.6946603531727326620293361958671565
1883.1605760399387599386524227342149266
1884.4641086079669866305787398181667817
1885.4937902514925507374862388825239705
1886.4199371002636333303348039413231121
1887.0257561171463695385477998392202522
1888.0945306976178694173790738004938517
1888.6158357493599186650810861613146958
1889.2809908964443176877459745752627792
1890.3100477116406608966042008725834706
1890.9838546224048619574618071124271060
1891.9486958901684351541174349704655038
1892.7721364096245196767694625299551876
1893.3443441089400870949449049365552283
1893.9204813395996272613784597125350819
1895.2604800244883128721319562414719265
1896.4671901505477443471632871414796926
1896.9643210427922455067025024572124646
1898.0541487986823689255446334594740443
1898.3601735753877603106236807966956651
1899.0629988967761332440686055993588889
1900.1469615700233687748690001299908951
1900.8635992693954318029981909402076162
1901.2550304659912728442497253725325467
1902.5677836843581933269858276510406370
1903.4429564038078453449345782941729208
1904.5671825465259406020813538612479126
1905.0932358729162607030574088686739748
1905.9827038182980156321117810688525441
1906.3644527237738474583740819954658631
1907.7869619749948827667615912910760241
1908.5228454247456641718787421489756202
1909.1187927151146873946599294963923139
1909.7769149698997261228799556706539027
1910.4961527713840807942975651803394505
1911.4145215903893411408824838472140055
1912.1258864344533814870296535495307589
1913.6262248912511273684999561229032854
1914.1127636007826572892900266034036363
1915.2481308579868560220804491450850363
1915.8750218887970104756924154793958822
1916.6256177379666725044890847349576437
1917.0267193604002063262718317683347695
1917.9361448406088920423265921439134617
1918.7971285958514464998259321588551027
1920.0096265740368206944421950631173187
1920.4918062720499548071202183987098052
1921.1927114621855161024547867851749587
1922.4231541310971038645352827498299869
1923.0244002013125332373572307984942002
1924.1066968085844148268049094491692192
1925.0579687823463003350338998029088647
1925.3028354349683535008025840927904165
1926.6232627208914254465027895309367026
1927.1550532508490870074163590993594622
1927.7711567676878864618410614094338729
1928.7412986916088660343418920125313370
1929.0172534345411451763659486969820069
1930.3123984671069233227514141096845535
1931.8666981060522409077523468937052527
1932.2757617431751158092936429953076395
1933.0060714390249481518211986418081905
1933.6103355446444674730527718854814644
1934.5270916970538024967463632038776166
1935.4172575280659816242124752019608303
1935.9769486418841627721632504522237235
1937.2557386814907586443269904840240909
1937.5065006316777493947437709323313049
1938.3918083954413197629124969327009662
1939.4645716007088406592281719143743154
1940.2826501230151511062096933979393561
1940.9130749910847553756182827246220854
1942.2923391864955749523044852879748984
1943.0481657336441152777631598106395314
1943.5843868373365653016165891559735140
1944.5274564568986449913044824550165319
1944.9819691656244086472183759213792349
1945.5738715766522380341459317640185044
1946.6532890655299261929164757952950146
1947.5287275290812345649798275856630632
1948.4181772769614075443333751138080285
1949.3224865733568040511117759058281301
1950.6161875446980852753786912140263356
1950.7591701047679867411940716940455346
1951.9159022375651851452764129952756188
1952.3119588924616844658316694239654841
1953.3193893170216239698428926395311099
1954.3522323882802512710639238751417142
1955.0652720814337361076293133548834814
1955.6440338948730969200350492430015376
1956.5470591347924442612104407927814236
1956.7813894675191695468100794927614539
1958.3708590434796468188804405937359641
1959.4429440749824931441519581120584075
1960.1631423957492932296664870600144975
1960.8390433539641807886767129898384640
1961.5321712329301881201331041510175440
1962.4056802584793658107994145411938663
1963.0563389051454011144179472113334370
1963.7302293284634057471711798823268324
1964.5759485144549136587340478971199570
1965.4455543659287771158057153089122100
1966.7027600888274837162740075681788479
1967.1694400634170107450371677344598317
1968.1135182967086131859133624547886790
1969.0510341471613084747366167639391005
1969.4998790424194613944776066312235671
1970.8949241200718211303542080098188576
1971.5546017520544294510550070262524143
1972.0393216224677854967682988667896486
1972.7059004566042771438340639379137258
1973.7971795475691751083762388857541477
1974.3308857632616554314529032607331929
1974.9864019445471419310364900324739318
1976.3087619788399203329673314129080582
1977.3588013355719458487933614669720270
1978.1777321630921645957987230863059728
1978.9680609874732160190157076871786659
1979.4373852343710740432421869535680321
1980.1049359801495706633919456718305555
1980.8424395393836428724293229418318563
1982.1925172562801871050684940217374232
1982.6388575124690470027425367928717985
1983.4271598312528873289210951514517323
1984.3329567630146928534917635541962921
1984.8864154644703038352426948272311138
1986.4156478764705513314023664556256064
1986.8049485817553782531788291829038839
1987.7352145668683587528142628328680136
1988.7229904622905621460259845659386069
1989.3892183765863738030508351414371510
1990.1834187430891653165275345154340887
1990.8425758547762603230756040945351685
1991.4127775307794977000290517307978651
1992.0804264619010451007133711419905690
1993.2314287453403241272661929662796870
1994.4586437298170311369655825219019102
1995.2960814840749165440389860240893393
1995.8380882052913396218813206978699500
1996.6328606003193068138005526926051466
1997.5605718741205658643889028344944946
1998.2039499157140456851440867437615515
1999.0253673655461119721230714378744456
1999.8826246407723822026380373498279374
2000.6689651341335860308570431916045285
2001.4265154608536376040447585104481253
2002.1051943605853655316449224905415933
2003.0087612133544668896273107718983593
2003.7361522190964633256231181454993302
2005.2559447851583692398638023762944974
2005.8866129130204926315595732826338696
2006.6887299336098410482621049226016637
2007.0413796811379500197609254554442623
2007.9808376618678509232327822857793622
2008.7567951075204060114058995289811953
2009.2718000091123866791938871273512342
2010.6542370551839312006368347937073306
2010.9336396637171109351659270643361424
2012.0316779856504709611742100569232906
2013.3341253346274805661311618619036419
2013.9162617988327108757107923956862256
2014.3882462052649493285212863046264146
2015.3549613397956709145182110837925427
2016.2456784721880072578830287225190610
2017.1040144806067154391752041344280620
2018.0531813363439283723608372263141238
2018.6148449560750298416834742026098634
2018.9013841419836956143877740919168730
2019.9524053188940132763083735868893325
2020.8658588759354688085180627784491562
2022.0835468193656900372220254151247478
2023.1014812641603270110752604597296827
2023.5311937196182127378231537566793447
2024.5379121626098795503276963039892423
2025.2498981970709075162260719791027527
2025.7454074260086779468139313143425277
2026.7495755314713329103739940115435128
2027.0998196099068647533964132044665458
2028.5460334822165961228048445692533203
2029.2318041260996585431609377056405391
2029.7563872280193709360473140200048995
2030.9606398607373640693996548692004548
2031.4832147092855604329565359589233580
2032.6624212740768532666182445830244014
2033.4824518416615941512186206953028716
2034.2330164772111635017669169483227028
2035.0062057681419628593331740252812950
2035.5307383217142251337481579767851842
2036.4944517752487284300013104095901233
2037.1831185280895963578686242492584805
2037.8258381690748389959576759297209343
2038.5115985976685816118585147980099126
2040.3417899776994435969541227496861580
2040.6107667106984929759596569296793199
2041.8502288099881397184153064658691549
2042.2187261520436070789486071304106604
2042.7711604497387520093641478200686443
2043.6867908324294728254683157518967266
2044.8760738439564085970081430330973192
2045.4162055886359419845414553827140268
2046.1430165951941939358189878668859446
2046.9513882650377274546723910979936413
2047.6432926264178671448485329204343247
2048.6914155033547360716957795383154567
2049.5796610998844414492862578075701914
2050.5491516921965112494288800344699009
2051.2002750837458876604188099996877946
2052.4633867656205432777184501602378735
2052.8549224111218918004889925768793284
2053.3922351838543804844883532096109085
2054.1228912232926425748653927355766937
2055.0017116312936383001480712984690678
2055.6855821681791645320847474157284660
2056.9756884165208607534452202254471026
2057.7012293039559379644412272017389191
2058.5602390724684597370273472590933292
2059.3651549992836732371141415333464064
2060.4266896178664579538731810801847414
2060.7041868706338509589737021874896714
2061.6313018077684332277998441365804795
2062.7068710521093514093973307871903499
2063.2029600667757277091141345768634551
2064.3302520115625834413706248300214094
2064.6706527140866263082094311329681433
2065.5346664535906651894334249560950322
2066.1002924741843436438135424187415040
2067.6463063240198475368513218692661258
2068.7032797076138953566309026597032971
2069.2341449224437052625133037637035538
2069.7775476571200930490075580541108502
2070.6511063395136451537509048594300733
2071.3927915814473520687384971010546078
2072.1155729959699011800373437782481459
2072.8493710241304575010893294455816651
2073.8566610440883428085376894448618542
2074.4294687927999347109798589930101744
2075.6015207559132842520014031888076957
2076.5471149997470967645614217329495110
2077.1503092929742560622319957596408371
2077.7803624080004106532979201866014871
2078.8699401083466274738465191953181528
2079.8897899502992337252213548084909280
2080.4502893573762266721166444381062788
2081.1202813914827269629714267582569241
2081.9858073306395919520574890509079301
2082.3138287776014941718910250237414656
2083.3629839023440229386695238593175773
2084.3638451320089593688668637910395615
2085.2245381785183582356338134811537418
2086.4766027311571032871191212677865750
2087.2286916471944335988266343374197867
2087.5122691402897667208002679838442491
2088.7082722421355017521993001274103857
2089.1291896055057709873019070251109285
2089.6513930513499605093256482253262023
2091.1444765470428068887333291281247338
2091.6490255596644951365090037418025630
2092.6339875431829016711130609844809815
2092.8503353682767883586134885577188262
2094.0888776436228829668096581758589935
2095.1292153322937748321313826606995144
2095.8394369381397098771218035827854989
2097.0614213447562040974649101418116011
2097.2953408669376815979319202152656003
2098.2222155279995351471642906304749228
2099.0961107470533331036994017195223430
2099.8728612111903150922912499688137554
2100.1675829644222637092685735815317830
2101.0326110750835811720929499619418310
2102.1287833439001980839780995844286868
2103.3343841658803582717907600912084633
2104.3161892797867842481222416334737087
2104.6074651879363030999074048140265001
2105.4964718859503801937124077229899405
2106.2367041470787715090945829490163284
2107.1392177108703343591671124743455855
2108.0258039576888395107701146155360618
2108.7590116662348643204443237752398916
2109.3037924400042421385161758369234429
2110.2265270378294406219048833220247344
2111.1362462366222612750542828880195663
2111.5542044691388175521258351272822031
2112.9104640499364367016349258102792424
2113.6929138926070320297537698498702355
2114.9641177653627089391701673883604859
2115.2601056678993148867290644145170606
2116.1241570388173301956069307526930898
2116.6678056280085053722770402357429046
2117.2188745210135394389870840291802966
2118.4674199414360868777001501160212617
2118.9850408782580984148951546906220800
2120.0660900808404058616896820217889640
2120.8030708379236172098703543494858589
2121.7185081150829820264638995616494121
2122.7927111091802972618856234955335740
2123.3763533910908302947301944415638174
2123.9965000633158634859937501949471095
2124.8403850680039028328460719941448122
2126.0757365959046862193467095593762378
2126.5041650022846556319483507643868754
2127.2909732740452748625371652285013402
2127.8705442147353762578517205091547888
2128.7415097339766180912575077799743407
2129.2002978655154183542801811513788419
2131.0929105723378475885209708920748795
2131.6256510788922199239311126798606605
2132.1956079198076677751381970558483725
2133.2528663353066977254336927840319339
2133.8058199926736303298644919017408868
2134.4737493261103179399553207266725925
2135.4070038380710369179002617364477407
2135.9359388471951159241465714704291200
2136.9796080651032903253196972431117646
2137.7754238384627312985793791198837241
2138.6899904661426388031894059310021623
2139.3769065672946775474698352569461184
2140.2833386307797063835986749783916735
2141.0105516614861245725168884437981660
2142.2780261029193001312181837162012872
2142.8575920476512623816886444085890348
2143.5523184115008625306954967747297038
2144.3920078349169374554519169836783748
2144.7836385139800850315177337721229261
2145.7694409425445331593094506852341348
2146.5877860005778164866634933664643892
2147.1259090385222481230923803859063158
2148.4417542508236875222427465972025359
2149.4910568414357980618806720230092556
2150.2875121620919077076172041306397954
2150.9714041027381282156911414270522124
2151.3101977686249403220736228501508971
2152.2911439734453482208183498901618762
2153.1115196544269707892894044019870221
2154.0697100198505203720413437796557864
2154.9866503416991015347695024366449380
2155.5506520842102352341726387531407064
2155.7844247754714248892336515229339764
2157.2774561424268190433814201252867104
2158.0131663765852205488587307617598677
2159.0058737781446275318863487155280179
2159.9575089830790657559217099223899449
2160.5374757461537829135783615812839588
2161.3839338330956904317905837266396417
2162.1888264827209329267458871891138541
2162.7666651741665765935855458589401542
2163.3034228251683453560691351594332700
2164.0465101231050653943410175101669075
2165.4819370651393730817042994491248833
2165.9890540405104452537409356716104339
2167.2415994281949805249823541287849728
2167.6878657823398737865523480855398231
2168.6264613941793400234877274563071466
2169.2469101941228544379487531811697886
2170.4260186654016776835173069124540589
2170.8310140961864096204947276947790611
2171.7001895536049292908691163434728575
2172.5968782983054232823070966168742678
2173.3235305103640568321254751657155669
2173.8576824799504289910235051063976597
2174.6765321306495004868396645861076625
2175.5788630358321534728009188825192654
2177.0314024725553400225260289545321252
2177.7953654082526121538698156962994541
2178.3193028873566525650167460130830581
2179.1079091106088893098916016708446785
2179.5171952838412421339669243469604826
2180.6076935365266121770507291217082543
2181.1768198750091081834805013039158655
2182.2884927278810426288270608518127395
2182.8169315339574070854879931202690286
2183.6815602357025160851203852489361174
2184.7699819417360931840983329877618329
2185.5568353823273930850231937576933598
2186.4653898438694485151231859057379976
2186.8657924139960755494324240702766267
2187.9391272407242297816508971567677732
2189.1441733255046817808740697370256249
2189.5160561481948858531232025875250109
2190.0445152833541108673739617681254289
2191.0517112775632657436670640738313603
2191.4275952937395698813128051785396859
2192.3771442646945767551362006300640133
2193.5887641535891501344910502534573614
2194.7053952243965394335482476229508353
2195.1934652669244526219593294165142792
2196.0187035791101326691388382105827173
2197.1104820674911957170577016111553047
2197.4151512139491842942382748347400623
2197.9611202638687972552277085837898217
2199.1630947699342195359533597526067344
2199.9046022173057935610661032561465080
2200.7052186956990635738710807777977036
2201.5782516821546130540220738760633010
2202.1733346852385456073284644817385701
2202.8590258573591814780169563180911429
2204.3042369862100570596466593050856442
2204.9430758471155095135763557310759135
2205.7818149071001274082000084991449937
2206.7376891104386300200661196027760978
2206.9192109647265027352667440137728041
2208.0067983632622445746330575776640105
2208.6561776825745905079119842255037005
2209.4055499463516875886220943351441440
2210.0235989941389630251166432230221183
2211.0635509925821815544683142105521535
2212.4974542761348119861791986690510436
2213.0051034574934422339846181058313448
2213.6997288526741959180044207945983535
2214.4328851444523302463170325516377553
2215.1053627652093244794900454229565540
2216.0208500988560117368671093470655797
2217.1797964106897586258465713611176361
2217.6406017439531664125506740285702267
2218.1034610964740186408226907145565787
2219.2867106667574619872865658448222903
2219.6063620057402960388528983615957886
2220.9196825803883172610563451435618115
2221.6285208919139559939902695850205654
2222.8022165126499906370570100167383237
2223.5374430665029596049140388312314635
2224.3168330410181870370389513643031718
2224.9033343788031829640283200742058433
2225.6169955769354389825257655522289866
2226.2014779669230275613103885249810843
2226.9241040253190584439068904831626639
2228.2519571884571659633393310660243653
2228.8753539165344235223223246739965053
2229.5263053945322387421885272584080301
2230.7023960404746413155960135777657982
2231.4585836596772020556036422120196363
2232.1172134133695647248978550148276834
2233.0333574922466899215704435139777606
2233.8636983641339606432683076886424361
2234.4154047329740948068297496992499229
2235.5287885543082340327762280809571637
2236.1568762835354458578501108634657451
2236.7045717385606936764691992248297982
2237.3079592916580831985699093743816950
2238.1988946399367622780210873891205367
2239.6311374908306266929897113637174703
2240.5972475954413362503175693583099108
2241.1908582290305778572790848232744315
2241.8388874992757102533588914071493885
2242.3204862934918468402025120632674301
2243.6201740356088547616017973182498121
2243.8766330713998851625928260934305098
2244.8970712803037816607097133895696131
2245.6227672651916072279242408556298929
2246.6556303387213775637343715612231587
2247.0943500683062644202228338879101116
2248.3378212153709044479129732126233618
2249.1714117176578088207823662562480348
2249.4586067280365691354173903106119644
2251.0044112097597729582152581884039191
2251.5674432998297281769715678057740041
2252.4007821930886513915546755947662649
2252.9852304400951839574728656328789912
2253.5710387639977346442486889605675504
2254.3021595593234231034188344346457072
2255.3075859843498817792334936597224605
2255.8555262388511991855645936329564960
2257.2455357730825710407449351024009705
2257.8681736518572594560355016600199165
2258.9952691911269131907856684552371912
2259.6174634072620235956384346197501860
2260.2073926249640956209143325599080482
2260.8171647787279089591023927525384597
2261.7062996570890341494882150922447791
2262.7365567427245760250884160666602646
2263.6213549466913653182733662996283610
2264.0049913792274018995487984364061636
2264.8807012359900481587613425096906735
2265.4608317941120317264057709737980437
2266.6150829222853274910363149425531644
2267.8892864751898456857820251123086229
2268.4037583525502023786157927238091999
2269.0910778099554219981173159685132183
2270.0503863958441671725776633044370596
2270.7661143306202098536242361625600428
2271.2267968010775904945285712293085832
2272.0697421591653259098793489242006626
2272.8582787479118031029076657843024529
2273.4512736398180884132655737819691930
2274.9120132073449130452603291873723777
2275.6982555194822637153754835087584450
2276.2319017046461395185472308222745275
2277.2020896976221495417977421289179478
2277.7854750265371209151744693750198338
2278.7368119722567746685766225196116835
2279.6295008217854599772549272109483701
2280.3563219041535667811016338392859839
2281.0716239577731694034954417831845845
2281.5202611493570858975989745839130843
2282.7052506295392600110171269389218847
2283.2090583770667002211971464269722112
2283.9096944579502711846243043812034003
2285.4008760837731211169939488387408290
2286.1831237980910006504831650156024794
2287.0233318758257668691223015328039252
2287.5651346723810814367793036050327403
2288.2675349895642422489593853681438462
2288.8273818519084325773715790740097766
2289.6066100819490813889974987634757331
2290.8679155678921093085383018488841955
2291.3023108893040022107167397342948472
2292.2282698098296769388522685164673904
2292.8638980262641401439336351796732948
2294.1510395576301860903145734076766739
2294.7053818968451117514286591489438759
2295.6920650771296738736357352283529067
2296.1397620276527585551175571861612882
2297.4582937060284393765399944880135860
2297.8643149580310374507623903444309817
2298.8070372529773872667645090039320658
2299.5480130908973087045057306330339131
2299.8201668901224494414921996218649121
2300.6131376717327665066965143663164076
2301.8249941892820045959593004389247286
2302.9986675327644386377828866828483959
2303.7574116375978793511544564094375839
2304.5519774953237865184766330636335736
2304.9823750370970246116426507699694088
2305.9997743143210096457923223733870810
2306.7158769664140578333302129904261431
2307.3372284586744948267141343625086185
2308.1188145601102689635362623941375603
2309.2628239518376165525579072842970542
2309.7082579184322390481580883955092337
2310.6798039347531830303973307661996040
2311.2168136965648064612055406386864774
2312.3868236233788742590886725865075901
2313.0632903735853140016981326732042100
2314.4787349675479882582127644620028621
2314.9178701883874717065794322893112047
2315.4233256150176223706940674525137412
2316.1146931609583158268606801866072264
2317.2163762801604913421247088914359349
2317.5821170890744850384721165011691424
2318.3460254171340212694866070901811616
2319.5300661417755095479646758890116063
2320.0597544106463971670908945609380837
2321.5285424132497510665056619383733019
2322.2230290384283042448653649383881469
2322.6036239109020784248580514995216924
2323.6000265664262793298168382281189204
2323.9623237571562443042562916390230275
2325.3370059942549592494108951939848324
2326.0100399168820244073674650645369915
2326.6164153355976519388879174729517517
2327.5414041449262202475708135819208759
2327.7794881702703924979446388351024602
2328.8309824932085833603895389787162277
2329.9445612845832837549457289404523505
2330.9721056659131786292150923442963980
2331.6281992369681852892243115455739489
2332.5287897346941187622409669373461529
2333.3001427755714085285138082904746018
2333.8144891708487351166882595765508384
2334.7792849093705504017921254086199504
2334.9644754063232212979899640734916652
2336.0660155191445962175367767145155801
2337.1160197911536717944114290268077178
2337.8567502687096161023419131783066995
2338.7940276250699961057385776153811044
2339.4307767191146439620180069010145160
2340.2925982131691068579770533634046542
2341.4249720399754283484438127609205922
2341.7228639262932244468007549880736573
2342.9255439369705050046468973779257781
2343.4518750942459984987300680263661467
2344.2768744222524637901849892322787710
2344.8839136242832642551121040631049873
2345.8576001330985322085331586609470406
2346.3088043536136808956444875789077059
2346.9902267038849569413100836934688651
2348.7365370722551832290874788250719632
2349.5033632204270747904847881617196343
2349.8751453398099639604177380464382036
2350.8007015835308429952222040160988059
2351.5277508312738578347061395552565584
2351.8369790974885991101172901645248959
2353.1421557770459752165592855758887516
2353.8305208777074385491147304535109384
2354.5953572828814967757311380188874287
2355.1790336607615433206830298642195440
2356.1643905823208558753780255789254587
2357.1865203460648490185731059510004497
2357.7883091582587392821354167244258428
2358.7119160843928365282993261077461905
2359.5965592550658089115641221920594225
2360.3997093594620021596444066648313052
2361.3883650547812026832050024885933166
2361.9397587788522087323178103474958368
2362.1465569095588545651182479686770044
2363.2087380331297977679177446110779648
2363.9183600475944924642002108865186220
2364.8692754671396525437437930026396249
2366.0526766083847691823797702926191355
2366.7497975934849479981597496418057074
2367.5744809331844638893895225860176216
2368.4284386529442984718109927948888559
2369.0529516082172303836618827083928278
2369.6520788270627948662389746799003263
2370.5766464062530777624182927639392961
2371.2854153479946452097277677885158458
2372.4370621524928933190347820868136336
2372.9536050650037555100866027339663256
2373.4538644677952275567024146339250271
2374.3185590033308892326230156720934954
2375.2858272720122868249465175194280739
2376.4692520672673516751703286333762941
2377.4801889699219370516180974783179158
2377.8527615586387163940040578859019128
2378.5433741171559145284405179957525550
2379.4183369251325073113791938762249460
2380.0465848395677091026650703338660352
2381.0139731387480483355691881516615070
2381.2823410240717717020764439418012149
2382.3722676145702166013692498660497509
2383.4377190240040727461507464746817602
2384.2036451281421123720973134053167186
2385.3847010279419439557170027210247591
2385.9488855778533921709465124886817168
2386.0559746507152036515906020129579342
2387.5146986999399802690645917657159165
2388.4142188674751295126121104903272064
2388.9095888343783425560122476259161809
2389.7793922603404755146736382232812346
2390.3301736675512249113334055808318725
2391.1243190713816763029906306260273970
2391.7624563717118242729864275220531451
2392.9009289543524435060884707504452992
2393.7645181910923491315121760287515322
2394.8378216596441465419179748117949913
2395.6535484624283162652982112108813618
2396.2829630479957453094283272546501459
2396.8495488125892914555639700036737497
2397.5532051201505930111749123284607678
2398.2393508377369494081181154932241196
2399.1136248083691479492443904959805627
2400.3038590437487001202714278303447477
2400.7522442056317386785433418086420838
2401.4979828147071490555515579250389933
2402.3909305320477860222918336771959079
2403.5709541262360126124679202989285171
2404.0716637697843020061047091525338426
2404.9465433389409023721708294136208637
2405.9347546002435488921628454293029600
2406.3514477659260349746532664460788244
2407.5557988779118265126017663635111652
2407.8108591960898109305844671113809171
2408.7300758636307795693510626970397362
2409.2482672839915258367830233413932923
2409.9785530238981725874123461765599229
2411.5763084678343558875500296526640846
2412.3643312065476717370393990479050168
2413.0955259022969757807956868079735285
2413.4965338651600356138578916792871387
2414.4692574421532165881903858853233466
2415.2582748119860561443050281989137701
2415.7771017722260481087716437400219202
2416.9903402316996013900425374280683376
2417.5290417956178152942889572780377529
2418.0329359924709081180298408326579491
2419.4458217306593981998021964602622474
2419.6461911146505014698922977938853389
2420.6794429826571270524786213038474304
2421.6391103112768357008378160730609604
2422.6485636778496229299841759027962653
2423.4518421971232551554764764146244898
2424.2006107581404481628362446060065743
2424.7434745463017225259868459070992159
2425.3102572209786059549109611874211092
2426.0861098301772757631796889327947094
2426.9234436462400398262136415171091647
2428.0098150462985045522606584194913889
2428.3604712062711191389564365011320151
2429.9084044306836542821687182525902425
2430.3505078578298382830512994433950793
2431.3837417138066074416937945468077946
2431.9347282294600653354536745096770947
2432.7462334633878909932514019305069959
2433.1714068659061222327323854505126141
2434.6582474435375549630292397141594613
2435.1642507905653533626286072731975300
2435.7092703907561768600369626593481411
2436.5209211074731463416611892239670178
2437.1182203717809076456320849683142399
2437.9531744507932446976145716608184128
2439.4951852274038788320952250351206421
2439.9987327542558223778596192871818831
2441.0177030348425423696901340943129339
2441.3732396140998370380561417475913165
2442.3542861410980744052669779369374985
2443.0814704244514336203128352443423373
2443.6875482870824183435619813015622836
2444.2114598076366062895280602026577977
2445.3396722830597306444366033464267486
2446.1683079309177139695905076912207253
2447.0561829345621975783019641664841056
2447.9421488171070843594196837678376999
2448.5672525660544521031158724306144332
2449.3970351192656037380117896613061221
2450.2149832772560715387799659193569443
2451.4360223647981584574425348082877866
2451.7164015824849822145962903535319899
2452.5356330607940795704999196761992226
2453.2229543912334626961795696729238427
2454.1620605995594776788166608153428538
2454.6005522698021989821631074032344571
2455.4176834284993407666746568610852081
2456.4695947996728198804985123248296716
2457.6393245551354833261261519976351653
2458.5307361137515326620407683256928789
2459.2143332104077799454491806440971002
2459.6509001548211913576932721600987850
2460.2290979343267205657032494437555952
2461.2543445780527229607847749695320159
2462.0167347483104908840983962416382917
2462.8746639801543996630597752924519243
2463.9170910267565400688269561518599177
2464.0616148204385373172975467861488423
2464.9682524256506455923622006087315091
2466.4841616135748239756669790976745757
2466.6996239190393260659589415116800952
2467.7503821064757572593184937623252756
2468.5901089069745063844512042755912397
2469.5506620060561292181326495575271113
2470.0308412107957084090739916056790907
2470.8167548707276001645720338443577398
2471.6542512879734335176716705587946541
2471.8343235395043665633955082835160917
2472.8325779752976712310979033229137071
2474.0421260575680788887780113534911571
2475.1781614345676574436641566983908997
2475.5302250634687340102283565983995876
2476.6073009341505021011685183602081310
2477.2651951852812979920358452087832517
2477.8497068718775856813431528571947480
2478.8522746953767067347287845017321360
2479.4716542548565208482097280084692550
2480.2595156870043696077590626081334981
2481.1608412623303141853455060068357710
2481.9746109416524536509878108079917406
2482.3544042163288006680239605072506990
2483.3664496278451010503144945480420538
2484.0620983319468171710879884533722240
2485.6405249093215158216614175873292807
2486.1130020510616380494664610069409504
2486.8405328200600430861738241463841617
2487.5288564123337238239105596364190135
2488.3343158380555566032994375661565674
2488.6158991929992362324827894482115918
2490.0134636482655570492021774864424398
2490.2627684434192004196598277874408566
2491.3053612757221108276978894956340494
2492.0996108541755122848448706217120633
2493.3150313229535251292342169446231398
2494.0080292552409945938407339331656637
2494.5977764885393051950767382223684875
2495.4425936837979744755294702026999534
2496.0309499570964093218213739106935327
2497.2206951695432133568206993058581132
2498.0362146131534433545988021987851728
2498.4936150320852104162839915601266477
2499.2122057626685495899652246648876762
2499.6654049504852874321778373165654817
2500.9059240073709337768694498624895103
2501.4076122727744048805651607497767727
2503.0099881825336588554361510269251682
2503.4959675500012751545952006414632600
2504.1365037161432795980898771159557413
2505.2901068775249645639344465831594333
2505.6411993575606922843370893401643386
2506.5076757359334225459358600436977079
2506.7556508310676466237377520524823490
2508.0769244502084393971519215503275167
2508.8352333654324400471097495925247958
2509.6751480311457796218343983367840797
2510.3013440453041859538761345547542135
2511.2108155926593195275322768557851576
2511.9971770471405858071922369520039131
2512.9930795237116743764152248231230036
2513.9252485863375914423128703315289610
2514.4056759320100457594307289520434334
2515.3191763038454710991273226182388852
2515.9566757533376143082042522320539837
2516.7142179655630055238790916019492820
2517.4860531916342537795421315133796131
2517.9894584585562364097912904339400582
2518.7504779333995735361728912203648646
2520.0427319495829135378772246643553519
2521.2882442409700113968701695265905631
2521.7168471904033418055884444072866638
2522.3386925665384561463510468502900963
2523.0370598769931288992930739597997654
2523.7916000748187363699342896282180705
2524.6810545997744405870553181870286583
2525.6254328110789673673965182639058973
2526.1712802610142226168102349092289642
2526.9227132663887797039538904294988500
2527.7044887173556934494168346841620949
2528.4250365320879576632200015732304428
2529.5645692001634739549576659253051405
2530.2369577278677817043400149919080772
2531.0659693941579091352589390794058858
2532.3560235830712266084358940000758282
2532.7740422399339598324166403066716388
2533.2508078736611078828114670303118047
2534.1703057557635525416192079289132984
2534.7837007567992873255233176257950337
2535.3072859901479176733817085896656981
2536.4490713540963739236905848594677184
2537.6069420002174987359060970877576286
2537.8914337442297566415418170250710861
2539.1913474125419236177080229343811650
2539.8911220693934731695417377273680409
2540.6092538821438369168434946550330632
2541.2449180304479651749813799454815662
2542.0233428460573782126119131274906781
2542.9962030587176713350060066535219028
2543.6565355730592770388380404426319041
2544.4978728496939166758468858643545951
2545.2520033511722694988741751259366247
2545.6924633907959940851483298863987864
2546.2782414161229648527860771299635077
2547.9558078219140405663746920346131224
2548.5957496237918579641007085599549628
2549.6441559424374595719513798574612603
2550.1621201229444034738098940552894211
2550.5339542500398356254446937862469915
2551.7114026938197819853650573569183164
2552.2253686441256383594515588422355810
2552.9513521692240378184767651557682712
2553.7617832527028709177248425246263254
2554.6084537038329186659825542704429054
2555.4951850244052377323931276558922220
2556.5124070514674758724821285923670408
2557.1236981609185229307021230882314073
2557.9200378973775429803804453205099894
2558.5940317119208308924782338837621902
2559.7226512623223768630137467215296522
2560.4816628321388629930700723708554471
2561.1963249303443831809896891365461372
2561.7027888087020623457107680066295020
2562.3158736905460911619065535219231451
2563.3116741450798594056342661998363411
2563.9166004111323507049273086454708853
2564.7995415592874220193291815218299411
2566.0306559445630659486476017603867737
2566.9238940021371267376027696804783807
2567.5240673546715558969319047352639169
2568.4014572295857330892483754623168591
2568.8793685654548641687874455713927135
2569.5594888660824317570428712085991612
2570.2000400590111494802114716023031308
2571.5805036166621535634979467867197422
2572.1697038789917097641987811010743984
2572.5789253578209889680189983370834877
2573.5517052694333147836933059419772957
2574.3240876063023932884341402607707162
2575.3327711069245013603438933518588135
2576.2922879795924402462612834094837924
2577.0783514830431344793052974758280298
2577.6352446031445737225822215947814594
2578.5007273850337763852001037888168061
2579.5256881870486782970475964449479266
2579.8332187491916611559966881277942561
2580.3182284437103845984263034800446770
2581.5626103287428109948425392234879227
2581.7939763453905597776924401961153234
2583.4441113546951991601497977064224535
2584.2258956807770786369789141643023706
2584.9172598559789560459336269776853918
2585.4318352190459057854789986705707737
2586.3660000003323004813818147118277631
2587.0852218874849534157190949669731315
2587.9442444743473570623353854557541996
2588.6838074671420017236731190531350530
2589.3984014445931111795333372761003655
2590.2509686975968380593562641225891942
2590.7256258450244593598845988870092629
2591.8345106180666507050607086761600656
2592.3087272428727565380861561557504454
2593.4002981980714691704086138753866574
2594.8682832331430388482229096495380427
2594.9663923438719209156986666067060097
2596.1379725470387129995317110685465779
2596.4624285840209675022455163783738466
2597.0950901746589577129325864118537662
2597.9744043736756808672199307023398457
2598.7487949592514434051346245611489548
2599.6182820363702471758374908303860313
2600.4725744630059185599784813634178740
2601.1535121979879162522262290801015003
2602.2011080590336866999344412053808760
2603.2253159704723013999283915557565228
2603.8324458099896607548288105630476819
2604.0253345968816353586225649485856201
2605.5220951630058758521261550510382606
2606.0014597688594094255829228104093818
2606.9584557091621826595275962568219459
2607.6506372924505559163836924177219082
2608.1484027781303583438206568882908207
2608.7823957243720895251592855452939479
2609.5315412877361986279657477851609649
2610.9602639413360039872709747224970596
2611.9053675530354078860027412495049252
2612.3942880688099744513737561438175013
2613.3369946821331688217396064164921658
2613.9938818892286828143106711770209455
2614.5873297467108287633582713196314776
2615.3931480907475292359172659416349525
2616.2270119089509683602870656748195121
2616.6455692064274818287369661302829007
2617.9760498984038242731418405403941226
2618.6671982925868222313078873623685655
2619.1688795653296887431782047221521347
2620.2381906823013352973653511603609529
2620.9838685729350375779860689467765283
2621.8254922705495706935081826671514982
2622.9082247575569767241484478725386807
2623.5558699558996574453929773674763763
2624.2187811743216368108392856056911543
2624.6089098989613154675094957426281131
2625.8192306464191981875520724703666713
2626.2069311829661789393706027360546537
2626.9896329589245578114853543425105842
2627.7789099392067969457057158645614949
2628.9805168377689235897788597228604819
2630.1351188099425857995216373985887986
2630.5600404925605696346242480819713600
2631.3691858085181015351409657601846806
2631.9488022072070506028123598689937505
2632.5081904310745179581220609425112584
2633.6064398481635442170917038043580724
2634.5591708829874332092347199110805063
2635.1498920247939441400068743764301797
2635.7177953100649964008736726929341416
2636.4561347679755887318982556691563918
2637.3697710267831009472943178208918168
2638.3278073049627627691691018191647219
2639.2476647945851754106047168185235435
2640.0945725492262965345922675903412719
2640.7671047913008277032761352201559005
2641.7370976909819252586825000978347865
2642.2950703358730822850479909291135705
2642.9123501248063083651588275194516405
2643.5751211541419086969013916672612498
2644.0942939504447544008862512777039501
2645.4774228271552268947635478097542152
2646.0066344089443605760191419962600232
2647.1741681048819743742565613560675607
2648.0371646767249147058428468449625746
2648.2806140759773391638219221134905634
2649.5187174429847451713751454433594213
2650.3669255608248539570295858732101111
2650.5737943480123615279711798589103279
2651.8222928782247975433174864401338071
2652.5016347635134884473758345029462073
2653.1495705632135901380983769145314046
2653.8921739047414990492005681420731798
2654.7661225727215969756181624147060875
2655.0343277483284190834204652097712083
2656.3878400042411679407218959066196720
2657.8157049100278816693313341849574218
2658.1981794615256817862625267767868963
2658.7596186960315151150076726549907810
2659.5461004281459462099536821340855014
2660.2358592485159833423639312703439079
2661.0050277583963191987699411469400136
2661.6655526122351647272255067326784605
2662.7241790412710894026835224829621418
2663.3233264578294874789506477557102368
2663.9658406811007679365142710046564704
2665.3570008892372704106032291973776481
2665.8315552118727550067892557240219317
2666.6376700541714482234189158730794549
2667.3462188819887184281877391868939669
2668.2621682547305239399318903474877109
2669.2883448590875399367191366570513032
2669.9804157821864469273509704149402985
2670.2801609493684468084652082686176438
2671.2464420156641831190557709156782565
2671.7224321331933396478108019501623868
2672.5555013985041786194534655242414970
2673.6374297025723568148066341162422112
2674.7522492707186350028196106732342884
2675.3025381167057274263493996996204049
2676.4782033621748477518154290929264664
2676.8186958545136128746458729839810957
2677.6089473467120499919041651954459031
2678.3539234589023669630497229247054995
2678.8576141897291941442619193802498813
2680.0036475801950741497248091672219933
2680.7019802791544213130991773764630498
2681.7137708070170721494993459400401812
2682.0447340821309807979825068765536038
2682.7214765840493742359340321755146999
2684.0786616702409912614241522498964012
2684.7260811578188020382235766523391506
2685.8098195927120594892912166632997887
2686.3751680328034689167124845064899795
2687.1486661288929216397632840691935705
2687.6931250967345222076937797047919667
2688.5530917128886425243650940741013540
2689.3851954136659729571142635917789234
2689.8194663499507088329450938982220559
2690.4569146611020388695855954597722286
2691.8955605269609594474666075853205618
2692.7608625787799565438277297911717896
2693.5002742018448066488886871857614877
2694.3569127242696791344415700348964402
2694.7243732643220770730362390322419410
2695.4315809658300408549631631410643645
2696.7075000213038163987606198613870341
2697.3237901545546786267393815177368022
2697.8838698436058827779830502145200220
2698.7724674904765184230312329502388834
2699.3113415561519420856496734430095418
2700.2129362588066770293839268218943681
2700.9422303331566356753112473858847898
2702.0127656391427850731566706688085228
2702.8810624234602885656003673307349876
2703.9011714034474661928076297045948545
2704.4374134402519331617680718380393783
2705.3191838846033575414942067684794466
2705.6613539496974679590576990383720420
2706.3379067092393897104629914976051383
2707.1640653995632049818708349024140815
2708.2473199970278099076513614356971324
2708.8257679081521228919475872320484815
2709.9663980905169766497536302788367104
2710.2880941779528989410573213461476410
2711.7091686506719922701195873319624882
2712.1538953061469835605836170289781616
2712.8963927987809789863075052541724090
2713.9018625998254429957402115952248485
2714.3235166684212807240328449222472606
2715.4940825523712660857102694479989307
2716.1236061332553472731761075847617544
2716.7878479354699342571145696760702716
2717.1503837978231955372272446160923498
2718.1821564878447267355740401871023385
2718.8051559003787491788308670972250009
2720.6375350596772798382111316797493962
2720.9116710359965268420204616585399558
2721.6689547807078843524128412364297539
2722.2680618966201302211190139938980226
2723.1898522835500932875483006055334013
2723.9280724545787147245918936687677513
2724.3643010265230914739810488256860828
2725.4557855219263324736038334350757181
2726.1299966300288519780438664471171960
2726.8979015873186222754636943575023202
2727.7253166172701204106813874356082198
2728.7859466800207219695363534669630633
2729.2157910876385107248510135154252127
2730.0790646074384558801360417926058552
2731.2561544616185200385017607873149023
2732.0703653754708348112750416102924957
2732.4695365558226272476739184831471613
2733.4085856965715116308781912761073082
2733.9697989425697417936277103864238529
2734.4346274170135553414238862715754690
2735.5186345906844090555304521113698551
2736.2327835618619252765755463937483885
2737.0255149176938835990259174896868959
2738.3005847354725094697867943056476504
2739.0076181010608751348081227433488383
2739.8641532833188425986956455133936987
2740.2648425028877380490463562247739527
2741.1189472920696357378643521316724821
2741.6299878453733138533729790158583557
2742.7219030733285316939720967792905572
2743.7099285536267549120002190727073466
2744.1820779457058189859176265642202971
2744.8221201098333066729767687156030234
2745.5025562234463121285003311430614391
2746.3888821015699572696336353163721210
2747.6619047684527839583659833109060069
2748.3238869466749184100340598816988136
2749.1273578172997040142420984051008759
2750.0117769080373334928713630988800090
2750.4535853129079084711379267348052169
2751.4049691750809170786281991331828216
2751.9494635614411569919788402380423513
2752.6904797254522301985483790531524790
2753.1225936356585541093540928857147137
2754.4357868062965174270722715741008363
2755.3407044854522103524518198340962142
2756.1208210331947438903542384600972685
2756.9262376491747002782949606489015731
2757.5063602096502411523571477029323460
2758.4463827945120594057670721671779115
2759.0541023348002359662211488676539392
2760.1860809838503727561614761095836940
2760.8856177395033773330425738414370833
2761.0407051208352289810705292190540348
2762.2919052003887811033720866973669983
2763.0768335946125291269070476872387639
2763.3210723956689009392982047380138176
2764.3096221951123172676772123263432293
2765.6583202968282051733761067333301750
2766.3726185128775937349341504194178044
2767.4309506752717810405108165503987775
2767.9579732007087677986510220211933004
2768.2558542412352859257769908515993312
2769.0768204930637503126978250380661991
2770.0293393187567462825644315872149576
2770.6775766337014725907213313140220693
2771.7370335054839890264583149702253851
2772.2337967518070690996650158317250881
2773.0225615978944442960440783272548630
2774.0705636682441731274509786371909271
2774.8724507968308236110545959231309034
2775.8657221998277962619193356091632477
2776.0715613286117181141803081789092118
2777.2067934975947664815307834729488453
2778.3535142115896632950747791589017009
2778.5830407078364129679641667173280617
2779.4382749236960457395682243796983754
2780.0219478174753737311503120845252611
2780.7390265355306313014790380321329261
2781.3027452247716888384362336937008973
2782.7612140122396394398977066281399765
2783.5689470783095886187871601615392668
2784.5301038092837832337292157422364956
2784.8592346393649743582144174998881227
2785.8119467602194788351977105504816216
2786.7395750036868346517313344941505301
2786.9684392412364683085188004145319805
2787.9255076332639280881180471636223032
2788.7857970071008481819063958578816406
2789.6512412663968594211806566772165280
2790.3978597245994352900390033755281421
2790.8822711421860167125650407290583862
2792.0914655508486857728445300355393087
2792.3559356642132990272136408675584604
2793.8952512595212560510740992068425335
2794.5884146030066425913400404474338445
2795.3606203803960971560553599484694049
2795.7344181400902629526581907848253380
2796.7649988141992745595176248437076452
2797.2005360027662188436064742978694698
2798.0722353719463342187852370785895941
2798.7102563631787752203072979995224264
2799.6492806422386801012382748042543982
2800.3117240104874598732986114397173484
2801.7966521822159867979315552272352728
2802.3528036899381565931472568951311796
2802.9334179587636725894060985166192139
2803.6136652811460730878435787657073640
2804.3548005994068337794799995639686898
2805.2705258529616600097295433718406770
2806.1391692942133917629259011242627598
2807.0316614170431182681783625302240440
2807.3830058347153037484324749927574535
2808.0024325932476734328973560590306883
2808.8541398504845820830166037255458285
2809.9525731505028826817357056606899126
2810.6168678643147357387858445861240259
2811.9381263046545318543611616100283686
2812.3816796143297848016081828005235698
2813.1464846547855272980720020174939115
2814.1349182212169860230462898295835587
2814.5287257670367221841535682620673720
2815.0611704717251740597456309104125388
2815.8798448399536707079879235793609712
2816.7939636936330001524135527777017343
2817.8494150269390792092701202859354782
2818.4749045972378270469273777388472221
2819.1876345034056378865634541391405759
2820.2287080272664453809690716779084050
2820.9096329608926053491266924667948545
2821.6710522121624974985520389083885049
2822.5689491281279077417314095791364108
2823.3170900179333829935007196910562411
2823.8608783297433056909364485875546083
2824.8807894195622444215534876427005384
2825.3969294009816361424737533304614021
2826.1982757492207526284547859379391917
2826.6488817497742478622418059182020164
2827.4944677939008207464543107168219673
2829.1576670554752805805544168344046108
2829.6351223586481400050933403631435114
2830.5630157554312688158143703808226959
2830.9055885085131140985695908773803561
2831.9952453888707926610042893323994552
2832.0466635035202297114545506543781711
2833.5219248121924210665639418845887112
2834.0106369878502082266918585247613401
2834.6799017942650643434679393147438765
2835.6175432926234317008583586803037142
2836.3683120357079890151361486909031240
2837.0855473676056579713854005585459138
2838.2925843432074362481486266743332439
2838.6754734528787275513696531684876886
2839.5406513841215240294735684474565241
2840.8290436927812616662133775184738024
2841.2413678567848700720288353281699711
2841.9798374686094244182624681887300019
2842.5653184657079005488966437707557334
2843.0766877147767512993804692882963701
2844.1992743572727909017467922074361597
2844.5618872555973351149251989677449958
2845.9003846737508221072904463987203562
2846.7845621990788071472967854358046791
2847.3943836189981305700735420795435508
2848.4506332719015478075689418529981874
2849.1929336381050251260615375440744746
2849.4462321252725164089948771629986444
2850.4056286029577272188174038369232478
2851.1152636767216934473672542968156119
2852.3774504702213153314016844727610479
2852.5702438116614520395240368782249278
2853.6452476432957665817439833526267727
2854.1617484622360631672315794321279601
2854.6659570640735462068144646905922391
2856.0283870816971624441622764389806007
2857.0246491329582836051345313071054539
2857.8321061777336663956126397447281274
2858.3231525624817766611977978405200027
2859.1290323381080513014310784669145143
2859.7652776490522289850071732818334821
2860.7023880611172258160481547192074308
2861.0940057537817107854730032860036663
2861.8446074415174111311212590850179377
2862.8135205573129397944790147657228352
2863.6032187102343665424851619198116552
2864.8174191761305314145472881261785331
2865.5198026563839904239018714573360580
2865.9529149284545492888876383696421366
2866.7757959283465719850364445608884854
2867.6679137052560577038116377174718592
2868.6029583695526604190439940035581668
2869.1995285971372876836965171324378625
2870.1241141145946554197149785085592341
2870.4929146618409811064970124690591718
2871.1776974513901590504445448833261154
2872.2826839086226953466222030521503681
2872.6839573637118049223929430160179533
2873.8618606800145466254602314653518088
2874.8512781319445541704729037033044719
2875.8884412025531722211135450028250524
2876.3982816160827810962813330000854866
2876.7763844269784001125522906401466879
2877.9691529337135126579958206550817106
2878.1557864817240313362418688149409922
2878.8936283706561477333496179028228376
2880.3964862324423187347961749609087331
2880.7930530685657310153286035860509318
2881.2869035724759648050299288083517930
2882.3418639570804782019014297017211966
2883.3417485941201021478013922129260321
2883.9770480529728165319276782262027313
2884.9001842656473614089424925583494088
2885.6220335165355855469219580382669581
2886.3227619811069964095490790787035028
2887.2780134938559179163210616868822781
2887.8566565144578226474398692023153232
2888.5962677329141528709324272738810386
2889.2178279625395823914501018340995077
2889.5912108015430840782787394878610867
2890.7768827092321474648133296912158052
2892.0245065445319801197157689682418899
2892.8854318422577353365521664625833539
2893.4356861586003233011196235001356971
2894.0797437002249992272412098780569374
2894.8334651904054890919447646426666952
2895.6375729772518309697164459120204118
2896.4316840875226143902709940955073993
2896.9828594922786271307677218432085686
2898.1413101585574082282263236102022212
2898.4122195374718019681322621082998389
2899.6028146094705062917515351210434459
2900.0757062608683577820168018421220401
2900.9322134969086503087948765926608659
2901.8976446187595867472346348837250484
2902.8370529556809785155531034973301301
2903.7455787991572537602976771075582343
2904.5475767416164497713178715039573544
2904.8423708879805817708190621377513663
2905.4984407947045984716221769459334786
2906.3717516631562087682784940515002752
2907.1664378513291001569514697585071339
2907.7952998851846855143057888009852140
2908.7176096101228205133756167935915216
2909.7159068266628246122938787023768319
2910.5291928190165983891441971896875015
2911.4822324634295163165919105498494757
2912.1527847372993003581602464092695036
2912.6268114301250675709581451924023904
2913.2119092704872393799644510453189209
2914.5661373837054547309722412412247444
2915.1551002836573698853882515917685759
2915.8061484803154304488494230600092935
2916.5148627317962113824726994960644574
2917.1967634082993336290073319461199603
2917.6799887941299784245813849303084372
2918.9251407174980797741436632422527724
2920.1697480818416660673223071161095190
2920.6543697453583715953689182796243554
2921.3102168631816073241743949557029646
2922.4158586653014703556549500043959537
2922.8036298535575469705048813525959458
2923.4861370866475184630695866352505810
2924.2007485186332833361462910549142281
2924.9574956070065281478080999570483604
2925.6778555315165656382659402650445558
2926.8939853541831207481446206185274007
2927.4844407582168080281622619858457847
2928.2515187885045519706434447080227452
2929.1320222640919002191005621991641309
2929.7942279780522192519781714896760446
2930.7466279971953992669366722861490079
2931.5393740237307529117219304313139173
2932.4772745783581110276284118780951049
2932.6340042787885589027224458332236545
2933.7618134112965204230910143156955820
2934.3362801195348097658635681886645210
2934.9747874732860803758062805374693268
2935.8657875647893078352282940622655586
2936.4359379558836641562172211437289109
2938.0493258347197195619023156145993612
2938.7770679574734466724251611484059808
2939.1964220921036928180053086157665244
2940.0756421820300270155655744187668759
2940.5548360703243692805646708245203022
2941.2317666197628817309177005807548142
2942.2315092500593448144324917368153921
2943.0499276858995508485349825005034526
2943.8370635480972387232734856656975583
2944.4132149075699779631448755069421931
2944.9916340895641481424546184978573783
2946.2617956780552373956289481668017389
2947.1998070753456442204721527867690780
2947.3613687964874751959354508388513337
2948.9382476857736674820593242239234228
2949.1772529012634184863961851657983296
2950.1648543752369624789776610224078017
2951.0670986029365340364518802998500794
2951.3507644805271954082279670238610782
2952.0705089357495885642277857371896551
2952.6060044052694632088336425851079039
2953.8303490763789539160408926554535648
2954.6680343802033142570737648407828043
2955.6407721763725864752411984693033432
2956.5052405130776332693596804865879312
2956.9651961130310694618908295703457606
2957.8221564750142453924658191973546688
2958.7593200836217117968077742041047848
2959.0639874234804853239595149647040092
2960.1103595317227469033245491943583060
2960.7715988657586029923893342190324832
2961.8391523198642899960385309476428178
2962.2954327323390552115501033803694360
2962.8366718820091035863107105235177869
2963.7935658712569627511001153143616688
2964.5930685566978428233707519622687001
2965.9792729220545987110608401822459022
2966.5768020531396782342867512138447572
2967.3236762805641604677633478279324177
2967.7707338215654838756572925525669643
2968.4886016166566101071309323577267511
2969.5047269934404479051904151459193716
2969.8224948722925585099373664341752552
2970.8557446873390482617582226553687119
2971.4647292072551538516062061767270533
2972.4497558134873313136325901117358541
2973.3773134397563142284572001178375262
2974.5313138934006645976660753318821825
2974.6586719511727203731903453586894748
2975.6278654315315807869605074500165613
2976.2131295384581790337207878583472888
2977.3509686881258008348393114314393386
2978.2271809286013098170162173007091967
2978.7697585841170664210278549453503029
2979.0822851277623403659102659136144486
2980.1528821634660872650561937174387899
2980.7659835787895578100058532022448566
2981.4116474538377439533120543360128933
2982.9695911206938036785445655494167917
2983.3307457983067222220458166486277272
2984.4358075904034200862727184583580734
2985.0951178816152780575599998545174009
2985.9165884184303781036169211159049106
2986.2780427234703468364002429734496450
2986.9740099706935538093815146967976894
2987.7912931444818593073537600518476882
2988.7434310741566142067665719250501324
2989.6215492306273138321560048052465517
2990.1895153610204286660270091238431870
2991.1068071377690496156160632352059966
2991.6184007866515117186876735900904737
2992.8804949454051372793509282506653958
2993.6358243137917946974463873729688139
2994.1769254625792376383028430695783614
2995.1753687928294708905394324510625794
2995.9000567834144952914886515047918803
2996.3676970742356641751454453625388489
2997.2491528351732237288888676975596787
2998.0116659582248938273459553628720953
2998.4865045909796054491700407740495949
2999.0840690481522789709387739559295714
