# D=-3 L0=1/3 L1=0.60459978807807261686469275254738524410 Lp0=0.31606627555754027004622947396510845453 h=1 w=6 reg=1 chi2=-1
8.0397371556814666817136232141729658028
11.249206207772935249705025678863214649
15.704619176721625565165550880432780758
18.261997495693127568924414093594865120
20.455770807742492853445025831313102671
24.059414856493450774593053593212964786
26.577868735774585314584350937534076934
28.218164506233386093183029760310770565
30.745040261382495737808241810506171350
33.897388927259419017677874033005239580
35.608412653938634654812910128031714192
37.551796556364627019860446457703663758
39.485207260929350767366292660039341907
42.616379226157567574322806851480066447
44.120572912072202442024404593096999626
46.274118023513140085104871660141160166
47.514104510117322114936356996859595500
50.375138650636265982821917341449429148
52.496749599060753667288222171789598137
54.193843101551913578601868303534794751
55.642558700216221373856403366629557789
57.584056360449183781486589488226264508
60.026857456715902235261490772173696674
62.206078122282136486869645880135615862
63.176992767339108291183118388118192221
65.294925544083712033128538110646618222
66.623134625532930059658537417285771956
69.513022985979995934196837372547899341
70.819798695547149636795972104603690842
72.656149070696664856894357587385729290
74.005428521004189693308808840056650135
75.622406964030709683258476690975141134
78.217481270926609843019339079062166750
79.637975751907802016411748410504166480
81.611987609471446922364234323639545232
82.470252512221957946489476484814139031
84.412286638293409087844552756004932067
86.327646283014147939122640793664325612
88.652617208539390823268744243728238354
89.646402756841700112553132688961039230
91.335610354433082332560896464451229138
92.753464387119158175107258783574279356
94.394358797163377577934317807036239765
96.874252089785308268367274337451065291
98.126454904241912131455249996179000375
99.533489264058605510152918629570470348
101.37496346790001895757094146488655740
102.11636184506492079042239377102279184
104.76537547016451876061543860023220766
106.24606184887637674029329810413878871
107.97031611713810274124777482682009836
109.13760391449175737784651484262712021
110.52335103681335102838039686786436230
112.15477184219996947479795333762034578
114.21714827156425235588701489974593008
115.89814244184313910926683910572542189
117.36975099660535997122692534410621353
118.29941830789760536294338362915974174
120.25518223849444733043630574461458679
121.27884159650737288156602622891436518
123.89049065980963186701029348904982517
125.01078350060402543871202715838906224
126.39731225583503013068190349489259490
128.05267718423614205180884624945046357
128.93723692862378015128543782430003341
130.81136991023855702943742688680414969
133.03244964930053416214117186610099615
133.99086264341532164157457832819976831
135.82089122314953893993440987586982731
136.82637327155001725231312978730718545
138.09535955646888209258689836765606184
139.99828007550451125550428383073764484
141.64784711184876073063158464569996924
143.63847714512674223408597025450662382
144.25166398258846600457713829984403573
145.91962956744678365384080473335649292
147.22423028195671559038567983455502783
148.60313698926380061817514972744046849
150.71648956981279894744108571936077160
152.31852915159030304225291085205771038
153.19071649426000536538962761488541750
154.81521615192516933362957294504603683
156.13648089100722131858454386585940490
157.14838127659447301608505568474708322
159.71825242075046663418412396447635907
160.56831469662582718688131311165663524
162.41507557096719636767840615546800881
163.41795193829853080075026483740825667
164.67432659655822833651017597817616348
166.06625252927564563111590353565293235
167.86772853128119738245839613020339946
169.59828456081661628174296313018365696
170.84748304239912831648281059085266924
172.30763025383030212093934143511686722
173.06023361941621589077118770668933976
174.97135993067004216163711194929003146
175.93008181538425175340724212781931629
178.25616765547602505135813674409697169
179.51883345792155913483423783877747031
180.43138681003089427167352456982401116
182.19211659891208467447795875516365382
183.08690052849118188456732471400794017
184.43181956080852673104460058702516682
186.46725495995040749134096258338084756
188.00443272451067748044514144637460899
189.00106714502089292525490305663545717
190.60192473504366975164553661367748117
191.63039667549473778089747273490150122
192.71019723651836284203696207942178431
194.66486410903892608212896385539054133
196.10845836415063956189716852545995916
197.69960648915814770358986787666761692
199.00885879863788276347011531253801429
199.68142318360262529327010218471945267
201.58800663617669548683109972931316806
202.35490075312681070556812654476640418
204.34156686043495173491434222599366895
206.04434975366885356857483578558672475
207.14030253626752752575360936740485153
208.23900569098178085347279132937525751
209.68181246474661640529400463245666620
210.86880759363742405262148010208588384
211.98413474651746023171301214595516128
214.57593641790341577151562835336011313
214.92112618865214338499365289529979895
216.75174556845292479818953720045298074
217.95580996651202337041699744411392895
218.87706920688109718043682131085417676
220.25186535644641502635926469890989824
221.89540628437366751193287645423138786
223.54758745824787598789922752640720310
224.82556842312725345813709256694381645
226.11304575128904470765220266118436229
227.16395481185330172065861658284238910
228.31036296806697740317229362576620441
229.86032075995806341988348486181148413
231.11266676678763222012707355345432509
233.24732788564361897893911400910689622
234.06218582772349687530357727791504945
235.19018368059526255633272528828440851
236.66742327893103674361970028058822216
237.79984753851929566807016492479192285
238.78151927504063004126192137322005093
240.95462161992473249949686116952415528
242.13555163267791160564648258981055542
243.49032222572439735505618954370542978
244.45622018634821890742948293552472220
246.30282443450123256941373560842147288
246.41489647656354205645020466600798267
248.39124753997048618538447927083335139
250.15628574490929561544535848134553846
251.20729647437932095051656698606729109
252.93335089701657670793383361047553354
253.68282598549014258189075428005864452
254.76008774423076568893817711046074706
256.41328829128377889853255745982369922
257.28108458722366750289417915045337031
259.27319741632851416510617913990833166
260.66902222581455994393798536503221825
261.73319000462482003934119735399695189
262.84136038407342188535677860551692504
264.09272513326279269529951773211948280
265.40549169731853592236801639896657317
266.34676881351467689728330806466990352
268.53340480919267748474888833201719772
269.76334752902963410834858631312333084
270.48379266148635036552503880412617250
272.45470014647641930182642597955824195
272.87009917411687683204868188275957637
274.20758901429260036495065330014132879
275.72320349520767908568284057148500131
277.39226455603638993950852675058340777
278.59478314711144868597900511123946262
280.02887546669722363244457182494394606
280.87971187171704763568656533991167848
282.21088436993293775231192083837012195
283.16122916816094379604371903959441861
284.79320551756751246219259759241621655
286.06717679071987049128882827971698025
287.98572529194510815982937811393351411
288.71010283176852808999252805680472283
289.81963138650123447789914890352946135
291.14971601231171726405528856077732271
292.49940047256395033550555351658664147
293.14615797123009774811379210021970696
295.40527341318980373424179255793221052
296.52378354568669710170501048488321890
297.69325349386501033816321507552341585
298.88585264571944565061548077210564239
300.04424111250838126483528015427752113
301.19484982799083016522048135735606470
302.14779384326659829868305126208307502
304.23459878524762026853727739078128888
305.26671775777655564481609656273936987
306.57464013182276992944835984157715305
308.05641685318560440370138739019322003
308.59602609782648805199806517606602513
309.91316598778526862827486971971514376
311.39971260512907387582655099024109876
312.43767004218813579313271278318758825
314.50898516524633932551779445698434102
315.24780082584499311265730746419625238
316.74786798888220037717232582344060597
317.40999010248648723131022761731424958
318.99290134654926463436945943849154417
319.88355392376309939311960612309961048
321.22385045159103577055889946915365771
323.08837005114698656493130411782384909
324.47507283812848158432333263911188181
324.86822771932774675635902771497474165
326.67489982811599390807808314218688713
327.68991264651022655550388495665606242
328.37914907654876282424205718470853150
330.05807629717526357145056370367400857
331.70983505204661262536013051006249386
332.76108585063779707114699683911481336
334.22812663486738037229012271040302482
335.10904042970411909154904850773347079
336.29387913747439390199645002632036379
337.32311759517900404450044829312809217
338.61373367315610318705683141126706420
340.16891272344589015474858157460115139
341.47381848465004466661495926927427376
343.05178754158600970942162222971983228
343.73483577742411019226270806936443950
344.74056167219349997508760090311689001
346.40455934857835778356703009305935752
347.04513403771454173377040213048347343
348.44109648434663218759735340802553290
350.55884370500022555406936425791709944
351.14643257453652918185354592602297309
352.47678956498902093851425360990646874
353.72130526887938495090317294704396759
354.62880893463190066750854056907913892
355.92871534845984024630425255809970858
356.81958397412663014928527553069792374
358.98950434612093884587791878737238540
359.73991141533447686737648959549265765
361.14852869209810728815398169353037680
362.27872692143943809355765203870122452
363.51063194873829068450631040682473596
363.99581069143212827146570740117016926
365.85712778980140620647771262061505903
366.81072226831498563090107821664678968
368.54713384072685417850899841748501611
369.86176812016490752350345988188614569
370.64847703998470719841278886251373828
371.88671431870885900987674902602371311
372.92351545452706991155640969926195466
374.19965094454627560400271682368166510
375.18332516744726872720170642945915197
376.91014248234722268882076447759970492
378.48536603055668245201512513849324895
379.13357019280665743998270037391514305
380.29149944665082695920376629534700133
381.67093436439934555039464238357579328
382.73577384515457210171938006082263054
383.33061009601199436043872687204689151
385.45429264927540150436392047022782599
386.55091054717802204947622084653416699
387.80368993332752597701645693798345197
388.93938967855491465141561196811677892
390.13929630133062925345032777008347826
390.85264757721225794414552596656986275
392.26367233408204525077426979740663448
393.32978253981814879728737192596463784
395.10828252596708288839236270632019598
396.05995829925479714539074652076428933
397.68335413891489497256427265224641559
398.37673163956654687805890283071299347
399.29425347594639550741630133896090885
400.83791505200030456115016783191347880
401.71598876547165546687746640246020135
402.90554080839164780109078429027092791
404.91469571524813149179054260017712181
405.78836003299328723467838378405851341
406.65959561820079951335186038234930698
408.18988809693382727853994835582207312
408.91664209270184909590322716097158401
410.20927791075185881671458419197727568
411.11655247464638222859877192526432596
412.90761540756461346633992927470788655
414.41694838142123991964488549015183662
414.93040439611937126164383640841039459
416.54959473612719653902469218007296251
417.50435572483940447314435204423440832
418.36439521794775471079709068570066037
419.49829438245160159324497562521665805
421.10791803012910498866258934922590048
422.19413926788974821043322284652968221
423.77262496326068548941645189828694457
424.92635606321560821332480899290979310
425.52063640819106417416580714312811864
426.97599415716298642156715319550215621
427.87823428235821404629043685852127438
429.12615271130341315494887961267400759
430.29228890549324220402694198971186133
432.14715813378126526852067323227784599
432.95875212086255552905444720524575737
434.34245368433125527627027108867328321
434.83135846079325141135769689229807000
436.63393900838983651216693871487510392
437.24063374727816185824143206700116003
438.22442515872169647084719217688920909
440.32138759674761812066768210636401150
441.20882282661078679009481033364712568
442.37238457496487405239604661447112726
443.60686084294226507442389514301448700
444.68029310272546013577140968618678704
445.42208856765309985022589518950721558
446.76732437893940742528234522046971508
447.90642525496007633988466945020955583
449.55718421354441098070056962610695535
450.61541625090528986606355514724002242
451.84322151493245788369285428107757591
453.06672554701751991393039314443802465
453.61547065307955197599584652533830037
454.94568855331444358397392915904923153
456.34611716835342897565386962664822185
457.02172671295922562765248501272643700
459.01825865882302516808580554927395476
460.16070909549401231963945717649624067
460.98849863943640157496991385295565688
461.99930499636565764991263738900487841
463.60475241583016168694662088586307379
463.97867416193430182624820390658189270
465.34383291180850488346026960526508786
466.72657309233439519112171525922031305
468.44866481061790328514623353622914292
469.15885739863865296217349536495822722
470.28712559512510068433797738698507262
471.62992098383514631902708059300451096
472.45245538708899890697812597343812549
473.38714902971671425676159417956460330
474.64508416517770486598074791343929971
476.41311860180240595364793501211348812
477.08602891359178274967253088239848911
479.02919985692266792826158213681952584
479.39739975052618317175923627071633143
480.64424332457057478936489752293036681
481.64500395200161810999517793047017135
482.94480025209804394339080260413481083
483.79462682011090731225480722812092772
485.41278118581501688700406873979563101
486.82215167358482733086469908060231535
487.83317101194054181336628571126672223
488.80615041416867552105506377676271272
489.76628103996859113148321554254748221
491.07033063269493561343142659071747131
492.10763791182608473591593314130626353
492.83477578011577251138192899334037061
495.01342076254133587080144565565707899
495.88334548998239741637932056643921693
496.74253607970463860072050494304041822
498.35151209340062358353898047630949930
498.92401389660464411103115526774657226
500.15639264267893572908427785990505091
501.01273062468298700666565434347528191
502.53802482239565935342928143018768041
503.81355318190400314131040618662869834
505.22153393777522934356180894777979796
506.01659196545596409593284717926765790
507.38909901216514341059278719206325919
508.20311880174984805293750452589398146
509.01355168251476344099933208383483210
510.67374247734821792041433208925402898
511.34806451747974989257830260474712917
513.02029320692436159808313000809046017
514.46897495350453958683918092069158818
515.30421769427642337232508268351974043
516.08608230300571091112490029331120723
517.45440496784040466903028970314649889
518.67945755775597462299799700257593783
519.11001837681771840217828848298587458
520.76243371997700483508693235162770946
522.27336047946072112303599074462241872
523.44310495728259534448952099065027588
524.25209945739790782377554612811480061
525.47481840434145847546055255376510186
526.53984149071207912036805293514486156
527.59258349637435544746427946559595239
528.26250372570436955220774517719239845
530.02261000566332006236437604163656362
531.34564837167646515164722357093688179
532.23230619338181280981271571440734000
533.68466428549427454091393482373693183
534.78329104120328018188924837153016665
535.07731887091248609567494673138186098
536.78623219759384339515014990225576638
537.59778966504613915865080445766078471
538.82309992483081283968622667536574227
540.40835220065774743332982448208684361
541.52917967885485451005857443916451956
542.71963228007895265933342966578512171
543.32999265578152395557965207620797815
544.71958441720882321123021921542242607
545.54082401199367074630749369665506172
546.95412969506578675333069905884322961
547.51414893641620911380459397040339201
549.88637278641249039709057081972680408
550.31322949992287698073181426673436962
551.43402042100819336189210197471458169
552.72548139391208740976090559198560841
553.74167102557361279770978527786340322
554.55542484569610753674638673095127886
555.56848873755625102337198590457502338
557.08626672795144126739869446373781514
558.35972020890143091788959042437736669
559.56113107921394067056174569938651011
560.62231677966223921134677109605256799
561.61143661900009397780224410799542193
562.77653384512677284460675340889611323
563.41123433945215886732289845373657644
564.77874873880994479516567941591251444
566.00241818985423134785421686690944986
567.16011410312641259433234180030545444
568.76378421134469650795704166794886878
569.66078911001173660764095485001450575
570.42723552443013704088895409146762057
571.54223048907528711166905263347481826
572.86474182343794235390629219296418156
573.62363134671246307502470466560023333
574.61860059434032618687199621392278323
576.66695190181901633388132070829745423
577.24136414511257916006048699027945288
578.82548244253039731409887047110388827
579.25209943500590292696134282819553692
580.72346250435729629394534843397422788
581.69793066311918502121836517073448741
582.42165733890299238604838943604826478
583.72832334598344936332877614972946476
585.43893096822266366535908287549873664
586.32597252377235656558911865065822422
587.34696513101843347478591566068037883
588.84521065994844376606693293159776314
589.45221225477671024085715512937280172
590.21977339979877605145455652297779769
591.84762758793868832075076025958543119
592.51130936579204300719218098153784423
594.04642350612862811850567398075167078
595.38783485777676259637191639705976538
596.56863063942502704918283414718729111
597.26317252640316547325420125865365611
598.51945412150066447165288569312289177
599.28292995916813273371273838232688069
600.68563154498107011149201329032808663
601.39168769495443625807436843515508315
602.77941421856452486122071131346454725
604.53700036022974373830192403071553346
605.30820269563673568553922076257002475
606.01802553951505310064353473300794433
607.47780977065935777333127257912917522
608.53018799792110435653236451032225940
609.11081886265746736617376351678724460
610.32611609807141659662752080763814126
611.82050172972516786595819026787497741
613.16741067401799545609841816419182457
613.97777973510137300823137808387305355
615.46248915759176610981682633014204662
616.03032859240985125155884249809633796
617.26380630795057642432434226100302949
618.18215512434073996806142298612848316
619.11688004528570427104197719571807450
620.73687781544459487049012555525781486
621.61473302346164564577746716152415840
623.23352314761633409218903367959722205
624.06657986853380845441509980167840126
625.07515643222044238591196103728116067
625.82134760396931173318103373398645033
627.21404595812354670470686299421890661
628.27564756735086156270910038454347566
628.85099390463100567748713907829213098
630.91516804534883919584780760463982403
631.84392837415275103683790345670127707
632.80382710901598898756240332043759275
633.91515549824669758301847727176857223
634.83678758513493711210389432819038156
636.01412209276485184294629724934421784
636.83945116997940481427778029860511092
637.83521624105531312378261759540284415
639.53495363107708809854776180667884473
640.86014252438984283231970028955983068
641.31422739803664904965955459171836986
642.93531932540997219040779376326027176
643.70860903573477393545435206055501218
644.68862110869114718841616138969248325
645.43422777493531327967693501354286139
647.12870697886687459854712573740854083
647.77200987559775672189361036558885373
649.53256069938428347601317323559215730
650.48283244103624926819338297238033760
651.56465263721313581878966800313945856
652.43141586785890968958456934478525517
653.39096047266041446869761466988309289
654.60488332602694902183599951606912048
655.47215640668045995966137792439864712
656.65231730206375633485122017360294766
658.11302220231881618665045655273759327
659.48161642270583742032920421561857027
660.30473663077872017901824512981584247
660.87754719298719781979449805017130960
662.68327328330528404518188599219967384
663.10482008945694624088725821102472299
664.14318858940089425084985459246129999
665.29548018811339416422945326396343402
667.11709338668857911821009549574194037
667.75045507584827618622819491276825437
669.02188954937204593321105398831416639
670.16291934696579979145635128203948419
670.93249866935089440842452260968315649
671.99818914322426459123647777054660835
672.96793275366053934678583205251638506
673.99961261302475844418371853391455327
675.54202742867423256320942292499039736
676.56846551011756830910847969291974729
677.75394525280482270260994497820185502
679.11424823113738460520148153965313432
679.45773042401917530844914362594743286
680.61483194996755841022803798741766310
681.85739563449838247399409637225868029
682.86381555148527705965077600506876794
683.67837155749756656589604944660518416
685.52193091951270297090896766667841023
686.69842890326496653337278814694276540
687.15569493131003050580584322928271468
688.52236145836672141530036604345161468
689.53845481014264001870641878220738303
690.31692275425570011083907605851687825
691.65694371327788501333492603381126298
692.21133818417078854037654969056766960
694.22219060078317534159359505238600383
695.06750331442983694659640676194455401
696.14599205765576310236505646397428280
697.06334127998327011882032222989336600
698.38653546282594692923429814308412494
699.15442723015590837731460437869866727
699.77474781003841075816510530140111968
701.39756322149161499106277336245796069
702.43746896182441048988041467207309827
703.64945705747096900553141662897848947
705.13717072613521988816792660986776288
705.65572441247295483174790788391092088
707.04757303083778685730709026660825683
707.48010387333553676574566719740530378
709.05648639012169093943023905628774062
709.64938765610473097429903521531696513
710.98191963371458723895012923786741475
712.28730501009316771143395473620426374
713.68657620578612298292771858425890396
714.52696837474568672367071323942938449
715.38063436188238671892921408333516579
716.34035040951147793141730812816367424
717.84519073152237238416517210445448500
718.27550618083488083976899519875961722
719.25576679105619859897984723050440211
721.10897102561337998834785112582228770
722.12242376701954548240966648567123470
723.02498938230638580047562064378227862
724.14141926059148536237793688714763274
725.34133649479272288185463131111246877
725.93146100541001646153999381022860103
727.03598442401807982201057337208206497
728.12804821504499240386824581403584276
729.23969832594373726010436642521049266
731.00175940912482834741617894352207504
731.37060743882912835396481221862775435
733.00551887122625203369480892857809309
733.84790712316631192802630919006534081
734.49962210205196912081808738715497736
735.67313959603828877719251816741899142
736.83248025163140822758507332527135927
737.77642041536436427143840632113317532
738.90517232914192350657968347788226289
740.78450722958294953601826069349339240
741.24847514098663367103977514064408991
742.17388530812384886929387216836392192
743.45625054762150102414919252627230610
744.29734152906552140613780904864544508
745.36504091264636023223040452317964279
746.18620558220763704178428104483950558
747.48448434558261745713084634810963718
749.10356797179732725842413400098513382
749.92677843415265099514425573488630140
750.84731307479770010960613861508870163
751.94822608334024810519154941841520596
753.06021479960054778443211477354041804
753.91857533728207574213367448463988113
754.57247583269664672696622213868834705
756.12819149708788292994616335225705530
757.42405545323327289596231375839862859
758.28021822523363752099047416131223961
759.75402270302435703883638517541499552
760.62827709819181591643584856077134683
761.24444299119818709049439663704025731
762.59082721662650443828379120184950820
763.31005502641483124560837895192453230
764.62795401714855299316649727419500099
765.46583991951645980478492091793851544
767.19014238245955992638198588432702580
768.00216566909598921545506743069346317
769.30130291107647427503987170747393397
769.89584290502484370426921552156927720
770.88434543880889458941226777527975908
772.19996696553949028545908200057437161
773.16012921842481701146094230275208931
773.60857637190941371449067959028900912
775.69852210043283666242124216414211261
776.60297269952796225550582286658045531
777.58850025734858224908022454468856305
778.44801869727377330013100373688612440
780.01181531708350476048571592792514437
780.26774186282176971522619082930776435
781.42990939364955444553539815706103904
782.56711976366476643621802872420959053
783.67933357666724784190436295889219862
785.24735220897817646594286295559190149
785.97511494615287924196476158577372229
787.20333962561002467801555661430579459
788.17758216885106351900241313116108583
789.19224113574446168563887671943997954
789.72006347142789351224910700801677556
791.19055833024166391821601201537775751
792.13281330847004244347954261049518727
793.20573383913099189669846305446319578
794.75152764160473262966136997126912827
795.83786954060581547016513815432667141
796.54557363381620010931019281843604361
797.36896066179344285403388061833175491
798.81757926866108052217519958993000195
799.49850448399094824276568739099890870
800.39178369650769603751024869267659193
801.66097610549257735158410200316966478
803.08189306680009741246212686503372385
804.33619617420367956483200029677804851
804.96588681941990036696542306548120738
806.00598410915616453495174622733875539
807.33459456511772408350489436069950665
807.84590292741374654954514871581372464
809.17174664305550187080709608736366374
809.66444910408386836998964199551039912
811.83204810177877479566635275426834869
812.19207926565443262597484442497683782
813.59831403806476116886354612639305550
814.83632204356191590934282866859059044
815.47646873191812423202384120490791325
816.40778859668926075108324790344160771
817.45419435469674812118037761228052736
818.56666456469806145452549545694570875
819.49001852635124703474294937548020369
820.84450761390466384110457510464865369
822.26204113450265836649172721713459125
822.93247681905952274805140658118682484
824.22637251148885804287401577156458284
824.78954471920184274576457827494729140
825.87685261280525522798223481008263628
827.21582243733586649765821210959057002
827.74482312942020222434322866647354610
828.91769965492674879262234458834110738
830.82611036806546184447309239704422812
831.45328255829160535831921721806199941
832.23606329932810747587466129204211558
833.61509088261821949551304916570769695
834.38993219176433731182447444420466151
835.55229475344173085428224312014100413
836.00985828476011378900089117826437377
837.47992652985907659919157520350570411
838.73102317473855356034351953679585274
839.88914216589781153855230802995781370
841.01829011409035198047283300861731912
841.75720009644981931621928749290184509
843.04390309756746251681397778506748268
843.84345238427280689487201293604880784
844.47792116759360072177623744788136717
845.94660452577409380000827183986579953
846.85038534252465757945558629066104995
848.11613860196751421060870780840066364
849.37491419934810876901196908890549430
850.53086250120662016791726550362292978
851.31828585606924720391838460545546399
851.88060787332637805134645592397320769
853.51534485354418519504911626914529353
854.13892878572356423394106894672022416
854.98864543324687171881726086797180522
856.36235759767239108266175014785673538
857.82045166767116304523180211832818208
858.76286424291615803373054053774867178
859.63655923282407801155907104670851392
860.63708020275763539552476967498653046
861.63114011671671628377625521076769367
862.73306147132588254161022974647977110
863.40324819524533449533229380369129789
864.42531396116006058496179240555900479
866.07787241982373111661257712263311284
867.25579776792467788490278152655664308
867.71139123147013305684384805863871956
869.42436587155239095644520477464041226
869.96306237457876625210270450142865485
870.90392795341065762121647019063598494
871.76896374951700453545397790517896622
873.18493729316288194162230614618737756
873.79643144315119865937574655623839687
875.41288198397414576432394096756068004
876.39139042646085357483778686702765176
877.80579756328650022707981393572816186
878.12606111326792339597308445286927337
879.43638664299152731719867591572537795
880.26976421213147559356157989467187358
881.21656994346247912306444224595966203
882.65462765799186010710447885296610780
882.93676621751475585060634112339474183
884.98620216507703553697310743669259555
886.05001038525499008495189290193826543
886.49036062138435569035586913083429105
887.72952410757158504218643133196916990
888.79380730235113148841776255481200653
889.79179974280822611782303747771577247
890.41697165624440154686691663435523976
891.49987373521837233106051161388103737
893.15462733561714847729307718085461842
893.92630927105429688371540075779889322
895.34062403802870537224293773446988844
895.94427808223504631169221537760087942
897.18981218926480052655110907946765079
898.02333479605878873041536125386452660
898.89651837463900625778891368406293288
899.81457327702298084691664365901137940
901.11784618822765835012911019092835904
902.27252110647350965303827514814578095
903.33233370356853327083591023835902936
904.68285601345664493733678621609922635
905.47705758360916173707413919312485738
906.21591028284072354393045995901130014
907.18884570602890535879346408649107840
908.47676631642805133819766000043797299
909.29361467444974308677615909643820954
910.01833282726329914133345379386935788
911.97195952306662807068765825055761805
912.64011373358308441824624666589707059
913.88813307319936253019285873407968180
914.56342567158096746552602679963857274
915.66128813611915276161245572047352741
916.65786650146429249223196397823153044
917.66539815268628482775396646920303383
918.28339832735493057191829787497375985
919.71980087666568410276597962455612868
921.21894305675225162311440861973248080
922.07900371338137107427437012402838374
922.72251826427699701232421774554951989
924.31692986150946400717306646415890121
925.05152025514411993111505655130813418
925.47529059144727515674729804145537407
926.94410783889101772620511705414552009
927.81881515979159832290351273939180148
929.08282341220192006821649206179978211
930.20166773778353699446081299374707062
931.56324368027095981953208151998804561
932.20406730659572922968562788831179549
933.29795303278058161529245639145904567
934.06472006418047002658605010526037252
935.19736953335087433776798227569815662
936.03329488353550747164553867308605119
937.23382315034824459038281623806099503
938.13003511595122241263187398619831184
939.87578192414122744512775065418880107
940.60947319640442408449637709572513830
941.48878078110814082348874193313608486
942.27672498230056191836222034518497484
943.73472071283283308182285205176954041
944.35954875748633252366951505900150680
945.14282721758003582599712577376365597
946.33374668803464538707069402018850163
947.93133406201835814270482852040656240
948.79683180770020622253575119160641556
949.68099787979096738891836052036900036
951.06063776285074228249236046829270434
951.54582151599806325077156903741050603
952.69282663465539608631435355856456588
953.70053092568428955727248599523083438
954.31250665407614651095108440322058946
955.86646053824548086768326999645318027
956.96204395686823440918426709727438758
957.95138268897847812308030513211621608
959.28575408084138770615710416037456252
959.94339088736215752174580445285139880
961.08996960786453710764927156212925961
961.51398389296725021615251322613488376
963.05927636956738993159955086511604471
963.93089737397432454049341451079953285
964.56530022689669132360468048042198801
966.50761399716142944808330089323299676
967.29244071265694471191049925443274510
968.22537981693447494704530366980921494
969.22715886788080480269056469918166450
970.04946978202225861258829988827068390
971.27298845501595743918817661769323078
971.94275302248410922411584324830799817
972.96022868685560693025668876475649902
974.08486023758044268763463903290240424
975.85599539715395748083716019305876077
976.29834171218301294618857085274587960
977.38631535386611953293511628305636361
978.40025064603773508574259599902605228
979.71337940937293275957096798355101594
980.03237299522368572057077213091515002
981.00477571892702679051295122075662870
982.44244126807666625409390879009846004
983.37249180430811447035694643998587126
984.63795786875522386687931534815992892
985.74526435206266840688469959283268220
986.77551417350057413088891639390530592
987.51301329373473334642743528095606362
988.50797603095378364768759635667149029
989.37052417502657898877641679921637519
990.59701634526383929555988362370906893
991.23843292340696339257050259159748097
992.72015018737168286934228118292964617
993.74858093093558467413781038809362162
995.20303904733396731470549193636359140
995.84725667602650320135570200925576890
996.35960177622515041844660190853985573
997.99798670146427881588945033869719981
998.52315205457322746475459096881623002
999.74890807123335737824816837607496648
1000.2194461549807948236765910184429322
1002.0664239411946687743183336053721485
1003.2593550806641416715513038199430040
1003.7119690926423152373091004120841738
1005.0647733742281622432066489809383684
1006.1092001399959869193436307461861431
1006.6330791433504782653770602953139503
1007.9317831209365373333836437491262742
1008.5608867196118987259812557254836344
1009.7559463140719674956699711877361182
1011.2104877039705628136734050445591496
1012.0932799924298054956737524501824963
1013.1530446913796801458920763738538196
1014.2687157583064511257807047841932566
1015.1708884236737516222824986894992446
1015.7590747717302049376715457932037989
1016.8551663020970050815576644370032666
1018.1678368278606430845792081968764928
1018.7450539398145141834253119542413708
1020.0544191956648871708944974718326582
1021.6987959945827212805270932035363386
1022.2678419458753936180922530681824743
1023.0807460026497116707956340522381774
1024.2682823086936450910110130094335780
1025.1358593523471044635153786024106186
1026.0288322125051782921527687115040966
1027.1280112905041069285940973883801862
1027.7982101130720101679775077851610728
1029.5653758947519282534650044411529116
1030.4693306254959790533155662920960345
1031.5348035191171059787139069227681477
1032.1550793732232529184359067508217844
1033.4204158548567661424563833849029146
1034.4515770303410822316906709343696983
1035.0245847147176249497192006658788767
1035.8668123713398619142075867251086834
1037.5714021103070069236208415870606624
1038.2589966683966811670691396471259593
1039.6848768209440438577881192316860678
1040.4773743057237910962935892736737478
1041.7473118523140620550915497897336257
1042.2927878355049385162313653229593104
1043.1829011700511868147727167092435429
1044.4821603382772116533234860989650494
1045.1115159380341162768461138568421922
1046.3238630830781775772045807336005211
1047.5769334134834600838553143885307823
1048.7260067592660538591702240649156706
1049.7614942905765973179317866486977531
1050.7317425263043284093472170363593886
1051.1815299443429850833888365087293693
1052.5219075510498460510973813645783024
1053.6428938155510414624779594162780277
1054.1249807392107298608609856528025799
1055.2215221974065161449107351442931051
1056.9942418041267364681995002030835783
1057.8143715582775667834118120150003892
1058.5443101786629856765244609190321908
1059.7220891340924961607676169659102250
1060.6831829270317893177578538390949771
1061.6709472676979309420028673663624585
1062.1530930547892602108413226243902731
1063.5903791862539553923629152354936501
1064.3203593383841009772728700316866460
1066.0586756124912034583271033196872205
1066.7089267706772021178502649632306118
1067.7224760567747834505830862294832043
1069.0574346349636620098339558130212401
1069.5449593579837902514900754150034941
1070.5444783758575316617857140687064846
1071.4292320998277619838217247959547030
1072.5955593030833175852597140963376528
1073.6465390754106383484862854718268743
1074.5639979721050456547706725547389961
1076.3574635081320224060149136378511953
1076.7795865723758308792941828814990636
1077.6962573691042950903000473480009306
1078.6827418221518104444258037218569763
1079.8138407894123199025113731150525153
1080.5103280040552172013271083829958533
1081.6048216813301941848732122565122937
1082.4191112786000341278543980017087830
1084.1155983519577824966122175754412504
1084.9400596125162094373668470721696752
1086.0628906898257817791441181187929148
1086.6657157331121557037938248508080669
1087.8127398667779927385033717798435452
1088.9239800055164056659270557917272053
1089.5838574460537332269229321437873828
1090.3240046411015085678558767842098321
1091.7761341011229290475648015959379048
1093.3355570798847310559448060625439330
1093.5379588158526087105727194434011513
1095.1703424879845195112188096129892243
1096.0035068997269197590645628443238117
1096.7343322314837198387585700160688088
1097.7542378290998080398275534883538200
1098.5453439516858798334289010571431144
1099.8504922362757014595769034370505115
1100.4991874118292869320561123662699270
1102.0231682290602748422248713316803841
1103.0684859899991154500284093655395583
1104.0794703497869695145307789821461486
1104.9349938678510418390294992607732533
1106.0260466275500931468077526577151206
1106.3672067489068462240575157263190363
1108.2534084973973505138592945776679678
1108.3870006675617410369696373625608976
1109.4567440706374618770812160043419897
1111.1366129593336397884341629263131436
1112.2052798264717396190965041056858157
1113.0584318005738866090039245038899681
1113.6578833965964662931127697252279285
1115.1274395358760023034544663173694031
1115.8975306380270884175576248851505483
1116.4825768776464686237846815957761966
1117.6725725752561512303218703817158361
1118.6898808492211245993460382900216380
1120.0196455034107216279635877946600902
1121.2242154612492446475059843924183407
1121.8358307110830814692723066321200698
1123.0611364804133485304922074412635462
1123.9831781024466321754256585292170477
1124.7704696670732655489591535314384290
1125.5865413606830551690940891958838163
1126.6441361224976827586981102073620599
1127.8851117784172215913947065327814152
1128.7624420306955948073107787609821832
1130.0692097329662088492973147036236702
1131.2790249091896413280691471795897538
1132.0028149342396056123264182612776929
1132.6212534769261632913152201740539653
1133.8181920522190448982104837721670751
1134.9603465348940980149388045330172700
1135.4876391517237391455774114958380016
1136.5787058116767811045511098453882024
1137.9406886627123173125815968522474824
1139.1416888266270958718070488096999377
1140.2552288114441415589885494196413771
1140.6074818341814510674593727244631463
1142.0739131511183930308006842048941615
1142.6272173465170871671706263748809458
1143.9156226338139720749947102630134695
1144.5504740705733164412172009501404006
1145.3589227997058600032558167782742394
1147.2337869509196254773428748387259799
1147.9556660682184809942805109704827457
1148.7682055169135767564667085489207515
1150.1660654587593340812401015118167051
1150.8763137832351802778970827532138150
1151.6822201629118852801451664745289820
1152.6164337996327311983967229643668983
1153.5500483457090093469685758383615345
1154.7851334181918973310007461600808283
1155.5677843600574360070986713832346941
1157.1573435502160375010114654926801648
1157.9290715318207038435868655441967470
1158.8781375201663462757091223780621841
1160.1255801745694767204139095733167342
1160.3406430191735983005330859809323373
1161.6960302507310702973497143678612007
1162.6323069098821577259859248904902401
1163.6173980338614685731644538115098332
1164.3883193745870636861527514151080421
1166.3426979063210577276732916968953521
1166.7812492413694831432304333004178758
1167.9083036917383372055651566634090849
1168.5069162939124108200217916995639410
1169.9614703123329299212688631236169514
1170.5759869109394105088808104278027586
1171.4306362106401513288439462664920204
1172.3146526553776698649442173392753006
1173.7898110778645820525566591892766039
1174.8256099259898222688377747407419347
1175.8772990867234143656698734188151802
1176.8464625726538893635289443278735219
1177.5825472338518074094434169272503192
1178.9182141242651171722265740942524048
1179.3974236930094631257786847559353212
1180.2765166876768311692364076784036312
1181.5112870561180649528369376825506361
1182.5169809391727666392367534160739661
1183.8102448308122779299529247003583337
1184.6086895518646250923073705504760985
1186.0431204392395786887419605699301465
1186.7816197754813182336135012731596072
1187.1708801638722246844975879836705383
1188.5077878807219458792706828567038310
1189.6919306456359880143100087026580208
1190.0901905989751703531313925125082437
1191.3197446776626214558976310797147433
1192.6813153167795834505052666858878261
1193.9494913873893870732090364761020631
1194.5066019677938269394899634781534963
1195.6130163005181168667730842916622324
1196.3960675350033828448251222339656098
1197.5154243957934456176985338534529768
1198.2723113530657521621169252592323030
1199.3458282172906553298104088270370324
1199.9491914417134960404191220999920118
1201.8677644062960024287772414553960508
1202.6130750785052882902211820902252117
1203.3526268077374235292785127250214855
1204.5610366953749310401853104452621465
1205.5749786027524509798920056198852654
1206.3863746517375543804815309006395859
1206.8707399862769590272269378439870432
1208.3549341343568323035832750771712333
1209.0607022270526909056523726171923025
1210.4368868504190804691245088798342799
1211.3936686950470468594880046684517882
1212.7132028640962512604601743307590142
1213.3302868229902124474188684424223195
1214.2616247290651554558753629704771246
1215.3201072553713530808874510587918899
1215.9487675194267714764148434465218933
1217.1212714321627992912759734198395087
1218.1613761967477530815599298357587399
1218.9145517341358556890996098714938298
1220.5538958824618051740240604584766160
1221.7158870288675688370921479492025625
1221.9669525633093498234312693888798008
1223.1875437621810746793118840528527813
1224.0938807194450608664856904358185653
1225.1858003727685581795601665401320835
1226.0995402401503163068812227717212441
1226.4103789732191425267265665713756998
1228.3384465562982430450748942965259377
1229.1544252266905279992359492623011932
1230.3223874966318453921347191583197655
1231.1212462991886563692682275890583261
1232.1298480846958167297969278167813283
1233.0278155401679190925386489860996386
1233.9903355224412217193899946826783059
1234.6594251492647967795587904829479389
1235.7178738262075674582530665079376248
1236.9295583259396459802541106528080408
1238.1919528959269819956578990053266491
1238.9086717293552448634756375939339386
1240.2283821365025644632887916013858187
1241.1122613215496791736565850384059011
1241.8052219681163359564642019651768289
1242.5471100679579412994471739803871204
1243.8474638272489008967284946208192699
1244.8352424920132129597253820754779492
1245.3150396725557924223970100521463454
1246.9458646141405242288520562568665038
1248.2882434218590876943157941015445269
1248.6846521433091144837505214529913151
1250.0457978531488751242290138450235223
1250.4985023078539383053175194251197090
1251.7639607385825252087345592155333057
1252.6077273993337301355473939745439307
1253.4335265517742165247250584764153409
1254.3548640422425144214559149844480354
1255.6755424950100990450214845262099641
1257.2097126251921199038317857351205149
1257.6202193473008952991933383241310911
1258.4035726336277390472068345346459865
1260.1241023488847489833452222694269987
1260.2940741077722175693319478549935975
1261.3369955158843093311106816338994925
1262.2082333457279217414871379047906705
1263.3771432157523227336182846476897695
1264.5171448750209477019234242475432753
1265.5659073124240384379683322363371583
1266.6376056942219371664243062496902418
1267.7538391599884587312691754683488423
1268.3772110442187800941246954069627780
1269.2294894124989638313086429925729003
1270.5852460809660746901960500443440542
1270.7828007255067017596354840106841435
1272.3961302776450002293893700189326575
1273.0104028680141586389955070011105056
1274.4182256340571685926437906085744947
1275.6134792121600323647899849097127765
1276.5273543445840272603378617465391675
1277.1672606956639063551987873652457078
1278.0117466734818629498845587166052643
1279.3572171029781169278610130409018724
1280.0255106440068714610293613151229702
1280.8099603852165607508145285261806324
1281.7978013251217651903144745166575201
1283.6164865448318157746575063582883854
1284.1087821732430379952402457075478556
1285.1326017785253737366246149493425218
1286.2270158385528387433619301643208809
1287.0625113151128227904474237254371357
1287.8764532864773482305319736570716718
1288.9420522124590920903466547575452442
1289.5880425148382845296577987046330359
1290.6975279475799788406661529318983299
1292.2237044077964981178316882079677433
1292.8684887683092193544370189235799564
1294.1102601107007187945921321604216999
1294.9484336069340323433830563884693982
1296.0304759454737765956431605662607844
1296.7449890038742779497229737298919099
1297.3122152668161773011993985022873062
1298.8802935781811285641857706485007020
1299.5293497549429008975841685570963291
1300.3743480791739423468916118003218488
1302.1828827766832638959292881278468698
1302.7235898094415611946043167998525771
1303.9335106526764718186647411446416208
1304.4891276219858171038142375325137505
1305.5392070832190868525330586813223971
1306.6313242608855992330698556377418514
1307.2804324217652281372263955864439310
1308.3156950701052577607110342181657324
1309.2455128577234642314330253327767650
1310.7444605245939699274275070269251427
1311.7930397211889467716816120591488106
1312.5296943511388662792390945642232755
1313.2282534802033057703947283931174936
1314.6399216208819616719203057956360512
1315.3347408488332523068944902348118264
1316.0267341963455235588262025697671158
1316.9278607454538380059410878591221965
1318.2638059541061143507285028815598717
1319.4069260091235516581641607429769652
1320.2561435142343108939511852425159093
1321.5011907191196291644874097582864834
1322.2887399787663391921296730380332391
1323.2470832605910805623102233346444925
1323.9358402895252981863008843697871305
1324.9082639608618006341981005513384982
1326.1164702927729673318042397525312440
1326.5753818024641692746365306321465526
1328.2521481942619140946853648995215378
1328.8980205887287943645742786138873997
1330.4676559793968301714019616766704814
1331.0424175358771446583249817493207877
1331.8778266726664709599230835108647079
1332.6942035283438888296297644068428805
1333.9268542852165358847951512515827204
1334.7421769313629335416481737282670964
1335.4519587733707722141448038313584817
1336.5090904953257439710164899282685720
1338.3229982053148315539085574360810670
1338.8458296125929066434811989296097183
1339.5775788012305095744128280295602387
1340.9270928264485916255766314289204103
1341.6748882082382027040666290686776199
1342.4083102554747713722274272783803317
1343.6252868612990352256128915462040751
1344.0833693310974817545683376008009267
1345.4149753340348181598233497022162376
1346.7129830312414589312945582142774034
1347.6700274371237353617797658812910827
1348.5126913429198481567603132103768080
1349.5527446468310798325530902068515447
1350.6309355013722317908697250506752204
1351.1686525422735808460792158033674376
1352.0184904292274829393391535998434647
1353.1655803661021526015877852858440941
1354.3021182428769611434156668214496686
1354.9496170282721413058637259525886681
1356.4752960181531248869559575472283850
1357.6069062109417645732934925701838240
1358.1987487485130311709001214387609976
1359.0152378369158655897037563186428085
1360.1729571915184376792794617148294469
1360.8792757458966147914327979971088260
1362.0275158800356150140470383925348687
1362.6292237384942743531249858561243821
1363.8070077720394051734360612095532076
1365.2613628538407348775113147669493250
1366.1277869610095768388899631566333641
1367.0754642113390989982062468777113855
1367.8012265818892048159949929674783948
1368.7466194130617345144059435178826459
1370.0346845425075686708992340601969873
1370.6023070422095784149684862509845199
1371.0994806855081789630974824444448908
1372.7848523404909334042991080565490378
1373.7331829064437217896205106416636192
1374.9363525634125526563304785511860908
1375.5259396041811014201170115982135667
1377.0162277984449168728771760409311417
1377.4551228102826535098219647974271994
1378.3982564611566991848921950572674021
1379.2229221427819231591398748362504194
1380.4961949172551203286042838552481208
1381.0057893884390609886123942572606981
1382.4349012104413140558938345864708901
1383.5597947679091965319106481965932580
1384.4086901003172435829168239385493008
1385.8025677689340103539217628904982269
1386.0661749825510175825465762417063178
1387.0609952471389134874170202685925817
1388.1259707802602596503927521982653566
1389.0682521185449819312769583701570272
1390.0411993729035457857998803815393379
1390.5882534016119881652319170966081437
1392.5342116309041395197738937599765131
1393.1934763904405309538955509781649021
1394.1436895436549479237629772255516812
1394.8129438912779505719779292283878672
1396.1154845531996606365191940384748855
1396.9865992371179935521491198843537475
1397.4056373045057436189102403704062200
1398.7268218262020580432134920806172590
1399.4731889093823924133900185691329681
1400.9102157739150314137296068930960847
1402.0819795746992267695230988189980021
1402.6366899236201147771635668844457792
1403.7821192622153788103118729967815882
1404.8421953931229654726936326107966358
1405.4203442430657785924326801278834121
1406.4586167588903008849112014963055357
1407.1188464143911521556102106543179438
1408.4314193787703851826882133776778422
1409.4705701918503784894884387478985005
1410.2923095100702847167773578147262172
1411.8559256915963411796160075509760870
1412.5925986327947522890665702306204806
1413.1021277649432016010265277267980008
1414.2996756139036147524716997278588902
1415.0866028408947330424197884924638538
1416.1335773339461102022452098251184707
1416.9680444111220735649122157640550673
1417.7578066872842104621943744061976456
1419.3633487574987847289486446258516803
1420.2511735259257729077969502117813173
1421.2026323667944472684644171039968699
1422.1484096288528455162206579850126649
1422.6935186425447673346933382320354910
1424.0601917914526373518542239925603859
1424.7617699218299988445538024271263363
1425.5921146805959655206385425900798398
1426.3259556245181520694825841550110269
1428.0798629524625326471434041091569877
1428.9029549738794223473331454509793304
1429.6621942653487360071260402678513448
1430.8656551317011250156499260473217720
1431.7146339240233402558389975977187397
1432.7400033096227009725222074724562726
1433.0697216682706441835058278779386750
1434.4289861026630238190508272299951135
1435.2351892236680503876509026751735235
1436.3184558969652899343274627903951236
1437.4508236970288979093028112715016370
1438.7698069066670928232794193505760703
1439.2426632254694865641880006135668759
1440.5246590091897252701995300156627214
1441.3558532630764615681734554199334803
1441.7286709755803920988001198013533584
1443.1778679147307547079017233392309122
1444.0835211681991026334050021604435857
1444.6373931379707163336103292804383599
1446.0299430862292771435027594107912651
1447.3673739258355974437725252378497972
1448.4197674189112563674130920695661056
1448.6610281323387176929735820874756090
1449.8353311093366709261722125135111528
1451.0346682155282997674422164515586062
1451.7618242804227794404878871203729292
1452.3119194425867470054992522773931934
1453.5526164495372877904286858376045810
1454.5821198935087624971604713761537542
1455.9298575215430944506030990812729935
1456.8744123752744193118735978543275789
1457.4539427998792134445775735182011598
1458.9280570528145583839831045812927319
1459.2172646958957444659272846966571445
1460.7377359378926181140756982252251751
1460.8586090920661058931771316422865965
1462.1011367787406260241726674039272554
1463.3019526134250879019422380791772193
1464.3951469785513672923021124275447454
1465.2078570851809634551929803369994345
1466.6320116072028515270781216519325187
1467.2848022689459560390605673445316426
1468.1279219533323808666852921337246929
1468.7725440530130206313344028154265703
1470.1289663731220540434706498381431357
1470.8171557479395618007859898331307731
1471.6277320492276112642774192833103390
1472.8004027279038586222512617188154855
1474.1397535108331815090466721502679967
1475.1527145059419721384743226340023037
1475.8012993831332964699124869639632347
1476.8147863092106464420887229804929503
1477.6456689101758777717943300306565762
1478.5715344274410257603634342128337438
1479.6086393428097178544381216007711851
1480.2929402324294491583139438133558898
1481.1038349627224014547212722026008204
1483.0886366488751740659061995580668493
1483.4484079190257703479449899080716249
1484.3738334310968332580613425841215052
1485.5821359107064213752607439284488846
1486.4115290893292747586311336103070978
1487.2233390605465553082854080270662688
1488.0814235872947448926597052283650374
1488.7639754066794549470191719887517831
1490.3501485409296328252492448408965296
1490.7415264269868614298844002826491086
1492.3986768329444430961097592478337371
1493.1342136103848141823265302744473610
1494.1505334484652190844623240623500103
1495.0195309930407149907773758277284363
1495.8949229167486058304423053246513921
1496.6091517559276323093391236165617340
1497.5968657856024097505665657907813220
1498.8626062551285111989307092358221954
1499.2594759655410465186233187522812621
1500.7460528056333099488209839188954590
1501.9442274115188986012201833601827140
1503.0254136802470091021729918166372483
1503.3243210509071785405228154567131818
1504.3583937424407305041145170303178928
1505.6477356775996949858932693030139790
1506.2370502879718371586278258839523384
1507.1384616690487815205377248767734390
1507.8678580242428054947282945159558358
1509.4801264153543813969103947934843519
1510.3473954427883661290792916516372612
1511.3672279801302124616885747660519401
1512.3026138139651432753311742960173915
1512.9815900908523282378223850897951211
1514.2695452980957216190916987830780214
1514.8035365348374784189631327577876122
1515.6757420048196638389044291403298691
1516.6536893492744555644304729569777083
1517.7324101914808773230965286031909614
1519.1646148785166903629121397891191615
1519.6538756651735303914916562876845604
1520.9176293054706107144594410518518839
1522.0590008886439433120273562942033858
1522.6073988605951370955131968569207169
1523.1543940041978102587453047948678556
1524.6200046879474108667540675118510539
1525.3061620633460062556176888417069730
1526.1606573856989397468226445773075573
1527.2648891742246243098715017763375568
1528.6306819544906659021411772791989938
1529.6121559997492356866243091923033603
1530.3074855997970165987789869296241526
1531.1468571805774680760541905085496201
1532.2860745582977619471176439664349096
1532.8587546711538092288939994004747325
1534.0168536744255751593781121779103200
1534.8834817141164760779190794653796287
1535.4724154415183561834609989629288756
1537.3330406265200876411328104795332480
1538.0575910377995329552572099932399767
1538.9638687797250411421663286081356740
1539.6142133486707851785952545819828191
1541.2060930858985430317996707104087696
1541.4128929191596071546688286554910305
1542.4651655161286452033734053796294678
1543.2269269887905643879887847746262783
1544.4259317174690737653090086337390169
1545.5237163698714748768668164602579450
1546.5031518821850289201851739824180337
1547.6081652735774118503223180261877092
1548.6205561395619424203055565867638573
1549.2148493989132302894156521399833862
1550.3174979898332936991921848589551401
1551.0014792205671977354079147933157928
1551.9575045893828714951734952652825623
1552.8761137586639418176193617704374639
1554.0753362698128860891808290035888811
1554.7487707566172455337423818967615369
1556.5127078679020387470715394128603274
1556.9205689905426996610587201413581537
1558.0345158849843084361389969308264802
1558.6758973280451300571874758138709763
1559.5576040346063779271747038168359387
1560.9750919749984370095525762429170827
1561.3788163727031998853997678632406389
1562.0337130352549613156337924422697308
1563.6377487217283405157487212689375879
1564.8690099350568232994031727167627729
1565.4208192590369328670269791759482402
1566.6720663853598532645753563421141047
1567.2559059086470393085764764875951693
1568.3791218276482560444270908541685612
1569.2415749611359968175294098697259901
1569.9017495188164666979392833776750790
1570.9026824689712161567487081106808760
1571.8761358203138786153008793517899518
1573.2730238535117802860947623152815979
1574.2155092414030519721759546060521319
1574.8371042729876973904573037219192028
1576.2858978125267535615462379142981265
1576.8937214405502392935425958309289156
1577.6162782006183221320423460713413034
1578.4366691768792741871498345672273620
1579.6575071673534033390014503362803440
1580.5342811903830428250481634906325485
1581.2340069430306590481432308498586042
1582.7651970461679682503972459360662220
1583.8136525354179860729394487755921546
1584.4854652774467486950939738224741508
1585.4976128995154606626996669238774413
1586.1459130555221081124417450046966833
1587.2990352101035162737883022439991232
1588.0751361831450644065075002732695912
1588.9259794986444108348630075112661635
1589.8668037930954099807847196452279431
1590.9847951354804346270197028713462692
1592.5080779102892992497714372196496292
1593.1723717959019530647243840469807577
1593.6625914544484504109744799793467905
1594.9536382490789553852662100107542375
1595.9568502338847491952091302302724556
1596.6064505363971685710319824723937237
1597.3070441923238119145253598711187287
1598.3959535646407331729910510165420089
1599.5320052977046026497277105708702525
1600.9290523419960716403764277740748917
1601.2475254525596063137717299954765169
1602.8225695504367551343846803973325756
1603.5283573911615923218369255496880444
1604.0653980964970743364699692830652654
1605.4583085350374788365500226735169536
1605.8022523671491325819667681670733802
1606.9697132135992100071531185792052479
1607.9614638564820428096486504559948822
1608.9731275954584858405902443272739998
1610.1259452888450716127033800297177287
1611.1786217530861264603790434964732903
1612.2229451837852099233891223813989419
1612.6847520665525963481934703498930371
1613.6201692106745511811974277505176208
1614.6297272761937991654511287426543624
1615.7543534807615184910170976928558178
1616.2717713227124939201952903905181213
1617.1057752247686385284651070079806745
1618.9416832403436350587617667744373493
1619.5508002556244394930966191232016255
1620.5155280469290404154590805968857171
1621.2905818279471844934507653811440682
1622.4876634269708954747055987105015669
1623.0759807843061979497255064383343639
1624.0055231301240766998997089661544811
1625.0571500031241057193841299751513945
1625.5270275866260630695380117874362697
1627.1547968883251187739112917107249378
1628.0585878560099077231701642595407818
1629.1309755770776830871308604588735964
1629.7744698834526644012340240977662136
1630.9932296299959725555233673401167913
1631.7889916343733965421556091488068963
1632.5703845032283951812725146893045600
1633.0727273527127687580522351890784640
1634.9113124746689586616498136388223249
1634.9659894973925700598524479717982495
1636.3471137087542419040695873493104594
1637.7105129179787627557988225017102089
1638.4884181160102901192544896701339731
1639.4901225556038976119283663868277088
1640.0672119913670777972816604384480439
1641.0393602319964820897759770968687808
1642.1265871726626405271816200591153503
1642.8311571822005647278581474545782385
1643.6654704066969450390949231464048493
1644.7947883381041155646079920080891812
1645.9352013779858323045757620637259905
1647.2802736613499027511653275477674994
1647.8466914367920911970195303196284125
1648.5214633642492837781606817608182199
1649.6780731269390473409979578412962769
1650.6838216873470510343197656783742752
1651.3694848598857303847871535351362252
1652.0841421949415993304845366980547226
1653.0719268992120875988280498220839546
1654.6782846070358398863599355008026212
1655.2476568264247305673766282239725550
1656.3968056682402925022328415871145456
1657.2484008768561059245914950509321477
1658.4024867637099473833418603508039245
1658.9143492190855020390172541683620859
1659.7091638941526231229053610820970082
1660.9776710332598032856999725177814203
1661.4821151337550347384894125342997932
1662.6891954905895666397583764573296841
1663.8870540574900441971679632251858027
1664.7582827731050685875792064964708055
1665.9081768973337411868175987395892525
1666.7900866007549287903886915178441132
1667.5128609118797412238017681816086817
1668.1361585067445078402077534962508517
1669.5372626924027235346981707620179185
1670.0156752346320868261746885217247304
1671.3668542299613739852799541140720637
1671.6165690329051208830037138116605453
1673.6376121511828573276458544878191095
1674.5195529916364940319450501352347881
1674.7448911858211099280343997313720668
1676.1286015101023425293145491410476165
1676.9860046088763032504512364174874796
1677.7209446049603295602569728301840244
1678.7737259161369043858614087934367232
1679.3640958621801230486095533421233728
1680.4286562016071373543911148095110777
1681.7070385127113186656227371048397746
1682.8578493647214611706915156371264644
1683.5413516464278222482877298091204516
1684.5530170103852880879606516096811947
1685.3848200309996913283338529801181776
1686.5519387682810383879030890200629033
1687.0270352325520923545496199285978714
1687.7418487983237078719136822155148189
1689.1149093413597157350916677464803238
1689.9589173865761177795464098919484650
1690.9573562916147248889067902563187299
1692.1137782733823186495353109935352734
1693.3634994474501220346100723774070300
1693.7460488196530138767225851958644064
1694.7363329398368554584752677849585122
1695.5543626490706858388061163994239454
1696.6187613986877485667281566451855509
1697.4075852616688718289328644070710298
1698.2380424925179488450813153563565176
1699.2584698195150761139516450034595964
1700.7270866441302904509508178689456554
1701.4427237542574019794054539279801232
1702.5119470008728981489295906691247505
1703.2729683670341591873422968543356161
1703.8462403852428060146637590804369136
1705.3146828729537584048291454476290930
1705.9433140040993944999017075150332770
1706.4654860981910141268838474475365196
1707.6104921254720072947423480863273636
1709.0504687014270331795829273664539647
1709.9951337004762726757088511408914738
1710.7272509968110750593974746611372427
1711.6804228428122107304426644476024548
1712.9058011551379359040433433222704469
1713.4326018537893957516294605970500639
1714.1522499655165822957174896281732042
1715.2109467389375646766419873967764352
1716.2925867351106363424548879175766987
1716.8730606022574992970034329014240145
1718.6188109475036705657251058371060167
1718.9866967509257738802876005868961536
1720.3711922183847204414417873529394665
1721.2065856860800534079711035645868712
1721.8386897962725073319364440783265384
1722.8716897560363625147288762375656104
1723.4812200602390173837318314071040756
1724.8032214367790924448119754797059589
1725.4831233238906197622933941299708480
1726.2598769178850163643153704464833740
1727.8183676606490575956587285826430941
1728.9123951877808244635093504371484810
1729.5375251094951155871796147401680575
1730.1146247415603829826112176102033193
1731.5132911212184584915086067214374023
1732.1434871301960017799932506603314280
1733.0598083080628773779121558257462350
1733.7651004406624358967496257254970578
1734.8110796417887545183942343807447618
1735.9915945758207276748264640797728138
1737.2783774817003003431560428704240487
1737.8947701229463787665570918948844301
1738.8384826016828700135615575586638885
1739.7881531213407366468554735112481593
1740.7721973113657023785034790701709804
1741.3624474220822094920161931801615493
1742.4534420639734144259964437237581605
1742.9258221212539638176712849905442694
1744.5768884841719458114474448319568712
1745.2606483263810361713118767446007761
1746.2446431023335713465580046867691933
1747.7615238997165273953537827640429588
1748.0422507176601530911920157790958989
1749.0851576528541098416998871922053633
1749.8420116381441684688328396683883684
1750.7660747878829627384615070150731811
1751.8518240690994620572352538960622415
1752.5268300194320860558975413081631468
1753.4197472863829062457690398864150568
1755.0189832313426963214357605679773675
1755.6928755472256330970771938390232388
1756.7120599601007184735052635179027056
1757.6865465567719163420515747169354255
1758.1006852343158971506495791995535437
1759.3480770470432058541480932956329080
1760.2013019966953985907289098421761920
1761.2244543155829476879036458202697527
1761.4267766320103485300745486197099791
1763.1925892672336177955410375292254405
1764.3068735551904799753149646049513796
1765.1069526818730810925298738091647405
1765.6866337361908221437291734688405854
1767.0893803214921524692530841244347674
1767.7679197369001170138385410760899106
1768.4565961106717101922933967932536375
1769.3348081701102072119621175454978089
1770.2940380571257651851521399837984204
1771.4042141901562579638769350933581668
1772.2715164081215310800510664071603006
1773.6728710794945707466899652221365135
1774.3044296072150997111703830014060752
1775.2734105415632532594433318303147687
1776.3771715910293249549286413346571747
1776.8542671437102891938921001674345665
1777.7081347612746234068268168182973672
1778.8432824336663795846999130450628401
1779.6895154488443204268314777850442867
1780.5413427333804708214922668286327448
1781.6675140761770514725859862449928906
1783.0661567248865309726545856068520607
1783.7352902220462064914490970215654673
1784.6668852426107347606744554962924869
1785.0372120394914673724741973235516560
1786.6048312240761126865145477512164982
1787.3107055592505051708392339452588698
1787.6946411848974272457213333467031370
1789.0154210528276412425268117677836726
1789.8667789530769530129215683486121829
1791.5217035186766756300793736352398553
1791.8836980757072462912433007304233558
1793.0248391308680235110979721118688446
1793.8395391762467127808276980406717466
1794.7956442597494646494103719098356737
1795.5691808098156300962191195705807840
1796.5936413494493581692633144173405962
1797.0507271492871875489836779240190116
1798.2413429464467455092159929901858864
1799.6753038347725418975784189164077533
1800.2504801049630029067807101984461810
1801.3400350569077528331507590063133943
1802.5178383115113042882965456467413876
1803.2178003225087804586162728737473570
1803.8567456995648751919706681984474193
1804.7599833444023767043477817424613995
1805.8160324039449242738263238829530982
1806.7601167955077228565154834737589408
1807.3746366590070506945520518515400199
1808.6901101160227492329004073933305406
1809.9849174673228405370577392203450142
1810.6428712217189943591801628618218937
1811.6386844161697961273938819902009982
1812.2936840973642640940099418057507573
1813.3904717021556744971988879085390836
1814.0002808152552417234211466829552924
1815.2227150838676543362970897475934022
1815.8729264286322657592779084922953164
1816.5798265634231625908924949406224459
1818.4096840276930907024378015198511029
1819.1684729095496013602883601600556740
1819.6982285286526969404661374072173624
1820.9325496550084143449968992303145402
1821.6218268348776475337437895820899391
1822.8927264676804603975713475723497684
1823.2393314345602753915942672423197127
1824.0164617653481206813884910623145730
1825.3685444875302064456997435725222729
1826.2390098108034811480020063024184414
1827.3311462341439025370965832499334081
1828.4284314444351348620991824897223118
1829.2716784883298067099145678194198717
1830.0307689051035172875344573672644688
1831.1659637735110234159929668150770374
1831.6942793817683122858981204182614665
1832.4954119223493442365566923441937515
1833.8172721949374983730712874227402220
1834.2968113106334095404135279759245110
1835.6520896345971030430437102398397530
1836.4908941730324918146037272586454483
1837.9574766010265069948194697995586041
1838.5040517759728706242412806879983094
1839.2437259137915570611356468118127192
1840.0388084774842951212234890102642617
1841.2717012658692792578048756170949460
1842.0221483993721638811772943912234813
1842.7186728956073080659967397367582972
1843.5296285182684845876588065966975580
1845.1871354607354899637077866520260332
1845.8493720870661796289015985490739190
1847.1011941642040028255133230370136749
1847.4930981678674416070365432054592584
1848.7273992576745749208522678222180942
1849.4510872364876672624926061624157194
1850.3939066444692776391081950211524533
1851.1433177109570769552593373549504899
1851.9385956648569427931879442256551583
1853.0600898863669081372097978064620989
1854.3892550149705540407848693546919609
1855.2815074363335787388037706186462531
1855.8222018817577527436257777171992619
1857.3063534838609034473179956481234726
1858.0994629159543264954146979928154806
1858.3116173473101452684128631229556441
1859.5349467230746413816874144856907009
1860.5379449124421982264230763932079966
1861.3485647855716105512942719902475128
1862.2760500596039194564956692479141505
1863.4205931830307378651823637859597916
1864.6768119065915685387144714676467736
1865.5567822679492442431033250283106143
1865.9386359301141449416338221758304338
1867.2598098424806922707193064485827434
1867.8618940909139352266325943096954199
1868.7519051598114633600187963779055040
1869.8666538407868541168121429089050331
1870.4630543564027387255474653665462277
1871.4433730723549561823592303030462582
1873.0939806151978766431130337371380657
1873.7376610907318967239698620432319847
1874.5591766171992808468992884822815694
1875.2909435862949540329070842449654405
1876.5206725994749994565001168167297064
1877.2112006163645882188075482180187727
1878.1685998867133995047551920768675642
1878.5321537657677038045879790793560996
1879.9419607399090675543915778816300547
1881.0775129615155337879066865618083095
1881.9184697658337928499687205319292596
1883.0170597780178789002074123211332602
1883.8377484992626970370882830754408569
1884.9099520355995244369023133199844616
1885.3231842797116148353266654538250834
1886.5644887175712414674928428865803577
1887.1288580310743196493175593049765686
1888.0621996204238993805854983890064088
1889.3384840793045518574478709718825844
1889.9721611795805777915448359922420231
1891.3907199481125171699500224351153669
1892.2006205274889106989998338858446351
1893.2008618311325411245727086359453677
1894.0459016764122998933121701819659582
1894.3773157176704697655042802828860990
1895.7655229402911239508152025428199113
1896.6846274618287506238019428401126914
1897.3029043889632924703602001981206965
1898.0157687852174658923910564515000497
1899.8847134938258441685901492332174023
1900.3577321557919501516177626439101243
1901.4925253133744876623289896486770702
1902.2264434983502555290134420361022213
1903.0565725431891727476082761136461740
1904.1673983889944482569723524670228517
1904.8295551209361468664713426939287993
1905.5665047455673306730411058657864193
1906.6502287939013016657001757079795730
1907.4375526636667167159409863490512972
1909.0701179456023050420274517580301506
1909.6647976886189525728388204814516313
1910.4151438833257173607928437993558068
1911.6502402944527896118654442495919758
1912.4776747248352124189108349041101629
1913.2022931491889021371527559747574460
1913.7744042553012676457620431229976159
1914.9797123245414481975870404518162866
1915.9726390667962794361611354292700604
1916.7029473192122647205296113215699589
1917.9406601361609981382328925000723672
1919.0670226059274231743015436273047230
1920.0359554638512233032686113316859901
1920.4909034030114663126619742468584969
1921.6173719492301715265471406106069000
1922.2499063025069204879531888388260611
1923.5719001880681597014474667336495370
1923.8336455174753811558103560817539467
1925.1605690167524086926634158171493675
1925.8835849261088708793365487246131595
1927.3427533090313221732019949917760762
1928.3147703161929674936408767808027701
1929.1570321410077725974532424032026402
1929.5057575440307139304791789497732223
1930.8818198567873843650353950454524471
1931.8370842758420018516035311013746255
1932.2397869813688788141392113416074058
1933.3603327110796833661203766812361131
1933.9867823640097955359501272130270329
1935.6832030656942253739226207960551020
1936.4027748197419150445615531747337562
1937.0959243136014795198107865918392006
1938.6700558068831867699022211652148917
1938.8349645226351106813590602634709910
1939.9692004606835884004337957977452996
1940.7653658375389909130183393137857209
1941.6167115956397078236146605343322788
1942.4369355740178639350761192269145712
1943.5281276330385116452675044582896071
1944.5694548047891501977892004363815443
1945.5886278170186151895066502407683795
1946.6046655152969237863391447531111207
1947.5342873426998283733008672221742272
1948.2628704926377033505100020115806412
1949.1306178460892918572448186489090063
1949.6731436928116768886980986476597742
1951.3238642408919475753866100646522174
1951.5359784278819390692717086477288517
1952.3813962339244461915258353253037651
1953.8445215318010669924505147332865126
1955.1754408778426427022254784528871412
1955.5957327144293386451367576756655381
1956.4433478692338160210243254146265242
1957.5478856331886649615516544154150381
1958.3235103837275180743920666794297100
1959.1212594971435853825920853383566397
1960.1336074263263373456478201107220553
1960.6460409355280087406338046731320615
1961.8861876310268633395801004033578341
1963.0989942833269740688742830682428963
1964.1333724991257508073709570815335140
1964.8157513570489955096635508060883795
1965.6814655434138088668977361503473665
1966.7403351650317451878736803186727610
1967.7494157655535560329865805957438871
1968.0473770525395029615204475195788614
1968.9658650114898143727780580210695909
1970.3742054271855493483234546751706893
1970.9560941271170803535706670974130928
1972.1249918572463908849144763498964057
1973.2782682688738354802159593295871277
1974.1158929764629950736690723565104281
1975.1422333039557925672193555142942233
1975.6172810184398404531668457634458641
1976.4747614151989314455225218878660218
1977.8294242107804548885084841216393110
1978.1533413580047376762979547244033826
1979.1908230473096380133361193540642204
1980.2816911984326094879886882115051210
1981.3205303138464214287394171904445950
1982.5758907628355440724242193313301093
1983.3651270444907961373931139139364119
1983.8979543662709105607854689858656871
1984.8799429743521185239514587753424503
1985.9462467456682502751301643515891988
1986.6695653728499996892896985262128389
1987.6950541693880177994032822092304390
1987.9564553964405521346236064387574122
1989.6300806706288282380751141743556987
1990.8046490802253104328324362102382678
1991.3752800039167181280549198593982690
1992.2573490922698260461779197193731270
1993.5822608573369215241565642219764953
1994.0199640559188497186675168292334522
1994.8882524050032002253076738303526749
1995.7857441260679679778584861472156315
1996.6452097542740990581388185959742518
1997.5893025987791559738272109529744870
1998.6082531063619823188378389575185500
2000.0007046634471119150834184125257290
2000.3767396667573557930394884215553910
2001.8142409419679038685516380443303813
2002.4466724030083884260454241806640728
2003.1465457131753823236857853778274558
2004.0782034240901195435038920540013249
2004.8838768493931050613038516368851555
2005.9669781607062334598126691180086027
2006.8579062335394562771843812074687208
2007.4044340818088279874231841252103095
2009.3212303606466412346938471929387141
2009.8689220603385602754278028225298707
2010.5231526187389186701810734929805835
2011.5679780048704116379055235820114176
2012.3699554753736921378376908835632580
2013.4765052837778422955066007218063278
2013.9165322874989177317889866248212604
2015.1025209118490847091740900379978187
2015.6035392757357868053055601801995519
2017.2326280580482768310853434603157582
2018.0020899445308818584427837308753153
2019.0851538616346849216022848025874386
2019.8220126407345275012954238209531735
2020.5304849618975571763111235378140046
2021.8215199118992455372728948380885665
2022.4790329890266278618150971650985641
2022.9251734152162607013541658207088736
2024.0805240483229452601793121070623351
2025.1753497572059852614136966984198023
2026.2148906971052516874634445828750765
2027.0385789707613232299997528566651608
2028.2402117527285933781162027976091806
2029.0839985541930546324617276013875585
2029.9725982894904385678590727020110339
2030.3746117362829585399532060976741010
2031.6150797944429993442068287588374515
2032.3529541473326884538596812835883827
2033.4313402404554652188580586440576559
2033.9157855528594602786488853378077725
2035.3908238413091754597317058521559171
2036.4116441616506761382923626362354871
2037.2599348699762903618352118219851900
2038.3009405670112113951814418990782775
2038.7967616325931416739616021840823339
2039.6703342645234831826670423364991866
2040.8330779241213121042223208013728673
2041.6679389359085139512786211774582057
2042.1311598221884524382653632742410180
2043.1831823708138120063917350144425265
2044.6903281278274718488967149147765482
2045.5722113464796425673251585389573752
2046.3197222702837566842428281211211661
2047.0335794324995634447342247716705779
2048.3301737803552437333738614471470047
2049.2369138211523887752049716038028634
2049.3256487654280781708937310155781512
2050.6243824322629654442664328581516313
2051.6576316581324808955503270584805250
2052.2531957692363770468641484534255463
2053.9658067935470583876300654203454544
2054.2731038101814440045585182065520203
2055.7039474372312282597217617077214335
2056.2682444798566242670703705714092583
2057.3550377797330109414879848597158559
2057.9826148170273366896906170068009927
2058.7590677057692937790691833905925974
2059.7659217177223587427433862845258681
2060.7273122570423176180975008758262903
2061.6022129303634941509477932223618020
2062.4530738035841568146057436984534999
2064.1710652296085038325449787476374064
2064.5501810792755481467706528175716925
2065.3790995997797679405654502880913059
2066.2045620242876117364505590208376274
2067.2201313917633349429600674193147498
2068.1453530854081038779966700337212230
2068.8278570971209002000332217773879604
2069.5573120357113651545008634104322287
2070.7252503156051158523388772824370990
2071.9317301836488532512175847600023047
2072.9873923452947616845087146286437464
2073.6247734463237463277855091050486621
2074.5198756234635397251982810560754725
2075.5576368155418204492621626994172380
2076.1569619464145262262211524582096914
2077.3977381193556666810895813211945406
2077.7293783459891096748297323270721327
2078.6311625381678411052600812564416685
2080.1283993708623535314652161454942539
2080.9485265138568198191929037651735297
2081.7755839131367995611003110919038049
2082.9188528960582013750301921339510079
2083.9683247052912936981649439198075787
2084.3009456451778164799387884831692696
2085.4493265832678451768423350909120360
2085.9897914624049267777325740482208908
2087.2232011530091239850020594547722812
2088.0876119556349553085162657651385124
2088.6214933944859977508389504913251396
2090.2611742832877522717269146751637516
2091.0625975553972089753838046734136704
2091.9161229854295815217335521524753406
2092.8721635630713920455284922548477625
2093.6533939735235393106219409062510329
2094.1837780438815397749070645872722174
2095.6469632900114722450682142338590993
2096.0663812168346582016511385300758227
2096.9593382445211729719945458842970501
2097.8811184586086292372768549021860561
2099.3886304013190088998190591038731927
2100.3881052661231288426141678293281467
2100.7645411744636558633973614681731351
2101.7320075775492536399951345320686891
2103.0052555829142392470683636944530170
2103.4988297200724217897840432488754803
2104.4654831638349357390881641373345362
2104.9544022954278296046130360940463654
2106.2971853379214017710993559743855630
2107.1039000216980498609119101700845376
2108.3026318089343323917183228849180139
2109.2810860964595251569962705708344497
2110.0532387138623562437427159447376287
2111.0213032273003490468849313188733517
2111.8858350829740073319604394432376928
2112.5870548206252537693778953051090190
2113.3981281202220758483101270044356773
2114.2865715850615975162569863117630425
2115.4082365886637401749958131240795875
2116.0919262652894934719547994980213943
2117.3533605843554000681481055417191497
2118.2752683841093685450529216673638530
2119.6980611426372542663641855758828039
2119.8636419990545633997799709660174741
2120.4797009505901262844736020009304296
2122.0111812674044403058851515482081403
2122.5556513775552488098971520050016225
2123.3823850996000224292780778976108956
2124.2160630135908092266821523846918439
2125.2043039720979977270542043448017558
2126.7468977745557971226080828110685959
2127.2865217851460496236467628636508131
2128.2924259381187008638029713178500436
2129.0169661384888281047733571870219922
2130.1139932490900183897103402775213240
2130.6851161615156375510917456323310172
2131.7252269710643955521089939713847074
2132.6152816354396166012039223025486835
2132.9801441308262821434046379285944461
2134.6125268227043008114382707908886226
2135.7310381658962481801338126112222441
2136.1454004370501813092526982964344550
2137.4220925792199771259764739851064235
2138.2951381373754940522997193394902128
2139.1017609390438665647187481471677852
2139.8198689536290937863404151906417454
2140.4572814845611297653618258177961684
2141.8154760911753643682862020697958534
2142.3952213272468587094994697673028368
2143.3539069224595556629051478677868602
2144.5594934854604858953625509633436478
2145.7718803895454360862923862880006694
2146.3124444124880633667692813670000069
2147.2836597124122722512488968773254475
2148.0554306613201628368622819448264066
2148.9353666248431378250215247531365230
2149.6901555751031461072222776427427628
2150.7934027581972499945204259214195543
2151.5074887723393828784631685578501834
2152.2121525408823961276693308821960452
2153.9920406256600185032268860940211519
2154.5514655706713267609166646177997183
2155.5220920559139256232162126819917596
2156.1159192252487211050055777084230026
2157.1627379095237759826729706616466798
2158.2690359777598456489188345770825972
2158.7766066825346881326693247137833448
2159.4638487251318504907701456406040051
2160.4907678713459456906929272412661878
2161.9127688948878244501058643036566184
2162.4301298021578127791357154226256349
2163.8598588148769975103846909667525707
2164.4248224229692666025709354689152565
2165.3359876736930294771583122845957332
2166.4291790573036540372440352227178064
2166.9369872877015326520100779787418961
2167.7445770296419696844714330112695822
2168.8663124303692378022873912739472817
2169.4893199227622097950429346077058605
2170.7697041095419764610035275418954994
2171.6483690462002207998845009354804483
2172.6239553142540588331170045258155873
2174.0913981167713480543481124350671274
2174.1399643004613687822985087196892676
2175.2328744620885751869244467146032453
2175.8614869490368752865812190464277511
2177.2683046385534170577891146073026682
2177.7677239070444375396107696657500019
2178.4681595244148756719833274830766582
2179.5876098066640844203316430726566663
2180.9608547870146755087786280312299802
2181.9217383115829203281821605488184529
2182.4054232947494718689756898067516416
2183.5275281819503957443724268251140129
2184.2810628215346684454533106840125919
2185.1528332290794509524872395156784956
2186.1082348941883221498509208682493359
2186.6833285656774524787907914358599188
2187.6710945055497638080751739286123506
2188.6141288778353325539772469135360302
2190.1443228542254540656149795803315999
2190.7883312320722832198362107571557078
2191.3176134796600555363489676955828085
2192.8001814948568059705829191485827558
2193.3772353210703133738141585137409097
2194.1734303815764859383257320714407856
2194.7918827944867186947316420930521316
2195.9534400182728359359994726388645298
2196.7439310626961508661105096642925858
2197.8289491175069435164169607109436242
2198.6338091381889912634975214863254546
2200.0160694579325766656907273373868871
2200.8173109479124582178592691132740178
2201.4380979489365982766146693388162951
2202.3090566271191582238557330682136583
2203.3591462106264622691258750586828499
2203.8961728276689978132690478932334546
2204.9275730052590206693916332225669550
2206.0003342481561838438410188416325893
2206.4105533171842593795704313682972281
2207.9445650798136007495861911276770203
2209.1815715247231415495299638586529534
2209.5243954992501490046054556830513866
2210.7037759649799003272673999126217822
2211.1023621926708193159631891601913273
2212.4757440172098495358623989985928875
2213.1928719312974766684110962899590515
2213.8330723600718713196663319153257787
2214.5165729275520403773992469495664943
2215.9801236516171542620294055366055395
2216.9440575299062750302211454575769002
2217.8737830514023277500550183050854755
2218.6162250742548625300023053097000784
2219.8633489195288753632625372191205093
2220.3143692917845647425826379628670677
2221.2302454300747262993357893179783340
2222.3569021765554513368380345722099063
2222.5790415993265373866895867934133391
2223.9784562021666646141659933786622290
2224.7080339451242906943299701916909315
2226.0318707016595708201600064826525178
2226.7259980114851279029811996785185251
2227.9097471389871074267490016337301382
2228.6775919808639458387781636046480198
2229.6122354880488267831199265650076250
2229.9882036969768940534589682390605273
2231.0614077424964185655872956319460508
2232.2681425915017877088115883463867717
2232.8822981426550821352586697481493749
2233.3690802343666324899932051207106067
2235.1884576050352414892056733430222644
2235.8601566918496596177428246760294932
2236.9225130032161372673946139639432485
2237.5334864080765987415452615851088012
2238.3382771348944264382094420514786596
2239.5083419007647191450328584608943112
2240.1679376437569913328726552811214893
2240.7991288533724393838480470980856160
2242.0116117049774534899389191411639872
2242.5321394895467532017953144917097520
2244.0621375850170995617075697871589375
2245.1056916361733021749719132952919021
2245.6535917429789512903321735676259312
2246.4650698397322220213679751864205871
2247.7665010024819158780226159494968050
2248.3813954159614024768014510131366001
2248.9586413502705891993287672617196223
2249.9356924374739229802763468174067918
2250.8057558697211811401288531076946994
2252.0043997900315539086993016881406188
2252.7323460227502506792808080915052593
2253.8668892941206804540841961779348682
2254.9923637337775454566483355616957526
2255.7034601921826398103590706423207196
2256.4041215339918464114196464868196802
2257.2534732202114800006612402805977358
2258.1877978838588536699545141388138179
2259.0259266922491004827568456418867026
2259.8261676571335758697389178822759248
2260.7534417566081989887485859584892467
2261.8108083851357733470604837518016877
2262.9352966054773308561187927983143836
2264.1197987845201636792453611732469550
2264.5327905784165746022293231889352265
2265.2826807204113644004887785488847974
2266.3949370394731938806439576929943921
2267.2294866410911731302347549940916330
2268.0620163363418514174913159384986805
2268.8116889128985849419662448903864136
2269.4519909854909755881063925458608348
2271.2144587087657591383867153771084941
2271.9199260063787896546245017719326762
2272.5632040388062761968221824117660863
2273.7240560068892679767564062150924296
2274.6644187129348376056077075863800649
2275.1825228192276656903062818727662654
2276.1902560453134294120490972252815147
2276.9726661581673923032910815561176002
2277.7208076548304969499775613101414604
2278.7984028791902642254626864472008281
2279.8841612718672277495877663284547021
2280.7894827587380371724624583390613591
2281.9939815998160729229377645757501987
2282.4106226381117170914782475091859234
2283.7867648126851890991391087120191735
2284.3790494616357853891439292882891046
2284.7059266787322986880664987225728454
2286.1211240118628492787661274890656926
2286.9782141677894222310110314619970843
2287.6434721800387398838092892300089944
2288.5476299103225769714661411029006096
2290.0658263686885847769256325895693737
2290.9996790914844393051209266371344674
2291.3932841472508185000023743210302549
2292.5085131233200596396882536176006685
2293.1698834743265900484898328351405950
2294.3506007442059720266023207444806419
2294.8916134757739327339377072898519346
2295.7500737821226842863947482248144512
2296.6284495343130172647852960399718856
2297.7015999926950434972189778910032586
2299.0369492758490545831682602736827745
2299.6899639666323120668202549787307148
2300.6986953177303762611639792915975152
2301.1937633550694306275946010007432818
2302.5161568555818977393336159294344560
2303.1307148336640403918149231058988712
2304.0533772021448034263611918096320888
2304.3399281207249499838702064254716796
2306.0086165816014020279327217069709911
2306.5238821614793050159441147997117432
2307.9324923002668758087073935537090225
2308.4960193609183084823732534483534506
2309.7785482465051729201532061680368715
2310.5723071864418033608961193792009888
2311.1276631723110511245350830189242019
2311.9114460556320141422400239795792311
2313.0667343379018288246759044273066150
2313.8304357439013739888045436667712772
2314.4510420560753922694008192403527432
2315.7192339216840319819818211265277575
2316.6352097798303576349784899730778077
2317.7907390291665064236614903010459110
2318.7784514391517743027921460063199681
2319.2356998057851714668902413291224142
2320.1596580732708136561790326184704943
2321.0276095519497085892257375298244054
2322.0005119191900395450215230899608878
2322.8506074638362733656176288726041277
2323.4155435160038132440685419538922182
2324.3659412206254017870746576722100616
2326.1451695551768100253299501999787881
2326.5727259766216092642358550145759982
2327.2708214651617522123959944439375918
2328.4893153914715672971163406718348798
2329.2149810382148371530964180349566742
2330.1628057035542155435933093003430462
2330.7087052038446877670629466800370940
2331.6232783558385145516709855776126318
2332.6202282963372181047196633462457597
2333.4297186175764395127085429338763350
2334.7497757958899040961826168575502812
2335.5974206805476251520293600894376167
2336.3661793178651662502498450598254590
2337.6047058242333574306321294943590188
2337.9989088695025330854137368837485104
2339.1396960919980443235037913744846809
2339.6365348990775871126289021646377560
2340.5390980377588901528357097573894591
2341.8238470898502369233527338630537285
2342.3256446358148959776344141519005959
2343.3008550078283809184038870505130552
2344.8259637101942165599345220124184018
2345.5334771282669359607327403405753107
2346.2709850271825580292381941146718560
2346.8808576527070381225906760236996369
2348.2112516864368745605705965171135184
2348.5711886618917942801300643830921633
2349.8960743712252058539288042507762278
2350.2681948371788473704564711251940628
2351.1756148247924087541198011252631556
2352.7855125007829043956067727670404628
2353.2862084127952654286429785654243669
2354.7308558637927929582561508826027019
2355.0252664450294834498148696535023173
2355.9508195128045007597431085315896138
2357.0307303211267557370570250859032290
2357.8812686757671825754710931601088799
2358.4791631298916058988603323678858883
2359.1722794562286598075774845823530133
2360.4003479395576544203459956477925939
2361.4992560666367785621769501766878214
2362.4343296001517723543118149779940119
2363.1668213013713718252784246973619864
2364.3584696644154920902565741233028576
2365.1471975951768099410662021235150160
2365.8219983228395561139328437758120680
2366.4523682061023340004850215434672659
2367.5917633648025109059445496596870419
2368.4980565358316800260400299128693976
2369.0874488132507554115614107837141071
2370.2474311149340594924276398136422884
2371.4207796402807083660328459504599728
2372.3401503354021310278099649552260987
2373.1212642136603734526389608715604024
2374.1919906458156612956963333611826454
2374.5314235030809682528092127356521116
2375.5727750729348532784043528330345188
2376.5949090316716894544853066607797359
2377.4414031214505028492414312662350518
2377.9166603831846796856886553172576976
2379.0739166885216106981375662027730246
2380.5106014811831389069863025368028415
2381.3418272347432275576877324177036982
2381.9797734615038231674656711219653500
2382.6455499540932286119898286877625756
2384.0686437259175359269433382498998597
2384.7501088291107046016341813368827790
2384.9857319928127693240980306899969873
2386.3883109794558000950164837187683255
2386.9353686952695271086572385127555187
2388.1504188306706072133891082992880504
2389.2310491497479606467769855803648915
2390.1793708724948499682656041077348415
2390.8876107414834335331505132035676876
2392.0372527319456349507684663504967396
2392.6225530348097772040998706990048108
2393.4837609461251027400557605221422620
2394.3988047567042590518382723007778580
2394.9341488659066247515130487933110376
2396.1311549981290340751763095084180666
2397.2123931895646435996566003141302241
2397.6711973517767599229822386655863458
2399.2924200824582347710780546049454174
2400.0402876752391801294966133030304084
2400.7716293601270751839898887066371808
2401.5350794433945432577660013157023550
2402.2644503483913754036053067383779860
2403.5124895997862298937372579302932388
2404.0794391078470599357715438186619407
2404.8482862438868399581782888900646004
2405.7395049712125423617216716847212962
2407.0437555760075484511166673980953858
2408.1953320552131400464693848307038683
2408.7115198236308082814619641954341072
2409.7282134623924868372636122456055674
2410.5779592386094917313675401561931195
2411.2053079282832233755861507534397765
2412.5436876010114222069094006905014188
2412.8117288085603308444165197917245788
2413.7940275810013352801704524689612144
2414.5971465911724533381580074473191784
2416.2688143578977308329628414144158678
2416.6825728830570056077388149585971728
2417.6593586053334410147808909306362935
2418.7375179048040960428130052532276414
2419.5554003017636872092158659044677940
2420.2786809095796298874506557033656855
2421.1245521825483423964333267808840379
2421.6476310328214292838408299226034578
2423.1319094255815291283544607856356064
2423.5508707563411666628347701479338111
2424.5139322900224089596842253148965017
2426.0124780355873203742496957037089016
2426.6271890014458131606305928843010824
2427.5320347242306402656945656650382327
2428.5868116514539523124557899699938560
2429.0363204058364122392751249286176527
2429.8869322880650095608825713526097003
2431.0630029900084794375630051260246689
2431.6290310824558117174464868997720256
2432.6006743542821671516049643468402630
2433.3365771555010916793030117627827331
2434.8283802789861929338473948083122126
2435.7694007674927742018366147087956669
2436.5677920428861620735358001013261144
2436.8802337512507101335062708461645503
2438.2658621367791442548771922343470592
2439.1220013755364994369452798777186593
2439.7313339678238665235093171142202957
2440.3940186137564006024993567757198491
2441.4658013598503830071458509289367605
2442.4788296205437209599782354478078790
2443.6244551752746315278152195759804535
2444.4723828545764285897301655640543793
2445.3128246444288608997896350529123380
2446.3586871433020433065584282658625933
2446.8852249835388314029503027173095327
2448.1278433417124854699081215320850179
2448.4290406710879771652886919817521042
2449.4311988031432817419281886726344833
2450.4590815944628048156428755649073567
2451.2381411885108642428751857799452513
2452.6459291136604156210546854860425984
2452.9945272871949300877635942806082340
2454.6292100999152126677950926100968339
2455.1777171048738165585799147631897821
2455.7654713123158103727946324511038201
2456.5933100661000958712753633422291150
2457.7087099473617444697221393331231154
2458.4843651265369246046018406010574175
2459.2653103731178653312591655216717610
2459.9593278277962341521869497824065101
2461.2563621892469515065152494441606043
2462.5258579471245760121204654268995149
2463.1541415151152774921915014601105012
2463.8221082193279992952917013395121462
2464.9554919346067654651172566772345945
2465.6520750068414725641405781001581712
2466.3927080179796993195553114247971364
2467.4583037143945998878169539573786170
2468.2356920561501305371535935611169050
2468.6182235208737520650967926575328839
2470.4162903143799279993092826202151570
2471.1137533299876839699022550392425656
2472.0492758987060581041964954921010922
2472.7515779705864237826284351069487459
2473.8529622706652115256954817943565986
2474.7924517651405352860117078639046211
2475.1856407552490104175142247419102711
2476.0735364815478851410207061706690289
2477.0058167776938621222225154319572595
2478.2152786879057216737156865017130494
2478.6500714000823542443232765774864796
2480.0188345449329271818164222879708951
2481.0459160449573867782748194499850113
2481.8514524036055390540983078737177976
2482.5609123045517213567180397894455864
2483.5141572676784709122050942308568189
2484.1591621247476836230075902373833727
2485.1132184594745406933876517812053351
2485.9026579509118733018338271453609308
2487.0367804024834456648177416849828486
2487.3995259569627771494341389968651931
2488.9130894838754586030328840760695860
2489.9861653085905027709782768259051379
2490.7942349684579444654936443806103960
2491.3232978025425013261891964024418930
2492.2521674238772376585673350164085149
2493.2027986420939495754275527424464555
2494.2428050454585937968005339961843320
2494.7914195906145205222655069026024838
2495.2460499971559025639830078299601416
2496.8201983486354799132538931711120238
2497.6945322036859684447982273274493304
2498.6677202824015539076057530067830294
2499.6455444235037247026889026700798739
2500.2407807965755594803393250469081162
2501.3786746589380387573239002390439333
2502.0987133512616651250561489979876422
2502.7098793619389354509818363904365221
2503.7306872092811436532542044532682153
2504.4730863708428461825525429337056009
2505.4118856980736980188518806375999251
2506.6456303280417534183260929950713231
2507.4697169865963506431235939569923143
2508.3023520944897124554931372376711818
2509.5957116385785165118838702284679165
2510.1546130943469890619414006985989896
2510.6802403423846514796402555562231507
2511.6129755842357181320249342677144520
2512.9226266128271012919875929459446460
2513.2006808594173213469960206047954846
2514.3997547192870993435560778654741436
2514.9777315406106535327033349703323516
2516.8693263196523906281720078238769055
2517.1019174719677676685983916138393205
2518.1318156951517786628760003493277666
2518.9839245903432029781983434972345664
2519.6856596626969994175343806340184717
2520.8887056636856823578961761341600225
2521.2297338595602637954600249179489707
2522.3809424828041356768588230861654652
2523.0241768915697837990887685962889751
2523.9863039797497298545568708716079167
2525.5148607418146712895448580977146012
2526.2133238880113146659864282902622053
2526.7759751053073542722955302905995397
2527.8286493137255782099347550257409970
2528.9169649991466813643948375037117221
2529.4615811076804867888159174016941842
2530.2305908228353998134939256846780794
2530.9924640002392544867789775753435572
2532.0483764804308416345145460836516996
2533.0498446630897154878936366779488256
2533.9663851675109004389519306659429601
2534.8698451040233400871795236759834723
2536.3004072470427267719401070844411628
2536.5501913024376595775650065885980009
2537.4059113758041088061355741912192140
2538.4769361945719957981643990474319601
2539.1245090449170968736068810068837617
2539.8826538336380654853471748249023988
2541.1184036656996291822337150566392356
2541.5496470071705685145377639513844166
2542.7379178349820402072150376733128871
2544.0074582598391672142398292966983115
2544.7814862413447079719821923089923467
2545.6309080179628764087997914264514729
2546.3975775210649237056198921298436392
2546.9332039825586710078366189014959958
2548.3466343628248079654482858621682066
2548.9465429605188728591680313497356505
2549.5155124027583438910641076100448419
2550.3769014030212687400767180197826819
2551.7931757725146274368006949114992642
2552.9240072684504453784452427758572062
2553.2989829064643394331898413663423845
2554.5416098818375734183205403782597854
2555.2017843533859792957576127733896790
2556.1967199668259290897967206201415256
2556.9060720987825554623443353359423810
2557.5945660402296197330710710039521250
2558.5997789868405232103195422238527094
2559.3220478526454031785221262170611104
2560.4515317709865773772305661925509547
2561.6348316139642439657893877728275356
2562.2455244237459893136479541550518800
2563.3861945061079238858030125409417493
2564.1150295425343826551157260656425595
2565.2343567483499986075515595601545061
2565.4957404637213761267004683789700758
2566.3278459151248515905502636499772455
2567.7599532735131933901250010274927805
2568.2539129052188807914537176207449944
2568.9078589152300627789791352190220516
2570.3331221493539873494560685886938803
2571.3887908581272283094745165576166137
2572.2256496095133127231462313673095375
2572.9852339960754431545803009144853161
2573.5088789230618526797820346037294347
2574.8845983487643767755879820692338386
2575.3025630064783938367016313045151627
2576.3249224729158152283331064792203757
2576.9516567943184846531047237093739546
2578.0122632452963430891397677419079783
2578.9464683098000556968007861064860661
2580.3959217337393455183284006446190362
2581.0854071771302017334453343542650647
2581.4057096670835473852768525900519596
2582.7850702515861660797366937893204557
2583.5423738441505943800815547535946391
2584.2526098341574968126103293566944635
2585.1388858320129207571009802952019446
2585.6547805917715193184505992771238958
2586.8869326536063296937875390724420528
2588.0617190258744045837111872091178382
2588.6471444182962363553395177623594409
2589.8349627064687143411709040741639337
2590.7658464904301592772597062999974608
2591.6736829967990684300628301468642132
2592.0160927090901611506587766810766201
2593.2059896727328394373746304243165726
2593.8146244565909665848433783580466598
2594.9421682463348678284649357385208926
2595.4497042599791910146813068782306987
2596.6688187668460834442700565085151609
2597.5499262575870500655361899117058212
2598.7978901755887567816541766849786115
2599.5122859783498547498920144829525666
2600.4337311369952037536311171297400180
2600.9220077147833969348175965603592837
2601.9018520353465007623560807565472726
2602.9084310053700458113035783241006142
2603.6467369920814447845240848299514157
2604.4834534904725264188601142751244471
2604.9775556391274017709956027955355566
2606.8167349856061675708022876001329449
2607.5085902996413524731516422663920340
2608.1111361931277073753903771881860716
2609.0972632984576686812125234986464629
2610.2408192197672705450685947635720851
2610.6196530426684159570103418130370740
2611.6369856098436521111973229967980455
2612.5159137211821353562684618157058383
2612.9848528377220188746736889893450695
2614.3291616235846120841463618623242169
2615.1308428757811610294886692287876044
2616.3070594314013012051436295303968743
2617.2837050065131227830244359319835868
2617.6849412286071187806936879121646163
2619.1868231478285821692132225850312408
2619.4936759764873755925333285104522931
2620.3837004005038406730690407887559785
2621.0388726013215099314192217938175378
2622.2551721555485482737204810121555479
2623.1393179548118567593258272800639541
2623.6150197975335345816563882114825985
2625.0928271106332593121830439306990185
2626.0656470466952407335068574620693186
2626.9368744572644088740428572876398277
2627.5544294555610753579937838527320970
2628.2455418451610673224933235696225747
2629.3645369233710870460344719650547066
2630.2889723802971696350765427573462792
2630.6789749751912577237870412312216960
2631.8025459479077207955436104457066878
2632.5502915419669069986914543136814423
2633.9099938856486647170371535119202097
2634.8418403740527339948904487552071898
2635.6125244171509788115936180732130968
2636.5047981067222158828994342922220254
2637.0086334077404933705050435725042598
2638.3474452100816433494834397277381651
2639.0408170501261083817453511401156778
2639.4476725519097420933505878196310824
2640.4798594958462788364575126005159124
2641.4924525514783540906630321226117918
2642.7108381314702311346388923930856517
2643.4961447120408614377057859626515509
2644.2628846607469163117021331226604821
2645.4561535310402427947007480047849431
2646.1985502764112050010160391486380093
2646.8713388379413684717273865303102961
2647.4582362321085154175041916785755716
2648.7248618542568582503802740978861129
2649.3886775253903759558523506264900732
2650.0851354580688561304716501815669020
2651.3780566546138567950203107889350286
2652.1947237510554234778413862113787382
2653.3594886843608373803481213720606252
2654.1702124867830617970902470124332862
2654.8981351493630164975402339147201240
2655.5951352426589290612645691765442901
2656.5526629926785321753831988383295702
2657.3049005358781762851385537531843294
2658.3409601575883624253429877777967036
2659.1282582465329057924348112763425853
2659.5196995338421611885083016413691618
2661.5347524632018485175508588644752476
2661.9395410129799939027836329774573279
2662.8807446805840624100823377753438019
2663.4962357627331265374094365981089856
2664.7562472086998732813917795523274607
2665.2889628497439557032061501316882337
2666.3156664327657673886333537941119662
2666.7178916796244249695861697468987860
2667.8740599569092731357437782383664462
2668.6708225459323271006686128647901666
2669.9314436465890813415337238504851494
2670.7818934708962906020604428075031748
2671.6999443853372357231790601789823043
2672.4873932085199530767618347557984062
2673.3860669785090427083535366232102445
2674.2286235770986726566064215126573680
2675.0138211422171528320435827589817103
2675.5056774531644309448671581358184926
2676.7087142589053553782403510319890116
2677.6028002275951520149533206023207276
2678.4714271516480969248039113333786008
2679.3556013929130399670897331189170197
2680.9309947089032976378717098484914393
2681.2263015719398393163907154655269627
2681.9707320673485243406563089707821198
2683.1354548726572382279136276968924889
2683.4763880821492084255067666334800795
2684.8234449760503429514054955879567145
2685.5709205882232801793549810957201708
2685.8980217031933018391801841583345978
2687.2405913879734595772880458943580354
2688.5024350597999904160249770873855575
2689.1488016230366177359070031766863921
2690.3540448180152312229311473419714663
2690.7732662342404976143446719545847714
2691.6543250935668901983739103533097393
2692.6335184002047390202545275214460805
2693.6163384250908481481601054768754701
2694.0649170958948582020273515985952633
2694.8313370392023087175723937666663622
2696.0157624610515700854402006157548077
2697.1364400956217965106484480135475155
2698.3404182093263076171972913957124915
2698.4447201794359646390724172270948676
2699.8152169620340197197995399593623779
2700.9037680562584459361881378982627091
2701.2010698424586944411163819963715892
2701.9609070672140850001700673918422662
2703.0785995025194570974894358268492061
2703.8371751872359490635067427859584931
2704.7454965930433937161030493522514916
2705.5866801184077184807780465358825914
2706.9504616756878786443333208850080389
2707.5802238259166212328498667921229175
2708.6844988169031563216885295051953427
2709.2940697065146878871274665770693048
2710.2074061233310950279556668444228062
2710.7810229533300987011774073600415348
2711.8512952297802048206299792002904175
2712.7263106171955078144847725151876202
2713.4309227214100875244418769129625057
2714.2278218613923477457852352829392174
2715.5344202940510153892372083255639171
2716.9270955539850301090659543787812600
2717.1169706843299235468849344519790901
2717.8701004847565972201979934039330496
2718.9691200611842407782878603723681107
2720.0902349620748399845255796669217565
2720.4029188706087253124852012521059045
2721.3066504566650299608420647601045874
2722.1716353711274296145609877812963178
2723.1390733032860826315584947861185417
2724.2669761692186161731530208849364177
2725.4809495146753565390389877847391394
2725.7194907972935405846076361310536930
2727.1566183908157943114792015148698150
2727.6556227127416233006934653433163151
2728.4866209300761326939830084445814605
2729.5363339688904053726037183253656658
2730.0479707973624926639878879088305664
2730.7757423649023332397548855284107725
2732.1833263932429287301350534705708979
2732.7927958006926647257021153610350607
2733.8086775928989590028013060230116529
2734.9671016306966485832410157461472987
2735.8039234145295331579649636003474610
2736.6014094804909432417216395006823868
2737.1382679999094714399360373302241554
2738.0198319435061115761977632421658665
2739.1355668023378567347174071458432695
2739.7807848389705158583958947519250191
2740.6230979405780081380203633943963102
2741.3008501058480012917275144337095533
2743.0382559003894549084053762234840949
2743.4338227904154727224912494721541792
2744.5252512799779129382750400506902610
2745.3617221094735532585335933255204484
2745.8910402237423693079298248181967129
2747.0840278001072396696632575081310899
2747.6241369386984806372812480006195101
2748.7516027039842834808939804230431609
2749.1939410219599718143127289362918851
2750.0639644195471430502536044689439458
2751.7252306659839542568714461136799747
2752.2546084411667540267584755068474580
2753.1564659881653945593592666945494894
2753.9943041355004065413284388395952210
2754.9706440368945071714591371442233370
2755.8508332867883130317007022729480915
2756.4607448581860329793400083918397918
2757.0121918856783571587068772270991514
2758.2511359251473575760831875110950863
2759.2099044533034287903574968990688187
2759.7301048207413282126055333291493690
2761.2106543131273572044329648385694604
2761.9844767825368447791190434563638988
2762.8200659576123034103253862455510564
2763.7290550585981665538086158374305686
2764.4672523446659718755899265347079535
2765.1307498538736619946469515851473569
2766.0379180395244224662256083696913532
2767.1447155219470357887273019771409884
2767.5403230272731202122173856164016864
2768.7430623291178085686576361301485488
2769.5545117062382213147781889936647787
2771.0775295029678720771976774650848132
2771.5819086192703692613338905345916975
2772.4141087612010769188802335505034319
2772.8709435985648855168907618832660142
2774.3689479186183065872056884253492358
2774.8275213447372933286462850024678675
2775.5833600986989700385796489674478376
2776.4080916383178292310309806367086541
2777.2655300818799752552176235311150877
2778.6467080083553885960873542357243741
2779.4488866065834261454269499349699009
2780.2439170552330161185998203149095874
2781.2505414123311268184790426011391496
2781.9277985716385351581742748589369408
2782.8813288561181637025575181273574529
2783.6291680677760512875799103364813765
2784.2862974993939790350307089715466265
2785.3216339393900906662880240803074236
2785.9065744657168001123086859801066897
2787.3454162386356789334793749970529762
2788.0512822685135184767060419073778549
2788.9366895534512772984664470192272584
2790.1112290672813644734165794052330263
2790.8274594361600899493806105446581131
2791.6457947916351839803036152736980575
2791.9902797940832784060239560174556101
2793.3158072260109944828004208301054673
2794.0387447594605718618232159140008836
2794.8813054066387438133229209856435381
2795.5648644605376845221852174679878582
2796.7599811720599151091328274837341581
2798.1490157421652952912909164925264994
2798.6604560380860319890608878278308619
2799.2098104968826560491150805550548285
2800.6342625020190243577487326157695716
2800.8872130207130415532694432232027106
2801.8943732885861962894350297776612208
2802.8848949808095453137603319518567443
2803.6413651176114510972589098403799428
2804.0944935509291190230694828765291519
2805.5853010147393488976457220158465589
2806.7138400003391674839241469403904192
2807.3783815372580772452448507356960852
2808.0612663796729957777063285720083766
2809.1043564441907771782161724471187128
2809.9547634592187735071215638802589878
2810.8384023970109433620663220880053072
2811.3512383164979889335340524029083236
2812.0184817118728117736406360695893654
2813.5745164522338273522783620118613692
2813.8845333970022225535802239604422912
2815.1726295829339655027160368555841825
2816.1465664600629370410211992061190498
2817.0685676823249167419977303824577527
2817.8362828981090500642396202550101051
2818.5869758719104803702413310509583372
2819.4145784402302412835614871685751128
2820.1614173259640796315406884565697998
2821.0787088296281900296657588215662375
2821.8971652438578188820483976671254689
2822.8088311441789015501948541317903019
2823.6584530819271230090627322539991424
2824.9727375484021563531297132505303478
2825.8073473226274284076881771873019915
2826.6214442686466716944106535720586296
2827.2937224204332253865076830007673195
2827.9175144991858483254584437236457397
2829.1965401604234509578648940666869723
2830.0163562663825662416180935068556118
2830.3717865144831738047905486589330601
2831.2475020118291513408688858957764202
2832.6373226657934985037496534929636444
2833.5991145662505035020584191792264342
2834.4329890479836159659641233688161815
2835.2548476103712207795913821499352038
2836.0010209593419257200981133079081635
2837.1868723303714464501018533333028584
2837.5529562290462791555218641936377661
2838.5477277959121601969609166348314176
2839.2444458189648180451011300672620236
2840.2383867641029179074056825319271422
2840.9664881485005234970518982936030707
2842.4696567199409131233734311934967802
2843.0317924139521999178616164742184485
2843.7870309322041869682836959442434036
2845.2390424408416101195317747637137027
2845.6577995743569551699546176953971959
2846.1680918745015682147177020383776001
2847.3908449993997391256914281715242123
2847.8539028202217310628248627895564695
2849.3407140321417089673837912346259962
2849.5067090827454329648158701440462816
2850.5992586840595597602927876300809704
2852.0028858635839787425428500133333823
2852.8872835649466228777721861430120007
2853.5113149439457627005222535153244706
2854.2571384640912514300414212839434892
2855.1919675391672077530820355621414548
2856.1087293664720487481052053309507787
2856.6993582214187806053926881852866079
2857.7015919264603088279399565181468625
2858.4357340947836422744479622851161443
2859.2120193943707614978382781004257903
2860.7117257773607047378882271794776503
2861.4745710318433224537108970085838344
2862.4232986915166673480442118356904283
2862.7588154709697675770873602347754712
2864.0540075073617196181355011943229920
2864.8712555421487680752873428218352077
2865.4906611646124127361650110086274152
2866.2321781469862163548567638429704707
2867.0472080903996144164281054144157677
2868.1412403326580724790333094045108124
2869.5128704160952830313295420052561027
2869.6236603118496672469686714818388919
2871.1650871661704811922058536974548650
2872.0410985785530668244641848321467677
2872.4165552082021744267866825902862453
2873.5868870029383141952724223598918338
2874.1108994854880607659690025514820516
2875.1087879098933654534417528149673628
2875.7976143968421872603730335546508076
2876.9534484900400374284993813758946128
2877.4659657733295663574047828700082593
2878.8833312444517807079064781809084414
2879.6961236119808127732272792595774279
2880.6281776581491629898179942224132549
2881.5256488311000447056895777498269032
2881.9836400959160046646183837367841008
2882.7857865497170446489667489722414496
2884.0370046141248549593226557001289584
2884.7811880326226434205000857125564192
2885.1545531598174103205391106482860726
2886.1495153338143223334665884271560197
2887.7123736718757892199940891392259367
2888.3341378985614354593419617045331290
2889.3507539495305540168923002272112625
2889.8708026431671767664400178136147398
2890.9343993116121910506740367834634533
2892.0290051351206540130451319134359761
2892.2045660528180001118569405420110180
2893.3494739564424678731111672437942850
2894.0890475203782956693562680688054669
2894.9260547139075441254524672419732727
2896.0559020395862522104256623393853795
2897.1726381240406588785383082719676819
2897.8900579446982006796714283668257373
2898.7042828818892957302399566304828692
2899.6983836331881158974110386353184406
2900.5834212609493337459406065281567754
2901.2320142516799934369371685261481433
2901.6303094547895330659016079674910891
2903.1207630509466842685312707802119567
2903.6340672588493217476882208933383392
2904.5808446007860332428198632291018604
2905.5074029842412788846068601985652868
2906.8140278686678090758341498327738744
2907.6209634067690259907227111142384222
2908.2799592587045580275093315024531955
2909.0238418458869503701634918398531188
2909.8264750374969276608830838436516244
2910.9574072464761819952929292964386778
2911.5681364082367715113293997189852772
2912.1255418489124338658516875516779726
2913.4760782198714218989493905220257265
2913.9528424489905634743644887434903621
2915.5735456683794018238034177700078803
2916.3194544452256476980785297377906395
2916.7970865951139697748282300762113621
2917.8037167827697968825660854760628657
2918.6778686831667378811300982021384940
2919.5104864226112405097445879055164331
2920.3600591441368722959171945889452178
2920.9117576202988894661687561033885787
2921.7038482157521934222918789115932599
2923.0639845472400871617895175978151786
2924.1066007461433712078964946512447154
2924.5581033046230695617880717800417216
2925.8019540728087902093989552604152342
2926.6808273798169629018817357368115750
2927.3834954884255130035185964623263139
2927.9666372354853229663489287086496722
2929.0665697880495083023085487084473221
2929.6043312932273025981711456465979304
2930.7524541491162950858996703069397482
2931.3598438413898058742458678911831477
2932.4924649236339765379556900220845316
2933.5925205942683422183783773309903883
2934.3425393630399315333422674756467619
2935.5331170705350960925892542896693982
2935.8583717040225447893669103133429416
2936.8674210243024654612565588544539288
2937.4776110634830831486755269923950672
2938.5841225784245682955475401708089199
2939.4445967901849405943889668605563988
2940.0091536256999366404417972087068679
2940.7867301957946326776710359169437210
2942.5210004226703068121520071110828057
2943.1755254442073189934364306663968232
2943.6823427617783948654967697101842725
2944.7292770204777269346145504481916427
2945.6460709813989505352042939373010238
2946.3040226981828251293581303274200535
2947.3334513939741330229542398450944994
2947.8075062820975615897509325689124462
2948.6504833172040823973803027973414010
2949.8388951893281722002347526975663546
2950.6349118237769289118096112113114505
2951.9821047491984357628521239936147647
2952.4340711600786571288715076535048500
2953.4658108572246002801673049455850000
2954.1630481870743274054431722461169814
2955.3866597712800544294937996825190720
2955.7577125085510063966545850168762669
2956.3107420106660722241863725647574502
2957.6357390709868873048205847009706081
2958.4139819249342141081875904996661914
2959.1855189009089259569190929473179738
2960.3441710858434595888159335714670292
2961.2436551664585832557287612702077137
2962.4195465494652589104464610189232477
2962.9721118018124032490468893572468430
2963.4086351924183148359517246850382328
2964.5765541946380741650628041992352197
2965.5236928593478895240965163292023303
2966.0568261850194444970632617265554801
2967.0329461739817506848296390224588741
2967.6944368551824583828364640712326249
2969.0477180207461531412067984614155807
2969.9482802386731473628925978636850842
2970.9077745378971791312488116623098740
2971.6737367387848214177566465516984345
2972.1822240166824756921806077620266866
2973.2879298891814499172386166707536579
2974.2188462506083129202935581857831105
2974.7331094048210088243212096325601310
2975.7668110719473298929498629070362294
2976.1387425559085605658987602885212550
2977.7863528595475842740495154644697142
2978.5268313227899339461369670866834556
2979.5878701870639693051313337365326696
2979.9450254635884122954952150916743905
2981.4920246629924131279374791219784345
2981.8902437652582989362832318147999721
2982.5980820362815106695929387670528536
2983.3587021293729638516462950470599251
2984.5605599086649887306031153912668348
2985.0201395545055468905359974877361268
2986.0521300700187148306601373497297616
2987.2119189334426861952010623566765072
2987.9616756773220206258661050024442165
2989.2186173145266168307102747521879578
2989.7003122021202259546517920581456601
2990.6152827055672330964315892977940663
2991.3902889910418076465598795261913981
2992.1194023883185620697598931901348044
2992.9335519253321828523040125832285781
2994.1486691637164503595140633833129666
2994.5410722322369906303782402582113845
2995.3598993502307529908578742948784436
2997.0249207884882340017857028632630582
2997.8010723052593461767309544637963252
2998.2504261974807296690002817805366298
2999.2102149332113421409894567489716999
