# D=-24 L0=2 L1=1.2825498301618640955440363596710064115 Lp0=-0.86686445239859903990338864506824354967 h=2 w=2 reg=1 chi2=0
1.9771905144379529943561961195014508639
4.7227095058123442832768437553670851591
6.5589171594709043704958083954152314531
8.6318595648993613907610441625166931019
10.231110375567980986681669522485333321
11.935859369599332562538818607605514448
13.752229665801680750329090652308872246
14.886541439698812845826196938815180040
17.030405571434057892804535988390397146
17.874624166518161484000637084090841809
19.724015324441551996846494770210260062
21.234813155007598254702769378575175829
22.244007589948109384408012083163698348
24.185024201768681967042648890191200783
25.114013937714922427003144983077290735
26.692879922066348018166282732134788836
27.997473545632092159127565827064851146
29.470424268594649205717832623354271542
30.482632543991441623477921054929922345
32.110958987136397892718579057989009788
33.371497073422124216972146129128929104
34.345632090165339775646892165563473967
36.064331199678038616410084374749005873
37.169059080332133559649624087507570262
38.142477519335422855766142571380990871
39.975223819555171910798811635091885854
40.752882783930012924304314242582375208
42.031212658344264047819645735719310227
43.578056655907363071371411370985808657
44.481880768832193962915192639586500147
45.864238845658057588901245015676256564
46.933445636801245409094511816782920124
48.472434450082467509667629856887945194
49.254520930896574905808046417899358878
50.645023636471060616176922416140684397
51.871098292621639681255060902027619842
53.236171518467530563251939285170706916
53.791777125278591215998056568257238291
55.744081815802584577035878786737375598
56.433399623775081319255184138027182782
57.507046166333023561371798056249262709
59.100528585810418406731076333849219540
59.983032499109191284903789029645193791
61.124868703436309696533058809325983730
62.278714105582205354103684585026769252
63.754957678008580828712788643869909368
64.357705912278585264483568646202874792
65.900228944431532773359508216569418355
66.752418976218854500796112271518134278
68.283761472866151287610038269035381742
68.971314712738840008756198317434879809
70.197147914547631552859062181478528096
71.652249746253457080033869130191932759
72.458484859971321087779314113064765635
73.423921571887562154907651695318731819
74.982254839177573141220019479145503135
75.898320488680996054921661467029779314
76.760508076386954727841635717210966734
78.119206127551039759285154213724094010
79.397897355297695024182550880562379527
80.060814251045161557743166913016131138
81.342221050798145992522490768806909923
82.617513187018625404866310236891870694
83.443250463627531733594118694709525559
84.740935641406318027805593892815868254
85.574603652928649950782050065180000947
86.889798746130568199845837599235239159
88.135949098190192468053574585718714961
88.610807295886181309419086222454042181
90.176465147573810347095632446168556107
91.198761298802243546012790578884380599
92.212315274461355259229505861765734474
93.034013260536055742598595206360594633
94.530761359117054837719240968765224730
95.698703287024187445476529266146035252
95.942038926056646631207372248200346228
97.851188299674995720669295220626722878
98.447762738347565497059996511196787293
99.716884921482235621222439112310963871
100.57023912831723500977931250075800551
101.83722843244048313287387033427481080
102.84458138149086093326242107112883118
103.86606937630046799468171553687671054
104.80336308818566250896747185066075143
106.02040459766003647972423529139221959
107.06294118831595914793600874168121035
108.12197674131166811688110653013197351
108.79122603005549216095274605592855870
110.46582460783231744806570445779818781
111.13099403356280425791724093327090068
112.00045094777782150880862582889856148
113.26387370990679207189945870342028056
114.61173045127555935542263591679335263
115.03873356178673736895644805389934591
116.27262875911787809544175183245066282
117.52837476609177706555886627188961584
118.35523233376933533328099722301189063
119.48851447923484970882490890175290216
120.26004009515012023661947765288886810
121.76126567377560508478352433413682211
122.28156611557812593092367746076090687
123.74079927230994340012285343517394998
124.29240268677739045734254884503928301
125.59316514696057455113909861573407042
126.88315320704780104425256233634006735
127.33605961146118843996193813439651210
128.45992386634376903839559603321601169
130.03226407326978344154333899769577428
130.40884314146473885577080053355081300
131.59993547585649282236064908835108078
132.56177718514558055500485221204345136
133.92804411111263253465073938093471145
134.61844344570854794828153186914841359
135.41798575609354595566724299592956228
136.94929555666576800908326248896358301
137.59487317929187950463636184433388017
138.64265560322717609816149778460603500
139.76083276090410233150473008833905283
140.53162372266908147115109587111645855
141.87962628332803408453954847981148141
142.64924261957639026153709376496892024
143.57282448211258014679142139370447838
144.64933056769028463581807946601039482
145.82766845711640798456788281665925973
146.71601624941079230116113194034107108
147.39547402036558744294611916557909755
148.72436825956438981971026620728549215
149.88100562704165652295935991033947740
150.46630206246269803892554714823344767
151.42742137046367730905093579890478831
152.82942945803581657257259404704296161
153.64535609361277662038165963264842935
154.37318312859846148738938119881193206
155.60536719030953798310399350654011452
156.56740233843960584926295490945266754
157.55916729394096439990520842973315909
158.48788037203179885934603040746427351
159.42959955637740374413631801303520752
160.42286692490678029913280710299044554
161.69944833400887804279549987280263151
162.20656476535719144846909180856528736
163.44653076160314433989904717829056884
164.23476206300990503451681351848474092
165.60603891865416095628834392376067023
166.40891686874558108987805227512972845
166.83702846776428086697445621491169817
168.75195258057202928398390913433086899
169.02992111081115092263682594055409037
170.18793448950801283314901334891346160
171.03369212829843184816079574465902486
172.32996494350964045352490797802685338
173.10722843314159554462623344308787637
174.06355975797825651397149319716945355
174.88996252661785114151236799818803678
176.25208294437946930402030964225701310
176.86236535137255920324488109286270412
177.94139839538270424053951914714756687
178.95464976631820042375103167770396843
179.70592858064357026435087884848787869
181.01093055403381245296633033293349268
181.91290268532320590717542793419391669
182.42281843219970948039504977698965143
183.82188754681185077583697927463579461
184.73314416958073126772770624277499893
185.82310729135004243219066488316384618
186.17750185393974856464542472084977131
187.68647815918979094185171219538235481
188.62948467547347632499802165787101325
189.37681704139402673328945452098354392
190.24585030825576539533466136018385374
191.41000267843112278288366443747863238
192.57752727105610939379367878731744002
192.99355274390197939834000587619083213
194.22044736053984192103328724743253117
195.19466889780493226109082501085793368
196.10925602811368528937255351090314445
197.07200551394911642329431036679022639
198.14105846474112417171405280002569356
198.63955582157241568036309304602830561
200.19529900247061370289702654047457026
200.77850412907054181794580735843196516
201.76436016549404066706288020401713792
202.58879717362731273661260866218268603
203.82611354028013589912094032539951417
204.72235701352071237799931907612372686
205.52705152835067922829158325082869690
206.23306542382631929708838542305021648
207.81636594530753468928437785119439310
208.40781592417089073946187773661158678
209.03519859479888924768166572268969283
210.41570909343242068656052272172365051
211.18858582992402773254575024049174267
212.18735478192133925171881970703696122
213.15003201016534839506781412127102216
213.81931358224888174836559377685602378
215.15082692664538086084095775287560151
215.81257855799901943842045895809815092
216.92212607433878176037130992672298436
217.69704741418076887034057575834581863
218.59840343487138088022693370400147431
219.77743071330976790160679089527310755
220.68996847182850110715269767751110755
221.32698859236131348980957883451223772
222.28495419238671844745244742287154841
223.73091964630774820583637008027048062
224.21732366353283188746421046776723590
225.02042394472952532690262252846934517
226.17248394466565248112357744927429018
227.18996591753256674573852831889668571
228.19581872037040995144491350029142215
228.61512929012505047955191691348772371
229.98806373117597530324544659723677047
230.76163857166835557671352261412631671
231.84749171146209769555988052933125068
232.55194591913989655950882481784401379
233.47866572098072932096667754995309030
234.70731755015863874125466304498399422
235.20655413280806098645826261388698613
236.71158921806408701805429736030654388
236.97253981630865326590987648475204934
238.05444591970353358350830615987004068
239.39474355628941514035703513733436031
240.06689451092421180592516780758939362
240.70422466802028747277301270848692694
241.87803336190785123635732342459125288
242.93511888502504414260986313790201125
243.77063805062565353897957895782594680
244.53040731169676542254012447734178749
245.38581077721468318834547084417968468
246.71341424684590567195634622950178837
247.48017993745186935399443934850468946
248.02738516470470592583093643445284134
249.26389993810117048905816346884106712
250.29381127929058468559871523693125206
250.87110473446685153319347835121303328
252.21379894613973555174050748289021267
252.65557680504355250479249676190675891
253.75664833113408167442467595203220076
254.85828871420866847264850959480494354
255.60219049402685287275801682649167872
256.52756124498020691850837049143173081
257.28117520856826888576460314003218234
258.47603544866411203406853380261833476
259.39764752192565859274326024891474731
260.14870327925481468894285121400692709
260.79228279646677160762767259769237836
262.32667179754527714952701518066305630
262.82899748707511030040796009689275583
263.90607716656055392923145957609868773
264.39295903740443157514661967360586204
265.94692584157463410438319658323363091
266.47948379536571442109049606378518469
267.35794675764166286354686931212799094
268.38519055332473118451482189218864479
269.18400526441988678422919976674660222
270.27152983538275297689528663436285078
271.08100518364464980485666353091877646
271.93535217291560313271479785041769302
272.81466254655399326898673431568496609
273.79729769506337550718191198829699740
274.81332859425998810947288878036124646
275.54730475276907442891118105497205578
276.46341615728089876909394649180221277
277.20813284689660893360648812393628432
278.68933663741251598468012047280004681
279.18908971011131199595305924869325549
279.72274182299349175439190578027140022
281.12202379346469280404206253945027942
282.12781398881193394557283214437420945
282.59640274859406069150679844301656392
283.82955575823621653043273312201515660
284.32433763555874210795967380660437503
285.78887401573053236923607986471852460
286.37061312850643482959095061089320241
287.11742489964755608941347907681324363
288.26642037800930898685467535964018067
289.04728623015416134381062669226374026
290.07520147303262419036493660386892963
290.79285276919502741843846054520551194
292.05197529232890793018019149631934160
292.25815507540139493477743142228638537
293.75143528220889704109474188144752939
294.61153164012678506827022301551169284
295.17957302037375647886101673067223675
296.13523195781558070176117913470800173
297.22927619550241020976441347978218010
298.15618929319353783117090546878502822
299.01112142673747484711220783608842013
299.46047279881399186806269420896001361
300.91030669262161946722687570619548084
301.63803351387971543434813084874249202
302.58431825667397176432257441495908376
303.11574908106014686333260820076435085
304.35676439418068036916766491277282548
305.28692954707319520607776614960169220
306.01044931534847955417946159024382306
306.84874141899366306930554461450175360
307.94543719941048261300776592653971683
308.58944719420182920108698979111513675
309.68128310485671830490094267427501212
310.73001761914796164635880494172430760
311.07747066515625249464832938907443273
312.26064706641617115644733129354697366
313.29900893857701545771235717941643411
314.05746871197587766220104105486728647
314.93365248440063596109720975746217922
315.62780711749280243716238698537754524
316.74770443481220242500975557441801465
318.00351305611063583143297159617145879
318.19064722224199696717873751916970772
319.11586633369714092129831932300532368
320.44952927037718116157007126822478373
321.26448575783716267132890271048323968
321.80791902144668742170969425414925330
322.89459372567814606082217409260002105
323.77306845616408214795050352472112959
324.65045182586769713231796516972299865
325.69954908559377593568630617442971279
326.28463297064059242883209313315822077
327.20076976508502710451696624244834128
328.42851568837391833245505018219295599
328.81922964082047053909230779387684291
330.24895002035563078688631158763000476
330.63572551209099840635052008846257444
331.51038959027025348521407027495111371
332.83039181231014136734172055619319106
333.43810538880378079033876581286543724
334.43378880974179795760608456100201042
334.86781448430258887271105462525110608
336.28742641744568602679764167044033828
337.19009279512899366682961954607522168
337.61635030609563970624829199376484590
338.67581269285915882390869120037054238
339.56919661089852687534953057500026579
340.75660233019486368497749184469374199
341.20092021249937585147474406041044513
342.17130206585327382715460629967832523
343.06327558144876789573661843641115068
344.11743250221165743423691677855161701
344.81031536581837787590333117021535185
345.75869626452495664065696993085545456
346.52297899450209192598956075430182988
347.52918357905817465614059814589421845
348.26981581478373158309709766219912003
349.41838881816073444333698320531203722
350.20875136923685392524151207528926087
350.52763430088339859838461049144511101
352.18092218751685790866512608745105588
352.68942047280445241331230832901903642
353.53517578759077892903043697159366101
354.36835055335292445516711431481970045
355.27524696252534955317439694076501095
356.40964737921770730161405869981799625
357.18531336800220853629571664811438524
357.63680704247591518489756551510647505
358.79124570393761848018452869847696087
359.95982800635364725151332978847336463
360.47555922942312619343067536146056738
361.25274903031560589302193569907735578
362.45075605126390166110020211945646931
363.03219901526638363978997543578211379
364.06331755594888036873255775156169686
365.06670266809103409548609591775606475
365.58142883275830676131777659545658255
366.60925166353178157076941013644186921
367.49098756056135930797736526234982888
368.56016234566053522366806913415550009
369.10423448206482579901696982249291154
370.14423821052235437256707599188898512
370.71849491396996679937857775492044281
372.23051500338517363169437314354790045
372.60029459797300329539355510380539995
373.41129294654835487315526218975831358
374.29148508130937369348167442469385950
375.57812343753240227644780239660270757
376.10656297546804035415871620006147962
376.99433552900904248223702283989848499
377.67375181992953696860190017563605570
378.98444539733502690132056804972177624
379.56063448373026736839850085659255741
380.42593601699704519860406516063816965
381.40471126886815507754498012485180744
382.03684445692967901541453903008894718
383.16616606861229679034501468326178679
383.97862332350381502171281269656293410
384.72343642237262180575698604324558235
385.64077148652344294751013872950451227
386.44170467880450523695476677610453242
387.35897437089013653409744972109637829
388.53302558045457550748596535956178239
388.90121255272493698811143461249577660
389.73674623559373329811294672415863937
390.91289387948132950279770458051800091
391.95364182370824090937384346742421998
392.38776148167071618104964276487496920
393.10195029716227666489725140665857469
394.62115648791967610894109695618240464
394.85255392585551779585603748449324166
396.23084224222698615832672120273100989
396.61370672185718818422559920113727228
397.49806673057491342074039766026020287
398.90781894125479686395329272445289732
399.24485845594942901588069966978282831
400.13281391848539499483677340012195672
401.23833347904262162470662227973877202
401.83622508407598638782875185975589190
402.83643509423245532831706637925372380
403.77017435464206905587581029295129673
404.57991596271108808301853960998914669
405.20617715429512411010583635851490961
406.18700660250361847126053231558584471
407.42362556537708704229381988804560235
407.79466049477517207145857841416918557
408.78898294524072545676982166613908081
409.47038975565367468733786245753871702
410.74016082672845565447830235707839922
411.38542122323379580175139069437583494
412.29764584327138844588540084154830349
412.72400382824737461742809970999119733
414.16601173569326061386005857128221954
414.81210812620366132411897758091764576
415.62161699134854475165009883685554557
416.35255385294668786030080425997794323
417.32819386581890495832537729730740419
418.38524811279007929472400679047222825
418.90778290160780388169945514464879026
419.90633054161482339280737949656017120
420.86101895961260707450738123822789089
421.33925352408333106543123020171616826
422.65040909407738063491676084556006779
423.29329847988843873293755368456877224
424.17499504138480598771630621696251284
424.78497410118089440969197200823622745
425.97624120802103827850598102738486157
426.68738054369236684009766593077558090
427.73251272509226607472575497094333245
428.23328620450839537199726191322310598
429.01202367214274088195440746661701221
430.45491931092535846416080199329942293
431.03022295163442645356289549453267258
431.47112235198544558462612850116136686
432.62672574695886950499657748525331743
433.58736653935369840894106402193494042
434.40784343572782385743060787422704453
435.09817976132163950709080985328376647
436.03714307096958618174892459955811016
436.77880807318677554071239263004492498
437.80002158714548517109721477994272963
438.69517258837930108722333365724007693
439.26486151824532281207194189005008597
440.26054825641932041345205150934502332
441.16472026067742842353405387556933749
441.80650671078330740063776094033939118
443.06480477213165033991539791913213405
443.64121831049103269553395943966332081
444.17316150941522825395425162578266685
445.43304148682275256530857461885531424
446.35060227389088352316339965719763642
447.01431263010286553601144166254845002
447.70602493351777760169160070779991429
448.61033639515478638857907892201398994
449.75156966089709418570235758726456499
450.58998738183520477828283150157709398
450.91594145004805746556171629576646911
452.13140806292114759146878548655769568
452.86216265491833431047044534537155146
453.98724047754993445431331384676615521
454.55939208698325413359951598562977986
455.26618973307718205802061599323925372
456.43059346592761112359856699198251146
457.07019754657503914278816827279203540
458.03725958754330059132510028482934450
458.81580132544180334380084141134207699
459.67816103463879149967630165998825088
460.37650719238317463155536817061118049
461.34436725422066662870081901868533478
462.38535429933782665744943776264995971
463.12536335698652334608403929899442778
463.45127440341893412126243220160146369
464.86766573047794557819121066809918100
465.65196532687295659646243524188955656
466.30296382910223403470964984250638057
467.40778887566525501037443744394650363
467.65657757971826800631176553093446372
469.13390514382777755407318836568354398
469.88671661061829171711654008035718157
470.44693511700832114340339504938570536
471.19002879566335269235828414096932986
472.49706436849827273251619682980873475
473.08011191061242844268533472369404594
473.81514445261165661754351275249756219
474.95272956072309986918667475598794231
475.38011393356820594129965637207707606
476.51320756356384295409801377582539276
477.26008424400508614101451555355131257
478.33821035956645820939764968972452306
478.70456474043746276839339326094093279
479.80913869185306751482193976110573153
480.58129470987315652398082982317845786
481.55555122051297953518158111903069567
482.47508099023219903232704579661000820
482.87949115554383951630414401874263265
483.84161196632595074798750766462110077
485.02790917238682663398150738721966256
485.78998449947248420031595345708910246
486.24509369072725563317596232863076630
487.17745135291625302415979275509067385
488.25251808146730353897649376521585601
489.15758449880110648173317726216446536
489.66712771677200366872549062320935570
490.59354590360162928316757250880149837
491.40159428932611878396923429903064598
492.55462466330929824929170248925579247
492.96692229478652863912523713689361374
494.08527933291549295355537527260701843
494.72857723296943014359686581303492932
495.52630880873971732202721173595367738
496.72525044624711997309494556957296583
497.15507622378536518419410178978082185
498.17217015777554925896156952836674483
499.14969094425030929532924351673853147
499.39288352737556471768658745532569463
501.01862199923179775000151370081563039
501.39358270347840199808070332556240987
502.28262902921014838600260616542788909
502.83621496682454923480864261065064768
504.23356542715155081168493916958897217
504.80579085928961793105268452170952523
505.61583308835509476461031860700603243
506.26441824179486967808687830599963131
507.33644461078238995036787987217319151
508.12703574962171031785801733909633125
509.16704121820490090311510241042005339
509.58490937001086350541678557294291540
510.42984458501608724445093151236482163
511.65160379584145977112884314912358060
512.28461743385610661430444747378345155
512.89394098960482212105265487675617201
514.21478386121641712748779890057196790
514.50947768119441214415147876446763671
515.46289816582552350281838171261382282
516.70156413290443718345008763193782223
517.10764950507245109205187638577443721
518.05387376382745122921651666575761363
518.73526150434516318553914338914825352
519.74768340837756768455881397855919636
520.80142577251030066548224615041052819
521.24292408125603292393400863798053395
522.06775201524180206796588482561621474
522.94551401817646896228233007378890411
524.02425790077015355485603547991220016
524.85266094445083503973797403380048735
525.26172583154536478203695292169915940
526.18025794326038452370815398868046516
527.39361089587411985001358310899832725
527.91915019052941148581241147939657422
528.89514340625730227703470384121087841
529.41229149370327848471973239367469044
530.56964140990582064912545625853123810
531.24953319194966434177172110491953004
532.10055104281360956293727152564682687
533.03287102971403027723508815840959088
533.68190779465156774784500863225906361
534.46693570830157542357955117069840348
535.44745220325112609326800207250575893
536.42387590877909411499595435372256877
536.92068370539241974568888246536588740
537.85330881989351774492197249339834679
538.59029088353079429631956158922780137
539.59114538421011952768575706350499893
540.56372799871649747973140636771429382
541.16878052006304443497815751313415326
541.58762129692224585085078884420910438
543.03008129344617381505913393829403089
543.89448554123277311616741601225774036
544.20880537606358851775493209896941269
545.20646776641187656105711414556865778
546.16474210361785527306547277702859672
546.86881010538939186052963169419498121
547.99674499438861083875487830338524686
548.37557080281858968803565687430707517
549.38628111848914684940428942620205558
550.11710726403147190513263076811069135
551.38884102024139329772444008606833975
551.52968582535588753730211064298026444
552.90260774527194439777529034660626007
553.31044696994961033411374845426792797
554.29745977879553092738187451948509262
555.09330501287179255023589981935791432
556.21353127747412409217032122968527543
556.84993893499604094539105874169729988
557.15768981426992975384482640913459270
558.62895956360931766147864842795566089
559.27603669922835492116105861637985342
560.07916662613274716356777283974002240
560.90202472805478981512471636767587774
561.38203779883445055615452876994459126
562.85029135244345081242334737331774884
563.28999105920566913480610444876397738
564.09246335629583449741619351403819469
564.88439532352658695886676828011981520
565.75964114902894119540090514555226369
566.71629377831539607164779479179996292
567.54993967840455831933846948063410803
568.01944773442651730445940156000098409
569.11681932855267437678738048341908972
569.91015237073788594909100076397364287
570.58970640214745378865569572782056823
571.66830051744835476306432112887964217
572.34310738839456906729970430689638176
573.02772159243842607971217448146965156
573.84364740608869661346986254974905196
574.99878072929223398867970661449179583
575.66800967332658382893766341123212572
576.27329135560064624563624575280293819
577.11019507106681433322546825711955314
578.09485210313514180821995562052928553
579.02879745602797718910976508508414620
579.63464808588237891734105055988135875
580.52536087700047471590753867503846633
580.98048183678362036153584282715487974
582.47905859063648306707697030897472019
583.15109872458229364601756490411980719
583.29731968305698026417206792839020186
584.68973811267663339136869263033883232
585.34357606207273581738776189470357233
586.23653070043509189698658136840755728
587.00824481891675615240395392369191957
587.92401255749860368391196539816088278
588.48125432812439251522109929512856720
589.43223843301015411152483765670021183
590.39603903344354455578055640257608069
591.05314065924293061482265382521373262
591.92933577627765210750822862428925119
592.65117786075782855050959977717869823
593.39204392650388530439404608139038090
594.47133678789789817509249910756206219
595.40942430442594246370255573105538491
595.71034827781133798123464454876759242
596.60795481911572494164089436409145302
597.67563445370829457778795030704170054
598.66919593527506547925351119654672421
599.09202062733479350460419144230163794
599.83594304496032081528976858409847901
600.84730791203290822305799377044119843
601.79111185873012769317899661130905251
602.45198977081980815254006561233008498
603.29494973219624784327119862636070998
603.89891053051085902807532975791869248
605.02330305127383646409116393975100934
605.66462964908225944477938988083480473
606.57340813660224238008232304439389618
607.35000011593596071738390798829850439
608.01273345432037445058019256780579697
608.98065997578644265454651220718053444
609.77269963796006090576131950138186707
610.58283594170521311948903632276999991
611.53855944007990345427099768267681063
612.02547019469000483295849919883882459
612.79038440413544778025834060683158243
614.21298034593883138452792362773070134
614.61790052889277470833021208775060602
615.18167774466708358554252613909477295
616.16512592885125074984730701057559732
617.19087987445151736679726852444230773
617.83790639470009384851205242531169331
618.93730081242257102208324513478949917
619.12552070989766764267950923708718588
620.22139636102813003534512293277976849
621.29010607756851294688658813053378107
621.88610566120174146631442509417996584
622.76739014929322281311906301325785952
623.24438663595794437761606178017132180
624.61485999417664511789621668674850386
624.97984374092157024292662339750077756
625.88958775308025841871864284573433721
626.93833797537554200066427715692474158
627.51026968341829845657880830952985082
628.08328782879681009155988227390123960
629.52054160660283284062452848559581703
629.83301895405209464514728387519661318
630.83246730443579993558126145428333152
631.53224648504882243772318687402153631
632.21381752083102155608625712765757643
633.45462374327646486348859665681778849
634.02058703511988256659250581615729794
634.84710353422647931143907146804775723
635.33187587994475781068692022087198649
636.51890605522652382484171690931056634
637.44769732618913840313792872346544825
637.98858776480371519682939311279555034
638.70750630106515545375125473284319546
639.56142519515447067511618974498629822
640.65832757828381049868259130551163368
641.25830363546143238220026563134944871
641.95157289950555714993628097583914505
643.01138587996874663531358947232963311
643.47464380713082343361525004995364545
644.63321973764859010012773802389303960
645.17936418249917122563667059078984018
646.34546211986619232706460868013173300
646.67340069590011608753837649550014216
647.62428890280465224989481687605748049
648.55920837688221755961094851465821337
649.39330841146630513329030679718528769
650.10677710198314489498638131520082484
650.99072176557580897875193126373190427
651.39518173241771222232858573508003290
652.69999238701786176093400835989588004
653.50831961228501346114396307556246074
654.14801073230498952928709006639801598
654.53668003317097707518243077684843432
655.91888146828634669478731839933528321
656.63407568975001507721804005429554454
657.31591453235924550714332533772939907
658.03056795094255736050383826783088802
659.04224652013184698082632034584478026
659.54642466382732818816108431983675447
660.83569196553084046208403686388854401
661.34021548447386481051021799290328288
661.89423982182294163113940586180944512
663.23546876498957826278597804929716519
663.51055557402216051503820507297657977
664.66274563597216351788656305480302339
665.33945984266755691285420388573087182
666.31156086495890912307879421337125077
666.75084150673506721741015823407108068
667.66798486825960748868323245529824335
668.78615034792936989865687891858189719
669.48345442905340817781258887947289959
669.96168156748291919349219608144419941
670.82099693302026106260212452078716647
671.91866214375697106820206575298748241
672.60924289135757949184952527217532254
673.46723323894372901290147319355615206
673.99442355147409450569245887388233335
674.81459650133553732609744097530196470
676.02268559945897451509417642130826797
676.62737681383047204478649634257662304
677.18194816437015613322330072468008066
678.21395244358809976531021147779059883
678.83466636719261868901613319400534372
679.99922472923982689314211926893913680
680.45769939443457199335882115733316251
681.34917205424990761541580749109980647
682.12948957392312192417764950451751867
683.06912186022996583326467329055942928
683.52312880955426948281913698071063007
684.83288887480321899235182209569936926
685.43770418804871722250366511728225830
685.83386239308862636545207773974166678
686.99955228227909631957015220004122733
687.76866235030454615189054934558111499
688.72711276769060954326291970699271735
689.28835332778456286480835151565065289
689.98086576904392373263772962638819472
690.89860769149367915998826948646333469
691.88495073480916002648958336500208050
692.67124298541956838578020645043864044
693.28262170772867174633031615113359080
693.79773298391121737433216270167152285
695.20924955122093062988265195934214237
695.80139344022938411721759873172758614
696.35127614773079211807643035132861977
697.31289572838592360058018707869421698
698.18886018728989944277386085425843884
698.75901550662995489948622679463702456
699.86981505909621081869530983458530320
700.49687116346490528772777058453903687
701.27915161567712231864581980904137964
701.95574595764603731304239710977846123
703.05350736979505860040775157418017769
703.55438381059039571411816610996966541
704.64960866278685050009945709934697456
705.30773697332895753051219891018817655
705.84060634874259635751336541942389135
706.82251786642105763858186874006279510
708.05951548198154694069321888447066593
708.29982791892728175541502894413867419
709.18425362133502841170063548770918565
709.84366743408146623155562488566432385
711.06397951722610649818360932771762588
711.70986969624208928643104176760218360
712.38763717966457444002843111820214112
713.08761528548938707725311905492559017
713.98977460630683461277797765201772086
714.98250393102927919205910121009675878
715.57846497307245109308823829557248335
716.40697072284446018057554030621315935
717.11695780187356547397083145675814291
717.94913526522835977700880119934221398
718.92247577095039126536130512725892484
719.50680754796264169591690836765175291
720.40973649163883594343206279902310575
721.19839383524756615109770964693978547
721.79280964664273508630974557022864610
722.81695469941942518815376468607123954
723.58391850505864940042160551886154156
724.47601499006261061720972415804211055
725.07940364722400680544631829510357576
725.56979980908405000942912548278308654
727.24387181720222459994864032653238312
727.36442109614477846924695894939215194
728.13077859579875917745364036034865453
729.12035052412345164796032556198519034
729.76101448761893828668201513444881240
730.80663791360364619283139725810351067
731.61075936972055456816266514396882032
732.20409946521199818482634125471473135
732.76402469238243282902933146522649626
734.07516443354214857475986398748978228
734.64701890948308043867876413489524946
735.39174783587008036299584821577281481
736.15402239500947007748771688609937621
737.02684110633027779600586102152625139
737.83466967680878279341953175563909073
738.45391406566757327488484397018849200
739.63335358979312435899389990222992301
740.10828820495455945593402523702218513
740.81838995718943320512101870461100867
741.68154246838253047750072706700460391
742.78753412796259104960267495230645181
743.22553054930820993230698276106694138
744.21557986916560526006727982733946068
744.78364818194186514598277876990199758
745.53472830272987481097244662040428970
746.78918149868478994143725892942900696
747.46154688863983962381234215063914349
747.72257448385901370987752497536979686
748.81737976806554820411071575959787461
749.68524229822383443730735461477651491
750.60592592554069380473122444528954093
751.30122868446788675767773831028258397
751.73082630432398031739320722464368296
752.90167160191442168235966631770822308
753.59187532765077349007378118646243476
754.45836888598214121351477949017155811
755.11648417671414912509696211448327029
756.01741593946745726339273098750383250
756.65412916386135424719657043544634164
757.49680258713436659188909650312940218
758.47928595686300878818696251942432268
759.06787676975598248247815734553048361
759.98753367022845868782333814043076478
760.48518696544507300495353671551024871
761.54606843635871082457936432893116661
762.24519052272178771032058659881761740
763.31783995107625192452575066210968597
763.76157114203677872970629490932625802
764.29678020849553516491029511098768423
765.57218991273206412468611487650142965
766.41410101910174531561330064805904229
766.96069817396192169594475586095589169
767.55166253758477056297134506736031815
768.53764079470201927299095411609983180
769.66227800190148408514152969867994621
769.89454603364081557591416697997712607
771.19211434697633668429632763715004637
771.46836345130731924013270105298072031
772.38811339563133319692233496827552833
773.50354091520112326091364521411506141
774.06438786835756168524494815676500576
774.75503650518831637546848966373278939
775.64563734923180501563959133515574551
776.59246210466302983333955001373851768
776.93188234978541380616171026078116027
778.17182423552945510248271760243156144
778.92267573153048466032476155872845358
779.44934091890434742741205532443550911
780.17001554436851452413047555923341779
781.25292458270472479490176805310514097
782.01156328445299790051816516050821108
782.88421396911178854937867684915884964
783.23207086402046137369439342659222020
784.18296739573888788023683631309195425
785.24740671943438348279496698495816535
785.85838624561009571536526848973793890
786.82788638858514041009010552712690718
787.10744730386807448708785656483214653
788.14575069181473556660796769582786613
789.22933834133176179937821773750938505
789.84117224999675694169308485330127087
790.31080207463511243261158950645973622
791.66166182260517559794796995188065704
791.75199287975784965901549840803849563
793.22938266816220136751407728744145615
793.50896718467094944381247614571361351
794.47069072450425741556233108551415962
795.45033613888268439941476774834404020
795.79605811147219962061919673153303334
796.78791454841682432241119967140402475
797.87864253317248392687434907198650881
798.39272343292782224244949259721607828
798.97140938970912994762180408853223543
799.96720446342244598719671700360333181
800.73437628487041292288786006026539085
801.69090963767952649913161070228026409
802.32475520676035094060784648622002202
803.04377040006507012350048370560024244
803.60014101222035614177718184822345052
804.95186061888944521304892557659723465
805.56086076682209770074433653324109090
806.05424689889139834621275216986400962
806.86263267495235131361048510841962830
807.83971527092789890335026089543477035
808.75711019944960803046239035129914142
809.21252274279222708204875350885914805
810.14097119244857248928881356304358360
811.03529643279049895097974852026590590
811.44041602406479684888071361526732117
812.63197702223410956447788227914753095
813.33100632899850979920101996527787042
813.94635226944960337038556268221591725
814.81611236827809036103591531679148063
815.63749448560575259246078943113585800
816.22436403082482455618759459215052032
817.37471627606791441871857918985454264
817.99731222140737075378642288441196796
818.67031560505880713073606496529956074
819.22339789813980414637641747428986266
820.53925674652123254126804743721510785
821.12785457531558020021288734869660217
821.90185130593507059361058177370129568
822.35636174048830713976174560756646475
823.45299652079578410673374165030028821
824.22162596414469912743530440742293697
825.26649875502469532678259439755914090
825.50419115373186771389364095997452942
826.41477302521331751262538711506609039
827.38744326204605500908889620025027141
828.09677033519954951165117950229520149
828.93264447793640212579033894537750659
829.68069526526117834365232792332538897
830.23634707084679590089004513768916072
831.35500770676656312910035642105418162
831.89945966287507127784127150254727718
832.78351741285607537113054191612997875
833.66503952703418563653031897028346263
834.25026172965111838325742851108457607
835.00493137594583747652901737106431981
835.80453891180562690592766149452740767
837.03217315865550433101368901762206217
837.28911844555081122080702153487358123
838.16615328291572181281674169988515117
838.75484020537119720133983837128862221
840.05356911840471649197120007386831104
840.61059746520611960784143881674727167
841.16677418707322395307295534652108858
842.27096965321413536878056057470418789
842.56530071221926464471876575650252348
843.83145733045739857956385481888746655
844.64415401462101300628796603060734902
845.12271902386111726995801817290842520
845.72081069017925873889703225181678873
846.98328046991900765005555365593139500
847.60296896060286069602122900901767673
848.16463004772841550051383849662833717
849.26255426199834191039696110617570584
849.85768447874297644331459613890237290
850.48882072489012159579228890911175759
851.56060690999212884149210632249698196
852.15791047515018330799133848564831417
853.28529059742286849224077189512753846
853.50634793518491059397801239719037096
854.42017582333502875385742071742210557
855.47682663938052027442364130376128558
856.03728172946841796773613238133210307
857.05368178669012934944563554964722911
857.64726672347735353486528340875889269
858.05743874778944861354161353344931917
859.41097701956045765126440647112097621
860.17402845628003998259196137126673232
860.64816818087864250060078030902956777
861.36917528555973213106903244358007808
862.26770692460833653896154795828976967
863.24354650715151782327021811087592434
863.85251072548037118286181789345924521
864.71501025651889153027667738590416426
865.15496115943768197857536759404350648
866.39705410074203239884049960426677303
866.78435410582342876762414540425784412
867.92093357765990560480565747863442593
868.37993339401644342735977499564570121
869.44770422559232016595633261135424716
869.80451034924011277494470136063348428
870.90309756315985465502937550044428251
871.69956559519408807792290394509095439
872.33051319436111089550291671678723050
873.29825134664001788244728478334068309
873.72487785286419584822831608251949078
874.60230976607431602060584482103502492
875.77835095643853914935354886950749843
876.25187352716404839161000538227638309
876.99387270894234039332499977959833589
877.48988447369653543880640762359184355
878.80318991896177783135729619757165586
879.51459278160587653785612523148442947
879.96456766905646830396014787897647643
880.85993845606420265288590226912899066
881.63308648004560201131005727157817082
882.41303235626962844994043109956638203
883.48139420592786778269452254240572515
883.85131216733738058150794212228193268
884.73654151394387198858325962332940300
885.41350484141958928738488694544797383
886.48347634489441602483990234428148846
887.09169264184473458865051001962903959
887.72669906581065299702024141620312482
888.79334056839544533756540383613071307
889.41332149509510896924189677717402760
889.88589926069982179757464134054698842
891.15015786595518555277357371314782207
891.99930095520623113274332064725961629
892.18826730269124741706536249304887556
893.22025055330376510737307870419776986
893.99198920828196112566919144751171529
894.90959638346825873516772478476570088
895.78359605056270972688835013523951308
896.22050174969035491781679895445109420
896.92364507822511240347804860103914375
897.96471111752461483709527009160706158
898.80199914432223429868890740807560994
899.52306015196878421169122034820184413
900.10421941191224141397534081801502572
900.80030798880088140061016689401180140
901.92010015934843503819483121716469256
902.61519699458710426728926910392733195
903.20960313034033798212017300314415600
904.05537840054855550105541657367942540
904.86386044345266730395840390744064253
905.53048269608930030779115803795676652
906.47464889980452346766955351040287590
907.12884892563417051889799654825894612
908.03448749484692178480189946400385539
908.61721372687680380391527828344242890
909.31467664140917296087125803761099606
910.31917868465767221291832801775299210
911.24193384759749878817133575105480488
911.66598641911799856161820280763399607
912.38992505361560341127181341935484211
913.42210652004697110274530411630246134
913.93192612687586145268670333838521615
915.26416732299921487630936318517205127
915.61759085119827601393633814126804346
915.99408007649098575407549518282459861
917.19429221263179495803113985299972893
918.22900174287621587374021763163324427
918.67196906313045415241884741585034021
919.31348098007490509886070064908432065
920.27901833041395386298676207678580986
920.96747263309618524864675916192000766
921.91333453764807772518373868182835027
922.46655963783478885048706384514379144
923.56613855606474550020023502396289524
923.82780565752972172816733670549788738
924.84943171270477663079478479004941425
925.73456903884977330145650498964946126
926.40422119068204243285179652451676977
927.12485753881629343225675878555253455
928.14480534985740150849594534206510082
928.45410609958829147069132690023693648
929.39391609155682708016007990383561881
930.56624202407262708205891048633279061
930.94594474114808943008634087950643905
931.82390451891871728509214311548844774
932.19014004818586250360356414848705917
933.61580418824404087438148100133706320
934.10440147663168813549084671210496826
934.80815075054345946935127173646312274
935.67499987594383777435323713689861115
936.11522118455003556196126600746387805
937.39294985533568372568013615785910574
937.96451291194937602946432119560202893
938.66665990989010729338907270072412478
939.37500667559579783956041438782616804
940.17160601803723781146516051481629021
941.11156132779132029299238355465136069
941.75939069910780170864741400595514592
942.55820989619065292937497856106625923
943.26806478428144460714688602689371029
943.99561748969110135673328235755966776
944.94659694061044291149019089260229869
945.44927147537765610152931538293597021
946.54604755544898392229890187805429289
947.28752377089807636142690112240158847
947.58641905618297009404884530322219746
948.59978906767868066253159334209948552
949.66705186253427179372560443327326828
950.26167459223661980485263903589128978
950.86538132852702845357918076588176645
951.63739430754647043853985199303185237
952.42043290531015265827072044121390206
953.55301455477378328044272573086332285
953.95790244299345136877235485784557679
954.80010424239872697255505883097518560
955.43984672837743462651800870930845945
956.22248183871156366231647897792959575
957.44082142865251389010039550193452380
957.98462563885643723958906307385978530
958.18635002842673139788087359062104048
959.57356149494140131404154683944013590
960.18294341445862463640105219789486480
960.77992543957433628413970343005024311
961.82304308717032966700060635101326662
962.55822644134844002189099919563760906
963.04216852444007240403560189289519648
963.95194795558585648798535674734808091
964.78381017228627866985240739472028933
965.65934211058078485296926075460387393
966.18963335027051704719164451545083124
967.26142427011415701879374399572451715
967.43803486670265532813809381508834558
968.67736856747745544697928534590818606
969.48004682157426990700973792995130729
970.15238252122877599757785469991023677
970.82706215146851445710805534081900056
971.31902517176669805567916448773444042
972.77351136123867048528607345087296211
973.10421166390380993441859892688992900
973.97650449291231139904249983647792687
974.45510230594854127352775780251495809
975.55053107830462625510574532223773002
976.17765413735651326481186896323939841
977.17893274799019383434246784963313402
977.65422051596655960382607752853997918
978.41507333507780361229789297230637896
979.33559902132913386864695731615214323
980.00345397821233603567377785025129845
980.81072296376765917421737288122397732
981.72193606290237023298340950341156469
982.21587672331180141177824154198730145
983.03409257138275229928401824346973989
983.87268129149663992241490437980019781
984.60072928010272404594254149723821931
985.51552360284995953403490868561468353
986.23166955738754827403963647316810140
986.70473483317690515928634595818088001
987.52767367657111517237346615852314600
988.70982712703712463503882346859755192
989.29146907317131762194517633344686413
989.88852621800079558528432424397163864
990.42818315713844550034759863347853495
991.74866175528890640910051570821766446
992.17455558807348359099620608723959396
993.09105699006639454028625278980970541
993.79680050449573415944166097835537764
994.35222930425321079983631457248810647
995.27836788954715781472883767540789408
996.29179468661738620180905952158506163
996.76713362048779741051909947317089564
997.51626639757082425376040944100464709
998.28653669631116010254258515670643578
999.20419473802029400577549275346897274
999.82969008978290374400275588963842394
1000.5857486398686411874138071801155226
1001.5448868606167393061567835758637932
1002.3050052576966988928247257574997144
1002.5050013053090613337625196564887478
1003.7926309914986152739658250108125240
1004.6087037765598288461515966625910994
1005.2247048233103442038608394795739962
1005.7790304773515820931909404957520163
1006.7648317141139591757905929359047025
1007.3493896024322071190313227108172515
1008.5642565332718414901448980200453128
1008.9769033175876465942414957115255489
1009.6492472891826951377958929504041801
1010.3219543564845083410551030872833305
1011.5334798168352953662429327474436026
1012.0692104445787644729232262982649133
1012.8141508495439616561439693705638810
1013.4856329090433004424234286969330909
1014.2243935728648590785309772496463641
1015.2209659117768852894370385313752671
1016.0102709771396905079238758138815859
1016.3596771538994576299016641093422142
1017.6192015069254009208199707224630941
1017.9770968436858874469751988101999763
1018.7601653265616834570880630032721095
1019.9464484841505110262266242720170108
1020.2173937591489148274950475474559935
1021.4255716459189186246862215826080715
1021.7066884781316400460249790346416329
1022.5550890865155866006278501593564348
1023.6521125280612791755802966167588426
1024.2339230107484233107410538372825104
1024.9846836400845103094968012477457443
1025.6851785290194998443283215214573919
1026.2992498909330918728343823284632112
1027.3544142471623701394467750063268979
1028.3065447125226288930977761385944423
1028.7377537557733573323841351520860761
1029.1428461931273502299598122385929507
1030.3917888326962090181833353420136439
1031.3048100274649795207567941180095371
1031.6166573586930365258299992605573008
1032.6017970155335161548966898068333318
1033.3025087486574780498389170406970661
1034.0002377523291667919005719051147633
1034.8495022448289082969236539930766582
1035.8183993401657648572362173748470227
1036.2104559588970435355867937233198447
1037.0916720339970224837437034694214425
1037.8566284797827699449061948933709816
1038.6733558428513107978469468537677644
1039.2987184830694935306046674384115994
1040.4086337027587642378977201462122518
1040.7719809859834700134059375966018512
1041.6861224961232898452068545975432585
1042.1456195706340576897143707335885704
1043.5303638446421221384296062439407475
1044.0700550659938848672329706229444700
1044.3988228149714116509843232391301866
1045.4604676033528356206917238743282083
1046.0920701964494220584057229446030554
1047.3357943602506561326707972354731136
1047.5724729175539801682320764588905197
1048.4986456755980971558381192033373345
1049.0819750335704009509920258062896164
1049.9736779100999460117511672379238141
1051.0252613751877489659365060365403851
1051.4321567301924444947451252254937802
1052.1934394668736966245153309154587227
1052.9844387464866363560745386452866021
1053.8271109576761294090405803163842733
1054.5378094389336517338292544949913092
1055.3478011391070515341157714022311476
1056.0799323484959906524427630605268455
1056.7309222076948571361316328726132504
1057.6617338264964889757317276785451658
1058.1292197025574747157157793180512589
1059.2320895324819065279899108451526527
1060.0009273159055258050620031217050457
1060.5533909505293744617722855527777556
1061.0030017180019243563384869391071585
1062.4781774120250755529077864904055672
1062.6883119317836985490548386230710090
1063.8309391056615136904013971245660637
1064.2212105045357423531220960358218317
1064.9839270488215839365183440966077514
1065.9048837090835673232257884795324664
1066.8643596150275717966761255122593740
1067.4223187699285724760115252812024917
1068.0354852695960946624630653902259198
1068.7287379090254197526431830351827211
1069.8462584187227089489696311782415215
1070.5556279547928312480529181015126798
1071.0360511396689573792944734395965527
1071.8781587713250010360173494980916265
1072.8342087562746024909363742715650206
1073.3159427593556477121413182121327299
1074.1353252198316203992240127368298172
1075.2121551962028093735985493896734938
1075.6962315218972359378410301068061066
1076.2157185024559987931096485963146649
1077.3805360485732669164367189057590439
1077.8642799410058155404962863211361980
1078.7965237100316795565546596816491093
1079.6151211021518149764037124551417153
1080.2879583146193751334387820476374923
1080.6104344286337352830171039852637764
1081.9556938633456755295149293092445066
1082.5989984179130454332926388884689620
1083.3089527586281987099680079269143441
1083.8910399933574336151148305402519024
1084.5463443964221767487544217695661845
1085.8172994330452543133622493089023142
1086.2845820936119671001327929447791140
1086.9563352015706345058477880951413574
1087.7567017953979107831455447320225347
1088.4520729089536292227058114351402645
1089.3510666855946734171103465770069206
1090.1434615898106535902664221345742415
1090.7872906105780618652698250707291985
1091.4637540362612108239807556107312734
1092.3791482408345049862795249396525858
1092.9408790221807455135227583701359277
1093.9127873888636132133108654373319643
1094.6090090695239083610511125184872700
1095.2887012396690074661669078645740048
1096.1468591011335223440062477126428103
1096.6114258027291406231248873122434224
1097.6757808191446529379390816181409779
1098.4038960822136954081686135604387787
1099.2901408065830786678822129856904727
1099.6301159538166858629671705884254194
1100.3473732216893620909612778781624653
1101.6477309531734915569234327281752650
1102.2216281351643077739578339272317167
1102.6796374626626711244306196227029270
1103.5425860326777957384783892025084818
1104.3262363225595310763392939336723198
1105.1466171701491620224103554588898281
1105.9938974022162253102683899125412040
1106.6528865522146783621612775028246303
1107.2193422334875379608455161180534658
1108.0139872419368394307229257010717254
1109.0458737966648789676338676673775999
1109.8223957208223194112592087844523259
1110.0494309646386484854409947662489630
1111.3593263197453245575250731480081261
1111.7588723501156546798765483402147480
1112.5672091185371713983293664879241609
1113.3924324378558351648071247232537476
1114.2899885594899057525997938014985659
1114.9726095347449504518619572504178092
1115.4165680907089588840943273537041893
1116.3211374116563579765134475627542007
1117.2918252093799807470967125354425395
1118.0267614912052770960655337866226728
1118.5424785890434467858413669404518494
1119.4013446174906445562663882194526219
1119.9943831280634556204001007903067086
1120.9378146939874812577998729637021613
1122.0485932576176673258610311756231082
1122.3199762305375404189542847228337450
1122.7701438337269594468375919306058590
1124.1082714769933058365595568134647432
1124.6099736992896520380025202110409658
1125.5484944209648307015828478105940024
1126.1436269972004686936815592072554927
1126.7459583116256410588919100577984762
1127.7243013256757009758001898446065390
1128.4404604385883512651150377280092836
1129.1953738495605697082707362865745294
1129.8583393304353143963562600185973420
1130.9073890801367357880019538444821570
1131.1480398263591561521500903890308184
1132.1362762937518431757558925772068497
1133.0168096153409679692090199336587622
1133.7908776903272780746728216162671754
1134.2967024585409018760233901945502037
1135.2766095290860354222962185100297120
1135.6496869877753166562518697645586733
1136.8278287811874028872358406069200253
1137.5466904904192975029389620277887361
1138.1665790710847340051352152294831117
1138.8066376994388614110660085613433063
1139.4670318654836320566148812635251359
1140.6964682731206074162392724711150613
1141.2686277860646369032809221727515377
1141.8535703454548216891146483951038866
1142.4154110925559363773648949125339712
1143.5660461156580676752565251476537023
1144.2434526617412677539080198698107892
1144.8020976107800317515473040614602748
1145.8486131349445170229161288837778756
1146.3469052579871904814777296600888386
1146.9436360149768853403290146101811930
1148.1814663576765483520584249704283368
1148.6086385385955580181294099382777793
1149.3317143916774436647178209666805913
1150.3090877064908575644069437083060859
1150.7728754970758382540626249302601981
1151.6774378552195856382435751082685866
1152.3103844088005372239405014945224926
1153.4047765985642189157647534720688369
1154.0923114678687756631606475952922183
1154.2456516211462144759613202122534829
1155.3608293519242251783066474991091740
1156.3312597680741617576693655300419995
1157.0179553896335751315410351670617009
1157.5694945378390845993145012886906703
1158.2974025113628807823842533994250325
1159.0544853600948868721673911063502947
1160.0302577325383616005701345853467713
1160.8132236825191860120953494977226208
1161.2656663737518534660140852879691415
1162.0958033717887793030989734680995096
1162.7413078179565094957998122595037805
1163.9153008136627343913398393736866340
1164.3245852665883429534819122427636257
1165.0755095459352505398374546902181506
1165.8720333806244671150462985518041429
1166.6225431665546275673491142512398966
1167.3526522437204317336670505277857420
1168.1572959539296180539241592807321178
1168.9290792209803836903814475673181802
1169.6067099920747868714273645481753130
1170.4174171429616209891266069880499503
1170.8843374428804705125955941985216596
1171.9642219006076271482813450461868611
1172.8312937074017642434636283630252304
1173.3025060335298641197750782025129753
1173.9144772145629199311942710240068789
1174.7850443265190838173917908669881598
1175.8241769059263075746370780846919962
1176.2799220032321721051328881978549249
1177.1803715902572209287392906485369037
1177.8734092189337454256965165619524163
1178.2040157677198577892613142985991642
1179.7254805293604171736090019322902535
1180.0746080641287356506094965279667756
1180.7535542342832867530336238441440091
1181.3908314061034038589404613578875600
1182.4610460583441960004010099041614156
1183.0045280298905783081919639907460704
1183.9673084869265163298778948582912464
1184.4189023624729309690183476622211744
1185.3660240633217511976168304798757703
1186.1460677944826534189556839903252854
1186.5071486142100954250854562342284276
1187.8341892222644491597065984622326642
1188.2590147429050118153758583570944800
1188.9604077065336260598533694058433381
1189.7657028030700295421589295938383010
1190.5596043336242917634233018849614719
1191.1221649883769160621821215944463612
1192.2797067899376700757332827972779595
1192.8861706124009413949631254341845152
1193.2777374553649812227835639442209787
1194.0488006634281537318113837272019406
1195.3260405414661101332081461230713222
1195.7394652901442651051341465430325800
1196.5092259799057836256839549457595850
1197.1046217908528704875910337560361868
1197.8839218199071907861488203106538738
1198.8867920902620262530061908672244939
1199.5856235211646549517862364578515998
1200.1215738221110236352547679281352275
1200.9770672064803079304250235019690110
1201.5818122279432616757906557947182226
1202.6271547413674688258564670025071547
1203.1008816107914734661520570150138853
1204.2297917821074287901152579359687679
1204.4039263502225035364114327151247604
1205.5224532101613048198211976921997045
1206.1323864810621702062780705465611186
1206.8738270804814257875619776775248401
1207.8507958884670294301805031842515688
1208.3897768141691894296163024051857403
1209.1474723104696124457214073112810852
1209.7698819084354664865119811765381288
1210.6110460208354371943517769287657412
1211.6895373774948300607029031784867423
1212.2013458646557266495059243056922936
1212.6355549926988644015576621799550065
1213.4814072635486047240193446903383261
1214.6678760705779331758396734599445799
1215.0204967796367052259480317219940862
1216.1084572822684467176762971380755582
1216.2829850781437739908812032823008836
1217.4127500338475047289888299320606906
1217.9729975870233119425075137384652774
1219.1124915655066711040772720488830654
1219.6083218453675770968287613641802290
1220.0988523165520140559154829536825561
1221.0381313166653977061321532235103379
1221.9548551844064196890981281663570935
1222.5921584695545690983061916168827127
1223.1266605258838578894786154078093249
1224.2825033496160700572144148667738300
1224.7861872264087536193591649644091309
1225.2376285262707067241939438371832896
1226.4263884349403715638148558165586482
1227.0912817268163404774805393093367916
1227.7625296727899139438229211359836823
1228.5974627092167571757213232044530560
1228.9314455871277723379979817884841250
1230.1732851230866765434908461674039676
1230.7210852907735378210226445297250744
1231.6035205942714620600702849878218260
1232.2477803171253720119764075967565623
1232.6663874348937714242986910331144339
1233.7320306042997504508531529840729089
1234.7560323967932775728845291195047720
1235.1735362025036034674268897291963248
1235.7502890394283607400978340547339027
1236.5747344979689027764485662337181709
1237.5865138496636178442245433430807594
1238.1588067515003247771723689073689634
1238.8882792440540932674308070056111317
1239.7734168119680299416992851662314296
1240.1603170312153586086902283127810791
1241.2283765029947012618519272633694599
1241.9006023384750006453032994211597199
1242.5450362955741167591079417954997436
1243.5151298377241656527996311461978576
1244.1169747651831421378735609085910414
1244.5983844497564924779195044129089265
1245.6762369957268823258749773323723544
1246.4258260080506206245679320867918552
1247.0426895752793024258378539211172663
1247.8849494350704044313203646556002253
1248.4768940285058886896494817462709642
1249.0617424209509194266461336431851905
1250.3962487745632194575638208823472060
1250.7948639899065011346864820658785302
1251.4365059987368760206646748248798196
1252.0725619242623107343559484190867661
1252.9908295048232006748378433276396105
1253.9828458738978695980077641813880419
1254.6123724384489899893145787419063967
1254.9184672941139100757762261591333593
1256.0738103710011576753552823034091440
1256.6359662803667500988203398103003827
1257.4509207758648848677715293500710007
1258.3661193827608756636950409418607631
1258.8748898735112373293985789036712791
1259.6034742396471476305008063007466834
1260.3202520351458649930162589113086042
1261.4587490303260403944365979256343804
1261.6665400120439485467453357471866729
1262.6718322370632939598438144325788259
1263.5149245107246042751957222203940741
1264.0862467314451501650419408430084591
1264.5868081537176259249613913896684885
1265.7902119257140735768865381877844414
1266.5607494577314322490514908315546952
1266.9523747954940790354648157827401487
1267.6709322785335586721030657171525449
1268.5145608427639418229248482145306028
1269.4273397329979968336522167844892422
1270.1892054920810598534413013754531630
1270.7078043493497750933388919815653304
1271.4698704542224471709970482508549965
1272.0959010487571671951408488096460247
1273.1949849704353824120289853958552029
1273.8319765352939273119086820350162005
1274.5043585779790322298200594742931361
1274.9995889144412335473624299692564559
1276.0525894988607501822236498104484708
1276.6635086445396337788150568786688481
1277.7695056151805771924321101241431205
1277.8638005188028745256298173962467633
1279.0929028713904029662501171787485859
1279.5101491088329693371679961547542504
1280.4749803972841930437801155935878724
1281.0190177332322479203126952984105770
1282.1085354875185411583715715845985758
1282.6054915766700537213324009494824951
1283.2545525517466734016827800103117343
1284.0351263888744839108412574307423549
1284.8002968351507987825275111800249096
1285.9321155446924206509962568832200224
1286.1974052137295553884093935670296757
1286.9359387097039799706622178912635868
1287.7005593862163448326613534363040606
1288.6305263274682087308539546012482786
1289.2959043286586160300911306494461819
1290.2153794628221910173372621611793653
1290.7627983120672713793465093897019439
1291.0412804352503782371586551884968649
1292.6140247595561539670059979555255877
1292.9582842536057763426717972894438184
1293.6317998087375536925696465242923930
1294.3655842099573688262232025702274707
1295.2367899347711798993832568080625113
1295.9208804514293856513615378953548022
1296.6031913730535243090943457142442721
1297.5763900068669597870049034378385052
1298.0870440420795464329210337495982912
1298.8182341475757600077071103835848783
1299.5901713485341986091620002983442977
1300.3206007836495629861130550722893913
1301.2957835649234639301907678702528077
1301.7152655704417181116396947630463223
1302.6480666446365678829472439590222334
1303.2477522815150377802338775971208631
1303.8599630192689568755531973692745822
1304.9634895849546217719409648716149830
1305.7624645618960421899551443832116015
1306.1727719375986361292865332654580014
1306.6571302961877515960928266329031453
1307.8400034297335924428823565800146756
1308.8367246033368588146058746428810938
1308.9338412069992453317866985331218519
1310.1097054291060170547760722570437683
1310.4667068258244964018481157245325892
1311.3462145846584972749326239257442746
1312.4611054909181489217531315560020887
1312.8330734871394061871009452562648070
1313.5138582901282903519134010555230208
1314.5367221922872222270946710275829393
1314.8695443843032487450545097783676693
1316.0121381264628486762868967615937171
1316.5967971836037074524012710431147342
1317.2534834753157609852542395860988867
1318.1968565185025537087798711669253813
1318.6553856515884945045550014076082272
1319.5033215485297256713288261472969589
1320.2951006384837297198721715860287229
1321.0910681034606666080447542565545517
1321.9489031796557345060768542521130434
1322.2287549183813717009231696267549153
1323.0553396958063825065088384215273571
1324.1331412107080193271101407080392353
1324.8763199131013282203446911491748231
1325.3509344943220545594884101900800727
1326.0143130628771095666712092780415849
1326.8284592361881841540471666653816324
1327.8072868695518698146183207374412651
1328.3621753467114552919036354300104496
1329.2648792276117818718954519956856359
1329.6715894895932361061296560087767999
1330.4507876184327281589842658391995167
1331.4391566885080702339215981206795091
1332.1620445211065095504222598302910359
1332.9583098948428362844307322645028920
1333.1352201311191732386721470817880709
1334.5847007321320328924050023234983720
1334.8321026422617669745675369089984437
1335.6438631617097059329903263082392888
1336.6337042258051993612938232151340075
1337.2127813693310207064403034363415544
1338.0765783872248078807274762695941007
1338.3004302245313399512734687939838937
1339.6466576943561054082525554766128616
1340.1650507156981403630433615393854739
1340.8691668531993654878690282127616727
1341.7082412175701699838843091382422704
1342.1788394447187502898434968325524638
1342.9973185061387224852420805053296441
1344.1024359810679476691839841629186339
1344.6594088727371311984914100981596469
1345.1195072918341258441093744947556586
1345.9340965744149903318559687818868980
1346.7062276127952082746827237352456271
1347.8555790139106221319338779809569493
1348.2021593028244852747524731428959417
1348.7776282167011400344898195851112870
1349.6920708849214944593993351146082590
1350.5323734350862328177674191880590620
1351.1231818735953421106502991447343835
1352.0411626284501866836857029973189801
1352.6234666854035273964865008390185890
1353.3266038620598304563956068071323123
1354.0699702880556966394178138078522348
1354.9937363496427762751988303408182061
1355.4286455997527934488993309598227234
1356.5739962911431239913886524388045148
1357.0164434322365142388292555026786847
1357.5965278420249089618629259173268482
1358.5709501031645256543200586299329874
1359.2861809255828503074496634244889043
1360.0799343999455342163574106985176194
1360.8237275366010394714259341451110759
1361.4064790216451498396353469005108095
1361.9058990211107614864744246406424428
1363.1574766114405892091014137255863022
1363.9017122949271557947641920649407717
1364.2990411251347872093657090510508146
1364.8918784943507275324520334938741471
1365.9327868266510187265068937995118979
1366.6659590814907616934689271312676795
1367.4173439428647768025086593581369695
1368.0571859348432115870381184389603106
1368.7787301245027730180219819069456865
1369.4365818185326485340327759663663948
1370.3086453529181955028458505750954214
1371.1310136428743235767239902848163442
1371.7252563216418703928811181555966008
1372.4697443672469370086018365887422255
1373.0720790465978343768257506364333789
1374.2579770166547709759632362190303122
1374.3852114729073139520815631166038468
1375.4207214009920158476868681213925023
1376.4848444341372709437988584314974447
1376.7408669940658441090489778866565931
1377.3075058070942779662824195194027235
1378.4452095897502000354555452263759625
1379.2638931007131269867659278678463964
1379.8179635965805722308414070222649599
1380.4595278689131644779075871464027352
1381.1522361031942029895382936223047963
1382.0155693471040499220026921824833554
1382.8570886178804077985377885112755393
1383.6034775957038613220712105437210211
1384.1710037600866499076028076659944262
1384.7111994085206908485499993068556121
1385.6774570919738828996750080905114362
1386.6928098677395778464619329338645872
1387.0616375245393035596014229779458651
1387.7705386104662310591751264076600328
1388.6309892972138319264082819912551778
1389.2553891607473877995799989643567100
1390.1854565933440211680662270151264098
1390.8050105615588845069208931783058616
1391.4815895777599044074102907256555088
1392.3765760206150736901440792172900869
1392.9397368360147501561441259107046355
1393.5803379178310102922576889458563834
1394.5865995634963851430574530282388833
1395.3562728539116778013630786014745390
1395.8063276216409953122931136359979461
1396.7463476986659734506954831758899611
1397.1032539935958504979282173174271726
1398.3683099170906631365716647815428597
1398.8573894936671831235246444778633562
1399.6595663569738277976521117651338353
1400.2331524017805816413199348954420058
1400.8679882999255791712919963589923582
1401.8675083635544287597352336917250493
1402.7831153917034608176415811582082945
1403.1598810620639385155132134834955556
1403.9288233369200528534761295705981408
1404.4525484095916379518958489467661922
1405.8426962822154602972268702353746337
1406.1271672289728434460283933027507403
1406.6797715176180105594869014355766629
1407.8975701347597851709233357973691617
1408.2131085019124396143697430415028528
1408.9929137114894236787968283291598803
1409.9139946190979681963903556206269967
1410.7683168387593319568078644323796876
1411.1084565561500343745308252245657021
1412.0306917082085589855946995786433653
1412.8005419156053553265638373669966110
1413.3563821847763988556218814105371711
1414.2935697145297602442853812437873469
1415.2303922065219237187496357588642611
1415.4393699402050607278013633444924187
1416.5266036515582800272930408291548641
1416.7960566246953609128603440782109434
1418.2645238223778271443852268048318717
1418.6174629139336019611783919655702840
1419.2929745371628999321382139031128130
1419.7699337717278182725377719755824661
1421.0099737588981703476307232729967987
1421.4606453460925107356617893827588253
1422.3855220103998618541170172224516929
1423.0558270994177591633597354976098358
1423.4762588819268487590200669068618876
1424.4702437991421064105223969421524495
1425.2174046670887025006395528332800698
1426.1982054453139876233235239908180552
1426.3720813399700081782225685987825081
1427.3764492154779790006215698786912848
1428.1841517748688492408705382276895721
1428.6602715480880907397194727070093180
1429.8042550871546748500028142906025570
1430.1420111546068336727073896969295969
1431.1260059083637530028904721186372846
1431.7267033429027584756158280776088156
1432.3643962310867778085104746461654182
1433.1593693321114059508098979619762259
1434.1885738393229089950867578427654331
1434.7102695057749921045259252189443095
1435.3057260183641060043639375669882465
1435.9008312522616881221501139507492210
1437.0071285745698747929128953369902997
1437.7291933706418179016856387056370753
1438.3118236369585331421581270185057604
1439.0077493634797419856321559144731178
1439.6302189576762144999792984389763293
1440.5300877591060323442825220234038617
1441.3800757296898687105905500692382269
1442.0137419474683678931464509638099249
1442.8217033586055485638214376193307203
1443.0281262066126546209295245002805940
1444.3636650936762197247888729885442457
1444.9382057690489392455409664912016593
1445.5670884421463382145461843470478613
1446.2929199009168088853319708462996900
1447.1745319290608386422320434099334707
1447.7361983977346096476686038504644590
1448.4584979213152791791130870244847066
1449.2679291071142856091494765712982790
1450.3593282278589263870247895732855838
1450.4955278153264777387323410653219124
1451.2702025137955455411600132199521617
1452.2370281262526735136563669730841891
1452.9740521445622106647805249802657579
1453.5958643640230794894557100931279995
1454.5835875123500843045043001827858469
1455.0182458436433524703175828976195406
1455.4634727606372504626555636742837428
1456.8438979116295414204636562556519666
1457.3145136304662731707203533375426030
1458.1376958534313765377453866153256782
1458.4338006416786907174573769943603588
1459.4338488692950399160609423273175661
1460.2661637675662760284266858990201497
1461.0903542736641232330213812551967138
1461.5909662488172777122457241318126070
1462.2393881753802994101291110885085994
1463.1979411980424858494630465849980359
1463.7251694911618478234680465436198248
1464.6795725281392150719011527351247641
1465.2803605892137087680959642604389490
1466.0458727249342624008479025431077615
1466.6862372636508290199339516395253416
1467.4156990139180758539511680811921436
1468.2753726206806030688123065003023887
1468.8584586664542983295285007396209122
1469.8615142680605426778200515067352622
1470.3593940933317123589389188087692699
1470.8935746624549197416205737508641721
1471.8760524386376132984303318778305153
1472.5949976919492501119960441393419321
1473.4914345600595849339827366104102683
1473.9971331220237841559122195072705906
1474.6171105151623650109609964772315471
1475.2454175673457944808858843917114894
1476.7196101902929183128984847696597905
1476.8963670551374074315167421265595954
1477.3583536053329753884879851334400884
1478.4916146610147007755529377161768340
1479.0124059062219670278340944644673879
1479.8352985394999184839852918727608656
1480.8251419987470022820801411246122128
1481.1686619530397209478149258951563448
1481.9818837104712381322927541268982810
1482.6516941484373382572037313702401325
1483.5523824187926713939225270956670138
1484.3127764291615773955301621277775455
1484.8522759619896381466247718506883482
1485.6172653117871705414981180053270913
1486.6140456991198757780368420288993552
1486.8601451890737582872032152133809910
1487.7848488242807990339560069080719302
1488.7196238574190353436017994053915741
1489.4489305689288229466207920580037370
1489.9312066210357418597014266326190680
1490.4624405162880992073303362407280603
1491.6456688309631081909037688916047016
1492.2526287405947209164822113862760339
1492.9957178149101733792919381507594283
1493.5906555209171610376563796472442587
1494.3011531173507096410378005858681428
1494.9696805109005339101278173484320428
1496.0759485640747137634075301870776976
1496.6192103805172551513047098029761993
1497.2942831133533937384071361905706740
1497.7082269796971434407440620200536739
1498.8565210893325170089825161459800750
1499.5542959617761642984619470982159231
1500.1753155818456132150738773486765143
1500.9173819194767140853142990940414893
1501.5777816405732738912167174909128333
1502.3539998015677873677347689505723688
1503.1430272668324799887981957234122573
1503.7428719628102905558117141219263225
1504.7469709910942508242787974866286677
1505.1308207896115986937605649290278445
1506.1111650965047716677679919687387780
1506.4919734207109513605753578980118914
1507.4747903181009620325137130202091351
1508.4669432754026131833952859493115884
1508.7906760191573815632343431385377324
1509.4883256018819006265814937354944401
1510.4213533185380565365015181777863220
1510.8756836780668637080605497898208635
1512.2193305099015833423544964757049817
1512.3824315245205788856279427346649958
1513.2835340694211539510550645990920608
1513.6849719328320840552929398635097396
1514.7728069431077697466269021197702005
1515.6444384702546707913411373282121070
1516.1739813912356212618800592403813637
1516.7404713319904091329902753994270659
1517.4783265502665879770647961151416702
1518.4422768771228184665673832548593277
1519.1817321780857359776805875314786343
1519.5853333757187649904451895557899428
1520.6625163293354890269111190447998919
1521.3312002446323200650231525670136175
1521.6034634459441493485704148094574342
1522.8522443515603617431783615476558675
1523.5100139683207408864231295852617630
1523.9698973973057298233799836002545408
1524.9429988832974131488273684121474520
1525.6384450711301384990074070923736474
1526.0839110880151896194549759305239404
1527.0225779680207599569795018126127538
1528.0340184489906873887901967985291263
1528.4516601419346520338176889240930578
1529.1028293626042257693511783883900532
1529.6713290449996909151223970963706779
1530.9165200740536735205888270778837152
1531.3616214240075360702018249509074678
1532.2723075007172991378620211846175203
1532.5756673674119321942941040919070328
1533.4357447243677964217235047763776180
1534.4474615613541742319788456730467731
1534.9350737008627204079028867199562286
1535.8899218541928477153418314130591559
1536.3738657469900105203228758279040917
1536.9599509964962193935588529609504442
1537.9554130657094950846127920543396585
1538.8913282197046034386574182823112711
1539.0922889783818930714945453430049798
1540.1391102813498419081277626455468399
1540.7691723093399757618127524588242934
1541.4797082859094874772872952516910594
1542.1476714738953995669907356551312908
1543.1410153270121337167186803807769319
1543.5841570649028888076898263239853535
1544.5381800643040866938576923588504146
1545.1015254201471220668974105675838188
1545.5575715219045085329067499222290811
1546.8349397204397672359223167129970668
1547.3306508309316604577291433732440643
1548.1373036957514566569214634766259432
1548.4897260350732934696164931129555612
1549.3935070321158473491855344329984003
1550.3340350984908371811342958482936579
1550.9852970000054984182198711962454669
1551.6712950565533400190504644818842323
1552.3062162887534705800734710506209435
1552.9274087346932109277922532992448578
1553.8021680797027203517869111681313206
1554.9267468434624189223639797145180340
1555.1253102607937277792131828300087909
1555.7507264280311732331850614338257194
1556.7640247353154394011072513585066108
1557.4552105230618330642403851263785942
1558.1694123297498439302563815125869797
1558.8206832647694533953200304013322834
1559.6647811033621301408189794535254376
1560.4061059570749023154909063968064019
1560.8356234591583966441294651544481074
1561.7295541010302309800654665836848214
1562.6310513425575266699390728468724637
1563.3524045543238615595120680736330442
1563.7161394666705266657849172808303609
1564.7542029915680871035798694696862450
1565.1857573793292955125201179167832517
1566.1802235024897728218239784001558279
1566.9106043758202237900169349052335777
1567.7584654608657725075319075215821047
1568.0246621616213564744877203628106510
1568.7266688196810516559833755298161654
1570.0007989496437668283499974980313899
1570.6326309171611698365733393969493233
1570.9159435658242812973682536914806473
1571.8368871423765536472839946158132725
1572.5551476565150540157898402559013874
1573.3290175776216069223327598866926601
1574.1643000110926567753872010492169437
1574.8576955168986951041947164304794152
1575.2700355018158447013772286325402388
1576.2916902354016764728058715461344035
1576.8781347780726660527455132060835215
1577.6386069818866338243825853139428287
1578.5111139616848160327919137529710409
1579.0405103648394671398552839782903207
1579.8281023748413885490048159644297087
1580.4313553646201554088100060000140462
1581.3737787695907275577811306069448466
1581.8242026659637315794132257555396316
1583.0499752593775211552729391482165399
1583.3632052279202011750286805256472125
1583.8830036258109516975868103801820350
1584.8996413240595166484180516448706012
1585.5855127596597915637926673849574295
1586.5555916544959391338762793423681062
1587.1380357615437442699636065546400138
1587.3983281055384995992507200548936611
1588.3979923596771142647109838664312939
1589.4960836525140140003899873924784204
1589.8573775471807883897876947819082251
1590.6539640643187247026374340807827473
1591.2403550598559502357910490736560782
1592.1672781183518407218580607089808230
1592.6209487272199907750235009636052402
1593.7854387709637415335321976434182886
1594.3127758147032673430491382993943890
1594.7332053393986321304058945958170904
1595.6749138632339680097310605257780964
1596.5081573147784322964035790383384811
1597.1344268137027381612793236217884557
1597.7188226485908094494072100453915826
1598.8718215813602731285978111518706746
1599.1326634914694461015040982442409470
1599.9858261501092286678332951012017111
1600.5427634864859752466954821456384871
1601.6983519094799818255975890475905120
1602.2600242560710277096194284446393720
1602.8090206958843968893584293146910706
1603.4998168056152516908695062464369629
1604.2522455037843564716470206340051459
1605.2653419184031346279383197860489556
1605.7335315138853426166381166524123891
1606.5976130711450307264085059204870148
1607.2347011944010202676305684275333843
1607.5645154862594291411048966019298916
1608.9606671582631003992943263966330308
1609.4652298705410004700801436549168995
1609.9935995215882632921579417928346281
1610.7828258544354595907453404280776030
1611.3985207179239014335816132415306751
1612.4732119415295530331080839374547519
1612.9170859909660781818166164490467501
1613.6900960667898194224627636057023855
1614.4470728762530952839101458604056184
1615.1793391218509869611450088449210815
1615.6652536166018280813829595092471396
1616.8430242334872115236909682025479423
1617.0893968560985236485484665056611195
1618.2052618483700289087176392583197808
1618.7458878448167516456327223473775735
1619.2661663855768929754881301391085338
1620.1328710287834244301934012226461672
1621.0417578504028468606863158804067642
1621.7333348510317722767066607482762798
1622.2263765433682055182815682268881103
1623.1107938275426710115666827461087442
1623.5418238163229770645302921215599469
1624.5624053241690937497545690505329238
1625.5936063897283484906921304703859003
1625.8106359372392663961804899061864280
1626.4144400494128889404250520168681998
1627.3074579811718329750312140659314833
1628.2509940849085059916388242457204910
1628.9580303191781413834650093844422630
1629.3856871275648984008579690600009502
1630.2381663601494725051883342626711769
1630.9292021059789044063577873955101980
1631.7117425240545323943074733733539871
1632.3985191817824647029160419247006693
1633.2127288516185235127185064910123093
1633.8792329448600014712392133715199124
1634.4574523241136372112712187856618867
1635.2243904599811728553566932822823949
1636.0876381830233411921111848528692299
1636.7773785891453392214662861262228525
1637.3172647220465911333886022159533473
1638.4130621553912598735753010347606905
1638.8646399599871899793165401516787259
1639.1758216178248084175117022258281829
1640.6013624048975792667620983475781123
1641.2916319466074469609071271875925043
1641.5151425604910827739233515147572459
1642.3505136262022289782154784108910824
1643.1581245283846817202215838261801940
1643.9398585801954274497595668589701236
1644.9032515047988711051288094767450171
1645.2028396339284121890651450683462778
1646.0145573704893392787493933872987685
1646.6355924487111509809565502055952807
1647.6188441032884455498851368219087680
1648.2480808533790916425968520399721829
1649.1120574408955235162756758294181732
1649.4635441089879075442401784589462369
1650.2555326605672591750198512789264045
1651.2958562792213476905271759028487961
1651.6978456320554037875794127207205505
1652.5935211611933307859929997391336969
1653.2000255345225047885689911365111342
1654.1037556877376372155857510789854379
1654.4995073050862786257706822517104377
1655.3704001373220008175542112225401732
1656.1813979175301374301005514477210190
1656.9477970793366566923861215444231969
1657.5486750337589761069781273758575304
1658.2419746913877637808455096110237350
1658.7288250871019512396180531643151351
1659.9888535573274071560016450132265600
1660.4037625137010096397190084602745317
1661.3380124721474620176007171316526660
1661.5318270505613263260152486381537959
1662.5711127961649528700147847173965722
1663.3058441122243393293329027763441208
1664.1390136617133163036481143703099677
1664.8202409858556915665334408207743154
1665.4187440308169443993044131336025374
1665.8463923919211232993294379287679033
1667.1020168027420351377885036956288369
1667.6684284215555738913596114740920503
1668.3165262591184056192570008848282747
1668.8860410931586063832399394106823589
1669.8135792774241548292243922125652860
1670.5096387537481012283908255458335333
1671.0692335552177535537307011685749046
1671.9389041229164475845285278150468666
1672.8305262024984912020732267548682931
1673.2334706443187830682465840960781704
1673.8774707753676631479797604992904968
1674.8691665394588672005020141368667462
1675.4629656717645273996686421642207163
1676.2717394318248611251908392551221700
1677.0578006007130827117074053533408808
1677.4589146198306069789207418470955662
1678.2877965243626373668196354007308891
1679.0133050966017496536753988456969691
1680.0571773809034042548287486494904192
1680.6057600104813974375504670138714938
1681.0290009280121584130245293746052889
1681.6871995954514982927455132907103587
1682.8914401369530025767090341634521878
1683.4916959438708603513247424383115825
1683.9917555382611360575838215773375954
1684.7326810152703605264819679681490769
1685.6415057964443856762689501877684247
1685.9855897718523517868972878996086481
1687.2097194897585541999295323909671971
1687.7131714804650856147366767425916245
1688.1969151147605793144893719743503497
1689.2068868230911611510664413685686320
1689.7405639243149945475745712887188602
1690.4956545978233415681077295372295416
1691.3518916400514997588525604015399053
1691.9752423074934756581371183172055751
1692.6842127670717258012648351907955417
1693.4126012199779494160184593732340468
1693.9629254002302953087902824616501808
1694.8776587809938254807811933369500134
1695.6256480937423840526340655136844778
1696.4089130283734411749297452371157660
1697.0151922705152396616143206189168324
1697.2703727624619281700450906881222739
1698.6532769374690907428329950627077016
1699.1796307369440238248341361321691887
1699.8704695638305562936149222080395861
1700.6248066272597506057950870470040759
1700.9369644855200806550828403891310509
1702.1664313161670272825131940996146457
1702.7244796761569829505115507155158793
1703.5390516738437134230503014105832230
1703.9828547847446139260133487911374426
1705.0473200398474779029594520953629779
1705.2174840622537316292634964122342453
1706.4875275432614894898645580637356937
1707.2703730627486720618136935991010567
1707.3710024586941538661349583123916802
1708.4306574203736063013586008233913380
1709.2646379700764070443238389140274394
1709.8004006553210857376118341279497237
1710.4164969076950230911346312171170200
1711.5469365013987100980825950995064055
1712.0803373801216415062741166867459415
1712.5183234504871682623908747561223756
1713.3561559937815612133285361885476118
1714.1462531672318672145697918481394990
1715.1065682175412320366147047680148401
1715.5724762101905957488946284145814282
1716.1361108438618845906918941894527560
1717.1368662031878993343617668302800792
1717.4441950209627765791401233214612951
1718.7039352163454444159673793636652962
1719.2513035858246170941151960637798749
1719.8037250013904210173574906799514345
1720.3919950974173669443735368407164247
1721.2434228880334859593514891485335956
1722.2643735543145788559400366593849591
1722.7840023742514705756695472739331505
1723.2752170809238546979824156693002624
1724.1543515520617378151002529164008804
1724.8567658261143045015138489389756038
1725.6269138664891542428947155680445515
1726.2746160931477107361827623165790534
1727.1337900631827003530986753604407306
1727.6601473890627572264922391450489208
1728.4520925966308038885022359248199751
1729.0675405444141854576745518870561362
1729.9091658546837191731865776593985696
1730.6246418977611210385635898504413050
1731.4258304661558583394289167511642621
1731.9650030808296025856972602342653548
1732.5957682667656238730952636134869409
1733.3794346065173698332845652855301943
1734.3650862837722904266937996359974507
1734.8806544961559091262673404466494857
1735.6302704861207614402483528588185671
1736.1785354681712383623259002603103306
1736.8271120099553091375996819008432205
1737.9394106113022892703768428092074082
1738.5973025748056361355026457531798816
1739.2722908379377550587457771273517613
1739.4209438423938154620756506324231230
1740.7363125109319311857839564055454868
1741.3521784631184521418359103185210306
1741.9812362933956125918378267247966839
1742.7659704846685676809265800325553686
1743.5213530260951415823085473953052147
1743.9333548178675978359096643159696212
1744.9370606829441907404441358391289785
1745.6342208025459117242474516884938783
1746.3018892858694750078121557799221796
1747.0306951424458139349819905678699558
1747.6997012689490218380795112012970527
1748.3301262907382562190150294102707443
1749.3599979275528931409825954154774779
1749.6038401803120104205955203206270782
1750.8171600736962357988993686011224499
1751.4189672037680922381518934942997607
1751.7564294890500735539727109138594465
1752.4833967163987748326004982440754433
1753.7990861594759263653766271596524133
1754.2119805195720205722204874296558893
1754.6547851129903518646465919729797621
1755.6152849247165683470985267290050661
1756.1028760394721838147895456265294226
1757.1044503597382154346679365539596789
1757.7585262597281160419892534652362010
1758.5999744262435209181008734299632889
1758.9785743343571575964339987085888062
1759.6139637677437226490223399530467137
1760.8745190626523713926951006189072905
1761.1176860889121393991207221894517936
1762.1896312329459607992042848844553189
1762.4955287813997068591103019812106168
1763.4132339909031803134121163081796830
1764.1116557500634219386546216128708135
1764.8985706476455922369346692548336243
1765.4730894958717896930555678249092013
1766.3658969989047003293449725839808996
1767.0101702371605047787850575850118533
1767.6221185368917025620995946301231035
1768.2256859483620015584482300673506535
1769.2710213899445329695084174984377433
1769.8918575899625804803839332444316580
1770.5369200180947308676649662284212152
1771.3186570679907644683565265236446988
1771.6362768863014122554819285976207721
1772.7952024581328709814745249719932509
1773.6937020145864687956530371337642659
1773.8788468747140463883602193890568575
1774.9021744485654229088531701531491274
1775.3262860356261305361313706868434380
1776.1560168218574689626013682763302693
1777.2497392802668285045773099406248098
1777.6815671616258902346967320967225249
1778.2380420373063274440337021784976297
1778.9590234837805723902114816032738540
1779.8038180944949048058110284978047961
1780.7713960818947516473556461563230201
1781.0722463760693690849039952551457809
1781.8533303678022915482415621315241832
1782.7910142389509219209110402104652391
1783.3472741629084681064789572764348501
1783.8164283002203574821959983996950681
1785.0615930902266572536145406079788703
1785.4224855680888646214263820417223085
1786.2360182892428171555943230543028219
1786.8151134285998056819219156038481204
1787.6145447182000609402031807291818883
1788.3240901853649934245945195902956825
1789.0426738296803381562421759724069003
1790.0458274632657096727997789636161404
1790.3922163095939470178856591377362228
1790.9180255484623197584011475641746450
1791.8694182413928664888107270179037937
1792.8015905984848275245483583229519823
1793.4861112513045974658628022440267041
1793.9381730108915171315661795808934037
1794.4589076957231874656696772122499365
1795.5992887596671778901683799006375146
1796.1732677005869147873885422186698244
1796.9788730903499549810616771993046503
1797.5312316790178569490643241526223864
1798.2729805794577728414556562006314281
1798.9283286192646092817523522251704529
1799.6979091247228623508058970574041049
1800.6778994108315784541280239453513959
1801.0316027905472240567250985739258719
1801.7627709817974014932729302889849523
1802.6414130836429519824830907252660954
1803.2972757437809000150909431278740127
1803.7807828037572497729048889031215675
1805.0856055362894273396368292392710670
1805.2072223044386189329466298805010945
1806.1216264711445810545291506362291210
1806.8263071323928029181219196113102727
1807.3774939215044424338364628397497474
1808.2963869400580403704022884911963466
1809.3543280910328556818302713590923920
1809.5413785663110465571103254338014298
1810.1042242693326412848884080151974179
1811.0628746872059411554056658141791545
1811.9580566856406620903035444047124064
1812.6279178862509521270047879503339678
1813.1364903717605395657540420958188331
1813.9984259632355751756497396639660603
1814.3906212172413026985483338284970967
1815.4971887001286818485051067250979115
1816.1447980374278276959394283973570196
1816.7877526974599231429131458847550665
1817.4998322863671126121437085346220187
1818.0194309559545278551461806159059143
1818.9274573229505340511587858195938276
1819.8620352430362780629645932760110114
1820.1806521674157990308073744321032658
1820.9565272279119921901896199357172847
1822.0040146351773315783780788724641790
1822.3005835751679481600458159394722623
1823.0236966714374451185378249679195726
1823.9316379003077660416925136019763258
1824.8297260871773709979139013723932006
1825.3310947501391857657363517500752164
1825.7072884095349378181998923392592245
1826.7625908103622209851066676460757254
1827.4766178659985010221066851076184135
1828.1357796110210322884125076692721763
1829.0901434704950070771764509846179815
1829.4205030281032906319757012778016585
1830.0687683071518663643117431721263790
1830.9509781061141624388677141215013258
1831.9798540701702673709295943863995980
1832.4326291914390061300251006170810752
1832.9641237555029294504898853842156300
1833.6743330201983286402520176252016727
1834.5468708162360304845432513239249414
1835.4964711258953389404638389270192522
1835.8069003217492569471348152980875322
1836.6161002233644324333353609200316582
1837.5064154290571094230044341853660742
1837.8434465023412631006692141537431215
1838.9180063462780081573345397631402759
1839.4561187249731639306488332025026334
1840.2171873043335945316006252890158466
1841.0774581691267510302161553989358639
1841.4092706294009074457890659142644289
1842.3579082386830131310837947050119963
1842.9618803701457535880092631342877683
1843.9294702234419113063581887677181855
1844.4154023324389824063365051596991485
1845.3211721067933797281581298193141924
1845.6136731985195403368653885543516608
1846.4824170294861093031964591967396203
1847.6548826768812861856137006751301617
1847.8685300205816025631665954385980856
1848.8495972973223343115199117885934416
1849.2149012008475375939201418557194197
1849.9413443235346149490120883746462127
1851.1479682312486648668674255509287437
1851.6192363696856055678445068015477316
1852.1731063117031109369023634761463908
1852.7594017996053029582565946175641292
1853.9164555604654456524978316156705304
1854.1994215946873685505043281152341339
1855.1296191512859773633365739907568710
1856.0943068786624427783093637806588858
1856.2421907537658060220652643956243643
1857.2075816835581359835867176220090311
1857.8423537815154022662920021605099326
1858.9523302515623154009953564189172354
1859.0812517086894518424421005440764863
1860.1463872884669382973151116439222271
1860.7495571228750457217937539653183199
1861.6287450305525565174852318422360606
1861.8050911544200646714214165179618377
1863.0869691996596787999170580243379804
1863.6336762713189961830771363355995499
1864.4686712998744926829585220025569373
1864.8130371039355739025950574035469314
1865.4755489737379096452313020632040714
1866.6948342527543034744302278295964486
1867.3003240489859537447099192757609451
1867.6231080000611494986190411444341298
1868.6478067840967675778992769718482028
1869.1349335765564810442389852163364733
1869.8369080948460837398905357521083675
1870.9911997151505001189922230473631475
1871.4136404789615188580869607263542341
1871.9597972486464443426772200881720066
1872.6216748156045183048139879138621867
1873.6579600662407954279070088143608212
1874.2539425810229895791091069444321870
1874.8600880705368597049882775082460321
1875.7411549751946906988711138634099321
1876.2464747566526794856291295572907764
1876.9988318135570232774269090697585961
1877.8886845086130041721461069500111424
1878.2629169190082933628663475149499768
1879.3976042404489155532375722761378606
1879.8733260330966076756745580999802585
1880.5070115244982792356329546477630341
1881.1806423556970348722718920273990972
1881.9853454470713697448153952280334736
1882.8850822380298646998779469794399776
1883.4755940814956075688777893229223016
1884.0679545137284640511143362033535271
1884.6610833282451151466989357762482539
1885.5282949657004307063996261939111089
1886.3415880224410148056385310033056380
1887.1106914626142359248160906466643221
1887.6588885526603805897482048139869191
1888.1489557810855625615735596405238251
1889.0037731642967869334344529052974791
1889.9355837191837715380328890509223681
1890.5930908519040179705825935332695242
1891.3092159620854820858581137824071095
1891.5329602197537003850444522507568583
1892.8310027736428152094339852733087917
1893.2279146493841620143642235159304553
1894.0191788298560208404039722206149753
1894.7773048595127954068079154133072905
1895.4467305057058326941758717437956882
1896.3500353554007210483470271179925920
1896.4663562275264957314172486224188921
1897.6980064231748919362174053270874625
1898.3760092793693828980732066861404055
1898.8649827675818973548921606886691545
1899.7895020356048854446053306744330833
1900.3105021981548152686798509433066239
1900.9896326057244459139408198958935845
1901.7578666860479123071607816393630583
1902.7946215552915705241330768545099394
1903.2937007046999103368350244723931499
1903.6975515609973111315875385129155407
1904.3819233556152765252260376982756749
1905.7305943179171255027333254983941063
1905.9260634740427555050468353578730968
1906.7790421775016685965427731299303591
1907.4583655553475608496996487867513202
1907.9289400716769029785386258896217113
1908.9842294039818675950410985408913542
1909.6491970801816597106150938440533794
1910.2594219442552043216821495640928353
1911.0354732661027427170240325152565873
1911.6096540478159036224221577900501604
1912.2691554785845381651130521584453497
1913.2961399057331019267646562928219628
1913.8326891073259709192712248924617250
1914.3761778549228548558051202210149090
1915.3403567066087104251246160201297417
1915.9951457117294536127831343037728518
1916.3746360955265434664769339401468231
1917.4638940872516878161514516496014845
1918.0560459595035705385206903958467296
1919.0181363592905936582115775692500484
1919.1825977774178798086894093814446713
1920.2097856605747657618900365048904226
1920.6470705470964979213951683239365025
1921.8794103499688614686747661537292320
1922.3576292126640370808805240517875615
1922.9082628854055453913522844738921919
1923.4541997296785062967127035580203391
1924.4663517602002444985609023659489430
1925.2026158019559874177574290490001597
1925.8648407862475239792561801735274996
1926.5013611915444722164505880928769860
1927.2680765764341300818464099467169888
1927.6490402009786365279269471446062409
1928.7861234861179803301907361764679994
1929.5490946862962169793854211437230244
1929.9090785930388671157146004038565214
1930.6496499943693870033938584670480525
1931.5223741608581114061619376751653066
1932.1058668849019635836307908987989225
1932.9535440634025287279467317933062418
1933.4918399723864619159781486394055336
1934.3300902619312923698273336385664436
1935.2165229784023226041447498855800760
1935.4140932593315861540110881788610994
1936.2464482807012420938724208939935203
1937.3311381559691395935361231996761774
1937.9964087545261127823960472606659684
1938.2435054653979608697089185523671153
1939.2789169992121155907381942902421693
1939.8131968174009920205332631492350974
1940.5725496960346690552460090452542760
1941.5101014047307276308288410002628490
1942.2473127678168966942937290472226547
1942.5144031937346201232633732479606932
1943.2452066131595892606704375540272853
1944.1888409664179726816281834948806002
1945.1269378611087064591347056805912888
1945.6591456929897000997065886925834052
1945.9240954191511574684274959812895203
1947.0911717260241725151656222896228572
1947.5556726924798665934456509747554145
1948.5136416575182663451171565448157424
1949.0500864084134948653342061728990115
1949.8681485603988263747620582647466687
1950.3852220615403757251698962710227575
1951.2226721035793451504299071521210961
1951.8263175780185320542903704043622494
1952.7181064181000091813619674576321806
1953.2569320051917865157766069840931786
1954.2066337419181636999320097557065410
1954.5510071004918759368716157218320398
1955.3747571812091651176701850194218660
1956.1097117735086099240887449323497656
1956.8835424958468371816831640726610093
1957.7420446958734645885769107593834817
1958.1703429378998453503790259195905738
1958.8096765978167109306165777107707896
1959.5062495726565292937804730483021420
1960.6103377670753513510005905865128326
1961.1057859779608244117152698792564544
1961.8254544080442739688306028456182850
1962.2403223468931204004171710907761107
1963.0677188768164112112506114204716723
1964.1157364097493617243230488198848539
1964.6048246079014860215502927059272800
1965.2254390574062528215758690699373858
1965.9874228113702765805636908392735571
1966.5883211174148025234278302915897227
1967.5157328341094743847413424208376088
1967.9746931274308485599457333502650747
1969.0468792385372935016831245973216532
1969.5520354084412648500948978736057319
1969.8703725679209176641794157042168635
1971.1929099135543679650275567232014345
1971.5471392619200169752047324870398157
1972.1571305397160568335658171466685977
1973.2541676721808353502045180824686549
1973.7508580272069464033752045608829503
1974.4415031895814701343285184837692931
1974.8270868798842218726806299695223061
1976.0346200819689092735587217102745698
1976.6368143239193322837715168409273026
1977.3197702325181645054059559334464661
1977.8620478111200122345119337545834965
1978.4528627062075585574393522494946962
1979.4688959893461082043030570618605443
1980.1786346256036732378782934912092400
1980.7969091343613043364738614160359202
1981.4326624371852692677317956606998368
1982.1995133481112025612461737596803781
1982.5955386361440699892677914325755071
1983.9023389557070848791377495956383472
1984.4089329552720458833487634309663459
1984.7750045903818512268868335649237687
1985.6009813580978492898425442706496425
1986.5177900595341281528519786574711220
1987.0211248666636740846580065742381793
1987.9101705039622062616446013030622074
1988.4052015988096733945461268729476618
1989.4233949019759384982017254473692096
1989.7375669384245869664656919778437744
1990.5414224848521578399168998465927035
1991.4107529323749754157924460411980479
1991.9500626257713948247250151562260236
1992.9233664019979207299532150054133054
1993.4416856738916770066471224575601570
1993.9121647251097726587842647053143522
1994.7570926375636842031070892154993210
1995.7736323630286884259829308369680529
1996.1986006298996429946615729807823560
1996.9919197348425594969347942381975982
1997.7067057531464807336783293319094308
1997.9916716253354008801945008407308406
1999.2682064786027479044299129313925310
1999.7866975508680238323042586134823234
2000.6350345358432451530575424328551984
2000.9744978218574423042834500057879603
2001.6589639921768152938753452283722513
2002.7215596798942387035449455016819848
2003.3430276465339646122351098347133633
2004.0447268835307696462468120583093702
2004.4666720738061565957671598648927078
2005.4949542466850921834955557140719391
2006.0312786437986855447101964860431887
2006.6949426163667433504937352450357170
2007.5588265662063278143770113171783149
2008.3790735424912698432234818939881744
2008.6822289535606592103863754181855629
2009.6696105947850354814608398602901256
2010.1202206970862309527869788069831011
2011.1443484142210174314457554074455767
2011.6615862113177134723138812686163314
2012.4245644984190379615125488512445956
2013.2736570562905403557141081337696394
2013.6017803277098443825521852088725133
2014.2781403893291334664589295979621927
2015.5791280439861916513274260282116681
2015.9843708869999220030744673257019879
2016.5199619777347126324265880455047823
2017.0375197981422636269185556993577915
2018.1429432188267763387623139637732058
2018.7360957887747223612393898517756590
2019.5101964878144997514505217532989838
2020.1790419287188072638367780209990019
2020.6664607625756513336064804705642368
2021.4753828420481906983613218144730530
2022.2282471741803943378869401329262556
2023.1234253102761430377669494909712678
2023.5981326246480251196496368098001609
2024.2237263639583370510555372697890603
2025.1058389902653548516798731888562435
2025.5966957492479546321455467945502201
2026.6775379041191215737130631692893456
2026.9485737360060236285955377913000261
2027.9461454068765866781231893354452226
2028.5474891829883455744021226483336260
2029.2951675096225554050330951608426026
2029.6939899229395629021434620009242714
2030.7348806590624500287451064792447412
2031.6254478348945456453956697422530718
2031.9028231798624953552783652393982097
2032.7432585460528521157390865370708026
2033.3066063234664648532796604123465256
2034.1081710546438188813820313484064156
2035.1302565695847691044125935189939059
2035.6561617471022029976954857077830669
2036.0379005159900746521860817015296275
2036.8385884772667063602515269269673808
2037.7737307351601122998640274368844550
2038.3283376706370480336938483752354976
2039.1990654089386088280935621402803651
2039.8833827442473709666598298244897661
2040.2129021681477978587853634431987708
2041.0435779529502975785993785863361926
2042.1933279253692089249402900681069658
2042.5315190076980000375493315040818905
2043.1040314201228551100820762804162317
2044.0763124724032451461315822967597696
2044.6609055126031561162383840107581228
2045.3041240177412604998313002350118281
2046.0680078501357986191898849414176659
2046.7893691724061954393424951462453374
2047.6556796211549537291939595141843872
2048.2102406490968390177770336588749157
2048.5625204970001273836443456879109071
2049.7016295317354561243972831660885833
2050.2728184643129868876921815860819152
2051.1282431002377941040408212836524259
2051.6320799327952956861942203609657641
2052.3632790120751180132279138275951921
2052.9450267063484138970019279890684938
2053.7278352055254412882051474214289839
2054.8338159878243513516372443559366624
2055.1864130761085506088721043673808098
2055.7483818145196151323816698883174108
2056.3162356730029546893014535038639438
2057.5682928293975982508862897841253113
2057.9870605640685313089742504937469025
2058.6766057933819819287681423715744515
2059.3640452899349477941710622305890787
2060.0277973480967021435054220301121632
2060.7996167246785174810448781994382543
2061.4429186738881214482326232681076434
2062.4006986278536347282212989840030751
2062.7663213572695839476407693030120215
2063.6023677222096920442357078132183695
2064.2682866777430533794898119895127689
2064.9356572187208137646784889199683385
2065.7208086196930699493142522976702726
2066.4304624488247752864753593536706303
2067.1513791730203660454852659779368088
2067.8609789674387908692681643608906395
2068.2693762094427289619479705591407156
2069.1662455940626853120853501738638248
2070.0118899668493742414246133413271228
2070.7005954660106670991916155220085422
2071.2966352404431036194624053225476083
2071.9294754451118290060911984413459506
2072.3986966972551819421999854622111081
2073.7191124115279780600591787530451717
2074.3152305369770293343033891766068400
2074.4542171432484800764147442279238461
2075.7270549586142167565850876759312937
2075.8334327100172394406579174235328275
2077.0143606945240437105048900631435420
2077.7458791728333896919481073827255401
2078.1959996786624404299586931024828211
2078.9832443535675610441951746641881031
2079.7239785381990225719330083128836421
2080.2004162827001644763804657914387796
2081.2976292470153491657019384779134739
2081.7584153189174153116060516093246443
2082.5291182118456644194295948466690225
2083.0409795615725068749401456951847347
2084.0358552333169227515643700535508415
2084.5656037637694069699101085854944557
2085.0590531622421343864936378488145947
2086.2426110313098841268404356694397462
2086.8792871028296577486765462589448861
2087.1553112622805496544990324814692680
2087.8709003025307799985431935018491594
2088.8946399579410180028831776369202774
2089.6581749420627727269246049779107740
2090.1285759219067434958432918978528789
2090.9047685482124566417489289592043381
2091.4868263538902419211454949619719351
2092.1289455360485448420634013346768287
2093.1706000678629189635510168505443347
2093.7489354528647443974523643791726183
2094.4744634520363603339795206505201572
2094.8289511906790305658572990406727370
2095.7121238257411871538428426332087155
2096.5587356018082628226041790810057720
2097.3291282307006421695717094373244932
2097.9294689876317126325619771200641205
2098.2726154680125806106629902654115938
2099.5424697260995667679830459214875828
2099.8322233817615833396395249484201220
2100.5506826673172578856267585919178455
2101.5693242212104413044883958605903599
2102.0635560926546582060923783400294120
2102.6786377688001131643344139700260894
2103.5009057622793558370597852493821347
2104.0408402080927978589993048710256409
2104.9020775556521098767505966168960063
2105.6619163166830399474131467543596155
2106.4201053917001784167970993533018721
2106.7539671391815819236312559305259710
2107.5251639130729294675652888032788273
2108.4192493016951038048847696818899154
2109.1485205112517003100293792198065630
2109.8558566252235735507701539458637068
2110.4492557029195013379698660353686620
2110.9188489168658474764483764673743452
2111.7919701696589236566291978746054102
2112.7479884041771978039590379601115336
2113.4457694969833974873770632587145367
2113.7360377734407093093068285289169774
2114.5295895374825419446356845494210166
2115.3085577370720353229207951470176313
2116.3229388593869265319469757694605264
2116.5373919161411967208319201720684757
2117.4625226853977879105118160181224783
2118.2627384839213281348621512702242905
2118.6492810675102881189985172088342604
2119.5442028145078376536403938143066090
2120.1890520307146878879904472631053653
2121.1608263392967962330925102243322473
2121.4721189575322773110295961600910030
2122.3451874207323177657382810619639561
2123.0052142551486431450331786377281602
2123.6279208880364670999571937834836511
2124.4369394134000113792823740829172071
2125.1814427335781744582378062001442137
2126.0854920629999605859176445666698132
2126.3350923575035531128573747910545846
2126.8771144399974715609352487043039165
2128.0928898606464179349165102177956268
2128.8043063664203539318667368894779622
2129.2802981125611829458152199389751773
2129.8616230587950269142417623150103518
2130.5702446008419629546940355666911031
2131.5638462289266568626660652348261968
2131.9979600058082820562381162578163135
2132.9406492730151429812684350245530637
2133.6022148355500435395057137197165414
2133.9083066806674768066336952746840462
2134.8178689685318450085334923126967111
2135.8211276398872649389848043559760102
2136.2499082196646641041187488308404586
2136.8712489042985011509339653349307378
2137.7766823754125361351731718215003286
2138.3248520040221052323022735990487736
2138.9540258286510042009683982520633623
2139.9780826768392372127615928213371439
2140.2688665260746462670981507571261561
2141.3556724293416277085495327560679814
2141.8867542284891243377051486862713977
2142.3798925281272463870078899391952039
2143.1280198183556532849485729171445290
2144.1396801727334864448128073278757351
2144.7723928323366957233091951033342044
2145.2672392503122841989377693770855597
2145.9992357736876404270072919295333567
2146.5871972930045038951799606804443300
2147.4648462924467025615167851306109786
2148.3948706443040957747112533455401953
2148.8838953233883747058175897811144147
2149.2494364484850624144083619204484106
2150.3435631481312880875177044985691611
2150.7185349826085300837233447080047852
2151.8792010854706991286312879788516014
2152.3154161950990797726099374881756098
2153.0487511595303394517466051704679504
2153.4584191770519430300901717442798583
2154.4828484461168899702666604199390678
2155.1861648383178725295632240763060286
2155.8884444411750725438713094223386797
2156.2681323178983336130826282183278859
2157.4627982344480324059776941809930961
2157.9065461268251491702634607638091463
2158.2479005063788203485583635149487791
2159.4499534703208430064319867704492329
2160.0500417160214084826070873086150358
2160.7067491085741318876259121069391422
2161.3099990658191214234006434506173854
2162.0681074812428522855955391320085185
2162.6088367082390734437869043423815598
2163.6703472738515745963276783869740561
2164.1341570382730933796157703985563566
2164.9730543976307394362114695549019099
2165.5563288693141042057450041661797931
2165.8963082094871526502977026803836805
2167.1022647141415841961763263212418203
2167.9040236140771795324341152978810197
2168.3354072414494018289410736649120701
2168.7937692143619553205272629564263265
2169.6565128874806947931194355098355752
2170.6596111702372485428112358555318460
2170.9968687045543586841061898356887262
2171.9768317538581012663990405830965420
2172.4152659776928653152875022128941992
2173.2546880683872678291314369883742623
2173.7518939906870734221880963273846685
2174.7585705718739265340966552186183050
2175.2566890895657588661519979614583197
2176.0926536623968603782508734193819816
2176.6339960155769904108802886461695570
2177.3470039232439654855195801560377468
2178.2312566204061971051972075223885376
2178.5236225869764275658476364704232023
2179.6728016772507563183542823434923320
2180.3593413784624839053037859934805323
2180.6542781216877065120966969600074451
2181.5910761546055270538755100235399054
2182.0877425656187040395897610003180619
2183.0861676919723902288305608870189346
2183.8558614960437870992515556914971915
2184.3767242124746948919720571777375890
2184.8001215585067133233538452947676989
2185.6413059217557835923385046634979825
2186.5883397119365089894960476572494700
2187.4031632304015148119668193511155418
2187.5974131900865152296508816157318991
2188.5517744977778876095993554273575476
2189.1298038837360903809785653492382168
2189.8882629435278715013593249698455235
2190.7087772636192857849527988477898096
2191.4830470366841182965659743165549858
2191.8350508737295038706476450152346979
2192.6781621458583891248082244379267341
2193.3583104483475051594475155943603866
2194.1448887097526398245003909064268328
2194.8640537632690983525330606785838790
2195.3599543306459770319275950883382012
2196.3816070413824344355951915021890588
2196.7336787470161021707707266260779053
2197.6479329790900351649256721254522102
2197.9845439640940315509328462371688241
2199.2711939969564258818165785968490040
2199.7690502910276166019067730778985253
2200.2239299413373757278922104205917327
2200.7826332689373629930754199591691729
2201.9215485859557056527677357897017739
2202.4378299261107185401382676811801711
2203.1360617683584805635562028464531055
2203.9725004584551561499969379951536943
2204.5632006716950575766577376411520617
2204.7875260701217570032224937590773805
2206.1884942001835994537492866906358646
2206.7096400986395030655855540601167279
2207.2411690716162800830108409853915405
2207.9757857723613783999761928049202052
2208.5100689022276922688911281452886554
2209.4979166513989511879743202105952032
2210.2184688168300318117213690366315518
2210.6639025085519058398196732720564607
2211.5157984641876304506017259724747080
2212.1175073682507398682286855778513540
2213.0157762124441762631714829634955412
2213.2785130204789380912713564273064685
2214.4696764469814431816254598009683626
2214.9174712702168825993520862308640823
2215.6510160046676235009104892400586372
2216.3570630059889206576617883035364912
2216.8693601268220144632034124377946870
2217.7674051796885059044802638086493552
2218.4525432467256979177930846982500569
2219.3037295004550518866788871072138699
2219.7931748898533377903697489013508380
2220.2710980405170076705211958886813459
2221.1493450879040253078870963232650655
2222.0774116326045888515940948770705424
2222.6131533425404479566872288435032223
2223.4088920456973694126997943271361448
2223.8148659592291965410410668203458879
2224.4417370913808898684330625222200797
2225.6127246004609088065920115420447959
2226.1387788210900136047560410866238329
2226.7636027470188482354330992301305465
2227.2487216104504056959809518936010288
2228.2463954135319139965167680248112605
2228.7870995258650100440413483052098007
2229.5228057821031440846728598009612927
2230.3244775262658394678239909805040787
2230.9240522189630829929099406438925894
2231.6052843500452644527071917072256801
2232.2097159322328739017530189049024077
2232.9862918467686955301624705534616916
2233.8761615377336551401742761852447945
2234.2656032748902136862753504213610428
2235.1583486874598141629708790558839275
2235.8350839024315453115973509694364564
2236.4065112371328586834130441293321824
2236.9198588593199147202782128659145524
2238.2808834242756049969121960952305073
2238.5048422044165287067453514691174594
2239.2042466455330947664303347985472908
2239.7928105629077387139089934076261100
2240.5023951411100343118811013244699017
2241.6652867746583787458918389152115601
2242.0282534182691875066997574991426885
2242.6002844219723023284489585427022928
2243.3993327676307037345833808057775781
2244.0661605560493368091254549196264395
2244.7204411130345929539786412605035692
2245.6879031136921050717210649132577628
2246.3183778968545483669693842856852582
2246.7129387461303295366465655849284787
2247.4152555401557719284086319839742401
2248.4461591182847671010110620749164258
2248.9464759291427494905359912015169700
2249.6502639020603957124711428891778803
2250.3044959372624187922285796887666957
2251.2866836595962149747687940374290311
2251.5090742443693815592702959043214174
2252.3559287937021621819247687743051347
2253.2562251781978576384953467409927043
2253.7545495009697167987914194678935105
2254.6948176979363130475803140695003805
2255.2333330703143046742942825320770377
2255.5798011641280384740320794567092176
2256.6532611383219509482733044020217839
2257.3879137518364644203303792406454595
2258.1426479112942605503456181471532949
2258.5892863956444819081761621967236466
2259.1890878133325119126990081081939484
2260.0877454479686356789924796132854955
2260.7046159368891005214754021964756411
2261.7062738579922810126255161195482111
2262.2985695269472248968146379258182848
2262.4283808595355530916304495393459539
2263.5551163598567200279927906253722452
2264.2096525705110196645388909932961354
2265.0280766811566113971534530822400587
2265.7314589993930132890716034521185017
2266.1237466744435524847204629179480017
2266.8999906071480711504734013684169183
2267.8004671694644517120626202043588565
2268.4800640089596748023388201585277007
2268.8049640333159043409488172305021142
2270.0776117048238437156447339813707675
2270.3995737203584595345834011040348499
2271.0205073470389503756469633780439448
2271.7084267452478134045790782978718117
2272.7255216154537966794940759534019130
2273.2160244287376738460497365074332836
2273.9334699813914592885343430491680100
2274.6139568469911633733180601204888285
2275.3333227118155943455033144504552303
2275.7279375094010030893299827687865923
2276.9132890239777278450438667995715404
2277.4674944829075250916933066465754826
2278.2094364920412918919342825106887364
2278.4833892577016294981188074492936352
2279.2932613610960466720884567347883822
2280.4259333481562584272807564545117173
2280.9664374664495168341673779438317942
2281.3913648209417999087910236569695175
2282.1805693110093519368751651568333833
2282.9162416494273042885646358642216101
2283.5489960654252640150444333235229897
2284.5293697805970412026209113464193458
2284.8589396653812455090338250139904020
2285.8645620190967918742950524274680810
2286.2197993514558020455327950278396484
2286.9917361622306373808255912169655548
2287.9221867517071077246366277097628257
2288.4268410197711972204265825792012005
2289.1143079845887053742179130700074341
2289.9741618481893870875696366530148655
2290.5184639494869410104718493537676399
2291.0736049003249672810298609529550437
2291.9169328219029627019797132777030478
2292.7165639476107260800497043592445605
2293.4409385815783828936279167195118973
2294.0140416325973434160835708193170569
2294.4509470725502127404701928760854942
2295.3482753807371306662150209710899803
2296.1652425275817592141326614032093212
2297.1040860324079050214530541745815098
2297.2362126011702010390708015705476062
2298.1305801513570078140888361367690089
2298.5999839560169231034986156640475821
2299.8806564454829355107251696072451180
2300.1197356095301660767348144699275692
2300.9599484545345204409951332681258228
2301.5572649709348789261457950437388898
2302.3468784741819584474584720891588978
2302.7629750863241328073972759936902873
2303.9790556485502951772855614473755250
2304.4023619515956068385607356172689173
2304.9151419981367909189619145353273421
2305.7456941276475930090221328787729983
2306.5620441442239391852011680570958368
2307.0465341151664222752132186884543453
2307.8084727395811527585829302279653917
2308.6178885172543950387490172904332205
2309.2891656557830933982464811340518693
2309.9217435599543194875772933442075171
2310.4660968369154074972695483892661888
2311.1463481944968424044399042949583215
2312.3358158654773452365106395390369985
2312.7128942522881521640535980907184235
2313.1904523174712421897324577952031215
2314.0207035243488254730342852413819634
2314.7182578395295947034132801552212490
2315.4546059847947753347156174916358778
2316.2278918361037303940497570143960184
2317.0459357899345240283401006609969482
2317.3896663858041523317080809272158612
2317.8878000383457231526482929815125389
2319.0524280113177116474377266726583282
2319.8732049825206274742357141583806117
2320.1634722958372822998341245605043677
2320.8204872258831670958851564744370035
2321.7303279797104888093656366087368597
2322.3331258517257954816668863949615628
2323.0198546174023326363156483244842346
2323.8479429487174128954390859590733867
2324.4324931819043862474169928916995997
2325.0476388465465952661896793646289166
2325.9578168502848715044331666243709499
2326.2879028993795994134975270016851592
2327.2204590683078207443621917461791638
2328.0573307175521443420293086302905010
2328.5507618605649909171882299323521751
2329.1987208969914998231335607261627580
2330.0766181806811937922200152733126912
2330.3665763488935778120661098340065055
2331.4915072429570350716163493863335326
2332.2191290347028793134915494873007238
2332.6478367002045019453871030862457087
2333.4072361209964364139751707037617899
2333.8182705785411241549228949255077493
2335.0586931374749454735660037491925096
2335.4430786658587095763309322981116364
2336.3846000695601235790967069057298113
2336.7464567225466230249322549935219372
2337.2645792609363788178153561964821032
2338.4901203692501434517309300569814755
2338.9332695553076152753408676049267599
2339.6690083733826029549330653712948832
2340.2483307404168880125196489521724926
2341.0356505331145156194362174152124000
2341.6503206182045251539639006363439563
2342.3464693109600586319894186333202056
2343.2081103957641509844627465166004958
2343.7556284402194073402475138198068256
2344.5949053283384341297946285161144074
2344.9042275346676721698758392366743526
2345.9665552080512899263423748250928112
2346.5242244042942426651513406375329358
2347.1030526084303107800876782727460468
2348.1203204069587011098053274988775279
2348.7972655918567309997471538376284397
2348.9885920086627837054448586661648359
2349.8278566306566911690023174573899441
2350.8308934653446427092017149696180137
2351.5507593751412073524606119909021026
2352.1808501891490613851708311678104348
2352.3851398120864437638839911398361186
2353.4773999646743319179361340444539130
2354.0930175764064813711493673274131898
2354.9774869449210901756278616748723920
2355.5493325279708122399116909746075665
2356.1499869186018698460991894397726272
2356.8091842799611901491459981488109322
2357.4571164960735975479139399021380324
2358.4434963652223374627816850578184288
2359.0302698652843008277209160442237480
2359.7054219884409471404818176592345990
2360.0667262162784641012254180131613821
2361.2107489853828716814952573773723785
2361.6420105661221707163513668396334848
2362.4228135239603383200435684305014303
2363.0509190691986669327780175760937770
2363.9356819355908961810757380815609481
2364.5694151822102632385194974478358343
2364.8684522938578859680454856251371387
2365.8934051610314567985115065502606266
2366.6981607370657027253446194152692099
2367.1458363292927048702120186107475199
2368.1488703622573643094091778095917129
2368.5581577202838891802034971935161519
2368.9424519494141395572698585878225763
2370.2547905522640668530778377419902696
2370.7622284398241687958340930594771039
2371.3097309236703987223780828229881968
2372.1614334046141363434018063024961643
2372.5494481020518893959111530668604110
2373.3460725948192724396742742445336341
2374.3717650592591074296752672113801986
2374.9127196447194367244334630723895174
2375.4530140082539486721307210462404851
2376.0104758523614803919400398463194286
2376.9055317737180434656061397824146439
2377.6728186461678601670106593708346941
2378.3312361298352961480454362919945230
2378.9303077244550000853062317449222558
2379.5659568614860334043856941191810618
2380.4787146295832131791591069739538960
2380.8806991352515355370500119152254039
2381.7278747211605299854220429671210404
2382.3991874541493289554470176979834395
2383.3070708740338558976498540986314168
2383.7464406773751741987364324943975517
2384.2375359691364962382084853062848246
2385.2439417000224329237999805326755288
2385.8934806824831540388930534358147397
2386.4970660580331744146113568261099992
2387.4487481434003126959010102041314483
2387.8152506363369151658022923050702979
2388.5205671302686098049870799134468622
2389.0659881898296511166389141312280790
2390.5162413777009374196178024420090235
2390.7034400880056694863340787438839046
2391.0212163177102863074873299517399656
2392.0635084037199795714969898065620767
2392.6102472247106896945859626658449867
2393.7787058214208189165419438744990745
2393.9542272225099889113057164864620497
2394.8905263953113458956842826850436414
2395.3644710861313992633831770539623118
2396.2171953303955851709526759847646109
2396.7707388566287083494586322260968688
2397.7172756506770012964325884910655670
2398.3059934079027962223509908133896948
2398.8617514436878939506282438518444433
2399.5717978745821902893079000222242315
2400.3770631546300071006206219688812905
2400.9782155936866414117542936244365259
2401.6327848419653606200962145899700719
2402.5797362743989728614676399388095682
2402.9986395038697899263022727142869896
2403.8481216084150471594824156220741973
2404.2260124223464847974825733341848489
2405.1026015985542240137319641982540869
2406.0716116296601770841699584789479560
2406.5627389163141879305740571766694814
2407.1389727737920116095910965810388456
2407.7163719370468423595245168874596118
2408.5544769754640629128674819480975504
2409.3808939550417196730131787914198532
2410.1305536152102696322940643418905012
2410.6426857194129303995968334664737853
2411.0997805092279851989237386266471347
2412.0188622882835627127052441885594536
2412.7648293642814952692686262921253507
2413.5087146032244857724506685807842614
2414.0580262658896038238771033006287170
2414.8638742985720189066760596351685564
2415.2623156685626820624807059640967924
2416.1013425434664436710695121217019264
2417.1601210251248388047556929724865671
2417.3911556186190266245226380237474535
2418.1056677091764180309714466592397139
2419.0144801257444135417017588979032799
2419.6430976698907989916182409826678544
2420.1223199170560168151602111190140508
2420.9016074658969883300116983794499058
2421.9239193522332770237133652922568872
2422.3363880944401591488227926699646980
2422.9794994322355238702167025459881851
2423.5428809279736165230090882659033973
2424.4322000201156400997952209482814456
2425.2241850759340013155397980412495944
2425.8222304672568554934329484366715961
2426.5516555144282413349583157798610655
2426.9865595470252042469096517024995937
2427.7577168976971294152594135674269594
2428.5904719984272356859674628625244125
2429.3185449188193669110488664568344759
2430.2386615172844195967905636308331677
2430.3477691643092902568168177236975663
2430.9519402169014046107349204744824302
2432.2661225940211781045735724817690006
2432.8233486371603870670016794909525248
2433.0949232817409932457852597251563992
2434.1076477525367011156452776474463906
2434.8041947073362594202195317986508639
2435.2187522286591116912010400730255579
2436.1857835447441112597537888519429930
2436.7866326181141638736070680349520413
2437.5956125475079664559429198690018155
2438.0548426988573886402727416040034997
2438.9100763765360578592080618949896776
2439.4648913952540222137586432357016376
2440.1259931700331117961286811356191329
2441.1214251331008515490007184783505133
2441.5742380585639752206528310110376987
2442.3044833202642024850187629850076007
2442.9745550436106854916034203659213763
2443.4330883646692542828188169259649832
2444.4347774411759293245978802163062367
2445.3647348766930206732773643626306627
2445.5569031240463698694774120233276534
2446.4729863793648446566859766327668430
2446.7860741335563690293169661833073196
2447.8809230040556309269947555480514156
2448.6594041469508307161106575380940383
2449.2409670916191079429213325716674680
2449.6491453285543864829800047919058460
2450.5390024673943980611232875695678188
2451.1197463456333923505624168974093066
2452.1237562300854001497723514349176662
2452.5300484054521008164123172064298626
2453.2797549956722472280195433730190175
2453.9903704609564391282355612451486871
2454.6512083510541453402907664609414482
2455.1691478110135656326052732606161645
2456.2869490088396967870969863617049722
2456.6778285474447031951725375833182907
2457.2827133523297922381414378078722857
2458.2802980719924096258870334759537275
2458.6570595189976523881080024850933213
2459.3787125194856844432669753532186005
2460.1347483129691433376356718918309667
2461.0050017397889681631600338876650042
2461.6877958795137067957064055862996555
2462.1091895716346187540569609610061800
2462.5433884407338397162935254825132441
2463.8509977465597278082285997853277668
2464.3387050092024434167791042826392283
2464.9690741872528168613996224497473761
2465.5731996927650741585722895029260251
2466.2805882238075591887258772842489321
2466.9480488935591863725095510172166971
2467.7393944663850463087664471674163681
2468.6438885732002404337248165196454842
2469.0985077023054495283987462722615301
2469.4744433107633070784308564391667534
2470.4869485545590264675895108497475566
2471.1627521881367490168781813891007940
2471.9210108625095189716118373444789197
2472.5978106151066801791601904529468224
2472.9916007384597105139985932383751970
2473.9833999316073623905192703280469103
2474.5982558394017584876533488182096528
2475.1331056928824043438023170460456067
2475.9410475240378414125621964790853331
2476.8525461311459400262487241478950214
2477.3310161079617910150482522431068872
2477.7629543451608316295377431464520019
2478.7955338655138685900863285428006199
2479.2288407116056113316778520863702659
2480.3112934807812855376288586935021350
2480.6897092424544446503996649536592305
2481.5830037167739570209431030867034731
2481.8291024365290355036023600293123620
2482.7090145490237190309928120629235982
2483.9180905298518740742151810365576598
2483.9896630587080121993595517940992182
2484.9365694992254030767584287387452503
2485.4444212275831302225764028691904755
2486.0873756447145168855433820630913267
2486.9638772641828662714613306010867688
2487.8696147622995406102866285519831014
2488.3557146986890742393783007166734445
2488.6845117669579636654494419663974614
2489.6569569777052149136718586676330695
2490.5456062254482373801051515599477689
2490.8850589484816664448119401632571906
2491.7974253854933165098094756388825435
2492.4232451530319730015181668641572988
2493.1388997990018437332126418041968991
2493.6858531259816091132859573778008866
2494.4138634959628222995811424218273409
2495.2146409709818793326289274648142009
2495.8679173969161323548482814687381609
2496.6928794430184747227111246257238177
2497.0459764738898316049558006379544852
2497.8026427808281088283099144364006156
2498.7386878518832960296453472053647303
2499.0579826837824027367488750701430343
2500.3094172059176184158096738427682932
2500.5815344936862540640823733039758689
2501.2990928387765193129001069121424270
2501.6217722036901212030941442930304398
2503.0389867106120859106318498979983974
2503.4327773579188498570076611011929427
2504.0940423179506035651428951043557895
2504.5262768226183209662889745873046075
2505.5055845080594956483621419617633174
2506.0292283021676387384364310050780482
2506.9613687829279245973507881845132033
2507.4990299518389180555557032771945073
2508.1812342792469993724592121363793012
2508.8781535149308380209637965627531502
2509.3385940539695980114787015533434410
2510.3906309488620892147581675893780970
2511.0799604030806290440935766936201012
2511.3699156712027498457643139277236331
2512.5105665273047314564354578088877329
2512.8181325589976392541929808822710653
2513.6799176006005467221670648451779015
2514.2742837252072731419152582135566343
2515.0417207660160372412139619693612704
2515.9123019142461113352979733405130880
2516.3911122745160633494362840351413281
2516.9818769873113878422824930566155784
2517.6105208087918753468026761439476002
2518.5392867284950952571717456849204066
2519.3617562651876964142927744457022103
2519.7910928993745173616016413645089668
2520.4890170935905658910422710479976812
2520.9824923440227739751372996690977582
2521.9174351283180182784431099921841031
2522.7339477884512952281295828043073991
2523.2945643251022203283253950987634953
2523.9195182974275840809633182928368245
2524.5083446667578502556767245381974205
2525.2013584784675741736129713409262099
2526.1816457020783749781251026433973611
2526.6375991950237773882591460631404772
2527.5448982299392794464120783701912311
2527.8325264742792939836233627206055917
2528.6893319120416292113926912963275862
2529.4756224465181688679809482553895087
2530.1160199570151680616282131503534933
2530.8622751492015376730398603957746134
2531.2966557885057779227363963951928543
2532.4966207118187392291286982970541020
2532.7676300207289814491927516863425853
2533.1321371002828649899413324735778395
2534.4516835711432940532877460022867159
2535.0329236125916155410368946024889330
2535.4950174627658828340849562155889599
2536.1586381545005093647646529811027075
2537.0747176761128489258231543372240973
2537.3633048552066154132622465340936304
2538.5728200743879232162750315643012964
2539.0283450674964248133194424601991990
2539.6789726642749831969927388150188567
2540.3309083083854028963569900028123926
2540.7971196640966927043192827263193078
2541.9063541474332852443458378559416730
2542.6994664612250185283656387519089035
2542.9743039233901096103935667211100638
2543.6647790366748599475739350938112215
2544.3632577146397901708884621670235459
2545.3197522144468765930612179330955208
2545.9625593980501782930364455256117087
2546.3053223921724082971414515089405655
2547.4768272222746180402487690868909430
2547.7673211601289314990912130121835722
2548.4510549048715320137000192561172691
2549.2932403656839830298065237950292552
2550.0821926114511768895202850232638957
2550.5718531725238998318367279468862871
2551.3399936715402980073230509564204315
2552.0323440661179448094972442082626255
2552.6387770427856828433786301707744071
2553.2087534458716608910312022995505279
2554.2355967979362811842525135111676066
2554.8435014979400977856632486611918561
2555.3974955892472972324226606115973592
2555.9746188926500503825175396339155818
2556.7133130413043603546207122653870380
2557.4582646010809016025650686214690826
2558.4756745473339666621867256629586294
2558.8671781322780744350232438762448480
2559.2947927982430508539023266519084822
2560.0759781184063046159099782995641655
2561.0168949012426476050382598796333253
2561.6448153094163106192336220739611491
2562.3085758473798566016734371911284710
2562.9913465017510131836020467353685424
2563.3793858330478335580742532187536950
2564.5371079892897604442383827762254094
2564.8017769218745507071349615565725092
2565.8384556963038868831101950178017117
2566.3729630140429832456492429424101315
2567.0081009701673057397209094670975527
2567.6534109313543955081664369702234052
2568.4216435931692725191809380883134714
2569.1617585648918781735992442875307854
2569.7342075149853640240900173192871152
2570.5040995243755332211006690184091370
2571.2268950766777397797345882348640741
2571.9065588960054556531512927212125702
2572.1855824117104203485526844990246420
2573.2735341410063970730561634735505155
2574.1395481586378030940658649806382905
2574.5535354298584335645321927852872865
2575.2275271877569665456298544975013917
2575.5966857690616024282275815856176940
2576.9323990062405532696847702608825610
2577.2073784694460047880245333385244523
2578.0188125473674845678324508579661652
2578.7655011615229427357274938178059447
2579.2406412351129187467020160436973266
2579.8302592909310470633585314733625911
2580.8360483546964945807508479796428438
2581.7115552031030439173060985554542393
2581.9326396507675383130532809491461965
2582.5998320683720184442392083229045003
2583.4559783034262279430216126677237281
2584.1705954110442894966035947725866629
2584.8964895353616596951742113852049023
2585.4147618715290300443458846491766173
2586.2367921488676576734988444246664786
2586.9118923968552681619108000533375225
2587.4610572233962204944278791589181153
2588.1782249572319285452393512528617683
2588.9122405161862885514069952158431459
2589.7452108930412816081205692259680132
2590.2971583510110286516076325470809927
2590.9733291764766654288854899209968711
2591.4026887879428543914523495465653615
2592.4863597944120849606294414567778101
2592.9277474561552378167118920269822447
2593.8848521054838537216214585061443147
2594.4574337847830474523420098090135586
2594.8523998171378287010760756866715905
2595.5493047867163339616055672946452874
2596.6663111820093909083119771645082670
2597.2060882766809555115999723123147251
2597.7032456166786140156621696318047709
2598.5697889323735419550221211431468554
2598.9108475975678092516229769379268320
2599.7993103905096573866399034611261033
2600.8964876660945227897122655737126500
2601.1455976731360846603619259499482289
2601.6523030990515832246899173291384979
2602.6464891652196215611716684573713369
2603.3056423736278030689815380934499473
2603.8147939718289551344141622252322543
2604.6660940976566792708881655908556712
2605.3595159062291794705978305072989280
2606.2047683481074959173663284243264584
2606.3291734206998368670418577127354940
2607.4820169366231630925372544925497505
2607.8782165424093082401169935736127918
2608.8996966800795045887779959307948043
2609.3082350090598971762608171313264533
2610.2611369165462888161289356267012057
2610.5997527047563201231292566370711881
2611.3484010523825960864033830106253265
2612.0452034880399127340583270541877702
2613.1790595835121738728597763494858698
2613.4471862085304890642871127059437059
2614.1329328622212900386294007712686693
2614.5467051429431897104517479379699779
2615.6321281854778788100371999621025526
2616.4378670285699257906613913561182383
2616.9107645382538321801152026865897334
2617.4211678890990595534093252739723224
2618.3073776408677969260099372740068403
2618.9398137573248998919263979847848842
2619.4671910056720562825087070387269869
2620.7619258135983513400510900799316876
2620.8421532129639466474615579083623306
2621.4755012399090680525238098473208268
2622.4448036194858196871280499131938317
2622.9504273064129537263179663141751707
2623.8629742070435647180118080323565561
2624.3213642249532404957263578880259913
2625.0830539583315093695176503491058593
2625.9378829363254862662173512119019215
2626.3387920297885798717242113191277448
2626.9912519363189802740350208017456230
2627.8408996226704751264314272801948098
2628.6152848134711849177695446310224256
2629.4138852531543575962989454339812275
2629.5862915077831861110535474845781033
2630.5558253937292939116920157747420646
2631.0275031626090198948970949943489002
2632.1741569591169129041508564283856557
2632.6420653670416560530404180902841877
2633.2244784882161867353943117427824307
2633.8605934719266381213589963427845063
2634.4791915867403102312215928671832225
2635.4936116550110061432388348328152663
2635.9903443937797546891176181647598182
2636.7856347364857013704433710861806443
2637.4038034889909614573798920304803460
2637.7138430409004787870567647166703035
2638.8524142323130219105318066545271074
2639.5189224764146184288312204195707667
2639.9985324999952405119878188247306636
2640.9096429585001367649609622650923891
2641.2701386357866540424119385937006106
2642.1297839898745513747122040240393013
2642.9853070532791043404545406729698547
2643.2807648919815533863412994447652814
2644.2135818398918028567576966963295479
2645.1401785556549035656984517177205566
2645.3902342907810007447868912972931464
2646.0575904247340264232458865343518822
2646.8278988735119128387402617614231578
2647.8072386113502159697947609803631779
2648.3486566912350605260808170155493931
2648.7552310706895133173277553033030930
2649.8454951758989174576308839873565518
2650.0455404457871976783303992426635802
2650.8951110426697309387070560045712594
2651.9001179736873101733446196781494778
2652.5999167257774902985659557575303764
2652.8199690179769180630231344530019052
2653.4567672323488209026928340648468831
2654.4524726366017955721508956203382078
2655.2724595756018647696925550697288005
2655.7494978663307784593072176354407415
2656.4302516272060236727388337558712948
2656.9756193293756992932918526857916119
2657.8662708173859886991489587273831422
2658.4309367252323394167720620384301933
2659.2774266852069986563960282511329891
2659.7502029581348453627837754625403337
2660.6905775311437522768662405492147448
2661.1349929122539874887859763414658888
2661.6848636194259837935505044926794486
2662.7696559740052809564190796101266966
2663.2230451393933636694316465533451415
2663.8267391145133157928161132586152003
2664.8201918783049746636763138317965050
2665.3138872794168695515032328432464042
2665.6779401571112772006843944944282112
2666.6489355638334931484729875934720282
2667.6319803994430814463519369508813204
2667.9174841512888894097057258079773741
2668.7653560691697470509668970469824908
2669.2201891901223045753220869080502931
2669.8813164847480825823141413668477998
2670.9784288329717601139286389632999516
2671.4948436064621273057579245071096882
2672.1089228415942286120380487394710160
2672.6449111748297366930798683843608461
2673.3148117592610462354247599004600422
2674.2927500480672827171647469697771243
2674.8940683892360452022929126142213633
2675.4350928318925071611503958044596286
2676.3387053285576333489466916023054105
2676.6357616786193092610926912740527005
2677.5785157433861744616206194888386259
2678.1800288832616126456943106838718913
2679.1157911709709796832867902971736112
2679.4905614365874189009246695142396445
2680.1896655590503079648494172775226655
2681.0462156216248935425977919135303130
2681.5402409197078477745055469864003560
2682.2718337200914485316557887447123251
2683.0006242586823938561777452407186301
2683.7774222124041543326419131313785838
2684.4768579672382337584650858579854535
2684.8857043977341556707051231941050548
2685.4286865165332849238498394829301312
2686.7285683900290158299390016951588426
2687.0220557565169331099649455538156565
2687.9389542448357113679462911380067101
2688.1320652554562955245426218080859876
2689.0996577572912568954805803764987305
2689.7668875871918674277907829221162542
2690.5261444505375295965498286870662914
2691.3618577100967380635610735982400385
2691.7234365316875177588417266920223382
2692.4832693853327572282111379301154663
2692.9311856397880843847671301843938766
2694.1541918450001012033652391147527938
2694.6095347075420216304411813292807244
2695.2080017971452415726286204585985005
2695.6860903508407585675892453799594544
2696.7958201510689376325065018120990592
2697.2275256543412051769468592450244987
2697.7842770829122982802522013073830883
2698.8692431199802132554262697089243795
2699.2493212742882817631538864663521424
2699.9602434648168030811238421699835637
2700.6899225927057712639765255839355436
2701.2270845885755238119641182747712230
2702.0438071348149696607241989600726467
2702.8231272800059297252630693259304753
2703.5726925229721018449092990982489182
2703.8401193121877366172135212296457921
2704.7377393207818290088433783535950503
2705.3361914535899121434334218019636125
2706.1618975585688680508687662802190989
2707.0683577968912995329339575821788563
2707.3801104729548264105795437718882981
2708.0314109962879909262189801246926446
2708.6310597832687803952773671243823579
2709.6798411556799526044251975895864211
2710.3160811893582141500028650552583476
2710.8713309125711303216959349160420338
2711.4382796550637303969204214629880669
2712.1674534925221627344408959559877073
2712.8279082603182718686639339603089999
2713.8438967379480204244711061626628835
2714.2415225978664257805540404995840956
2714.7777121313589243385721080874401717
2715.7495326302013086328892853124104284
2716.2927046012510829375470295600337960
2716.8259436532987940327713950096488869
2717.7435607412948780692421009020144128
2718.4189797090246519174805325666911555
2719.1134064381113992748830550073251813
2719.5167726389167953988125287296039257
2720.3817242592407637575102352099747271
2721.1849502974600169261409491326318881
2721.5133582207903646466666383610881759
2722.6138734142578991285188837772997742
2723.3254709611549702329679666588074633
2723.5604655825227485323803920288097265
2724.2047988706875814904619749765082471
2725.2508122626663337306784420883409680
2725.9100059065626130333712087986739798
2726.7833530682126301775892306978604918
2726.9335904786416108914249307964288321
2727.6173233373705508488670954150988950
2728.6358250623730195890002525145258378
2729.3247484632052298301193385227386140
2729.8303767871895639642773049347479549
2730.6649556805317094760855845472469559
2731.2335551484063326139080859727706618
2731.7262587176715494880159105406610699
2732.6370838668568077084004316556772492
2733.4322942937214348414836145967695066
2734.0584002302413434077360390662957271
2734.4458419701015613787506471370749557
2735.3312729125480543851100765458793562
2736.0845529418089452997658883501121543
2736.5901273166466786203482318380041279
2737.3366081345580884280308560314937548
2738.0910413002466149268109000050266748
2738.9140946168502981113505024549829543
2739.2443807637900624877980627009582204
2739.9523829336090510570837846401849431
2740.6842043045579105358873562417227702
2741.7542553983565909710374906524344369
2741.9787635658730603903455925790462801
2742.8570849016128803281030535240760668
2743.4106075750530050679657202456305263
2743.8925369350770012539336039744100287
2745.0296402118513045627430081047544874
2745.6014577586274621344317715487322082
2746.2276518988692375255237165225754912
2746.6937619234866867055620460897879267
2747.5508290891722084585596145682874140
2748.0565721232191778631439076068769319
2749.2215544111449784505396256660107427
2749.5378009269273392178905439571023850
2750.1578957169676540000937486987250379
2750.9552857164624690470838326797395677
2751.4113420075693453252952416963480459
2752.5716576681361211213172347033081014
2752.9325724274593219751674885689460014
2753.4716971194225054053661958313007474
2754.6331856780666064401638251058540102
2754.7799287905226212093405273123514685
2755.6858563776841558533036992923482360
2756.2697231157223600772682828220072033
2757.0994427390904071282374169107091110
2757.8620705474761836674729007954355937
2758.3857190381935258186251430985480399
2758.9908198362100436842919410204199658
2759.5801689662309779414007370014151030
2760.5723722774665292723965118509360987
2761.2076398447929574645084309485650473
2761.7049432730387747486341453234045454
2762.5948517084065020565164970486627808
2763.1394017163388595540559939750872575
2763.4336488801619500157691779627087922
2764.8102219492749396806511390730664812
2765.3492076464434091336534236754063071
2765.8440666027158281950137665837264839
2766.1827689364181906039365845871410426
2767.2712829009373225797158271813747376
2768.0555215021737771231600074509067462
2768.4457240329333331610911344776814165
2769.4500362705419910370827233947676887
2769.7791202501555909470650877309634561
2770.5425849802787925566558172040143434
2771.3281546338183857976729629938263031
2771.8712289578935765910502758537271737
2772.8074415044785018345601602489897249
2773.2643723535805471967563639686383698
2773.9980945508948751692768076872978338
2774.6128994884134425241796499010139223
2775.3328390095937739109117715455415046
2776.0394892943862481810687317863231822
2776.6628885904134903275625408258570060
2777.5421492836080477896350790744533904
2778.0924067716206117630459566726149108
2778.6594339841604055635121179388949674
2779.1612384879990453195538590882641584
2780.2801075547553419499460396250125767
2780.9247445816150779648166620821494298
2781.4503602999915777995749333082628146
2781.9824052685206595550016282777699234
2782.7457997657579233738775889778155749
2783.3874451318217515280922434327788286
2784.4469733830879503288009859107922484
2784.8406676020047128420544893722501785
2785.4741837445907675368649065556235608
2785.9883929945197959801624107547456466
2786.9625085677389614660901166055707020
2787.5430676008173157289696987880972949
2788.2476748280867996739743981453405195
2789.0696753377229365738739553733108888
2789.4382908488609935603778550957795005
2790.1634341990934468515424494213849023
2790.9628919400241172924898744461293330
2791.6952528211236832621895344914843895
2792.2618628572998436846430704581657138
2792.9717312680081621660302732632769046
2793.6426554467870548203105388339630250
2794.4740582053093172468040461898185976
2794.7559399548815205153279587688656085
2795.6290840157223521675647354011718186
2796.5355919688302676619388754142209205
2797.2025293494339652449394865516515304
2797.5821913468764299357062940241164424
2798.1673590517864523635169076863761201
2799.0569305928151088333009712750289994
2800.0699603637794864899305925147666370
2800.2402940548636217770264201299768725
2801.1699923148121980099505785685757103
2801.8529202431711156331582498329761066
2802.0903250155471844805615083025117946
2803.3256710939593327869814941753981232
2803.7818592796942095207022168458168517
2804.7057126017570907453672749815101768
2805.1049913819805269989902402814805258
2805.5108876289160400971434717958827467
2806.6084058870889085417576013204491931
2807.3646851692991558126491488089651603
2807.8822319509689904263366843912022390
2808.3315681421958967284856075209718866
2809.4564914109603280368778476957087984
2809.7933856001440130281260072297947461
2810.4485870050388583178778682431183189
2811.2860000499794905204016754686082440
2812.0742375029126585065538072864302426
2812.5429025325061615175276451875161455
2813.3891001349834127324934566084843733
2813.7425158855300025349363226231817111
2814.7690056076570817563983948771454409
2815.1331391931022008249937696880922912
2816.2233177617293088164075263802462344
2816.7677530916232635503148896259419516
2817.1623331337605940498916746747673613
2817.9022202334693349887001777750204445
2818.6973148989417892812828813618873750
2819.4443290396054914970921471662867093
2820.3208581464507912903354195443638837
2820.6072490845630512770368738818392567
2821.2367904973489567981344556182309149
2821.9407097145680262267637970999390662
2823.0315789071832979532114808353766026
2823.4260939253245153114768903469302981
2824.1574718029607264597593828759620603
2824.5941329182873992981265044750071903
2825.6481580195542522919607076883381370
2825.8836061918970375490481243206751627
2827.1041694722395212025212588255685902
2827.3889099274374610468659967396890967
2828.1024737546161401559417307751562282
2828.9296143558442317886904485336761756
2829.5949865386795647723466179117691482
2829.8995513135288646582417428185103663
2831.1194661644853994285817346637236019
2831.6124434301786147359126117146731156
2832.0430458758827654709127070860119942
2833.0888181836380990559165025665515791
2833.4953888983053746339413576910624270
2834.1004665327938313743692750940334202
2834.9302587257148220506463394512631911
2835.9557175782351828586996668434070783
2836.2557026097488876903660455023727809
2836.8063810291755622029083654501621445
2837.4005004918843226741154848310254473
2838.4761963107445939944304929333281448
2839.2673511832380319179329270557413444
2839.4842835651309116834750540770028741
2840.3576787121021256886404139622819988
2840.9216608392848673715947895006482025
2841.6359970787631416984154749553147514
2842.4414268075724480826021246536709289
2843.2201903272568564975408042477213173
2843.6313011556441625837404842457460608
2844.5160408983486743539709850422139652
2844.7625790219457472621307272577139631
2845.9241298600092276846780432219874814
2846.4790883567285727273963198944889776
2847.0805259229204561290108137504410294
2847.7214802699400990946705371420809768
2848.5079167329685372648000275652055503
2849.2192960106547602815145838405622845
2849.6125078582617782914544272345561287
2850.4635160829626517482088628201645976
2851.4104595535607332905222332872810409
2851.8263964854044922448286766286978641
2852.4082720251205542877325984885470322
2853.0992308504017744678366206873816541
2853.8315159844821587025452347830821377
2854.6139631485948169300189892468414604
2855.5046294397008209973537131391911210
2855.6957987984653952542606649014773029
2856.5293040306329962300091245660339551
2857.0868830248923835797407832284371457
2857.9619831297972530206466069371128286
2858.8341393307962181978665540424054056
2859.3188012860452239249137729819249068
2859.7306375547162913542662475384171493
2860.6190907973369161425552374624675556
2861.2066770245398908037447746275223619
2862.1206920936979614178423343584406084
2862.7515193771353219533507844387391360
2863.3029061751753551090433848162647451
2863.8158215313154442940257188848504914
2864.7054553829946079620721559874810754
2865.5539784519369992869456557432951169
2865.8205692335621706856723887075905342
2866.7367074201584722682144585113925918
2867.5071205882929735514255207092993131
2868.0993859787758865637732039528088100
2868.4824505420949418252021039798052303
2869.4676965143925840843147259152859122
2870.0783905964259661737915512791848657
2870.8870649233275051952519433584620393
2871.4570637767006099400746113086794734
2872.0095066781060024216774435446319545
2872.7035911985062966690825181930797490
2873.4212181666959050138786580086771199
2874.2344518405655691667764239411065514
2874.9299564633863015836567202531081809
2875.4967480021986694452418363974792611
2876.1246612827682685471174379514440484
2876.4746421681317503179873676479868924
2877.8566905523479141131500956570953950
2878.3505328572428992162489347728673321
2878.6716967999649987774481301086404682
2879.4159516562061670925738716328552185
2880.1976400375680257774914507731079665
2881.0407267977906223920461836849533694
2881.3993585094420129048498054194045510
2882.3898852742125348781607424032598504
2882.9537557788143506219612837177756605
2883.4828991054534712755967559614455671
2884.1255511410336971925505118761299710
2885.1392487442996344153095689660658059
2885.5306884070205390861211149973782498
2886.2714444134791199160608313960623255
2887.0538455148532238754901526048667629
2887.6140003307027986653257718557680112
2888.2568852347148036889817385482484471
2888.8715031575523533611690605837617797
2889.8064723237876569561447845677372274
2890.3006339313785081668997132316320494
2891.2632689406874102979873840791013638
2891.6308329555919616213867881636644106
2891.9329619930265783325255669411944552
2893.3628636896012846830352664129777909
2893.6641987593438897845920910911589109
2894.4558076325765751103881005802465216
2895.0852277217465798497863140289727360
2895.5267570660264882343407172618963456
2896.3456575263477158873786452221068657
2897.2611222631116160105330020307822142
2897.8379460499581527522790730036897705
2898.4323782246585552667338978759968532
2898.9601225884460579619485907146569436
2899.7910864009506185931870824094954384
2900.4220029813774133344323276604705758
2901.2191472813237206950298645295547564
2901.9092465406031913403596504299790299
2902.3974112327108641429086913205943378
2903.1085559080022373864066652821029012
2903.7981454081803595962342718984248745
2904.6231957926998642416198001125735165
2905.0775316044640903487958985979338089
2905.8622143495975990925129117824606546
2906.6951138020505014000416165852379641
2907.1534633950193799324473987025363945
2907.8271247589283536983321012319063120
2908.3079874391185310822780411918083962
2909.5878316545454850233175523382000500
2909.9734039241114828524456335753409614
2910.3738979068045919808924769649120945
2911.2869976424198115006055341174839334
2911.7606847984359849099475462829093046
2912.6692326469923724660698528097713400
2913.3802967412233265412916128956839785
2914.0103437177233260856586960722521202
2914.6327200998446306420988037517670818
2915.1329410196283400957298653999575262
2915.8126940797423640126952460908722498
2916.9794935092162756325508078928350477
2917.3484795269408203489212621483774715
2917.9266947581319870444614256282224674
2918.4688820549254706959890139508356486
2919.5016508320122139987979865849593453
2919.9066739096363540380872054023282997
2920.8882184230649981288085317399561735
2921.1954670625605611151891392185257904
2922.1028951365919407319995463601273774
2922.8390729943773987243334555943969471
2923.2054692774926284277571047493329053
2923.9486189612408451140849779467418903
2925.0863175232462936481892969448494121
2925.2381178874239604913653238549731446
2926.0551742322238316762109664007280274
2926.9317200906327929784934249335688334
2927.2024239785877207584754742278921116
2928.0525198488349662420051574486672962
2928.8355855824953037961436716990803098
2929.7386584069828357076308981274389639
2930.1290101316410222597701949052245644
2930.4610353827168230414599918492503366
2931.5349150177021217083046651389382071
2932.1121686023998726639387338054211230
2932.9956240713668022926679263059175147
2933.6544637636420897798252494587132445
2934.0239063897930512567550400569525551
2934.5682330168103661172679097486579415
2935.7621508517051478983637278261566730
2936.1570495136841646012345108928044887
2936.9405256264836641426256036155812750
2937.4907978910232324359589673964670386
2938.1814019997190998721184003379668175
2938.8520733892377665667038739517397377
2939.5457873929671011490507819163540225
2940.2907690997804325736814377941221179
2940.9963065565845201356768399584230822
2941.4803604323622247932546667935032009
2942.4639200387094979995297739445244823
2942.6299904815575596813746035135297597
2943.7930333827279486658533004615270259
2944.1026125603877109682212274644770296
2945.2321196945056202925646802427639440
2945.4456531823871589298814256936061747
2946.4335952600344087661501940371835228
2946.8360417296912277277922202962249014
2947.4122490785083762999781905793696066
2948.6487664948747479861645694248361119
2949.1714597817142674285187527655682579
2949.4986089028507764523023379902831982
2950.0877913127089649463387390222346779
2951.0594979643417474291155002703135666
2951.8340171894125380802193469246184076
2952.3322154428697221375087145213002870
2953.0696440353772762749795680267105425
2953.8157729097970340319305840183167473
2954.1093077435611698338440172707144977
2955.0096671238714728464279670032457285
2956.0271939642647323397051223890423894
2956.3043843648644816840452518853669596
2957.1143909908937262577405533146729525
2957.5702291698065939146158408828148492
2958.4664801196561550645435493758710144
2959.1021516469979238417606816333947811
2959.9088750698343536989192242351810298
2960.2180588721271136709094362605034158
2961.3095855840692683751754025348502121
2961.8798619916681125564513846021416406
2962.1809188265680805342499896265065698
2963.1226565361828355980727047586718805
2963.8746624038479735288653665555392544
2964.5947585958926765967351234269665021
2965.1928885353507194787021317660322386
2965.7010637138224923334348637720149065
2966.4032922219186368913629563597316894
2967.1344888464919927728214591552534069
2968.0590064493513595106240058339739436
2968.5076471141408863994183895926457752
2969.2353300624483717302974199922005577
2969.7391534601642829113161851170563746
2970.3212318493291928177943596256105535
2971.4932573052054584093428263485900186
2971.9178888494307743595401781594743233
2972.5192502662947327629673772685370549
2973.1824703028432289669380318142734148
2973.7759088680985205409312004772429064
2974.5740059069536961015549192664081803
2975.4137198112981010247245683737066746
2975.9759948640566126979043647340613196
2976.4195177616608529862124050010296156
2977.3080065401038836244318430687549359
2977.9508175659266255164374964401869820
2978.5792613218014819857460152079277680
2979.2213879068055830029212482748566312
2980.0308027669730894689172240932221847
2980.8586137270769573856123718849420215
2981.1052948811423091352244959720019905
2981.8316078342646428036190442564438457
2982.7169729493015108175974211525888247
2983.3635362445664838019438081417974794
2983.9878744828915167794942369733035215
2984.7730209948051679375559291350633496
2985.3798541290129890762289872665034704
2985.7265837837158974150149609174177228
2986.6524212681823572552866581449441281
2987.6136536144220406920564877537918316
2988.1146364178163400909958260752080108
2988.6023145287807426511046052298260130
2989.2034777126312694005285043606491903
2989.9453252785299183880260944809832398
2990.9506380116219528886530278743724853
2991.6156306799632297529180959776921838
2991.7639366136135653190695493422025927
2992.7071087932093706546774013150851144
2993.5378371229947176665825188614781216
2993.9109574245722642024417487743236705
2994.7425656049230898350244954638102428
2995.7069021181980999916962861614942520
2996.0557279046147566846163071476111578
2996.4946331921007470492324120807305818
2997.5865082346197276176808892219399681
2998.1651130962938845906364998037958239
2998.5998097482996519169247092328617486
2999.6444183621321976430471559609886115
