# D=-11 L0=1 L1=0.94722582509948293642963438181697406662 Lp0=0.10141576280954872519891536892418927980 h=1 w=2 reg=1 chi2=-1
2.4772437112292342590518898049460317504
6.8007084083865179503363028038872193830
8.9712843684993838343617472413042915103
10.108337357392796680027741582657080158
13.040115328817246933269983385008867837
15.109158246690179997582366974866354870
16.990710701030142797715874354993675502
18.797246536162652807861104933095992233
20.067593328646093638040350364891778281
21.638177818276573522470778958792701583
24.672836861095548417738822751661330052
25.685962435417302226809372647381151469
26.786895684122478331951184915117088227
28.832343001278275591309074781924432110
29.974691172541311878083453462222955229
32.109917240815016333659024703357739760
33.522802645333234924649129357905237858
35.485085187617277263778295767982611188
36.653476294470463583239598561015467906
37.667962770380115104576437353084695234
38.954261384328984411845373524409220867
41.493156447229708544178954640607496712
42.639415076306968004576163021019158337
44.228662287554029150719540917027782119
45.034430415449108954472988422022937457
46.799823032880280764122667282769793913
48.357696260022762387078924600984016328
48.968488109363758861854077656141600138
51.469060767851312791127878578328474502
52.860397305204676229499322296393000082
53.837224191784375532450547755690333897
55.125465038618841052273413931477549954
56.094014889889434392899409008729374894
57.715453809991066741982749048945176820
59.686206471891351171253720510218911621
60.975690666188119057037230952718290427
61.630890503664382570458708734017240326
63.785058107810734371555399820095820966
64.569832447014414485085807806691698242
65.565659077074311810902978717738709694
66.985452796395323722801002495840707413
68.714611567425011014748739247565630977
70.634772014891746003405188312635662937
71.272894718775816297276168140898041660
72.409938212842031469761938879005402517
73.416364450377247981799790338986699603
75.101086849274845266379613171411190667
76.307345219676677443040999091627389584
77.720733427455819110261077004733880208
79.133514156470506008049801705911120376
80.532141110509106069318624064200118732
81.421019694219913554482276695801583511
82.990101134886495369846612222908020808
83.647891339458229337501653418293345059
84.585222360670747567129027952049380075
87.216973965951492525739153727723486587
87.976885400300518443941418617335447503
89.031830862667271718828992122540836164
90.299690384930183496333121688636279202
91.289645094858882510180766286923566946
92.837495326048143241999761672868020587
93.631722258942446993671223898583577038
95.215007006628081350159935954008473308
96.453187516933504075329127708559423754
98.021642334063405697646100396625849931
99.312350156348206393485804522002801481
100.03712042542636938737371006643232965
100.74433433077808467779631940827021216
102.34344606413677734969483552355341867
103.60259646395035847360646921943817809
105.27368486503669948730596445836006660
106.69829648255303250862544567249833953
106.99570265494100676523843188958570021
108.46854941198371355285603068095023564
110.05057487065392084932040058655607980
110.72663425640276408792324215160804990
111.77710587556438980824401873139111153
112.98154908676623727841118335119637305
115.17637862612130520712061505196293448
115.79913706228281873068158192649013519
117.03295256442631718258620110962747154
117.93106119668437163269966737970490296
119.15637869824746527215120689332739532
119.81396546811830472761269084123209026
121.76570886023151014381484376810389735
122.94048160187414216843031512296268195
123.82664612853754103376461224183831788
125.23981248562048301455455105925632643
126.53266231891884972037350174642236941
127.35979782183546835821819836967185263
128.47275199023554964328245163575011588
129.45564187524203827458999637894476208
130.40781671570776229863372873550061537
132.42196681717470179523070180601625350
133.56076332606024275615130274678203060
134.84753814290452422077034302090813444
135.07233591513068436161911933560607897
136.34414927367264924187728420133995491
137.92369915632881650701561451899385307
138.88067393912136152212678919518866094
139.64178403727990921663748343317019502
141.65898067370164297842955156928844663
142.25746331779831070335465635090270534
143.70581159122277789945370592492460249
145.05630819939868589755613224559416196
145.59052726478930918632743766941561327
146.70436687516126283463898721570165802
147.40439226439377547870482383263609912
149.20660454412793512848844381845670828
150.84025798520957128625938483971945541
151.46515730511668032832066969736959772
152.54348335728306897242225602115015317
153.67658379977646590716670438672630801
154.79594429511460293697941248270709946
155.70671118949275586561448678870353876
157.10580553952823379379331994127343319
157.79841924773910773404657332866216093
159.07305840367921937193046552603174521
160.98568981745836454889958725418475366
161.97677538307868491489709124580170960
162.27594630272832949013807256116951662
163.79790390302922610818675246546872192
164.44196979359108392149554638256738687
165.68075355549866704805505677454114090
166.92800466714978994603751516749843193
168.53972229296603801894929303613804916
169.34755344271667944137084901281442234
170.43850492570013537990407789349113036
171.29060416915917720489006128175225683
172.94087696075794459400426908959681009
173.63330743469424158612817736077454568
174.46532136897448640622543274451630247
175.26309784309339202506723912759083441
177.14349152634521831837412716068278702
178.36772569536821918106266208010855192
179.35563200488016146049571404519141354
180.51645281124318848774882342486166844
181.29180834558649333862665882964248835
181.82372825274547026731341538901061333
183.57733140189768390814844096674012061
184.45255930966394107853883171097645113
185.66886670850813579927553732768493571
186.80263665673914387955733422549244400
187.95446540532283700936893723821171800
189.18662702472805294797254322550114540
190.27505643116571236587928417359538680
190.88381564515777667031880785194079904
192.04741330318256717465769313939476488
193.09166553632292119735823096370202167
193.71519916114669734160407896677186799
196.02523521553525654182431605966137495
196.86484111396629131070091883148498648
197.55112289373088240054069750062418269
198.41270592792327499074612612155795281
199.74393701188366564550106095492339513
200.83720186188645212010426917191195868
201.60116978468804346809550913618580798
202.79906523627853295829007125526565075
203.84863411867508453643925382712236497
205.18528255022586485544899321736804832
206.35905758800250410761707769299274677
207.51552769055847702844188769594839858
208.41255024498168569902776368576223515
209.23067510050044376574932897295159801
209.90981800357385578431509980071421655
211.07156906621945017419045000338766322
212.86881957134225240453604562460128726
213.46596106470854609878963925920523528
215.02062362495367230138211355439867964
215.78710266300521371304249126088064914
216.63682861003268094202293199942790421
217.73816666724728418323647989685399170
219.06127312565720366276513789393424702
219.95993218759470586997601348840824603
220.39958556356296081792745135750769553
221.75418029552836548690708036477538741
223.53544711820558727078527961723473972
224.43716122279655285549465457217287283
225.56401423958983969191042346113127674
225.94368494300350662357346325566968854
227.22794349593887652260403027758102245
228.11671449021011806719974002419869369
229.15878323113308354042240951025690041
230.31771626286166125007111845315085688
231.86002253022146826380540716855611159
232.68744183809203904755344784543994387
233.22508996879696420087816931136758465
235.21973053597780786536705519262101713
235.57964215696472899201976607025102936
236.80533505093821387545305234714875677
237.29637786572892505066243986260750204
238.61853650858138135081931622336283423
239.45169247438768490806079941056581649
241.24800295637888500715544110865687528
242.32626722968113829194975210803642754
243.04788913481664887030466792073984590
244.03944890940588715184933842095392931
244.75831122754916725442817180171247129
245.81152377475612701750782889141461703
247.37062473325421192930076062652232445
247.87296416279225923616532296716443711
248.90069469431688072680309587490797810
250.28808351914107173937864739601208859
251.64554924296129603694555641695205450
252.27651539591522079188414664068697943
253.39795704229502272816506448908039476
254.50698309848288173024713044453976290
255.30176855269189077532443772909693999
255.70023842165920571513940063782020794
257.12137565311027253150211892748227183
258.86830401710442684534999516153152991
259.71135076414001101929702754190784053
260.54725564656161570772904713936334739
261.58958955692593832627065896825046409
262.35290595869535287386734801624849555
263.79698920406338101559892230652153801
264.48371191430871802814376619348983620
265.31841198629584476829618033504998677
266.53864341148650900333578064558509904
267.49748357417522299652630994114219989
268.76726324798384835778620413294592831
270.29537404882389422173639579593998397
270.94968907451450024073382365291277173
271.70362260512402199064089974528539337
272.34690416240548820311910334977757990
273.62191645758079016698108321690188607
274.69238523532883820067186845313348606
275.58245374943983751645624764681844211
277.19129688202169705809478809096888414
277.92604450728766882157547635421466899
279.06142427358606304594386926335698371
279.64122551468965086052212763929776097
281.21031980168841114792367224160965400
281.85628728331052488590512161307542398
282.86124099460538005442028037797863632
283.87780408760018550330303568498479186
284.11747956376332833967883988531924250
286.34999985568170228229161644902752685
287.45449601942051688401535655015434562
287.92279777185696837526150322050664938
289.10443393291188604989977032180222075
290.09503355279494151518613624972270719
290.69210702390638141258779972948671625
291.67258679164527868874546938926324168
293.11769691128512021146016606469423283
293.99035023554993092036751881459284584
294.93029384046278108206636193485574895
296.14377032141287653685025209726445720
297.14529544845971269507578993161858523
298.37357591980343218527234432133242716
299.18569317571262471976650881907669742
299.83593059017234778677385135213782664
300.97108871743630530327321311906812530
301.58478193265548724582293458064252310
302.86524673760216873166684929390553554
304.18798158991908596016760745628457050
305.76636516341479333902741079366817193
306.07818487126320127835769817358592226
306.98740721455969989366219543552673796
307.70703237985491420575876925750508063
309.24364332191082341721937282353676938
310.14432396796825095950060634062401895
310.75880755756371087688305939985845829
311.68960347402205673205078864148174628
313.25430379978075590998538757395088497
313.96919417192796277385805123837629786
315.46923940638632672420829537619747227
316.13840599082771657386758444677139281
317.29127378500997196800158168538391711
317.75352645975558615940152444876617595
318.85917942498721838375465514616464982
319.44260494746551289906240267091076933
321.03720262231476449863325637387931666
322.32120744746759356787313764141396887
323.10887420075436786359842142840335299
323.91202281825484556177448336829355440
325.14027896086537218670538258038964780
326.05936509958801594041453425012059611
326.72733344039729566881957637595964679
328.10592707323805408066873043716513240
328.73414775062363643711968934189938886
329.67431014428592893063143825073276046
330.43015196898134720451962054705821164
332.45747302084955173123217809685423354
333.23646735814862924112820051209054972
333.86783858771628403171023640677843651
335.01442812487917490250971426008193834
335.51899627659514778207837682077995746
336.61165688226243066966709718133579644
337.71384030037718737893287466541686564
338.65280082030455196312334235551805553
339.67867597025583122481395978603816479
341.23420255198940294150632503146060962
341.62378751241830738469496977234453294
342.64492879595085395917091834850521988
343.86461871517314252235531899822174182
345.23986293852848049325805468755551950
345.42719926611037904293190391559343345
346.13696363805229297089161996652465673
347.32535497178020012581670324601112738
348.42927148567051557465836528061705038
349.98402116243163354372488281251559189
350.68221740652854657501317635161819775
352.04709948391632373707275643949264895
352.36819189801506874400243902068232958
353.27209178130921112662710727771848080
354.32812264939628317934794069910813185
355.44838887266443485636655305199426717
356.34879656402957475512974854267207886
357.34004975270293632845392118726627388
358.16490021221661140206787943180916488
359.43950978182767512090317588291149782
360.71494986507979891787216523574073339
361.61745224175813765818247541690767376
362.13659852005918397636305416753579641
363.20077351787961119725218362502281945
364.22028831559104482927046421483680985
364.85890866649588022774005017533262423
365.61089535203662509964047695065345235
367.63175905118724647888100354094889340
368.34419024471391905377224813684285615
369.24994403375605191960227021472399409
369.91103793443685278685857915382098800
370.99596478599124621892112504755602949
372.11119804748420793806522994616970157
372.94614563896924509375924944745842014
373.84943698313190365726494478083043799
374.63139092305462546846038609267600257
375.55968229167278016767767096196879079
377.08077804562931408101602429999609651
377.86867650124348127490452227554278566
379.23104581241989940377534889605305491
379.91892798821826498849675139613390315
380.70251542232440180919706506648504210
381.42009384388328541632542554648185897
382.10682801412519809870995380543777557
383.87706292394399376823908584630696093
384.30329307834188775272615990914694572
385.57031040876735543388609249217069266
386.79228634562308866834309881147207579
387.61887654416417751278176344925035585
388.25951216026765163347141561032723953
389.53964989792529631485160309700668534
390.48534805668260061498473041210783354
391.23537296505892198379076606097361989
392.24594279947619385998291289689061079
392.62981311425634320682892516540715257
393.98268096153630103946792183723106902
395.65433542602367666276195976033112211
396.59150958077688071984846707247015907
397.10909459299336987676507640125916612
397.80721407236513923962015165739333837
399.26452070143320206638319780521025379
399.54523658403339231008454671309739015
400.93584917452645564860749735990656534
401.53363615909403970799299510786905697
402.99726259675619580183821586525113088
403.88145138956072866775031147904564982
404.56517844555510278756225852313987561
405.88381696673977672701559620462722554
407.12305555530551435762360926752031057
407.62310352922287659050434630364949689
408.52891109476459592382145988246735597
409.36639568604396028409813133918978723
410.13855830760382199206915676464760149
411.11709131174458602540095895033578689
412.49037887768561691356221633405796732
413.77875953279492540058266493567345091
414.40806401379456671700365023050660647
415.50615731100475942157628724295394920
416.22213285862935033797295095133591619
416.69929269664991142126838841755636209
418.29829294783461643677896861303702608
419.24470302076585342193420515294969568
419.76422939493612556967193686121189344
420.52719085583999556709328819786554558
421.94906975956546244234260841394009349
423.33043079551405767739270338081997057
423.83826051807938174505465746528369896
424.99832940650576956435314197660198438
425.97424046332280506375988351358762200
426.51807742313345696211691035446814595
427.34621658375491235011697790558786498
428.20956009382804135945120863574142945
429.35662388731536759451588430708868667
430.75627734659368221828310555359021555
431.62729493946871407501939179793025732
432.53332189798514980112128741502498243
433.13472342137354043856610700189063735
434.36552049520718881710152041896462170
435.50165636938566542256623521834842366
436.04901744023083369393595084308639367
436.82452864768386057782764193688207482
438.05265503685019576308137547649932855
438.68865565760682874242633506473820524
439.67325056887359075308011483222670991
441.45856138231073501452634843221207485
442.12411585454618174971088676223457528
443.05515362432558271716007087780551672
443.52033592755088846915848454455315282
444.36938618192780981412344165300322438
445.68721569928764296555693712125960236
446.19325564705595814613062522774156765
447.65041085634330056287846732551757679
448.16548229151200915061001128874840629
449.65497199585445214338235208680966990
450.39430766894690241239557276280374372
451.30844392148428522154656548944590909
452.30202592254989039202088845611215469
453.28040860555592351232404328854370713
454.27076846970650393279723645078524771
454.95523532220136275704561962742457558
455.44545069147593973568564341136348115
456.41176498547517676855390278117523959
458.32134674174618775707640560129401497
458.95884246459983554455982952214182641
459.85745241241759218084569563030335568
460.89570618510894373090252277997119922
461.59141160220900597868730910163781891
462.37391614792815188705258249174202149
463.27983422226439065882184385588060066
464.44482479429157155423894060136504686
465.51067100242715511992578001391106160
465.83037893435226610682085390378871982
467.39918354611659184289178400461581720
468.02097107677626049927700232684814767
469.49416348927725058737468813558137445
470.43556074096164177508313703409648117
470.92432352124626963345045166030551672
471.86457861811425297896951244379872892
472.52686089046508100273737615907457511
473.70839626071007195170956019353097844
474.35320309486494517474943593879291535
475.54608073015205275755658831347085054
477.17991243506817672595414712264009987
477.77563275054606247174514048522212222
478.32985960321810113022032209678870148
479.20003246593086240646766833041317300
480.38822590720772587479176028594168105
481.51789990608194618217834779582824883
482.03902239065082222645853381266780064
482.89320072223392860772441399797551688
483.76207974213891790975268354456081514
484.83072375054939710778424685478929105
486.10453387235831813081077559790998939
487.31102674634918510352115157481852605
487.81905216918722278216039234435662661
488.85550309173248814768451611743196652
489.74812996134841135855572399493008976
490.31332970440075514418106531248649290
490.97453288341969433408460301314195445
492.43969874800716010199571171861524707
493.41757592748754772404695808097671121
494.46231171563437499280459976131936294
495.05511056112172366157367417312058121
496.46959943499733129779244156792082943
497.11338175476140371154371547131089499
497.99978480051554362519350888933668301
499.00809755113967148802163591192718846
499.91753025016806740092798532269367112
500.62026051157223942676849502953551925
501.45049470791982619244020997593246982
502.10451240083965047982185911493423551
503.92795136193429983490536989924157424
504.83544556141442307384032474317473728
505.87585392316471550133097543125737127
506.12209287845852161699120170185058737
507.33157374369293870520437207145906076
507.78912317847422947028928308159667781
509.30923242327473412739963362708302839
509.93749577446516458542842771184487179
510.59668355608306666658651067139182792
511.97514768144060446101265497742070052
512.96028172716525566930831682120862917
513.78624187427278886123001533856243200
514.56216720400662963003442350983181881
516.19838523144914628602365442874509870
516.62094792751634041453973520339472671
517.21419825241978485720362250608218789
518.12128217920853432110874468662859647
518.97493791058574814817312096767857426
519.90499963622902977890464228366219099
521.23285777027039988051769543374733276
522.42690176237519648111259733668234716
523.07474842650461509364394039110788043
524.16360489274856572761268593221116305
524.59301752528319665488433330541186032
525.74719699844964036164669707699316223
526.45329402337610032303246857466063313
527.71485974693370827136773822405059375
528.37355659201161322053679509463069478
529.46665329027666531041130919849763030
529.67581097200229916156124584445927547
531.56163775759061409506142621047588894
532.53051323274161590330295313056444854
533.36443074243454090286299531712615362
533.90807155703240129577929103875892431
534.93789033961766483198582173614900831
536.00929776584936211115281018000212983
536.26482433605323307685315598102881891
537.27375344386595317823640704084774126
538.66739528908625562715519879661354670
539.71410695107968352773838414537016591
540.65193933720285272962032938221688210
541.46871581472683441156479983234361536
542.06595803224192784963897874743059739
543.29409213948032627953752679743879292
544.31351560231618827399679722897012551
544.97211791738797458427755020535961599
545.97447537616102213698361537204147101
546.23990296886265719763007490693550626
547.66590642163726294028334422549753616
548.59299041520423429136391644961496604
549.82701247357782668368478240469153525
550.87324065391114424404733102397690748
551.81276433436819363634278584066313652
552.25161083657553100314495474612659739
552.92605887900091771319995900852776829
553.87870125056862831958657749292876380
555.09721294217310435174400508990776353
556.09075530840417546756148150468900960
556.51740195114782563699193486510543491
557.97648609789792700941607561690021954
558.91982030511482157113945157317349581
559.53585968269651513347981875471410632
560.89912425178205470867574923693135901
561.41570923405132481855155283425311203
562.48229487396689404902124618050463761
563.35398009037729353590693228639627193
563.89010431978820728657437168158550360
564.80410311650642447657668339814163171
565.51890815449762869173734316815681855
567.60495019859529824947366053187392144
568.12367594300784912408195179881498814
568.66126236396139418052178032152892011
569.71401315552648748868588426613992667
570.54387802227008128412155367052702278
571.51378878479998526682246125481253276
572.15556694701004468565360361241028621
573.24284097681045018587047436499299631
574.16753590255892895119472154330441634
574.97986251612784349099142104390654240
575.93847877681117403508271935600932747
576.91028235832890461352321295235756285
578.40098465965262742975329008161388139
578.71288252017681521459408778479268103
580.04967738640357607968650602909875553
580.39413794550806051594824266704473296
581.13818300706745166490103642895437215
582.11097776646327274798347334385793810
583.09276817805693691760801293046999205
584.17001640338058619172182476940372264
585.23044727532214740069366858915617689
586.32192235208855512958093026376268607
587.16448955548566100454898925026266663
587.81551873947527795723412103340805134
588.29736604485654800127872155421092876
589.96148503740435571176093729945152566
590.60148678790785817713028977724892741
591.34440018487019154325840514401790664
591.96284896971646797444273291840287272
592.89564895301724240918181049989952391
594.27038026126947733009736713800865236
595.38289018337852720756519736849774613
596.15451508078580050410355119611529844
597.14833008922022536101100197067777518
597.73245375391184461321574227884553539
598.57184247708328820913386129826160532
599.39836829940800512394280181350672334
600.16451152943414557140976225184336815
601.20593142725445176769435309047077325
602.46833261609195970707154976337815430
603.32611006732624463198276190679360091
604.12413569805339808876110210182283709
604.87416528207920568487519430356071072
606.17246296465380252701900024194771574
606.95589586345273418223930479173401679
607.89642507925162400149226313540889032
608.14190793525745815807003472405332349
609.80144383689750577428335392958439240
609.96563943888305712315117599202127300
610.76933571432210860271467115291636320
612.35989859559633762860176166646183052
613.63053224984331026535201281456418930
614.32512317144410573784919282605280185
614.79713840161422953118344725720475017
615.82746305333821055191282718097011784
616.45804501960007753241738698982746213
617.45943715120520709536453010175587469
618.59999918539099477058140047755950498
619.36756556466228753058095840468341039
619.93638348746183719353370772048830334
621.21393359419499625382025699735134950
622.45044656853321115815608862481018387
622.90872561049889539632412358387657834
623.98636737113353473147777345228088772
625.12598994687924382042101943306047485
625.75894881689934924600559302288146658
626.63567058885947216131182323840195176
627.03737264689454261550237938560258718
627.83957939742249600039434752018453746
629.38145333668413157884704202607718696
630.28673665748237958270243878865013410
631.35185675548922156211721003057128761
632.20661783097875044494730973939622026
632.77419475269041058936329708613912319
633.98779708865816990556755907896478772
634.28389190513653571967643990194935022
635.75156549281479602329625208524778129
636.30967870227041255514876540797460642
637.23141833983866716691565572232198076
638.10192187205668950515953698298878278
638.89660061209194386494607313826382479
639.98025144700031616609746240498270306
641.57072313895588591709270888342903981
642.00361517647605509494553044289024759
642.82867174986010341631013976790592934
643.33767792547266768090108150374569547
644.50203129732554873437655451825459441
645.15132122031990588974574056750503573
646.14383263173804237917195190978251222
646.83137226756672445465411899692326432
648.35417777658130061612251181380652139
649.38164604708144742999266711579145919
649.74949586107625073706838502309977221
650.71441781316473783511687097515542316
651.65429704969327313762529575110695580
652.72623157422713111099244014741369193
653.51775835076334925562821668295919863
654.36546223468489437116150366920194345
654.82175392775276010950828593416124418
655.81266198766305410766085986941921855
656.73005850165701655408090150253052612
658.45994953624641752898252230057433577
658.79347550471499502843786638466602785
659.85829248825865482323581111557735568
660.84149344144266422910094387244496138
661.58343544512785396946322784577255843
661.88470831526096335630947295069993605
662.91903991180294552266116020680699788
664.19839741950241554093780069466742970
665.11305574006062562277272439006508431
665.68778149088814918474967986053378287
666.71830853536142382247785630622138198
668.02184398494044745292105691551654987
668.52859257558833732226318326446746735
669.69515866334213098336788734887954719
670.40469518735827264693716321473564877
671.37832301790113645491812581755165087
672.02886265058430748033675583654179514
672.72023673118089838988540831775326939
673.73759276554857441886353793461032879
674.29234062170989002531140025436735688
676.19643648664867672087387174351422531
676.78913599527787798456509932540182656
677.84154403412462642276080975985146774
678.25938492143122676182875966621037355
678.88903868352785258880078303317671484
680.25593050604370976962493832278044922
681.16066208867145455842116272908610179
681.58559193839908687590734188293654915
682.68468406973248582497837702651259416
683.46490268130521830995812811803892197
684.73988206813729483130403184311400970
685.23442098455330473700947313936895374
686.52193656210127856854308542788454332
687.67176521377005236080493592226294150
688.27049250014336820189679895144716806
688.88673188623356575266395350838809066
689.76323814920497263072274261949926341
690.45883913244881044259430179129754236
691.29976456312993909625335194099717335
692.45314666633341530792054878984887729
693.68679279654543938571543067401187625
694.29598477544587018882692878313492367
695.46263610906191894304441969569809631
696.15678838060959534413530726700546218
696.86831226483108504148298418186476534
697.83447365687926960339612586135149824
698.58679170663656785638686294539672322
700.03844272589289329905715850726424934
700.23954733634487479267234975992921520
700.96893676252110607054541166171091604
701.79536660515937496671938355514013755
703.46626589350412294588531617032530140
704.36727086586896712997742747468104871
705.13486165530465317900539050806889995
705.77039011160909655250581098415225997
706.76705261422413031006890960364522859
707.51136126241444841121386415871040853
708.08114407958918833033830072479512377
709.08858368613988704460624147835289723
710.22210795079113826657667178865764514
710.89026076690876999736611652933938335
712.40203900602472085887739725393425756
712.77408682704122055231305818806822437
713.65285211806943098907889255077217836
714.60099758088712865731901575943503537
715.91963969452706319866038263640624130
716.44602912336025818446235245643176593
717.08153939745861392970047315498924854
717.83749899643460881256636800105398803
718.78258483871507632238169127587681300
719.70542239071776762244034109067469233
720.59188633930570667255733100264001545
722.06240274911526157496857532441672767
723.00192495692078788828240166257213983
723.43059779822884974142346806379545222
724.23648198495901640610427643463232917
724.98850391589860285306064073004818379
725.78741326398773639309100461365871520
727.17748161614748482511634147561680053
727.59390256465064364964477023049205245
728.50089402586714632229910235370085434
729.49640410496054328630161067096113922
730.34982788595700434006912991585201274
731.59915469366074672027418527291145384
732.37821735915089319441323552771247822
733.14777035995039325658084178928949074
734.04374883619173984092876992235896278
734.93770706333625376237138049197882911
735.54685347417833859507576314934158783
736.50839924777958234514627294266168876
736.64238425482232739983328680991125223
738.53093725624064992810587820941200291
739.62358556611392581978915698102131758
740.25030904652428236715266606586600649
740.81714531175150638112493947734539075
742.17015853712610293854968337296430348
742.52935131755535470697212882141586791
743.49613658416326634259030982698949283
744.69833839121194410530177276148756183
745.04702448204175135708101268638593602
746.26279651549131589752643822105671597
746.77683940519030250480650339635896882
747.77796342294075530335028996511648998
749.00889885937769003300649020949546922
749.95707229112480644196516540110802664
751.04088665733325510774356041438622186
751.61761531944693249042166857772923031
752.29111462673466326481518983931447557
752.80181112664395430611463607653075522
753.97247657973645102717108399067332063
754.84847071727872667383907762977590007
755.77102122039280647984664080496975788
756.54427394187219600950370569092646226
758.03223177106149880514333225312798426
758.61358885492831848827792481118690438
759.37588450311499911781954315630330373
759.93155411544383265355151256685851235
761.38223065597806955853555893234577095
762.13663600638712452589560961290583203
762.74894188537797362713697283020671565
763.48784307736071258674683260178588324
764.32889034280334794337931896699913665
765.00045365054924360781855664816201063
766.55285934824946635352476542926580596
767.59833999853814197129216721186865626
768.27866659936179053113892162506998874
768.98025815074619264734569951308718785
769.86904714720109810614203532453385935
770.61690649798230720076491945604090787
771.45851308459979578095109031165979966
772.02699179437470898168915919186650161
773.31511069385631327273708762809187497
774.44525210257210567662589415268324665
774.71096348651055784293512001770671572
776.03941528430308808530230765365392608
776.66881552477512131951351000700351236
778.10804408383126263632492524535225557
778.70157842856012090425809132064837658
779.25434210563695690154188807035438062
780.39708907602544173985332325887595065
780.95025592675488245215856426993431247
781.89321654416207322877436800223233571
782.34951830035206369344821643286743444
783.62679961961084459503261989769413763
785.02748457514251621241156680628641138
785.73055498277397151768044350981836393
786.60742762838012459978682222018305929
787.26378406730882830876763324886678562
787.78277539695299439283162499703998367
788.88903187742730698003233122713102073
789.95006234941978209775777007706403453
790.85646826061522053385988312181160188
791.27638030487742227763781275965304271
791.98584342558325158737624408102890580
793.56906994718133077746919880177336474
794.13681127910730692968042391913026723
795.12603524703337050056893886819026914
796.24681474980123184070304309047569415
796.93628102584598107473287875880105742
797.84018203061421887418291242166927877
798.47573970724968925656350402279975031
798.74378206947446114403821545049011220
800.13383132782712646678049958548222076
800.91072165053281793294917951022986039
802.13926264833233168157284022044990760
803.05611047034543593854560099560951559
803.85069532760528620890295583214202137
804.62252323984634646634778341109612546
805.43202341185453750229373220421723643
806.46170977296972193497072450149995986
807.08279920165568735284238006363065506
808.10045058375181844027955796388431277
808.78774427226359993744637998593187799
809.79230261483823307825264902117661569
810.23057584832935411331623588638190412
811.15636338300717053137211104706073678
813.04275261337188032695885127655999899
813.56794548755000309278140648368072254
814.10311499009762732259868276544597824
815.01316087094990304336635288098165721
815.68838180164397666316165394604218172
816.73852338592733165550408418991002219
817.23411591946428459941660858135162693
818.35769837378263002986371205679212390
819.07467920273050025872210414247471350
820.43004703182114860104362188314805907
820.96143181890391350767710568944285189
822.12826015883783080897792976970495297
822.65692166913951658037805625630110597
823.63617823018122623284718038206994298
824.81541126510446480697804864908346978
825.45318011639415474229173109071348389
826.14259177501421799220006463572988685
826.73362693931495731250648757083889573
827.54839904205558881502084273846771844
828.58147569066766438786736011615693773
830.03463017899935627686296330666454166
830.52069855096083633535882805741673215
831.72105055834534160777155178090098116
832.56425047587523942908496206083576459
833.04291232955039908726608573112432015
833.73447316395345039230397070315824745
834.54016692856506919455054404165916531
835.97352149555744892072128454691030792
836.41698407529133935068720723002894076
837.28787737592987840616764928650622099
838.06438965362519277867632416305598003
839.15560343035903256854378755781435634
840.24291264626349964489332776294383188
840.94880623968594304147051766905537539
842.13912920554259405836473850716584858
842.65058803470335649716080344189941290
843.20545389793257825215280084622111483
844.38375740605759709770899238764820341
845.04909112691004749661829624971267947
845.46889536985325064845131266898871870
846.70352660746114764343247446454867762
848.15140778283615496344064058565614494
849.05982651917525900325775346361678002
849.49936383994663144047705152288868102
850.10668806363788547973265804957803112
851.21684922406962992815246948553722966
852.21833642305397959041082093506177728
852.92422204066477135607101814574819207
853.63976673275587029952052392795158202
854.49483351184564895068846044381022162
855.40354125077683423074034619041626999
856.06124111214555089155068158287733822
857.19873698402853823242692424952707359
858.35553338508323263122191124767685400
859.21155298612136880217130197383489339
860.20690799183249284686792601627219093
860.46067672279548657453731508810725189
861.52593128666774689614156403187220942
862.12156058712578665047315713995588223
862.73667414953855378948541013100654747
864.35038333832877883959141178565299255
864.74670618201613000962599562479977403
865.74723990385667586339049865111083902
866.87702146537109837726757354522530845
867.69242281059215750215775104256821349
868.46055716876376915965203728951727441
869.10881460332719132990005516758004649
870.09422112244160066221789464152443796
871.33770563005308018440844545143255012
871.64554685276210609051609230764337037
872.54541238164681284645935495251002031
872.92806396786799011028692807898053941
874.13591063912027925500459311953397427
875.51887413890753126126470726400451986
876.48973283305818079890535055806195610
877.13436370481929055086608582683227376
877.77611721767281077348885482720287873
878.82478291276700572986753468023585167
879.20280780970634974093726720500008225
880.31122708368183244473552374346648965
881.10214437531854114365583431467757409
881.93470381574753217013398247754592571
882.82257802225939330310203455461920656
883.94498358120363474348852624769587171
884.82601649126397014221547821356997517
885.13551067973882043050341562135297637
886.72897694258604029724684731403807778
887.44608909987756882812811429560349967
888.42775755322169658889337955252582822
888.55403137328704831614326259431065615
889.64341445205922685780112956453800639
890.37105470504151547328924760470229665
891.48190553945608759699741850112226988
891.79728784344869531138496514911733006
893.62626254977702629001053770975308245
894.28249713471925443318304319797164287
895.12134315822960074858440645693399436
895.81201222216199162003195008614962917
896.54662519698335879734361542769246059
897.18597035166468138362094275654926347
898.48163013401502989847045673398126222
899.09839660919406215370001194822546235
900.17265929898025572901098560154376724
900.51392265335002189061572444529787950
901.35513828674673579476522290593829463
902.78052997859203980473917263379871515
903.66815109125703659745230250709410274
904.65030688749872518483842451823179713
904.96904873408496008387771594109975830
906.38809858751125464428005451069158908
906.90920238440004080179948519609340141
907.31130052569137581058981549827921935
908.29535897206415279925839043081885261
908.97580661736256408341925366597536959
910.51273387970929068219923627427986330
911.19612305131940527309930227064508437
912.04983617978941399254977825329856034
912.97775472069077969856986889145260083
913.72849303239467322432274776681757910
914.37242579568529711349008919742700326
915.63824246723366228720303880703043812
916.19212923715947612447466370552269533
916.96721533379887215920413073165551195
917.82333967278457197477143503185348084
918.54293144397085855225148765722945435
919.37043764915421026484332398214811298
920.35360858913863391046736347414121292
921.67319342837461393548734504810806322
922.71277579167254719433966578236787066
923.17845790169809805516530981400863843
923.80185335305542106344338503750512530
924.42317418982298368398355498518271526
925.45189272629043116594383386524327528
926.47352427316171199299877355319644070
927.06623131016162051337963955271018132
927.98556715528320696045180234195941570
928.93132133703603222490766697682862286
930.20896512686836544187419997100737515
930.65641212130141324274822171424288923
931.39408852313766168581571789126629009
932.59303871848661402694353331097973818
933.41641990070176198641132419478533634
934.13224576667575355527642910378691142
934.87479998998718615322489398740755681
935.72852007811397557903309430525466743
936.06654241710295269752461634915769521
937.09700555571071302352498945100822674
938.73543772489916133472470990233604053
939.32643700889127031352943327771437025
940.34660935460552751700195563704716705
940.73836371565831329853495881740520304
941.90773678632159884772293606795277932
942.69983644631741820971904315456961275
942.93670325697249044501347851223683089
944.11336744635663436380139319558363379
945.45072669080074138422290628816176200
945.65328248488507913567279660364603228
946.68903401442284361418636440898597729
947.41409191058880347227553299062639670
948.66927925805234826842108916838048742
949.58323222375939584044489724123807514
950.48936209921515274839399952808146532
951.08429944509690723179371336689082381
951.92146819177806631601606504555801693
952.61169501811210335586815481142567345
953.41237254838469284715773355292055693
954.04375212470752265139171545454351700
955.15976648719224722705350072597343632
955.98093133429473735085328387497224290
957.47073227344255871855881251590318936
958.05296907834838718507853903140199860
958.68354045859703501122782907951442392
959.34287901790445389263763551848615691
960.19826983092935111561895916587014451
961.40028705147836024234501528006475028
962.36509866573750723397799525507712569
962.61334286935257096445494427557814785
963.25856777063856153734951445396743926
964.60611947223725504723970797991937840
965.16358659761238121774509882899971558
966.44770480117593098081555170711933272
967.28883661534218529188273940410047556
968.34104728279945319413167131387807200
969.01611941902864086751482056652440930
969.51311929742252212786685223593189904
970.53263567291470601144074263338417700
970.87935069503539931137230911429227790
971.98780292029565955823988559478547562
972.98520116445795041178787967576766987
973.87467350685328325947619853570134061
974.96608343907682356293791487026657200
975.41377643974585299328460232994605760
976.52659754559696061496991511001932950
977.48004533742488385988952683691104825
978.04948242529364043596031843772054277
979.01647362523531531803814351499632520
979.73686021772916840163539547110138956
980.67598463485083195582653689713830946
981.40063444630279961228109314285001756
981.94495915758061281354329378733514175
982.58233252575262522306232309781289820
984.51761998297413251527074573875737748
985.25534870297866228520722410595487508
985.64022231689585831612513686810764905
986.86846264514964382680207912102611356
987.08408964681476119233461641665380430
988.18249105226346038169436359975543770
988.89315939298960042176382239879965272
989.80876011772572728835253048004490162
990.75155973526531499349577619456291621
991.33121470487830682058193769176384423
992.42364819613130566146645977942377984
993.36028538633596071411075283390305880
994.36063567183786738060585714191006595
994.66334627482584496700288478739981692
996.26544358238054091218086447858493525
996.78585878672378730045236152636552287
997.62947071944759905753065924362963822
998.02036106006759446709911790527377511
998.77170339584202589472966557530757429
999.79206557512783851656184910719169481
1000.6962042446039982619299353676778443
1001.7647059259588952174422912608008562
1002.7224685334238858611582118347833210
1003.6951824478995000354153985289072690
1004.4922257993418606816416919627771007
1004.8310604337801622453472618973003095
1005.6490758321713926739244725976630731
1006.8732316100354638546560390105687196
1007.4435889550184589842762385531908228
1008.5392057091421572784002391862543262
1009.1288847694860523007431695160636904
1009.6721172223079839647912895334202109
1010.8546396813242295764535864005516562
1011.8231998455183597946187493291400408
1013.2068371414008883425021297070807462
1013.5615320426067986315310150589365810
1014.2394447762560266034451779664163921
1015.1269513530776527815257378025433543
1016.0019201344265682897061339069144692
1016.7454243486462319735328588950832742
1017.1512738111648028854197437019769403
1018.1997425224571796099281936285359972
1019.5241515281217622069305120918471033
1020.5671263823180226612393540838363687
1020.9175894017854047650354073585616490
1021.9399392503384520564152423371555748
1022.5272891006410778336628888156859551
1023.8608139473389075082730777751155587
1024.2778681379987155701336883323729088
1025.2365927269720372390558489479686990
1025.9943706312307515914434949134743369
1026.7431316468088121683276137504148712
1027.2924411509838980699365469304295239
1028.4404485604410052762802241859143382
1029.3764776636512096679406982172244735
1030.7199706422037322874676016973581980
1031.1774937568222695319476640693400272
1032.2149293954380629991813871311558738
1032.7732878843077210660185586580874246
1033.4366687311390501423903280108905140
1033.9063788176573831067909862255776526
1035.3344175065364565537694162119587679
1036.1931439879368586753361370226519192
1036.7143936860930658570702950667936913
1037.5348291051674109493430798068100783
1038.9714450996377467527811835353234979
1039.4590501465903497088317285006456193
1040.3393272549961672653757862656816293
1041.1062301850317115262802898900189350
1042.1648663538641206674183210703557420
1042.9729664176223998180258077028621555
1043.6346887913575678253280832229277372
1044.0754893157008810269153610990300784
1045.1398245402026782962596597591216604
1045.6190629749181788625986358520936911
1047.0970341504119627707704469124162498
1048.4136761279759328512631231448074834
1048.7355160806144084594951204753619504
1049.4576921571041967113488341764051149
1050.3251142974502882866055747099486195
1051.1579608340784972653515720699811044
1051.8653662908397553374951699755742904
1052.9005570354846030797195962481528570
1053.3604762746364045991047608379592838
1054.4558732905062138798459756059839438
1055.4176850207098779774073531876535006
1055.9552298906419246730157759476932305
1056.8294950762772124025530312316636744
1058.1405534452332460272994107553432509
1059.0462154622346410438621043730209099
1059.6256324063842390092335888809089452
1060.5075112460176452645051943702710471
1060.8199697613994474173870084974627227
1062.0098807811214936107308059932968364
1062.5701504895438669108851805548245554
1063.3198998744946500915146938111844828
1064.5172659105898650922298559278326036
1065.5222791971893889909490537245813088
1066.3954426370595508118010146116892711
1067.3459486444146977504592089750723184
1067.7251971406135194263882753530090357
1068.7122220052081836288497417856004101
1069.2159573901039124854172507949928891
1070.8215894410707580956218862111299560
1071.1206679512844180619392730279328469
1071.7832621013529418532618577594668684
1072.7469918580066602910624474906170451
1073.0825843906889028460808554544179496
1074.8264766328282999249176052683722707
1075.5517682568477236881297706361327084
1076.2601604143698748243448903664625503
1077.3350483476696816255371101021428888
1078.0391037647931913076022674233166279
1078.5588400518920592945748470945413630
1079.4557012061993651535809582789888708
1079.9141085045047658302159829848846593
1081.0000948276623571503137529516516063
1082.2019759781830182878658259972286092
1082.6442193416344472784140616486992262
1083.9615119738225608150927766103719018
1084.5173678817249489533737518547853454
1085.3114232539471024409555713684087166
1086.2402476858642332326778460466078726
1087.3201958520784282239611069458801313
1087.9382862077922816353606568273727484
1088.4621838363501076999020779953649694
1089.4349813152158831725255080022139145
1090.2275501991794918213109769130467169
1090.9891846642806298103314503081297611
1091.4854841702951381351280491353093860
1093.1028793328958404961233701215848781
1094.2108510164614489433294333134079383
1094.8037095831681219601314694116524497
1095.2441045627352348919659233808678616
1095.8934132370673865863153519192605146
1097.1022610834171554988674093024459877
1097.5633753619904410269742202033871564
1098.7512184532511544259066949971607555
1099.2956560115099617230803254331491723
1100.1990480583928772934117175214226091
1100.9956903962289634306909977670048506
1102.2099835503175539709299938930739186
1102.7185381487919550175822219336211271
1103.8005890165558267275468344555143418
1104.6564801370267576507972335940889147
1105.3897391381980913068607709348434869
1106.3266338445074434983480021926006792
1106.9758392134833396176996575772180543
1107.4252666228566407769798537121219606
1108.0756488974826372163231698689079443
1109.3406728187525349638502913435163959
1110.4800370055484284926766646668285321
1111.3891258204517815713961665236975265
1111.8869467969547541879576791965368083
1113.0659239355419757229803174487048128
1113.6706670603986227714253852415089486
1114.3027897347057083632895639217176669
1115.0514150400100108834985065454780119
1116.1133084140021996228896336318519159
1117.1084650091330082590237310849682467
1117.5690274258252629339177667805244937
1118.2329577249728542299162892827872416
1119.2453206649064307878811219981913135
1120.1644801799477158647217210186095159
1121.4505407753572471918504046088257399
1122.1779567429776942559573966372694494
1122.9049953205544308005695990419063183
1123.4725171996089669345334369316064827
1124.3765751958770035054900636428743281
1124.8663526621814901389486517052503224
1125.9609782660098596344611450520973343
1126.7412367687140713511726809132251465
1127.2615142358614856731855058569011606
1128.8823126315391275243554130404976854
1129.5273422722967489972150119502902619
1130.3631243193830860815907067544097005
1130.8383853866432763317666913197594227
1131.6443822408631549519736343203047978
1133.1027298457818046085894686651855498
1133.5039745096136769876748802556715592
1134.1925314751673655361443761737871163
1135.0183221976721905420914114966255298
1135.6245993605921125014383183928567989
1136.6692055954193820902572330318796878
1137.3063056768205379321094667210772460
1138.8772580768458935933416596068460239
1139.4642097215609760778765874471868725
1140.2724612987073428116043747361578474
1141.0937433165512471285252349795146536
1141.8323234533339613307033865280699957
1142.2686939933104200357210131979840213
1143.1481102969418493290501945746323609
1144.0879630842196030667301368208797787
1145.1408923208378298585227915231181781
1145.9974834541860580441948622659744909
1146.3812655378986140118232258457537026
1147.5452545911683006227134643263877197
1148.6857297134985763212772986449054612
1149.2265090608017025761228714474312260
1150.0875365887523247983444410264186920
1150.9625429829357293921257902811390152
1151.6405762854720780684201227829141193
1152.6527323375887908104177934361053311
1153.0993468564424028302743090555508924
1153.6698675004979069172846178644684249
1154.5630761818466816230021575479613011
1156.0622475842766001163417703220288514
1156.9891225984653609941249964828081781
1157.5811521077098638191292849680302648
1158.4886956360262306560181870290782675
1158.9674550466270127258766763773060207
1159.7152010884478939039513828859110065
1160.8456990225881818425727661268223692
1161.4975767612172467735010113256655830
1162.4881853219611510517326588854027960
1162.8371512788140036810767402918658282
1163.9351872349294869422878236621372792
1164.8922009841339754375878695758589606
1165.7482711332269703101894909028983186
1166.3879956512854457344358928281733390
1167.7751491199941789156722155821635422
1168.5445196170034940841851928221847610
1169.0461439143348295218642482654252310
1169.5298715518352230188719341865706264
1170.4511130258299164501538050199882718
1171.2309096648913641429461194902602474
1172.0437616083723199308237381876442759
1173.1242108973770761933348220909854352
1173.8505877578856509817780493949092419
1175.2869638947993069351331266707639791
1175.6080661256830960158987991891658892
1176.3194074621435485065789317480476016
1177.4113106679839965852192513646565489
1177.8072462453837287830626288879416153
1178.9875979725086444396499061665558669
1179.7096769954202952700370670694511071
1180.5872543640927781102824333463959371
1181.1720335541312900703466612254090135
1181.7001730093285425463869209846678540
1182.6967661345973467384913344304962041
1184.3906173460038713844600945808783596
1184.7758475217767594138577721049403483
1185.7655817606685000762624423543066650
1186.0830507620530450319518890883258333
1187.2820634190309786417650764872303827
1187.8976958057656603392612830024841749
1188.6023016881324016642726281390278812
1189.0335265425132226868972858668571207
1190.5140085279417087459450650472464271
1191.0798806156072657558532023527711483
1192.1908083535604330717433438287876770
1192.9881663454678907928644137531326292
1193.5623986870394003845494091008726600
1194.6137688555289019132721554051421712
1195.4423793456918626498578404819261693
1196.2388999328876114242703494262792369
1197.3083656585534946798960046284774871
1197.5542063601343382503030032555097093
1198.2305011232756170332165851362910315
1199.4110613522932631971945828016773791
1199.8253626641068264186768862745556597
1201.0592239984806943759214201004634020
1202.0496379595291024815292227419020599
1203.3501650425355096698800471162147634
1203.5323863038076430151127435474807588
1204.5735323632508651755832637097190014
1204.9064771148706104310547821814733995
1205.6263146090831826819501859201204100
1206.9522027282646587592415203118691203
1207.7923428093067825284705609258391815
1208.1991132751142998645338051080085795
1209.0225509006688588175563574230771978
1210.0811956464764223837858691012304759
1211.0696410254710948554322025450283688
1211.7396783581618673996761917317846779
1212.7820670622296175978941623089833521
1213.5021779838364845971852241277113168
1214.4023858297549451102984731048559783
1215.0851676193862386708633577103737215
1215.6364059174316650437949447598525766
1216.5821874052936877350517325791113494
1217.0219344141551581008835467637104512
1217.9268125261586134462517912538352543
1219.6423446848287652107456342752347851
1220.0680989504597499245789733714228969
1220.8946685153193340533286646238952563
1221.4936410149249991370909900440834573
1222.5912345589946209041580041095763989
1223.0991932443664416656421710912238652
1224.1723405971465810513631927447712548
1224.6335613798489625657893631166645381
1225.6248522809037197517772648961666989
1226.5920508224515944064421596099103650
1227.1358291443999641115360065930879908
1227.7005082310988450147142328641782535
1228.9880322468321643099481022639720839
1230.0831539691913722046778321568092774
1231.0042838381237109916770956694313861
1231.4792824279370980221859179536001820
1232.2710411991167703806932422071368159
1233.0456920861648384587754617949049460
1233.5066234564838922726696736275844237
1234.5364883649388556715249770679235518
1235.3342356986194776172398126499523757
1236.2526307537450480612730080272034986
1237.0953545171578289452428954583336931
1238.0694421318088765682818552309605560
1239.2886795573133389419261144522887322
1239.6002987342141392093986626490251229
1239.9973573636332026011166618508323073
1241.3679540784276245743286720181141226
1242.3152574981257015726577040781481682
1242.9087149392847169339323446982165187
1243.6311389158276780798454878580220796
1244.1118288513806249300326734809545292
1244.8783000962022437771009976847945619
1246.1309076501491455535664073446104556
1247.0469172423933174440246491233554440
1248.1044178411145936319170245281785442
1248.8114371197680625826851286529933629
1249.4980799744772791841724693949802431
1250.3574327153602682487968058691635005
1250.7772133665222805719135979207909566
1251.7354686790164047451073536142936736
1252.4093054915659023483130820978290337
1253.4944107304979108486796206902749963
1254.2444796841609283661894373958521565
1255.1283855256698160766007338581579070
1255.8995565376519086890935453050227174
1256.7298723351344730227786406787998651
1257.5981167101948203545477251298813634
1258.8549967673278270241958272140033797
1259.4234447704184027584013836835762200
1259.6859799869268825009553235105633553
1260.8849848764057149592351319087254839
1261.6627862202981504252979356262582784
1262.1682107944931395924299991599650328
1262.9527432528054874390146448493205896
1263.7233265788267706964604966799650723
1265.5139523392906774333876089736564017
1265.8879018548172217781782082688497450
1266.8272812960977271022756379181093611
1267.1746627179349019089978841749418924
1268.1833946291650963916306601228511642
1268.8783342145021285341408771748005061
1269.7081431850147796438559598450655859
1270.8553973016303990476135141858036765
1271.2619424215137569329585059535325316
1272.0116390443725375471384089802581063
1272.8140974958847611803249030573981196
1273.9516711537259624541224585623861163
1274.7686955393638929545081178478923083
1275.7048783087053125084802401861839537
1276.3925083429689613352285019441009696
1277.4912360822525179211392118641407040
1278.2132019061735016656723670688487577
1278.4712947105741818105452519883761390
1279.3852956495901040833216376471428289
1279.8462173415322896425086247537242614
1281.3376025107138046847777671016526272
1281.9034667912325840651422005421692357
1282.9430705466711021965271807434757515
1283.8462185492643372408492755210943124
1284.5596627324551219398074673394576134
1285.6170928355057130988871634971692784
1285.7814027327818551524700199085068221
1286.9116098638123782317190363695294717
1287.8064083408407553717209807826968362
1288.7261524506125433937057899910828055
1289.0503598935653419950895290787094618
1290.0429301621673759363106705799734161
1290.8258856140155307144613685447796432
1291.2980113587936922321262943868573078
1293.0885005873916137585145524739199205
1293.6744189884607721007188403890567796
1294.5723657410386174156514406879861400
1295.0863913100742739578352288357804029
1295.5924516876877387414088318283121189
1296.6503741772738707703324056966032678
1297.5095096938073119743275421091251924
1297.9823988594561837732371234518386793
1298.9291298517931226376197037511981834
1299.8058242365411960696643118674342049
1301.0347377474074454643168887026566679
1301.6284276891660314184898972165151793
1302.2559306597769136034310351158037344
1303.1929177520863188946645105100429834
1304.1149971252911535953039603994542334
1305.0516366477095211285798116741941639
1305.8130722275418466659883213332687018
1306.1623690598437940872043551321199209
1307.0758318035019352309218254544992186
1308.0142505715036536227453705492236793
1308.2327556706628421373844243616634181
1309.7261393290103559680629095430116688
1310.9084652244906331311223180515244151
1311.2467757405493391501200970203354328
1312.5437003442899616372667521643998446
1312.9839543475865393236241509234603240
1313.6699144096414500865413488100360091
1314.3730627591432434386907695401642125
1315.0203648775880484266903842279403763
1316.3454860810062042899566297598450100
1317.0516506561319447581315649096749605
1317.7230052005970393135573190719192357
1318.1016284772615494681946035497222172
1319.5304369661802151495663205248478855
1320.3924720836115228548998299899521057
1321.2062277794462802556221684893926880
1321.9198614518228761918048147086517372
1322.9442477890487014949875922288246562
1323.4079990709080764642451502100917204
1324.3027158818152859947554429865153411
1324.9245938312267587911300858905322659
1325.5336954123165432720466684735876720
1326.3585036507679451133887796905019349
1327.5257983525161781621977023129935545
1328.6206506312836972947717174592359580
1329.5417820437618366080766974797839718
1330.0094852460756741848162481357753335
1330.5889392104501746549415476071595779
1331.4855444852757780681023914073029704
1332.5582184752937796411600702025038792
1333.3086904649382407864038189391656523
1333.8299069941160827480305772911135532
1334.6607897493040137199246070785458734
1335.4921612051425140367121916506175324
1336.2887855569513859193063551683402719
1337.1630113062168749378394748919157656
1337.9161073056000591487340940082933125
1339.4472192976359763589095535189200474
1340.0101453984990847932282101484843141
1340.3952201440674625988798299640695968
1341.3896609469179555456928469572282832
1341.9069564502827843037922830416933276
1342.6120119372682400117475392791563094
1343.6010478870487049893743192825651604
1344.3828312246763298175211370157443270
1345.3493719968742602488263997541152113
1346.1281853217927153586655762631547903
1347.1729413641151805950482319360817939
1347.8325253778586703100632754862067917
1348.7257642901134078098247261290303394
1349.3299853150272920740527000913703542
1350.1670263124450452206339730895918992
1351.1126173205204624640920994238950101
1351.9929880411303379068822790282338934
1352.6262604102486687525790915699106096
1353.0299886826627479332766117595331541
1353.6879226022576066654029954215048341
1354.9865414960777803776555524020085737
1356.3443681374996740094610860409833954
1356.9600036813453757160189005388547514
1357.3781919935402200207234881602255789
1358.4544146149276049162011821511993790
1359.2294896913593154023827598250668526
1359.8035799395074665738612936927447613
1360.2668911287229176844381815061811408
1361.7557845680453712871285973292408603
1361.9288648746357679150343997023937152
1363.2574096285400961666431661930427725
1363.7534793384182846738737841722350301
1364.8372598779331852763977702490236455
1365.5925212631368141465226892792751243
1366.2671009577805479648026986413578853
1367.5387092822610834436898641329436377
1368.2169518538449522756245115432133555
1368.7937036693502233608886882931863731
1369.5894707552842398382850825140420293
1369.9402437526124695894984307538402366
1371.2228949905503220919136824421116786
1371.7365428874799434675615820906951525
1372.4860663589517421893606541114331066
1373.8213272312327930399005519143293769
1375.0189041727602414761378654295404667
1375.2798378102627381859509976299675133
1376.1758629272320189488161794828464954
1376.6757162034296838840675777858755063
1377.3862062931727082958048919164915682
1378.7225497743362260629290633914110585
1379.2484468543265134576955129999311739
1379.9396093228052698344331932501079539
1380.8004936645506262152944290150502399
1381.4112067991821610867128068894056656
1382.3433616416359970866744086161557663
1383.4827215066588010650738955020482308
1384.3802436580335744024489175238549325
1385.0093571625099146215256534447642282
1386.0245261582701353375420311810969219
1386.4289108917437332439388243012698017
1387.5928633492899169940725823875920473
1387.8298048868824961905075642767506597
1388.6385994143093176013403733231908470
1389.2755662144701221151928917056854490
1390.7746285573253969793033117647378290
1391.5639661675584487899531514850257059
1392.1485989368829602960670478476943098
1393.0985448307136524565610677146260970
1393.8285054011155187502356691349725550
1394.7006669263381250750911057076787917
1395.3897770335421376551485040134992087
1396.1773481163392197091244402986916907
1397.0292565466452642265152006198555284
1397.8477162466752251703456207272839418
1398.4123830719079555995281562811361587
1399.2486491308662001852302836616461904
1399.7528669689288553298500957207807716
1401.2342006840634399178119114289655483
1402.0646096816854402627531605700941690
1403.0685148640906664426796954418271398
1403.6690943673139248010857351113571693
1404.1851303105268901188002579575089972
1404.7624995859762302493222619564121250
1405.8346194732997072473828925259041680
1406.4029064929738690249754676405351024
1407.6355219427433112803388845947294423
1408.0539739513277438718458731092801251
1408.7635404209617780966079475860513030
1410.3297809870965906779874510314908037
1410.7642571274522105896935158115784779
1411.3962086482669876004250976538099632
1412.1964288128369144195676531419088966
1413.3659010818712710841190042248577444
1414.1863655338699818109793952164224964
1414.6973567185115158010839796059433681
1415.3925239930332393515292283137114497
1415.9710512577067163605702142056458591
1416.8814851443181005503550714583468648
1417.5975379356392731486238099894878009
1418.8861562661125202551179794152019260
1419.8913339785053619810253928776270581
1420.4899997861360426331422821091301239
1421.3352501686735198543482302466250599
1421.8265158414227032866644349577874149
1422.8805922339499881925962577294945129
1423.3901958889984074599862759659737434
1424.0314671381820116832462381921543357
1425.2535415205251989201323957811189133
1426.0626594324234625383984233658555803
1426.4717701540468506710598222622280674
1427.6523169840990556521016120707623930
1427.9517891436987343352828449170384949
1429.5097510069776836910308689274017724
1430.3096180799309211544905257012659510
1430.8828651710296009918794168304060576
1431.5920256270497073342255734643670384
1432.3424799771001448619554342445203252
1433.4413378111090226670586604889737569
1433.5293591102747116601909483285190736
1434.5590020627058880687222855971625725
1435.2019342926505500657802043566120075
1436.4617968739094085140422856469155298
1437.5616772541603791536513242833414771
1438.2003209627179546782173094962377688
1438.8258428081591497635832617747882876
1439.8022816942650153707657057810016079
1440.0540825767877269344184377476339357
1441.2410836557047173107220203432722046
1442.2786695093340826329268708088654769
1442.8135637353957596604583091198887686
1443.4013826088184151889856509423298482
1444.0495468848495900294168941378354015
1445.0808454203716229959947019592295324
1446.0372901023654882193165139413814451
1446.8597800196243727823931259084286016
1447.8843683299418630166004304382145732
1448.6315302478500872999704675331690307
1449.6401484370867280060006663001938788
1450.0888085160103017257149737426791449
1450.3998727657299200621541667400564458
1451.3758833282641395516166231991963102
1452.2441909111777659118795136769671095
1453.3642612696477800210353701462740610
1453.7495250477093408648667936084723171
1455.0793684444696225279157486286347390
1455.5302704795109826427638160996151571
1456.7427797291258696242355785396020029
1457.2035985008014958537186312522017948
1457.9886300524374075082372547518038854
1459.1287243767413417030720480976147407
1459.6007708921750392264855620193501322
1460.3307589656694254897010111746693091
1461.4426356269704844227208514543759353
1461.7395203342670077091316791342168257
1462.5456878454874172220629572072399967
1463.1269988048912853992172584780126369
1464.9019819935120634533398595793046785
1465.7159298791582052463554059316166265
1466.1860360624441186402295243759540616
1466.7079988642883274796261372623964041
1467.7353126690046568421995691619385493
1468.3411917513199022419775834358449479
1469.1861401610051303343212692740511118
1470.0018508115213680492915278830997609
1470.5091438766924073732036407488043543
1471.8346780155989795611735051475388629
1472.2668656821655474237035053059636967
1473.1823837976207271652959130727099852
1474.2792599049104771930705780825576370
1474.6840231608046688067533889579045858
1475.8357493175086299207749054477307658
1476.7933624615941041166974003699137858
1477.3164273622370959319517538830310998
1478.0487229313987378442698030419863225
1478.7244990677187643977072555557655320
1479.3166064658687762343618276578012385
1480.0544674076048971436678066150475888
1481.2803644296668719381655911585315506
1482.0023983384735659481040721082997628
1483.0418878356707667181647581145611733
1483.9032869023894450063168639796808916
1484.7348752185512323952342128155481900
1485.2997979209757834605982585187924141
1485.7044737105253192515072849891109729
1486.6764209184639651646518619607808363
1487.8024812346843176220629973955928855
1488.5665799944958646546086027527173554
1489.1060149454388540134024191043286318
1489.7187951994002900062784323909721337
1490.5089732493594289144447094511958270
1491.8561134516636471622042563603931598
1492.3878677783423757529043982075814586
1493.7233097099894252788761823234613640
1494.1086338122250552635788800816172588
1494.8578362670341787494180752805730009
1495.6739296754920605118062718566522311
1496.3252296890901347097565646495145644
1497.0898094078799728382221980617612284
1497.6564000256164428063757874729445085
1498.5556338911697318909452118881382886
1499.6325684390436737305326721747797486
1500.7572411476771787573492731178179927
1501.4752589609251525366442309558786272
1501.8587463253584745970135484951177264
1502.6317752846837807478952852009418213
1504.0621648223366841928341485070138978
1504.2191256256707579546432533303696167
1505.4335858141532210353527972432271854
1505.7600920834660064016383224998440937
1506.6786807621399668060833149615811533
1507.4958955636927737982000041976921864
1508.2250222164123143937642204556945885
1508.7496354349243608156960821915640149
1510.2169864310829861028600074712243713
1511.2411354100435863650495634948329805
1511.7491712358837588788133306826790533
1512.5126039587496569787592978990300297
1513.1595241236639572274767951554338347
1513.8996174781319863726583388470716845
1514.4023466126378778153408920053031797
1515.4391677960659028060595801489615896
1516.5312747005000927955020176514203995
1517.0128486652493536649573762718182543
1517.7127278357478449875349989774308758
1518.8456524984200355860318614125906624
1519.7670742518654629350150138938925228
1520.3930063740691314014325722876399865
1521.2901792755242656654632668898538571
1521.7386910639004881547996541779771729
1523.2565741177229618367555569980957484
1523.5338866619712934253766916386263381
1524.1511523769272711962213416625869285
1524.8222207661525708365084129725729554
1525.5516533852423841268909106992811260
1526.3951841775430435621157386642697124
1528.0237175279259893479477281196838709
1528.3071044300113064764838535211522168
1529.3460851702771820532397681171235632
1530.1325592269961245330215824999441855
1530.5747027541826358836395938992403143
1531.5097133514611771194496128425625914
1532.1133118323689919499664796821055111
1533.0546768694136846852923175705356774
1533.9283586897039973471671607913578381
1534.4044842018757432080998590430656241
1535.5269098170235736360528126488097535
1536.1555562758748339293100942025363199
1536.9257235562289093013980156125489779
1537.8422311614884439624026195005111728
1539.0378601426892077078251944737382347
1539.7968910270397410155951256360391223
1540.3493576898361279273757434001720220
1540.9749715580603052834209328437174013
1541.5028175101746553718523204696058644
1542.7017336126007224967783321471152980
1543.2532608453572816044988234037579484
1543.7631557164072051421319416657504039
1544.9679751553272600981660681260799626
1546.0886809532064900931769922848465341
1546.9122171285455052445369536668414554
1547.5184727486698380470627857440374678
1548.1970769334030921553512433076923771
1548.7862747481438424388652473707912581
1549.8606462935470301670501455120222945
1550.6662528483179995443271433838374478
1551.4121134081825129178492120067914102
1552.1668795887169688296366108820077539
1552.7987127722887661184441059322415768
1553.2642035920093610285627447224165013
1554.4187613763706264600816138382431685
1555.7183787518145426297141280560889273
1556.2846646869418741442956198563402569
1557.0428578945681842245667531957308739
1558.0136099013378751739019946767218788
1558.5366505867061350976189849859035904
1559.4404645518967213829310464069447261
1559.9280468637999265839545355481490900
1560.3069434674192552112087250302127390
1561.7187649364720424912525678631510631
1562.5586120461189066378762875927616419
1563.3198164424449680115076823247676209
1563.9535925291565723209847053689590305
1565.1448852009688822586755265740436370
1565.6795742857124927442617555899424769
1566.4667591602296675219262327707638122
1567.4182221243450486997501090611314189
1568.2135722037348648921249063695047820
1568.7261772976837067442405260828210280
1569.6897094750443267206245931574342650
1570.3198503177277347688652901821653410
1570.8118507347019033725947674103778451
1571.8574696675970743181951943057087006
1572.5533913823410293681889022130440570
1574.1198426483505893431206467093127429
1574.7899765723887538808599231935300175
1575.3580945472624177020620009445729232
1575.8562522441787453853193451236301286
1576.6721748293361668095933101488136317
1577.3541726297733983987980850749705962
1578.5700755812198333645554362479329306
1578.9687849636691606495413838403308838
1579.9137200262571168281001199595702226
1580.3859629892289749797190767458202382
1581.6989007846911443858361119770701657
1582.3466416477058811642944783875155165
1583.1369189410589057568087056001206258
1583.8546847746449154480043980090680741
1585.1158150295671854015323677762057913
1585.6494691150795654875926766704601018
1586.2922403549445254137835645161335834
1587.1123931232037038022395259121027276
1587.8321141433395373111329048223876343
1588.0876558733310470744228551650254031
1589.2694418384418202145495795754441258
1590.1102645899213134579558330663326716
1591.3996669802450789409036144343247314
1592.1114468182017520496454259160063742
1592.4803464442306356822382893706907694
1593.7228213756130452352032853282017421
1594.3044323329462376761695044513047206
1594.8180339397146590934131858188300846
1595.5963327247422782786813607897698793
1596.6639691152224217107341993869952923
1597.4362980555755408385706413572413433
1598.2580157523165849398024013681164984
1598.5916329130446854745470237205666522
1599.3794770998917141428957247539331871
1600.5712767162196371407681907187912560
1601.9485911319059394301120462915078830
1602.0964139000373673238454386613955198
1603.1246385843079992479707911723560715
1603.7541985825687208597943805331253353
1604.5387529512186715683509346541349505
1605.1574707045384890766582393144870061
1605.8104259929515874237204699171185465
1606.7172972599900394592874382633773113
1607.4441420630204908736317101991930164
1608.4275307652335192652059752985550496
1609.4867038830166230128519172018175782
1610.3663020429982774513474091228592492
1610.7673030357278249648290849396450136
1611.6125952571400694462238305610919738
1612.2045583907137337875056238173056695
1613.6178093401092680581132389756218714
1614.1646265352525498447407323752286676
1614.6331068553989209411922802426889940
1615.2622064210267715325966925397890292
1616.1933475548899672532274534056815388
1617.0115775180739466997618009228251632
1617.7025978613706343779374654464059704
1618.9069728994390536093508983278971882
1619.7948955162864760283696337911507242
1620.6592121598799534854304798211566779
1621.4056060846691378001110186335063944
1621.7392555182902585009780128181281929
1622.4484386739598644708823630482215694
1623.3909513553288582733821649675826873
1624.0480939909699717388879609391357333
1625.0504516299357523025289467592851046
1625.9599624062794364448747054602586366
1626.3744225417552247764989680892363413
1627.4882696983722367535644475722281230
1628.2043468862301893356451851963988391
1629.2188271153263375597993663040279459
1629.8864362394080078664044581688268758
1630.8342524968093631421550464180997583
1631.2166356600267288945403020367802783
1632.4362936799187972527790620918394754
1632.7695917971021859188825678571282446
1633.8267094448654534587442655237175591
1634.1202218769912528296477254487588600
1634.6552769266831537374707302430102192
1636.6182294915402262053893879609347968
1637.0022668023846277429617738847460975
1638.0435364712170374969434597899784293
1638.4989837790436357847980171652225517
1639.1681243733573705097315081586594220
1640.2015339435703411144081274316541408
1640.6991266503271714526130336896228096
1641.5517261301423586587412398533874365
1642.3912788302197949236580583421789771
1643.3000196985418702683384480211008346
1643.7147322860908998333004055228614271
1644.6143560646796769950636603049517376
1645.7814965118310126735409504243750061
1646.1719781369758477760785431077111442
1647.3595235265766455222747869623635349
1648.2246417117213417040701196394886943
1649.0926452858791870394721827197743542
1649.5689592698474273511790026625802501
1650.1443234845994082496934357046492201
1650.7705342583988435671715903054605302
1651.6838582629168988301843340668615601
1652.5507703536168810364813704411647185
1653.4719789688158457245845426709157139
1654.0705585040291049190452833162380628
1655.3931837843374446747001227083398366
1656.2408470324925312754887766276682796
1656.5429868697321635263870544025948991
1657.2741012909285638157184985122014637
1658.1500047469972443797646609806807739
1658.9950860149837144848230299193071506
1659.9978908304505911273207684676420642
1660.7033959213610025409627411357038940
1660.8878159664114403614538972723364906
1662.1071847342517863621211210219032417
1662.4382155327345022567349214629412736
1663.7024116326178275294449608128728019
1664.8814783536329311144815943953565938
1665.7042092249529168797642134791370464
1666.0926382477220658377291488818866398
1666.7651801337707855990026346256591715
1667.9531824551740966474848997934299030
1668.2165229527281364359061822973950557
1669.0218239214566017077850326452765806
1669.7359743197119321104980814619009846
1670.5852274351636075769030924606964880
1671.7756678263287021852941798594996957
1672.4373306985568921955935275242040991
1673.2750424381806930257258785975627915
1673.7523034993512213512844574441309220
1674.9278536499356947162619585575615970
1675.6080324831231717134473916040200849
1676.6059473645931289795519697189912821
1676.9581635121174753310003438033998575
1677.9784112105209647329694847817839554
1678.4968358469017778428997587265164910
1679.2871741764483624437002696338749916
1679.9780842697960382069246668601948845
1680.6789209246449927337193183995712121
1681.9712533478699921116567056869552276
1683.0440368797955234866498223972522161
1683.5172179482359453708394720552198447
1684.4081726272584539697815546694644032
1685.0986735237153200277819244486663948
1685.4767361633989051788011826072113035
1686.1672725038535693355680130561356691
1687.5118181210314541036963694904468766
1688.2627453188480408307845756490596205
1688.5808680988871095080022083913427503
1689.5300286473348514045668654700148934
1690.2449249897682126429490118260485961
1691.5530470549603004199449604614035526
1692.2274320818105426586300070805566022
1692.5984784922011822787643248611052847
1693.9471743790796980049817951050430651
1694.5561860892551913406226802727747011
1695.3803306885115616729241838836988396
1695.7935849531707786647752887279624035
1696.5657371290181119716259452394096446
1697.1466387342396684240617024857938495
1698.0788807713613193090050828284720733
1699.0346948369208770071992700231481016
1700.3559708268166595469366686697546824
1700.7464711664978196785560373284117641
1701.5624935689147202873246098151849851
1702.3772949826051547687398157289750340
1702.9123877183256479308931590037492728
1703.8600711662931621162700207674375332
1704.7064932664664327433126756527790071
1705.2313302707044934436742600075139807
1706.0366894900397840455482026087846838
1707.1878110335167946673508119741940634
1707.4893469310799878008400076501382132
1708.1613168992249018805072799299898914
1709.2274694536358686878662884599103447
1710.4420600053884431392123457779579845
1711.4083808557735758275234585848609294
1711.7743460593914709462804920634176830
1712.3915878200342839325180159323684795
1713.1025170640183476327416134133352319
1714.0872300650668021142344812495564772
1714.5987083577330410638817939610826532
1715.2748069386850411005937459453712303
1716.3190516002448409084386504436668010
1717.0855363145095929015165168587012851
1718.1067949694506343752041403056528032
1718.9814143161123180963695080441850112
1719.5661741451176181889542834138822888
1720.4526287150649878277320864547640597
1720.7818172135023929623763409840194998
1722.2012710632516020836605739263771453
1722.6171304487281091426418196867461282
1723.7482950412098513703144235217793355
1724.0398816393975250513475843993429217
1724.5605310059798579079868137420101379
1725.4203986169077915044426721421181423
1726.5537193905392000480750540503070168
1727.6232478779895999059150589448615678
1728.2682332395307285241191164706442470
1729.1291785948826780383471746002313455
1730.0706145996377638992043123822540766
1730.4733326082468644566860283944088490
1731.1986208959657888149791876932416993
1731.8552792423487447830779528661686794
1732.4837915147041435264809881586453593
1733.9826862172457642098000453638551791
1734.2018338317664235703828135069931661
1735.0195289382229430845515742060142357
1735.9870650923793600889928013432406111
1736.9568356671065106419924771635794727
1737.3609264714181630672881955044570468
1738.6818425914694677140183910141229695
1739.2326168033543855615576747947118423
1740.0065811040566496266874060421408288
1740.7881806149935407802260820559326097
1741.2148164312344361784563568417193825
1742.2602226133584959274895358341431500
1742.8556909507531220175669656169614511
1743.4088877912827005923123945983480374
1744.2865975814135689606422642010793070
1745.9497178370150211474883564704138176
1746.4820131119186315240025599633781842
1747.0605748660017892014929510337476728
1747.6879653935177727014796468075284206
1748.3165266091081173578746050214018403
1749.3780277325096015672679031743742995
1750.0785955195810000005080626149235099
1750.7948600404110259450625224776436074
1751.7624044605402624965673792092126417
1752.0446822143973437075537357128934092
1753.1275957681122570477240638711215995
1754.0226718944537036129766021181864662
1754.5521367703879936041916738543888034
1755.9837329438346699145503186384323251
1756.3413884165446599946012408341019522
1757.3679112650536204416354415041516188
1758.0990856546781048858144282443487606
1758.9125942936006628410182974302028755
1759.0502222194171316637792650694183081
1760.0325824708863168087447394446041195
1760.6417100086269096291953192817080180
1761.7854295772772197622469210936691884
1762.7986405082199862641362037572923858
1763.3077782948241824135241361756626117
1764.2722752840051280640347434683557549
1765.2409985666573448743830187677509268
1765.7577964812130652541049121398195854
1766.6230352926642423821194049305258781
1766.9277743953450940895952366933729049
1768.3192855528897526975424638343690577
1768.8890672356571408685088514990395974
1769.6517924865331787200523219308034841
1770.1836253862278963580098990625377432
1770.8555742673822755963960773144848153
1771.6504278835851169202360790797508358
1773.0041482024056314888611777442637378
1773.9256289444472403705922556523986044
1774.4920951624131297627618801408984781
1775.2752398201103194978433603021234440
1776.0248689387269458101833510667852344
1776.3498535134411335910531488460900362
1777.4274990385199338583591636123413433
1778.1082027374079591200055272913819317
1778.8391263554633697393551514363136754
1779.5655263436673340942304572165458847
1780.5953737752759249396072085853812790
1781.5290210738433813756940729676355883
1782.3366808720913482444686593275465116
1782.8295136264766715228320588994865199
1783.5093457442247576144713244145740552
1784.8094740668208874676922667252328886
1785.5920345585120647607243756054795114
1786.0421772033501153814089342427480953
1786.5460089566869067093909405271011148
1787.5128458163975983267854503045941932
1788.2352920319924076434646998887316649
1788.8122467034307482485362210927229658
1789.7400294866723805661700559974830275
1790.9432976928759458155211778502766344
1791.8207400478663902686340113543859563
1792.6447812466671593820730611081891057
1792.9928520274535580723674686946086750
1793.9876479397277033249528059020626753
1794.4357486338459650552419720311543036
1795.1546326224766407874040367179908560
1796.1508036504062508360816861321910223
1797.0524204352579076084527493603870834
1797.7284099294104051156935738934209599
1798.5234136920819047154946288961048889
1798.7602796397256717462042749753740257
1800.4172791917507444893414004639595706
1800.9012500730122898464935248317219532
1801.8431867303351962881471343263671731
1802.6400463666043951438330770158840297
1803.1182714363396376080638301363705228
1804.1647904232450544969376628279093206
1804.9377590699022765501119838953552135
1805.2789651705362842196362509438887221
1805.7826299848059767381183570286064506
1806.8345643439961597826147622019524133
1807.9590740953401130382665283996516631
1808.9073842017231774383044580566901598
1809.6830190682693491373173127465028076
1810.3631777820055659956265486293076474
1810.8877773609007915425434716901659133
1811.9733618096560088618113261964453110
1812.2979049306771277587775505999119452
1813.5331137387453022407822395968488944
1814.2119665452330516969981019761188817
1814.6089122722556048026447119788918300
1815.6892212253081201223208106585885532
1816.1117511147981976197494788956634065
1817.2884734291076741536143266265028972
1817.7929654828426576257204510959579514
1818.8779238236114172891442360336835755
1820.1573003426680392425464945813006531
1820.6534805731748045712562737466067167
1821.0080381715063456422961504372308236
1821.9415666735446275365430362262486337
1822.3923967297326890307015735029144168
1823.2122256228227632194374293707300052
1824.3007122033301883231427683761128716
1824.8846862078901943918258166976393888
1825.5240944652281727349459133082327138
1826.8294495570856346933216801821277635
1827.4767141069697965088909758020379064
1828.3494445347610513391537536302354909
1828.8048340454578933194190267113501535
1829.7234621198945606449614180292095592
1830.5188103279531500091136470349902545
1831.3663771500529601000728453672160431
1832.2060647702832420936309759741571710
1832.6716968112387527243180916320764308
1833.3606910559772417739608987969828582
1834.1436311927571873190784773582492969
1834.5933523714761718838547763933152465
1836.3143827746674996840774435364693199
1837.0793437469520568645857446232798569
1837.5715162297130587185402022321184122
1838.2312634769161834757139435351617143
1839.2045604233688541793755861502834936
1839.9595843503170959453976010158058149
1840.3261883884791537144340575245979187
1841.1190251474052270110781737284690185
1841.9683804156040238335720161745008436
1843.0554632785590986579096920530797463
1843.6290257221872309607117556277402961
1844.4115428402938751194602090103891428
1845.1736662254980495130952143203890793
1846.0679061166992252170598926859276294
1847.0318389584606023397273748759272916
1847.6790078802872594731816822411662913
1848.5806702963647103048622497139721656
1849.4467687750443139218037200767282857
1849.5777811637422380860477954962362494
1850.6401404069074851486606480060541664
1851.1606975009618312086771362613000450
1852.2184095574316903741537549448388665
1852.5548609835030146648340723741708648
1854.0354227881147305285655684113723470
1854.7212270634755938759754217169911741
1855.8723249378207603784071728681642401
1856.3412355320880458794534143553330927
1856.6930885212386479856609607386447534
1857.3880498214598730604014970998047074
1858.4929002331993114065789396310509505
1859.4562550434733896408830655808316118
1859.9787381766669114609877552597821878
1860.7782163980908867864996442430098673
1861.0941682101680512676736240029068175
1862.3335772864259294992226615698287117
1863.0846066032172900509967443159040011
1864.0146712468716759937014741875771003
1864.8161808544673730696866190030443810
1865.7051855671829060938238992876531935
1866.5220018689802455733624882516392971
1867.0210006980691858433934327150849212
1867.6751362238284226498973914623891341
1868.4087170583937281058670998540141096
1869.2421365952669108076079312050376160
1869.5288203863087979488910330436390557
1871.0927244011514582340466652085223607
1871.6864878699899162974689163121033861
1872.7258206852737928149026055069907732
1873.1623899406007046694436121702955846
1874.0940795201424864893459956143606630
1874.7673681339548664339658664996805778
1875.7784012950650898546307838703317130
1876.2818247824453099081899923422483623
1876.9151366433562868376833277083549159
1878.0325255512066709271579589503197841
1878.6591387963980690320093979896336408
1879.2078777002640363935867258391041973
1879.8228842232152079265813641564323644
1880.6709965551802313952969222634533152
1882.2103548419515240867113222958258019
1882.8580482392135066190725387547590710
1883.4762993770817614513343306430827773
1884.1966530744779315667916239931422719
1884.7775902635885309556191716624349344
1885.5467088517667184621323969874051983
1886.3147139265911245038939993483740992
1886.8966319796823069774735994626160429
1888.0420178012792076641082542031882220
1888.6601321137789281379058342983091189
1889.2109578902515573540274035571643283
1890.6212296784314846256347259160464726
1891.1225286561579912950861589312528022
1891.9586213944198425473191858349261697
1892.3899455933455540025739626216467796
1893.5548956995757858301362809205374255
1894.5434970673090551505038492087370583
1894.9448461553014690828119702841546248
1895.7773878829955371500665485203636405
1896.0802497813520704076455612470034863
1896.8490424653027697060823589011452344
1897.9765608994976548220272711507806095
1898.6809941793548275019446991222859369
1899.7708250061682557065829630271302321
1900.7275730624388646442264460803603502
1901.2614418173622343173577922479174095
1902.0491351461144573907323095047844554
1902.7913237595602969068670498938597656
1903.1801073961966595790290468847280373
1904.0412063078050162819836226605661114
1905.1230666416706845617150177582069275
1905.6924580621410995710593708638535788
1906.5168603178027814541586205195623543
1907.2373877951077394191320434630857410
1907.9326114477586884089500719282279989
1908.7845839525549705328485742021859168
1909.8176964061042743157274823073047014
1910.9383107808959066478286312876135609
1911.2327742682343723461022294901375588
1912.0276833115475813020494348886500598
1912.6483196328510287781950788124196021
1913.6071254018031591402410759806761671
1914.1947220599775878169134133808342940
1914.8038411361170935626254020913093452
1915.4050518018037340506834886407766678
1916.5087012120354021662218176413175266
1918.0003854227537384937609504870836595
1918.3844674982515622779564091817039817
1918.7361762557048372809694329474880296
1919.9258752421391601785779525104588085
1920.3838975081016454262610516371127575
1921.1589616195618331106262688493644859
1922.3342110544600460559820929566954822
1922.7043905253485928834451894448212219
1923.5543855271694320752320063403190102
1924.1470193337956897832576097180546045
1925.0462120849919914938991865249878921
1925.5074617287718650259378968100128109
1926.8963349947760011487659020979819387
1927.4852404123931665254201668865394678
1928.4689854396855344519404001433934051
1929.2978578087601402027440199743543168
1929.9828419703507925142275811125417907
1930.5742246458134705114851897048009526
1931.2166234508646453176315950878530460
1931.5284921926184757679395291381359844
1932.8483152398812252828784916129222176
1933.6078096418653034153513879451181603
1934.4636443209124718408155901586341863
1934.9802786163576572067898132409516870
1936.0838102869875360987791181577054781
1937.0147441590648308765263602869580477
1937.6471229647968407564734270203424582
1938.0672744688299156549504853900373232
1939.1275585121882183266640163341983666
1940.0210983918330609005658064506871855
1940.7357660446467642812065998538067883
1941.1259351482445106297622357669008273
1942.2914014461788632403425490357345368
1942.4552822930770322707601783522023698
1943.2222801947399376048315612566054797
1944.4796429292685003466848481202491697
1945.7117536635926125757307432949844896
1946.2859799675345020963256468757336105
1946.9351409967315303112396827576368111
1947.5045541915431887090272950014862592
1948.1431777730664982681820787487041105
1949.2935269398591405848503151685962693
1949.6460809261057540457684636467691297
1950.5345576368987121420697510191833303
1951.1872273533960748835050596385917711
1952.2096293748576620515545847192209081
1952.9528917308414698561566745352357776
1953.7400715768101908766183348412798894
1954.5144633578742051016323908980751113
1955.1193358857857105182986722674265409
1956.5054692265179500987748332082893453
1956.9940274354343042914419619151258469
1957.6471632494178681173159187231864591
1958.3136791644010319455508147063659475
1959.0957734161328918263727956347908743
1959.5991404539228132433614908366481257
1960.5655732880548994203933188607776252
1960.9938290771546205525982683273748422
1962.4305091291792282014871419257302605
1963.0160324634284154322675809957117538
1964.1004400945797727731492619295095177
1964.7654201452416015266779290814261800
1965.3379505481049901740242304592509319
1966.0333686879027345849949628386113945
1966.7056160226037913157080970460465941
1967.3928350690935676170126985916088244
1968.8259630477996113079806688107298023
1969.0845407536998058441053206159603407
1969.8470883876793261533872010101506975
1970.1627565195019581098044585535668906
1971.3719545605412891318172182613123906
1972.4184626244077171897118303400061187
1973.1918232242433994417835438469774103
1974.0996828570838423527435729977695623
1974.5103159728708640820705853525530954
1975.6430839606925142925248300850769007
1976.1593575992203425135616789502805001
1976.6893705823457373572857094255380673
1977.4045274089661308794530328632485406
1978.0968754506809906502264666639789585
1979.0442264394487805019865601224429617
1979.9690642776056647040818376693326161
1980.8963494135863527238444825244786266
1981.7403904168556001767285467630171018
1982.4328063868666746287708526371071717
1982.7791614690285820332280434377870850
1983.9112592709735737721574334620388880
1984.8102278572740530682072765371132811
1985.3102735471049226196324154160790432
1986.3477705372816096042790152099045456
1986.5379474262540151640583383089721495
1987.4951525756315845792839807600187219
1988.5624822194428578197519799012001760
1988.7919735773373158858409659487181603
1989.6567167909354283024022803264005396
1991.4607384402320882314510641425207597
1991.5714862257953795007386180804111787
1992.6260954561402363380572701608380857
1993.1421703328082750599615370272718397
1993.5290120452500418494443963250257591
1994.5905276710499148442757268503062917
1995.1076268704334757651852121470422471
1996.2168580866330759238363529781358460
1996.7013396778225998973395629287161810
1997.6305856657739053682463293486335200
1998.3727315781280783973779443978206359
1999.2803994715359873855093395150556343
2000.1226462140482420762753088840355445
2000.8758984374769890677981026550630187
2001.5277430109579530788576840123687000
2002.3547538016684550422404944954771077
2003.2594297867280232983306094544253256
2004.0034127641640303321720438392123186
2004.5892465083261851287948461747585952
2005.0973846333784920951138525655654875
2005.7653701953000019807436819859625741
2006.4880998883241031705511986958005415
2007.9754332466964232614721351436084430
2008.7851508510376115497474918913403423
2009.2416068887733086926583438472120917
2010.1004452284467325146894258079964961
2011.0344736581873356990368137832201307
2011.5816562150750656093663401046948295
2012.0021574891164714948322005942017039
2012.9964194174795844884581899161518445
2013.7792904019949864886891890170082953
2014.6574231032548206067871629010671864
2015.3430091365270405939368668104743881
2015.9565746247699997132757271665887946
2016.7427654425625973751640890079049370
2017.7307996697631634292481676380585510
2018.5486158316784577899011157756424294
2019.4278261756920093606864685926037772
2020.4926393910234896781929756051482495
2020.9100538254651057602915481315301738
2021.1685627979855871931246242138926781
2022.2572348835157603147896733908428852
2022.9802654513191942441223787118141117
2023.5305491940408736848183533323921443
2024.5853578072439169293928845324268685
2024.9766483341605148055323273995581318
2026.4629308384139549969244198581513814
2027.2996669307082053320380928963563352
2027.8060716488965980945212055513569994
2028.4865475559851985153940830395898222
2028.9182222645118056234361441444384696
2030.0076417268168974619335099644263089
2031.1299790866616285743697111240349471
2031.4433472184669390363177503467619523
2032.0995268967467277868980706219159459
2033.1458223605540359251701364125829871
2033.3994066447934445360498275196928053
2034.3501763575045496212458907850485658
2035.4473807898292428043103554117843791
2036.2468942712021766395407944453235959
2037.3800212888396568644468272287097975
2037.6935816563686503589190588992261530
2038.5706164444693860417051496259904658
2039.2423839403768067565282310009582321
2040.0421269673292912306044070418227829
2040.4821726669454274030963986205641261
2040.9892114271259142395485352211072981
2042.3859055914621308611361509169842819
2043.1031002119539213532744021153434043
2043.7531552829116607265630463841237798
2044.6816413724771904818303728667802187
2045.2493053777080365895367821344284785
2046.4273690498216894407572547449228703
2046.9292061619331963074558300229048029
2047.6473214907535699343855880454874197
2048.5791505388027662673241782769310817
2049.0673254362628662695233184324450530
2050.2218620000179246358846565895672060
2050.5586578321870818880001091453632222
2051.0975847551461059551708157063051875
2051.9128463523015548401748338429029774
2052.8642905779761547011707519441062019
2054.1890507369353890394724647842352434
2054.8813943000852992997517630397403164
2055.6165298441471088494813130880047985
2056.0199258530031409062217061089544840
2056.9003981268392222036566640959545753
2057.4313944049534107606159448971540580
2058.2380429582494712723705161825588721
2059.3298889062098687490183296487853908
2059.8586113804584186987323125181850143
2060.4576164163286704642886854629556563
2061.2384756018175126700954223885071408
2062.5056789125123122438050283463167222
2063.0390955850196711676533916531338629
2063.6202267890347281273016756277306695
2064.6204750535450064965654297552132458
2065.5914319548578469088936970103000997
2066.3991512435655362908691845170379093
2066.8738078628909072732241652185114828
2067.4833761757335417344545310517684045
2067.9722383344233115448672934539467125
2069.0448151024409225509580366287783398
2069.6137867947998422190659014101550091
2070.5103582722235589011566546557238743
2071.6932876244561527919218843274184625
2072.3913289423243697541761165379151411
2073.2148827950711206768056682591660088
2073.7276587956214761486706690567246276
2074.6856897113182129334199571410115025
2075.0548530848720388411205912451077146
2075.9746612396808020960085277754709737
2076.7565278418615738867519402094143188
2077.6651428240335581257478881419697880
2078.3166330307999433162085240125737721
2078.9849972573694203622413900097288612
2079.5352892004190871332497883680497840
2080.3319486902599531302118516966831315
2081.7819607534815737467691494066241012
2082.6809492275263637119730360985971840
2082.8596137821306033367071375280124724
2083.7104637054058277533296074577007056
2084.7087592552712778309573888604787079
2085.0464507476798966520981609141842052
2085.9351994339952763601546025095369694
2086.6901965300825576796616652276301534
2086.9569450129688218077123579277381138
2088.2812873606179548368963371465327365
2089.3019065580693217823104658426011998
2089.7902469591947031462750373248343471
2090.9163036486179012029069397667873589
2091.3436505300581446536397951387978180
2091.9939082062825173154517119990166723
2092.9298944332781038580055628178339102
2093.8191880661818835999266106491685449
2094.5905055371945007690697553546091366
2095.1819760221627714834133347326574341
2095.7075493621186581300610065630067192
2096.4096464242448014234144183790627006
2097.4153984620462329130077639330942339
2097.9456362092836704876719063058028961
2099.2616170181237989638454947773387436
2099.7877689646308922528239719622767468
2101.0850832771475862364232844928188057
2101.5253538617257996958754531650070444
2102.0518021711166992186163329377011282
2102.7496546498772952850373311174567905
2103.1738276403887048249936117127563024
2104.4215294082754841396300135975170656
2105.0128228629068876014252520187821370
2106.0323507432713163460954495361145836
2106.4258913641865230020831756006958785
2107.2354748647335207420146217266131502
2108.5997285803727144128511815163641065
2108.8569736216501422191840044622997721
2109.7199201747361772913619869198814600
2110.7032966873342026734219112896923546
2111.4224793258083038926110319261653254
2111.9859464921020230619493478230530271
2112.8876518369668717875654497799813284
2113.4701546137188161994927236235793224
2114.2032953785347227400861555708246083
2114.6620844162649364045769807733336992
2115.3776222348301405642091589858491822
2116.8924277651906757401488140879692542
2117.8413174663254341519066496480630927
2118.2878414423022765385381590512657174
2118.8635178603677695904400397732866822
2119.6133411805379567573628353224733838
2120.4920314958408799048338251495201930
2121.4504202451471355299440000142719158
2121.5279023977875353380931673346216573
2122.7182835125219436479915730171066001
2123.4370096043058126080055989923049038
2124.1898787225957367788420975206158658
2124.9775197252439535470087395737011123
2125.4929715002481448773043102228507757
2126.6524135099357605217759367015261803
2127.3140501256069025833407463073217369
2128.6074894790696213312522002312188005
2128.9339335024399093734048823976924364
2129.5924370016300879449373509457774899
2130.5402416777665858057523425066095794
2130.9009072138444651151670642925305978
2131.5531048878328725816329801091711195
2132.4132550784543670594196736706974080
2133.5127191802504924325888191314932379
2133.9321027580668561054530891720005677
2135.0416548840112661522395570804807145
2136.0388826190681190489350869902495434
2136.6688594935882874914884002021715506
2137.2912071254193270853329163594351233
2138.0666199511148483672538618204700105
2138.3369152712891258625026975288706279
2139.8507987491928465723670372302182399
2140.4744612390704119631307403004179280
2140.9658905691219119192516527314065550
2141.6081259044533850562789770877795817
2142.2113195191331330492428035925311633
2143.1344600686383445014904693084781809
2144.1474645712045893029889958346378691
2145.1501366741431856785941342058942532
2145.8309586681983061853407260694407635
2146.8171455402011895212733696887859448
2146.9950809092839200331494253143432459
2148.1317717507924521408603729261875313
2148.5285288318936803540039714970858561
2149.2388886635312713693456016375293297
2149.9590058638661131916610987289203707
2150.9578768414852004385120654077375058
2151.5127878459828959946750477450976313
2152.8376841376082431533108415395977253
2153.3507858572418379896097961806245759
2153.8186042850840350189589325522263919
2154.9251309924643493023533233744301946
2155.5783230284434228518799983343302243
2156.6503373638691126030252826663955797
2157.1617353855499270600841638892314870
2157.8016907738993938227950463921768182
2158.4082479352442465389537654453834640
2159.4377591404315126652275572726552404
2160.0478096537453735262459634676889614
2160.4408737643742235904874563031185947
2161.3153426807255975824512304785946763
2162.8350662574307923088983134871695929
2163.5200568469421597798665475322664614
2164.1724062139779061138145568429131871
2164.7193983548173481114147212732297014
2165.6774693585973276923997193955194021
2165.8527245215583115679162361277197013
2166.9315477608094610792127816470441964
2167.6746566359442829785421537274289630
2168.7287569866308184667477192891257127
2169.0500173431451908827870747997785904
2169.9301331966471827321899063292434693
2170.5548592575958216563465646329426625
2171.7535729312247496385211489538252744
2172.5490890234611760443902931024893117
2173.0628487170564100253345820134398773
2173.8750068025383802423770544709033837
2175.0177336947327179641313960287957257
2175.4765206780259967109922421460121322
2176.2436535476998692682475265336718211
2176.5786550583769850122513287290312261
2177.4272545906157099396816776911793536
2177.9482845903932473505577715292382597
2179.2966629993825462251282053538683861
2180.0137018250950854174908240870253923
2180.9116387105863238313427875323382254
2181.5805053586148705303468489125764904
2182.5836424412692414354796324384896800
2182.9184765364533532895987298626869375
2183.6135740376441951591781449063170785
2184.5874816798135595797308314673905732
2185.2634458035183236984093956082256315
2185.9688683917712309285757882637669762
2186.9813900764642643853789493650216634
2187.2788780970370657181571489248477550
2188.1619412343834609347028045329423232
2188.9425370102909075031840257667661240
2189.6690408537795121682239202475844758
2191.1330391885410709911474910519332388
2191.6264376398222848259430347313125015
2192.4299709812896987756543361020577357
2192.8470170763778528501029556525064297
2193.4033602846611346141690667607146685
2194.4316568877428174493741868771251989
2195.2004438908896973422652829827493633
2195.5849207848774158441116909215282246
2196.4948168626581345207009592888269486
2197.4054797749676869506805264964689014
2198.3973892868545032490252740781581376
2199.3192864520332155615473330132269032
2199.9034175693510417577094292812556015
2200.2066712763537508330928674396886612
2201.3502811664883008970571932193206162
2202.2433256151621275310651778968892275
2202.7607776252754044363002219270043830
2203.8625939822417506837056111150161144
2204.0869948684626452619430800160626810
2204.9779782028789238601869070541938793
2205.3894845815321094731622117645135944
2206.3898433740729035233932185244493940
2207.3374397689043341601326545519754853
2208.5861801096497319110070328382599619
2208.9442905871989512411879780076376329
2209.7380572925310731144833370469413235
2210.7341973852479193012028232418681550
2211.2501153737417165585593977944268771
2211.6859113019878544960862629662174044
2212.3965913899674929857224927161718324
2213.1913375657803487200842480513401510
2214.4882017893399020773117206250494401
2215.0440787163513095505587219864927567
2215.3107611531962872021967844238195855
2216.4818863589951493046330267101380384
2217.3281362172581317939532542554098338
2218.1218481414917510477727921596119119
2218.9274473997198472210734067054921250
2219.6450045509003277328942324186247191
2220.3271574167704926825865617017537180
2221.2508645731247598991278603125379755
2221.7680934695125881424574342156564195
2222.3295214464843956078380555326980639
2223.1376755424904667121967248819029428
2223.8476564837200298859008295416324507
2224.4615274991030935241674227915366575
2225.9324336101962815276225744963918913
2226.8146018083224919817715484088972122
2227.2668452631046558130794584168566820
2227.9936591178258079339633426229126732
2228.4468604188732273191001137687118393
2229.3329004759337212593787823853430587
2230.1625472045426365635529009832242474
2231.1383904464437918442317242243873493
2231.6789018400157026462636969135851076
2231.9754026303937661681472350055388061
2233.3646512290255179887927326612986794
2233.6874263140725259223003521606516097
2234.8691172056444145669951257182395338
2235.2373308083444507253880500895418405
2236.5172211890354582634335453241612044
2237.2813392488676637888901693646203936
2238.0507965383098423922068854079969667
2238.5973400187374122109239105359084193
2239.1264023671119733640170545644262355
2239.9300292065426215637054051649264416
2240.5078061205124249987159932606952223
2241.3481519020985944188550850332102933
2242.1589807482641492021503934659059010
2243.2311955202060317298290398616515010
2243.9196102776637340506412236381620597
2244.7105322814013829659169157127629450
2245.4618866120353152748465505370743176
2246.4727200244958946237246476693297703
2246.6598843041846025347772410657963212
2247.4867618114234492723485407100856923
2248.4907312028504024985588648797852470
2249.2453271817766955832535744579810363
2249.9388695858947232103474973092611113
2250.6338013805056304034331383473546086
2251.1340470883801214397088362267046222
2251.5638962216878291212592702175699231
2253.3122413871573295382706485259322541
2253.9128017856206929932765847110004164
2254.6797216101130376216535639026844654
2255.4954506025955330748200848471325555
2255.8791623253989499284763465213869787
2256.8387308620778469951708308340048176
2257.5711604927898535398820399350335034
2257.8336004025727227125564212339947564
2258.8885644382472381608520443648537687
2259.6862615562338528450785567066917962
2260.4347441569150608316115086262270006
2261.3341098283441741175532503749490988
2262.1592001600455338994757281021992608
2262.9793346476963165276267831810081026
2263.5236569118230490277412334565327390
2264.1578045410230425362048175080505029
2265.5002942478789137816673740353480580
2266.0656048343305474849241114497090353
2266.5923673933620087550606692937511362
2267.1292325007158343399126305463055270
2267.9363860451123609456906279588104964
2268.7592326717672893041975149802456083
2269.3400129183295296111247366517234523
2270.2581095553037720368146389902999411
2271.1622906008089568312262650727359938
2272.3853064074763048000479272516047787
2273.0250102989526332482138615948816664
2273.5479036679803825863811461866269378
2273.9128128835651952681624502317949422
2275.1100364187718501354849516915568467
2275.2638614724251737029173861627739876
2276.5546003605698983902935477916827960
2277.2500611941870602783797755214948095
2277.8579422582700313188510392473614772
2278.6395507948057565394953306109265092
2279.2216489462933010351400281282146821
2280.3204584253585208886059443849481188
2281.0410713472340409386936802434521623
2282.0382990866810218249983133940343870
2282.6527043967013482532781501380349211
2283.4018840040914979339881464180877488
2283.9928330858025961848308412223550035
2284.9871510675589727108233688755704549
2285.6507010805201453411894937790891968
2285.8351301868072941197456826351795440
2286.6083230434611086087017049770866863
2287.6024196198613915325445149913894432
2288.9156277554139365591186894703852257
2289.5402038530797092314829425073675820
2290.2201895912270282516427489891721691
2290.8174278599149254290394708095552558
2291.7162382646804879964170706655174858
2292.4079315445655565851734486942872435
2293.1270272729387300681321525598068548
2293.7321475099511213433577954871110975
2294.7440789607846478946730718844731373
2295.4941314875081129559385436887901452
2295.7953216155728659180886326790285064
2296.8344228717005647617760217702561449
2297.4264719608733915109528705303601089
2298.3216466175506807793347656240715910
2299.4063744685267494910328072648516410
2300.3234913262248859022478134663888877
2300.8479423641526818421769764287437949
2301.7363518685043974872682652706417493
2302.1184153145252751536030893236248363
2302.6720323360178057789851420711660496
2303.4316669357514851904199678216420537
2304.6273018766663490277980961915874688
2304.9639851167765719256611244272754328
2305.9496096112342340724076189768439251
2306.5312816542851965649934998064309177
2308.0493262958934333663895784512193271
2308.2214284269152575607235506284839641
2309.2182710230086382554194947002413861
2309.4964040772113863727685852224444460
2310.5282742966837179657109532611077330
2311.6439872959491559761038798441998098
2312.0637574000716473594738656242066064
2312.8559914325723383263159550286264067
2313.3167342662241898903812365582125286
2313.9627820960085689090047014692749598
2314.9964806480177712641838407564850879
2315.3913672983041095577319147961280882
2317.1223810989005250922418796458120263
2317.5601876059237717096719381812637325
2318.0953037547616263339895966281138662
2319.0881704733409147514027740940281681
2319.6678579582448525248401526313222444
2320.2011705144042385506795192015708337
2321.2169409701098159027352141128987879
2321.5362646804365406413072715692416853
2322.4040354421371574814066637589288416
2323.5160798908214379226955380154790252
2324.1992029565511036329240900545480561
2324.7646391727107760290186115993210840
2325.5468305177640300630139840083362152
2326.4133918633420197288914144048866456
2327.3854321818555726237053176176779930
2328.2055333139580404327710130968256953
2328.7670383802850627360844461463955066
2329.4368317956428676059785226222703362
2330.2048189223405168908517593528582273
2330.8312991105721260662400368131848369
2331.6878695309690387772222133666083843
2332.0772285339166999237331903826579218
2332.8125970363574559852313757248078324
2334.0593380950687326952057873011820268
2335.0521952624553533824432279504691324
2335.6638740680368308516382564161462209
2336.5213505428090845953623662278190198
2337.0659251331353186562718130892320635
2337.5316886587121855493168711861013208
2338.2669778268532864672719672833528716
2339.4909646052839220127075469564950785
2339.9729214022804850132921182971722573
2340.8343847923273028030214706697755600
2341.4340543510960689892533082043261325
2341.7474807375174230399352250920801277
2343.0709571885462571607250357437704752
2343.9471512596250423901707994893864208
2344.5253518934417262131944240071143562
2345.3828963713990177383391054016137230
2346.4318431985937003321770348958266846
2347.0341429921593320189378115388529369
2347.6233976985074110763073208295449432
2348.1193902254996291050386177465350380
2348.9682329411964312534456427218896807
2349.3711806970184997668554982404111827
2350.4894956932789606420795081039300110
2351.3912229299558510619010794139288782
2352.0046211103446386516363792294844767
2353.1947093424517278703731567099285356
2353.6636798646744126623626312308815405
2354.3351587664371953210041443226668673
2355.2676244740114434602829241905654054
2355.7700120908288740356871651077409601
2356.9004557565345911905566262231434134
2357.1781113981248523431228366728860114
2358.1169092568884883460950956535576691
2358.9509103036786377505851484937508565
2359.5294724204214953619590218849100407
2360.1406143786718767273860854768226202
2360.6674837672573103891162037420816861
2362.0312204511429487695878716245377431
2363.2574114788938133302689070778732073
2363.7725514479453564632894589711303057
2364.0723926527996053516891672469994672
2364.8013958249301301401622060741714019
2365.7536802558125844541264127985302417
2366.4485000454516796631701625812244647
2366.8846956367515698396531677936261479
2367.7956982877850785370372968749319452
2368.7141326944443199752073298604504745
2369.1949678316208957458369328638950063
2370.4265398152697027965142458542255575
2370.9417616196314696936651614095440571
2371.8388790900256260732398742423222592
2372.4219898323626220222240834877986692
2373.3062538787417429061739479846890732
2374.0339201004642513061427474710383217
2375.0752691923046902125692325602682965
2375.6190679536329381953464206197618409
2375.9604158711345573711988946776627507
2376.9265813314388879245547088319595235
2377.2225047057815262455788334212979286
2378.3255712796840626010981006102051357
2379.3349561693769329521015047739205759
2380.0599776396567575317906377794187472
2381.1212125086288685851225252568189041
2381.5935144972973289196866785178249987
2382.6211239097428480363171339866768333
2382.9694863508949909555384582666892671
2383.7141168518527435828185549438313267
2384.0364862280319577352782760198903231
2385.5231718576978849771274045350768904
2386.0726022672187324500961389172390328
2386.6691322288894974892539462503997795
2387.3396769141117086416812636433682268
2388.1876511938209013938341675162018121
2388.9213585230048614375982266375518551
2390.1090449096493983859640501552501274
2390.5532367165450580146260559828100779
2391.7629926229841053543549548722846393
2392.0397274663262436368857976227552634
2392.8850445798197845900762808789315361
2393.5149172398188630641447024077450645
2394.2065793711392597005412494512112929
2394.9672421147992004461979805620310205
2395.6220736004931631854317248116587304
2396.0628126266630253849093660581223396
2397.5532343492243293338307001607956478
2398.5752603093372095384943249863509538
2398.8766669328990591015065916432454501
2399.8167417371032830112264858568796368
2400.0201557821510041371603166631844867
2401.2089277505382758756852392782029131
2401.8745680824176010516525676210973455
2402.8618894435985981368080675523139521
2403.1757460895255594179163675170062754
2403.9545790017711699129435896824673314
2404.8023201359421517666675134014709545
2405.6324296107929920715177248647130853
2405.9229952524022460277832950180331468
2407.1288268615102518189715649205482088
2408.0770299652145007955057208065709374
2409.0096764689290984312676323276680048
2409.4922211851585499173699125362286265
2410.4091370844358018419642251674509458
2410.9245309583683962548099791695472895
2411.3299052495667579607257373811033757
2412.3103897694005586454253973714694288
2412.7613117066717440537392922250993902
2413.9473261073808627287697605715304734
2414.6991398500646481759594859430933554
2415.3442565338616032262089780084178033
2415.9964337768316926674628287356915624
2417.3299402218169050155116475006779022
2417.8894639257995599530008128854327774
2418.1519150594243168717085661736802484
2419.2858100500750295922319659675160297
2419.8660855351291090118218701665384882
2420.8644490964009828836844439332430522
2421.7741232659374506748472583045095879
2421.8433719118707508571420820000193482
2422.6039114804560498189883230127093465
2423.3199907812020297794760696931553067
2424.1775329373564892731205421949662543
2425.6090958247846869251106025405930220
2426.0603724093168408447480908753197529
2426.9944550747199895068220592277392712
2427.5792079113920931603402953459016240
2428.1656909377483401562976951164038400
2428.8557612532464572812985570354423646
2429.6533021518760617407560020692629657
2430.3586545614291114239554980634724808
2431.0477930080769911247926447142597052
2431.8871941035280175823241946757817580
2432.6476000544232549827002642810802717
2433.3671509623962128013261112119736922
2434.4639787772878299388731433435404421
2434.8382559658279656141761341258343825
2435.4954623744814064878289707643127558
2437.0701465821573681646428152114513021
2437.3198593133896162327982561498590526
2438.0721489458314919809814520909199142
2438.6118905061068879756531247980748834
2439.3665136622567016782377220402624465
2440.0179895821959948097252558725628183
2440.8729896522655367550420457082792753
2441.4527292957095173418856706219852728
2442.2018093031274116861263284732050220
2443.5852853451370379320826545390335768
2444.2433167257010244616880099988654971
2444.9272551620384385014628058194051884
2445.6281256283083161742728835747792510
2446.0488140445273102690895664839445561
2447.0200060486256631124786446484767264
2447.5205964518157522849607927880340888
2448.6040705023892416053240380580831469
2449.3288493530088491386670450742771223
2450.1186205030257842064460778322520822
2450.2757775055576503148845216594434841
2451.2188213258380996736273756346483331
2452.1832176170179641824355086167387751
2453.2382420514084035865010309605952499
2454.0859618815728346055321270144828645
2454.4938721677642525690292973359562722
2455.3316741171115618920224268519505557
2456.2606689808455595892241329037513668
2456.8000713577218764688631152487125052
2457.4782148727196941522848798818766953
2457.7237790184168863787935440624742770
2458.6890979670428670157775271648093442
2459.8240778868523553061589279662852232
2460.4590926555252639391234670418788955
2461.6162043540166637947394978159833521
2461.8787293540536224300500353951437876
2462.9012867745936187940899872735340673
2463.5998589608537659382532624269348533
2464.2343950598597453129162978354594677
2465.0012545759923473270811114065826274
2465.9808998349366827368717586761633728
2466.5605650082164903029669223041628255
2467.0286464102560775740965262615213565
2467.9255561760174519598525856604943201
2468.6422768428249632032000613007967514
2469.2348616370416360285949799648445653
2470.0264068098393898855222400432034587
2471.2473056293431218691176248532111412
2472.2739456340072071847210649830284165
2472.7294968622245287762451980810223928
2473.4349399453641249884147462599242605
2473.8590695161093357895952855787977977
2474.5004347327445053562417485127515686
2475.4538553561331494585714539765031635
2476.2484014896477574531762223051350652
2477.0500247716997848144253368902546318
2477.4515491465140948261485561686498118
2478.4107535851646516490844883115841960
2479.4974805323479399639436428903485132
2480.0422632234192795822975537361660054
2480.8038432113420021959747727846096739
2481.6303110416189840303977471921632717
2482.1543598805511175504940378950579460
2483.5964755896357437801013185948556694
2483.7249730324590626204293043463873318
2484.3198523618733407194559650927668311
2485.3821819620390592201879114209667719
2485.8449355716325094474815431830173399
2486.1810730491824367849514383938396303
2487.2775860001924674864232059798720615
2488.5779095759083941180974693876276008
2489.3037861749723451649860077008277041
2489.8207055091768449896963575834902798
2490.6695152434903211942795580925932046
2491.3170584640248650907616918518832545
2492.2566379753134663966688800832824718
2492.5376759449206924483084063866090313
2493.2583993291532857618371544197870706
2494.2333344194700013594007496668506458
2495.0815976173310177960519375863237766
2495.8812421561048701729917540216534352
2496.2910724873260621547434342542934292
2496.9204840590975815778664278417204814
2498.0573056233732573787794571788430749
2499.0010500350654994445756889534744116
2499.6491913977592956409838437983437137
2500.6466603956371996828806174387274351
2500.9897609174559235919460923649279219
2501.8451966933423972259392081124411995
2502.3204137328303661316493532298200595
2503.2906526962839231662056593534592572
2503.6860300122891938758042192501734816
2504.4348076152618239952045473380113253
2505.5504943700168860235894333464565317
2506.0731929775869506356848839432140304
2507.5347272480725186435418105000848971
2507.9510491330752220009079592058708810
2508.5235068832519089606310688210555348
2509.2181191831362828297354222519797558
2509.7114153092525089707519210837504083
2511.0046100407185710601802441312713060
2511.6301161304732777771856905662041454
2512.3331228639256735854716300324829613
2512.7516329374577964029797943638472480
2513.5082102718184604167358900613862980
2514.2323658276152959030018367656487080
2515.3609045913481128165428796874553501
2515.7698151145037451397304034156592314
2517.0217975593886565068529127374992270
2517.7450156297059190205982697577752630
2518.6186312668992923613681996875716961
2518.9487382643794700622268065786978957
2519.7496271906393762262523745826783496
2520.4296650663683777228817223409958223
2520.8760559996686671342709206285912776
2521.8076923712847735510978979530929385
2522.6450666534698453024040862509597130
2523.5768711492349537052692150084361082
2524.1719112247276367926978010278882552
2525.0224215774240431286881056973287039
2525.8698036695463771384807864594889482
2526.3835234470969355634060750770459119
2527.5581429224142226766159038485234740
2528.0126676900032507474259821474605296
2528.6453938087212196939411772162856401
2529.4696008272916216410849107493550892
2530.4490186744528926765729781043591751
2530.8504901165766363926041049429556300
2531.4427349259429371592117449275118211
2532.2016988535310475694305468395710461
2532.7019708729251472453689147712890108
2534.4412282978969924987215612547866506
2535.0944468328498547874500163699788593
2535.5434157984663857718913045113122981
2536.2078426454420495412082430963593088
2537.0813282428346413532033004490149964
2537.6501121966937711487846433076920752
2538.2364012967728089462978756964582963
2539.1726192490693945814276523343152720
2539.8882349841551125500077584312441781
2540.6400226730341584050956848809567836
2541.3160667755046890892838301601439666
2542.0081383880452410754659226138981047
2543.1200039913352329325331129702146014
2543.7374750990746730225521933976119300
2544.3261699624965996183806872858001175
2545.3261778899772307683930475319394264
2546.2243974529702910059664453711725732
2546.8706470601961330557380463245334040
2547.6276387830427763470420694103554394
2548.0029890782891730901684792564340736
2548.3364189609783191228898874788111321
2549.7148621803502201300983432577806559
2550.1130910550919936051991104120045488
2551.0431548454326307914907948704210213
2552.1038853708219723296477223347439485
2552.7669433426173435367632595138815459
2553.7914083238552837094178654693099048
2554.2718790919014009894268934201622810
2554.9066631924585694515640437061075401
2555.3212077959442482282558056848064061
2556.4566719870782440988913188955941740
2557.1488547764652424984463565509584530
2558.0596555196703326427626671933144026
2558.4138059862455958109297742770377260
2559.3715738157635734599328898968409659
2559.8141106104602853713194714555372056
2560.6044115403869165643866091815251035
2561.8065582228992301280305750496052212
2562.7135219829061383306806252228134413
2563.3815456920153872748031124241597395
2564.0024607387441529256045468125076349
2564.5020429348186472850417300072635100
2565.4223419691947102697981280612064473
2566.1659387356597187266040490424344404
2566.5889738097419897145290665104720134
2567.4256598735792640230340218356246576
2567.8644925082057948802745571830539049
2569.4109749903915960151888832461156654
2569.8862550142926782069981391612257158
2570.8285606542430932408619531617096634
2571.2653801862264076248668737387504929
2572.1262575147819280486966597962424862
2572.7894710241413665014128326339673742
2573.8087595822570440100974699444889777
2574.3646308688817180973616895012631318
2575.1101512193468985783541152788584424
2575.7264593990253497701226629314508670
2576.4662034939709140029721054057389493
2577.2295475327552420444079468385893359
2577.5795955480425250116061978023884079
2578.7462852031347657438103082167088114
2579.7217256776841658616079775127875896
2580.4689035152276073142145681912370122
2581.4792155318415313576410041865949786
2581.9738377074558732804390215483828693
2582.5338525783459535107257890492785816
2583.1564469240671279444022575848560335
2583.8107627320397935220642064255982869
2584.4701816691838328188739003837150350
2585.8274320585930821850513715443196218
2586.2817018300295058986478278021808365
2586.6377240842675031331827619946753969
2587.6409627466923516021231730972668337
2588.6705035277158500743082914289571177
2589.5258261379614639350505078122534916
2589.9737188079769820128768955336232026
2590.6393947186820558778581590259573807
2591.8508554459983619281104182571238949
2592.2751229640919133846249079640320316
2593.0821075984096110581568000030328883
2593.7777521547038701341836971982522695
2594.1430802961250873609676914508561068
2594.9999824982370275588433699068191173
2595.5301278416659863612601605167581402
2596.7473837816237087159079202544195409
2597.7045321792424883467069554233775788
2598.6762122034979499952474377951986999
2599.1871634706715646946934408643970591
2599.3698332765515759315856708640553634
2600.6023202279427303376791834016848849
2601.1745444651273758273541811549138284
2601.8785993351403096528124086013782905
2602.5817510577338868979576892035476665
2603.4042585826447708384068135259298107
2604.0301864106599387874033393239824365
2604.9234033744914994402507356911188554
2605.7138205726437657821571362066494916
2606.0890540329404708265354463990111273
2607.0821434710810190239229879841893795
2608.3093512920293960616251606554159099
2608.9149691774336781600841506761478969
2609.6370432974266925569297606054777443
2610.0845566590518574157787336519023252
2610.7860825020493579751780131389175219
2611.5817457645331503246231341315532342
2612.2792936085698288122887558913208921
2612.6950091207219212182714032461442531
2613.8999987661345101665580282652193091
2614.3652497849384420091957256775028321
2615.6719425085489561394250261366636239
2616.2656867735594931440108702098536720
2616.9699934852045668853446816642423447
2617.7683968552395461724033105956319603
2618.3125154300324307559389688393062888
2618.8127752033752251471161754662837290
2619.9238257948514923015790325594366422
2620.8953515801673352186001032366464107
2621.3836128965888274814783664974078839
2621.7460417396909095915475411765234580
2622.5706834776227508446553176078295484
2623.1660460461068041556606869775424086
2624.3501270773283540402613813468734191
2625.2908958763631012945193388523503358
2626.0783862554372987043221818014161307
2626.4921303475637296930540542262798848
2627.6827426620603581654271271626814559
2628.1060071829347999041003926426328203
2628.7477067372433574403351898864590615
2629.2020722246315674036634306208247274
2630.0502246046823144531919135446883142
2630.8449314008882205924042598939742463
2631.7766006112725067971400905292824219
2632.4679838410133885971509948100358562
2633.2487248946709121506177088763139945
2634.1513529367088920326668687099863601
2634.6876570148903507427483745237772865
2635.5443861550111559626546948680869076
2636.2491281717194736093670699344429117
2637.3010605192412790270591812094485896
2637.7910522445674997216994786782965169
2638.3294724534710569160012337210875602
2639.0774693333745025924140085628100256
2639.8896999175026183302787882246548970
2640.6673574100477498052227683579234451
2641.0061823287338853171919425228272024
2641.8077809647936064180796310956692282
2643.3807396187405647236558889407968529
2644.1048694533723739474088680646772765
2644.5145207168774219944719836219436955
2645.2567566521685951461036165033475278
2645.8802722624695494257638020092671247
2646.2963724306328412965046322524885016
2647.6302368234171391631625859692840625
2647.9910170700500574396476107873366941
2648.6966108625525693264595224695970975
2649.7286654011778294018885608327685667
2650.1512519941119985572244140994477289
2650.9253401658353679553773311899025379
2652.0090617525884787058766448358751292
2652.6535187944186052623641706159254400
2653.3276646477542323811081736175630591
2654.4301848806146611749610784168843679
2654.8091328547728828998283903037984960
2655.9085308928805504913678625779276192
2656.3001147747357247705040943934637891
2656.9747174243383395219302033852734235
2657.6280565073455060169441552805793209
2657.9862424317024804844506371837617116
2659.1721996202168821288830310387920202
2660.1975092296899848653182826590751452
2661.0566370073279193293106608831638821
2661.3957797798842372398280859892584615
2662.6243128605667368240895582430908433
2663.1209776547022973563870477360493303
2663.7417053307082106578829912214497212
2664.4350730466690862326217465855597814
2665.0918583221926064897881465411251861
2666.0273452518626850129481593241069026
2666.8533772243526469443742657414713327
2667.5152599981149173187074427092706881
2667.9701110730011328117491206994117042
2668.5583930402244354901691040978026631
2669.7525245990370874549052909324577277
2670.3753034406591969146557195843620257
2671.6685796089866850767641991388106058
2672.2208898813056152598162627630111309
2672.7494071738455382473817925267870452
2673.4614090767141527462099450501814725
2674.1057316215701715122268815008660424
2674.7082196811257056742758134389696856
2675.6622609597085345054563720665643154
2676.1125828390971673538741290135911147
2677.0448176304807921167111166943806838
2677.6403569257075823093387448289565471
2678.8820489072892727430428532249965820
2679.8402738458547648076274231361721113
2680.0407740334635149232030022572413383
2680.6806351204075222169440972943214524
2681.5461957210380426325465711009050450
2682.5684594301975683991843477386520298
2683.3629289234740925560842827675378571
2683.7434343769768833451006653265283444
2684.5951774504785479533887043206414235
2684.9990892343165302297870039516259373
2685.9102063277507000151022727398935594
2686.6184092300677037073981805558204417
2687.2664902782163106234640461222418525
2688.5715011449144679191906173687885872
2689.2885722412672372558967765656063293
2690.0932572664969473329059410903470832
2690.5431467502444445154841989430548185
2691.3318733774855610305950372667362460
2692.2230464451910998622673652546937326
2692.3607824383492101837726109620159416
2693.1060773714089125953044276451179525
2694.4753315519242371038673502974288254
2694.8099451057503352088713455592085650
2695.8235771364237696042491007486156348
2696.2499068434685646289127970778927573
2697.0628491046296005152240221882837596
2698.1206703152651873905153591522356724
2698.9172968969553085304536632734093362
2699.5871705059263817176454383245354098
2700.0985272682903176383571234620949912
2701.0535255860830618376922758243915623
2701.8898946932807590102757496461437163
2702.2358469850705488898828692603137107
2703.1296867614749764442625950483503884
2703.5525064022280098507519848446807841
2704.1309268219204623616729476132366456
2705.3332613522150783447531273898684846
2706.5401796028778606418340964330005563
2706.9755944477715653931209528157804228
2707.9911636783511240002617516228731383
2708.2031398515775154375447530768541969
2709.1076485143363207649122074191670612
2709.7488907980968129817483725054978547
2710.4179147003924984757118207693012832
2711.5722456957246492985024916353977296
2712.0251051772534196530818046985145394
2712.4881020973218360092593055460815973
2713.3627466566948614051319114325584994
2714.5330308811105981755208486844249585
2714.6235474438723397195177102066304913
2715.9826156000835850679553144821994029
2716.3524123881878229108380796333116977
2717.5861787464679204140609160884710708
2718.5883296386749783014273559899502657
2718.7134638697804217279227615481997223
2719.2537576587694883951954134599918619
2720.0448972018248007370798841082208683
2720.7776950824043803211781739416229598
2721.5307340211236434808481741470024507
2722.2985862227125978723596690036078176
2723.0620765372748695951943539847811837
2724.0325511776287364879765039473338638
2724.8376728388681492878467908542781898
2725.7421194698205723540525766207185050
2726.0969371800807477266111557749215030
2726.8815678789504383760471068333753462
2727.6131641584278035300943490059438270
2728.3386886145728358155381163653804007
2729.3433014908939967733795025940075753
2729.7167482831188676708407627656055717
2730.8496060226803164815426939579189381
2731.0090978304358106772034504246302079
2731.7315920622108248862548221533778356
2732.4023643734070248326186823212610320
2734.0530254222720955917792035649464567
2734.4927239213471617203945281753185152
2735.2634101108012119878470838323997236
2735.9443774586867997167374128204084301
2736.4146505785767144493738063588282740
2737.5146935081969926482717547519944351
2737.9175185414936159653759616057488945
2738.5671282265285438144925745988417267
2739.0911234952801086209821906167355913
2740.2226417490689221641362685310850774
2741.1280597676178037686313710753873776
2741.5951722438199470041998960978004470
2742.5467100922048779474136324326887610
2743.3203881583337482971603635743755037
2743.9068763885934103863739068146056915
2744.7034404971823487602872836180082528
2745.6818807679929627292454718478820825
2746.3473340610101058229150684363508632
2746.8979322159506669823225660648759458
2747.6583677408470053717113744769558047
2748.2610922702283719641141002605969594
2748.7545301726102498477657889185641734
2749.8028732691199838048695162981530216
2750.3695208395744222374565350017985260
2751.3100391891847933172550409095580079
2752.5042787591680619011381088409861871
2753.0785453701365092099744717340522895
2753.9563569757520376728539234917580045
2754.3315319460641012096013111554479505
2754.7433364037220436243288014759645682
2755.6191344197364848579524170739987643
2756.5343342746954405919196726886332765
2757.4331997953549666793221167918648711
2758.0269087687398090232962890175049812
2758.5475978514508546531860339310408348
2759.1843937051477836309502925157311861
2760.3819726131253360612071365379630419
2761.0723571037285525294095410977691347
2761.6589784484605994509351163925838022
2762.7175888330612373487011700189006606
2763.5129027297454825940253153495698840
2763.8631646338535506288911569609385599
2764.9478470701374100603396825417442849
2765.3866597053385882414996063466305790
2765.9687315958026365172169763859991025
2766.6435257109693595853949707297923597
2767.3353912078451129860775774793817088
2768.1309090662657384268916112253906395
2769.5720595771953106664471323391911439
2770.0508637493594648252844519592395920
2770.7332780276801111601245225849069483
2771.2307336745896859436273762602513045
2772.2861698593200099578285024165076554
2772.8726001869448975729615545858922555
2773.4954086210113052664582347750003987
2774.4779135604771000655444635697139770
2774.7412211332434281565800382725571643
2775.9620239284943965688546382013055857
2776.5987622643805720019068959510530440
2776.8436367361696335149645813723609276
2777.9568654236568354784007994227540299
2778.4000413371035864321189881035136918
2779.9820130561478324181387834700118592
2780.4997149443363096853796862406193902
2781.0896763651150394515211066776459938
2781.8927370578494579606894464857219344
2782.5138774049560266119048617333150799
2783.0390633157385983503917856010721812
2783.6543481534032984251678803685550326
2784.6123047355008564351084537051531531
2785.2462942891392385496302257616108215
2786.1605298712607721708473883879478035
2786.6926938913554925119053344464862370
2787.8089976522437546923741616298561970
2788.5431044102412428884877796918515156
2789.4798828411699900302113531638149499
2789.7087562387661625532577290173662105
2790.3299297409111058537652647327440942
2791.5067374738669497909693665509617483
2792.5498148947673774984291909521369255
2792.7051130849094533287096908666634561
2793.4605104683490094366627097266780729
2793.9460014440077798486795354688359214
2794.8096363504854596164674601925895239
2795.4631279568256852916094418602031210
2796.6411860457473106870808302374515960
2797.3877828668855665892102107049443481
2798.3520374900121034465663135733943651
2798.8045675833784894238138480704353564
2799.7714678928603043972330296149749630
2800.1503061407491640800504323373555155
2800.7663918993544530476162337107964551
2801.5778897059066747134203693500450988
2802.2957621237271349311918574621021133
2803.0187584214798032660782390616489782
2804.0199268647880501423913264453492436
2804.5376366730680206303009427010849975
2805.3769763946622715143396961737226394
2806.0458332805245254694439015470744728
2806.8170036663641641190692782086899479
2807.8413773509785799223660245448784769
2808.5488138714909394309237046198925488
2809.3254551617215020250030749493185204
2809.8854545188965101993848363809226013
2810.2449995978583118746818179388813125
2811.4988742915532730913427036302527917
2811.8955930190085552162729475191450490
2812.6902457358263435927900544564536696
2812.8038852434147513023325684264133163
2814.2979153070051356835282940106400017
2815.2883664916205051703814386239792572
2816.2275932390054373657259993615917501
2816.4833725748392467105661244226775927
2817.1707732943615056428251745652712252
2817.8844169718665907114435336584057145
2818.7167963727502835930996450617654670
2819.2790708157595819771201815435938400
2820.2862924476029457570276790907268584
2820.9570212347350065411926134388036948
2821.4919802195325103638729060346654570
2822.1871313500988587510446135712966147
2822.8566681459920789930586178042453349
2823.8843885994221948197491108923571445
2824.8348726711215551272083642385002660
2825.2740228803532291390327280174635808
2826.2887968744221095339842894937472637
2827.1454088498374694921249141967436816
2827.6833129415919483645975143985188102
2828.3150774449313736077598832434707562
2828.9313143162480066857709575332905563
2829.3443631587752003398221438830213748
2830.1609411445155196546386616534192643
2831.4144373137736924980804809475049623
2831.9645520338216886780833804533720990
2832.5459043231354894093707129993794365
2833.8543799220850443838456315196197766
2834.2029619266900089465955582567954968
2835.1163464634391488073527794864881207
2835.5992717381349241463575512531980182
2836.4654621497994497423915104126755526
2837.0299263955629690672812863900826559
2838.2356128735119393737192749262077867
2838.4899041229396449258813506766195934
2839.2562153626831301925008312988256792
2839.9648466715856985646398366916449053
2840.6617145806241686492613434198568921
2841.1381976907673052183916403285425765
2842.4283676581206659566555830308840548
2843.5707345055246127394932346718551021
2844.1640893994705068222546546499160420
2844.5320752190410523288420899424224204
2845.1889344084031838150447530936301734
2845.9521797548640214306525845770118132
2846.7723601617245030415297581917156632
2847.3404477595468668440387797427864469
2848.0802762474570334944787693887357745
2848.8048439963573924823568070309058708
2849.5078320270586586181570456745864931
2850.6252956547927444264691015726784507
2851.3700033094515180865906757486256251
2851.7935803829299692613100313178884153
2852.6503430423323549376909951113320403
2853.3906965022889537835258635357120993
2854.5049757865618181005485577412775068
2854.8795352165552184208256347008216048
2855.7018421459897121999985595517969495
2856.4438196057788416009644429688914985
2856.7473481066728937182462208577452546
2857.5764392893878473327583922246213476
2858.4223581154573749816223487982042489
2858.8951724540762508797071759532088287
2860.3055218712835456729073699110417267
2861.0047789820510425344054640126743739
2861.5529681953479716509114893572332412
2862.5693177080718755375833921092599198
2863.1217629864834460137684230300733047
2863.6987391410453559249728455131669004
2864.1716982832947763060458797497532939
2864.9128344043276520654880205691184571
2866.2383623977848318682102065490979402
2866.5657904484155261046494204979278718
2867.4308580642232775817260998540124013
2867.9203222941463406829586826213387856
2868.4737733167476662224254983638035440
2870.0236963765766417226316349679204840
2870.2470185302034547558735707640732185
2871.4278977714355475483410146744944789
2871.7944370279890802661416318664323603
2872.7858953262013578430150476621600780
2873.4003272508136986808017108523029265
2874.0558566667764456285552064752881889
2874.6059529886913794960365326120850964
2875.2226398245837318367793996474232417
2876.1123854287371593397274802524939489
2876.5717889298529170536004140466754262
2877.9081617555481428409800115504419480
2878.8155733414145724141391480551958705
2879.2697413303145210528221673016301235
2880.1061353457659612298019423261847616
2880.8078501862833099564786231390104712
2880.9765787067389989176699490506105807
2882.4673058002235564049649125053828364
2883.0298843192658349869410637713150739
2883.4138594422281055861090733985821646
2884.3040507052882420001442405108593644
2884.9182429254484774834316838980982108
2885.7871919930518006003205223293188813
2886.3976928056913319864147643989769202
2887.0865874813143890752776298863787831
2888.0554430828325550682365458813932239
2889.1980783916641435270985467943472768
2889.9115896583059762579548772320286106
2890.3471346939968494402110195007085774
2890.9279384000866113605889685304323525
2891.6590116937723985431985797553965490
2892.2457657772691859822082053480531704
2893.0743919994689185653481052021801979
2893.7324054477663503480028388460290397
2894.6273557761119904130160723861444587
2895.4316040543852102209566868892635385
2896.0660077812749140665010866137125562
2896.9646769640632284322247508670885789
2898.0069045107313435516342096306961910
2898.2198183772969664666791514929503058
2899.1065319378705051321254125473302938
2899.8775035802611378022411426880872468
2900.5727651293368410911556704883092197
2901.4577323464229473678574036790229981
2902.1635255861923380223002995443602545
2902.7659547613115693414399081832962966
2903.0261148837260431046797500432619921
2903.7334949103480364118728766006629262
2904.9773446098421023507403271993296199
2906.0300028348234641890833543280450134
2906.8965054794328930282932310580834123
2907.0548754752768158298535743308848700
2908.1641431304809093458050065887041011
2908.6822546143055760404307682280723239
2909.4055427654390885749657814505407916
2910.1525049780057461564980211222095460
2910.4203942981113064368409715758624361
2911.6709219809262303584449307121065487
2912.3283498002839481967843732405482112
2912.9775024069507116230389880908048025
2913.6601681786600572157730882435465994
2914.7594977337365584812861474717496431
2915.1375306361233146135104823145699949
2916.0050838819450384573284791599930700
2916.9620065075280247407065057307609434
2917.8109856077234692497526582642133512
2918.4073068050021205524683760410183915
2919.0538781919755873106865740866877068
2919.3260122813214981833789631603039115
2920.4737632375626155808757007930837951
2920.8274270328894624988206394545206369
2921.9381102079869439485821356797267093
2922.2211123645799231022271020151980582
2923.3421910241696716879441567056292510
2924.6286378344911499036023817675261816
2925.2685823194399452616895735771373899
2925.4528640799002637114059127624957533
2926.3259352953845620328944579655359438
2926.9393954963156641033347176459265491
2927.6371941826986578432980643481766046
2928.6964872912145535870022016825903521
2929.3469726744147681206225804191598632
2929.9937549976866239957679835949046120
2930.3802443210835630272386140764413140
2931.4637797068920552417737510783961967
2931.9025863700357639445472343752735212
2932.9177732533679327476299101380904295
2933.9666578029472891760234629136375667
2934.6812980330012564185259653161896667
2935.1396016740649922266094090369277386
2936.1286344958114161527373492632499461
2936.6838117863096405452423948273738746
2937.3401902074219711468288093487613474
2938.0280589970836416998847805529227487
2938.4580004682488885389102775277186164
2939.1148296417534260328243445064195581
2940.4720300780448266956565027441295756
2941.0460942654070829297310700885989012
2941.9488504628779983415050542577860285
2942.5281622948892705174330082458541769
2943.1630112183958720471322067726960225
2944.2868632769542439120144857577114455
2944.7753472073385410375977549721216452
2945.2140103852157192435253398159887611
2946.4036546563777100132145613902974746
2946.8930282879945261025736190882371447
2947.5344831809209951944409696538486759
2948.4558527784233323688128967235001126
2948.8405079561591883962154747556342364
2949.4720882587435299743641281257436911
2950.3772787639551809488955766532498854
2951.7216923682121043525264654555722607
2952.2055217220853705622830759519682241
2953.1561260704767508665782905895143116
2953.7513725125953758921461851665344578
2954.1660296937418758807102663022953673
2954.7473722099704130615768932717106572
2955.6055290876087685788582212310264669
2956.3951936387092629413965366236082751
2957.2533451168316248825810647735618016
2957.7695720620647769942392061537047704
2958.4486693755174080013195219496549264
2959.3647470014916216556594776238514726
2960.4639845525058405217403083880570058
2960.9941788662791460409367533560007127
2961.4318462629613417011925248808436262
2962.2770708180273989329747220984355275
2963.4055317714057307381164135409881311
2964.0708189699707383313321142054056151
2964.6130017833668520112615042944840719
2965.0591713483776811147964321116132297
2965.8161739147384461668005883247510241
2966.6301223582984993647253720626979431
2967.0308603818654788372664051803161704
2968.1397505780062171481998401673906433
2969.1868917250978501922991969701817676
2969.9095098517122008864754935696002430
2970.6774542719660232602255700141038146
2971.1843904222010676942842645692537770
2971.9532013101233614500667991096900238
2972.6708257365938897013825568125492851
2973.1397203101758239576893173466025184
2974.1186402061694598888244383861809373
2974.5337753744126813829818428751086697
2975.8286700897974571160511768451679617
2976.3139020433745616450445458891961258
2976.6961667362505269190241394482437602
2977.5408663057497644642570968034909847
2978.4668765579429985747355925943119114
2979.4344425387833839211715967115839285
2980.3670548711246480254966174468738533
2980.9004443461363023956909784297875952
2981.3088218023832061727712009603435992
2982.1598248123391134585308046348919179
2983.1447976002755857369181030990156269
2983.4084809887998279666874985355989222
2984.0353492906482517176070744428909410
2984.8673836183628547713327629907958570
2985.5693879914972593878583443410853563
2986.8188634398205520154312163564816547
2987.4242706140613881620138375377060338
2988.3257014978477092828683388559632775
2988.9066626394600186961642449933239828
2989.3969463240667142326336851539851281
2990.1191702908826602523394354800023754
2990.9953064050057546062801957814352987
2991.8935428407322892090441571979788754
2992.4743746946223435879724937269114088
2993.3342325407547342609472125903060755
2993.4553250493130425942932669180840364
2994.3269332549434572210012085420753132
2995.3350128574679102164667347466516154
2996.1428053341705842333689495460699966
2996.7585761986027835125500329894851735
2997.9102410805828412699801907824750044
2998.6268805424146399916931755492015935
2999.1392996557854592323555776620804205
