# D=24 L0=0 L1=0.93588131010357011048690915926640685165 Lp0=2.2924316695611776878007873113480154316 h=1 w=2 reg=2.2924316695611776878007873113480154316 chi2=0
2.6886581324675975866741425494694317505
5.2924311767771981515964801886146680983
6.9719242437917275283341499201187710831
9.2246374399355611508180633259519918601
10.445721518412924823018776216323447190
12.631153718166510585493030756588397800
13.777152705773495865179824309767157208
15.603656970370253782851940339034695019
17.098988086919403486892975489117118015
18.463298850121400440809269450869056712
20.034611576750188294726677609699630343
21.555478242187937401396080728936670786
22.667857322050796210702932147288371016
24.409149642231593693598196021538792891
25.671297332122022205613597820658708637
26.756107412378231079238308090070185953
28.868562574270731369014681591661339181
29.219690833705777782902566684886947666
31.087251800318033978620317834707182611
32.423536867551350307935180843911476861
33.491557893958145913220370910256857831
34.887199211277670344118706229289095409
36.330743889951233368560755733602456826
37.317775949960082379084335846738847413
38.757045413520358200019297607464639882
39.915757284788095814368907796202147628
41.510293786328958961128475480272757259
42.038721808595656868998053880354785916
43.980973627660323141928003147206159068
44.843823945430888611937297325705958337
45.952162474373920670600576253966668163
47.470954370140848816606355217407091477
48.691214363365993454853469565658326383
49.440580756365798543593481420791087507
51.127627349603403254472974545986057175
52.158699411188741554420456328775079164
53.162395137209611298988042614985199852
54.576919821080088761071687367447037063
55.653518486874008305593395790831333453
56.901661864979662106374493379399542047
57.884196891780363757025860153264908377
59.171889292251961872503057622303559804
60.584155419758581709074952456838635912
61.171632403853468716577475709782464948
62.650734271433267369909517980292375415
63.988271580577042111722176363849599209
64.755625341464173072544855605545977220
65.910720570416920127921847497678383707
67.474576578183402666828642826638740985
68.226062891181103867145421527097316439
69.213772490437640133499420204052923075
70.967125879201429151577391180228791569
71.381031046028576069204941751724307969
72.968705481578225761561023729379094043
73.705045453046460621948592274844979610
75.246081043749249367493263542639841259
76.049485147034793825769887764744779017
77.217051680048725431007886395599013275
78.302895208431168018890991059619469180
79.583544742552230464430408473913958040
80.594025373747532498443372116929772467
81.360984364768068093759881307109757835
83.004948770203943904286571345602532013
83.902457064608415051187082031071350467
84.584087880866069252080703373929914016
86.207546958702944262865290968219640721
87.092184047552900706058320399014134467
88.141213967712762829076292019657435489
89.080613705179847489219770525055605732
90.616787445190314049711687352034259525
91.200731430325140258565483580810400574
92.513013101589644973990551414463603279
93.444765048853454265157150827741006575
94.722114805666085831995556890005602226
95.640680385669117611311662886057936483
96.746783018754517992286184926864135141
97.621389234819150839757236885371962208
99.188661015342287561329400090267120636
99.779511235587225421682124871279513151
100.75078428560097630641575446281467937
102.24058809686590606378123546011662855
103.14255001303175900465355085645891409
103.93329993662039226481331981794380614
105.15278477138823613752706989643501441
106.39145454848480562516806735744969891
107.29364472636721850649283333630685807
108.05573155569245216516412702989340767
109.58236480563034963418392147600305246
110.32748931473545521292380055788833613
111.38484387950258018499297956154389963
112.57154597791311324035425878945675759
113.29517299686169200599975152230888719
114.86979126644134552919290195822830892
115.39141084434599050988534752625707518
116.48305785160451296383675076301165069
117.73267575234243244871199103811811901
118.72672558878655682137400137235792184
119.71218495195517314201492230302196440
120.43140252141212642313738731471201150
122.05720572116899224014566337601713614
122.76412904164310427383176562275690123
123.50485011914480024427723925988386629
124.89366535018787936901020590463775957
125.96354695139258430887582942660830858
126.71668010398194654772381343065052971
127.78791472249326293112495309846254051
128.92358269190412397208724251958652132
129.87390340310333759641235066529983821
130.97579091423453110676176407694905578
131.73330903334459756774313838415929715
132.97645996578583901446087051556068142
133.89169997636204449349509960025636466
135.20514551474755933181952682184869492
135.54026264252770593207140998273053602
137.03575126807601856136672991052363944
138.00314881062939379344492092156422485
139.16511264691571030737009416446008061
139.45235742331464672642770142444196710
141.24576808910382850412798459365710926
142.00033182081510839134574768800431090
142.67636822133629831695598706455943528
144.01390527846401466060354681075286186
144.89300201105514882691978908181449206
146.15054323886855957290920555145209595
146.65396637909011338778143611914389344
147.91050723372923714896892202455659497
149.03163285192627360282135546325500435
149.78601116625855906553137548473344754
150.95462217726697539276687911473741735
151.76492929660432965894065697151121599
152.79193850057783872058261763153407335
154.13315205810467567314954029655871043
154.67049069523277018583380868137261240
155.56172494420930442041310001955313350
157.19884985029113975026183030328666341
157.55424852762720879252298707017410453
158.82720622473377981708321027796697001
159.46955873230095840300012094762826320
161.00975208494474386710488815871830738
161.68710824258541343615927543852277349
162.44539712560985180065099477477287404
163.66004205005151213223491909449241654
164.82950319681321357365091955295153659
165.43348279923658283277764183537110164
166.58975365282966793066521905564572223
167.48046097812583815584803185208791023
168.56641980643133457014119276663858313
169.49165618467394543357609077697921292
170.53865883298484432311789634128262400
171.19754511070356190522197455218206142
172.48162450602702186883763367785467285
173.56442584132235070398946817975485211
174.12669537950646351643175252072014505
175.20849201721874723265437175493441449
176.31310569299507324896844267610958101
177.51361301482340206978985175034737509
177.90777703343515588727685651787570248
179.00926089572818681501137539514531522
180.36368401283159566870148391268527001
181.12984166808803664244550198751847351
181.76069478321545531604360147061973171
183.08404833528264078360678430724411923
184.00688718277056213667138581323381892
184.83557624983604522843928242845248992
186.04567046106926386347164062107469965
186.54263828171082886575068803500105804
187.92444069056662046837723114205981820
188.77645045221518612749486189506027816
189.59017144577559636086606744879823615
190.76689021755162639903437826966592542
191.32379570656007470821081518945802242
192.93731148982761436867331806628994636
193.39087013649053469895570150607895061
194.18842649847367182932636693221078036
195.48254106542285595410975785164976626
196.60616544068066326636192550300594752
197.13516118924576888281463490401715250
198.07078480183711887702639599537557289
199.36129782584191213010470737296547408
200.12244308556484114848160464222947480
201.22356127794440351581299682972160683
201.72884403719431548705410901165627145
203.15817947348566688940148470462703404
203.92303876593306022508161444484530358
204.79594106627574486125209028825411346
205.88686226986697258924658590104266769
206.58788495447129136496347140290829412
207.81845865320917393483675380239495494
208.61702816824305501985324910618322090
209.68237380310453335736125013259659812
210.22558517635150655038611128929364868
211.56549895843014239157746479840696415
212.74874426679462941849817753010084630
212.95354472466988014097969744840027388
214.15983106941763906986872312223805273
215.41688490919860620586626993333767839
216.09223663349685720043190550129075451
217.15258986601029024253769223681696043
217.69810577040764507368966110285822271
219.20445910600112676620928276241144430
219.88218641101170324294712446555100541
220.68417868601272579807063115222658491
221.65145763425110447129340613828565702
222.94646076694724628880555286303960027
223.33218054458832952241472992739335366
224.77176666782390018256084780394856265
225.30355439832524411475280206002127415
226.26497875043070952140159481603994153
227.52022724931699029827318013361892958
228.24892363271444050891722501749931303
229.07699360655778979265009333347094621
230.02961928533413068255733909192191612
231.07880738351015155394944418618144442
232.14457369053848773043545906348611281
232.80771566174114338271953446810676535
233.50219096412450154253201419274988902
235.10310532953991815507526194121127364
235.62937880938256614666113166326569643
236.36342204596455325721627179251437186
237.52905576972371922202989318401761140
238.42354929495381580935934873660193198
239.58252552224278240622437676624285866
239.99803550568160890993716277418484958
241.27522673107268595454138757215393138
242.00480846142913509043509296703740578
243.16479195821655230215357630265445660
243.90185764661068403593351094068709662
244.85753705761617872722935821604406961
245.67537082097974157263159886754722166
246.77934950126715232313146254765906188
247.67885742311277571542305238829842669
248.63907377071684983721605962887619656
249.10158037333816131652221583335160439
250.57173046124368606482581493801540105
251.37319331234773704812010971355794985
252.17969612732734676627184840493640335
252.80987101048472119776141012091304904
254.29376708553540762053157702778083134
254.98992470428424121712971397188534361
255.66717193905513184590886563004177551
256.82890104581838868288497784945812382
257.54009394098434264920081128995740616
258.85989039479674515607971088751717617
259.39813441764318833024779652358658552
260.21482532882567473240692226899656405
261.60789804023453584012832515328993472
261.97738670205007994473197394953569293
263.26423860544907704513765049434826860
264.11089090307179362904348938090822928
264.75352780297859498566673740501109636
265.83629592351565032777354618611899580
267.05847672430373229268733359945129465
267.58994678596002923823250099602502671
268.34039753765452014411297167983405679
269.60638509310238764020002463043710051
270.43416218926125864733348907363988034
271.46329987846723547446601926648136889
271.93542975031222774642036777092102894
273.03389345563967346812293308525852959
274.38483897091105910272059638885276160
274.76077654907182236860586249803520540
275.64215690202864225838651019395790120
276.79038370068882439285122285810994383
277.67737697513651403029227901756209442
278.50170141203330305186761989499031249
279.45587459866572659361982772273734454
280.23373491774559380357570497986891732
281.24682621232823985888409835509154178
282.12442054278128509014672533058266346
283.20098823024508533995351336731841904
283.76622274136698323275529254753865396
284.70335394036324750890714221475195331
285.88021165008506776385865540522298910
286.69373602800943729492158803407751329
287.45318374809615672911272205465001763
288.24467708632184162500598963455106860
289.37963077979229947844444276139012268
290.47681213522023416114292511669705209
290.97790347667355342405444594652102265
291.72087851424309004886444456702497432
293.15689034568821110539018377059035583
293.82268070502761661326736106366187415
294.54883108213707559481512122669211098
295.60778695431708982549786747005899081
296.39908739204817530822966431724698045
297.48735280173021979828572957047204007
298.20156340220490717737059358666356312
299.30490474319672858732343771717171680
299.74119217506790191298881571261421810
301.24502164598201986609712789110778583
301.60517905991957978930274235715770720
302.85972310905613516663454376322079665
303.64309366673894898582540595847105574
304.16258313724180662942838988438848007
305.75447086147884987483443577241481596
306.31389103312291274212847760770365798
306.90150545530122879955947589032840347
308.00521531439849778830500036364269071
309.13185506781938065229691024976426405
309.84925717747153737991383506416022911
310.69385743594800844437968730988761104
311.39909640347397172088418582840101039
312.69615326517190723985365902351459883
313.36934369683427176222886437733175140
314.31819825134702236476243365186121806
314.94777835791153059557977841593961751
316.16797409768580987843614972868331544
316.92849005610988039627330909926438166
317.76983449071583678244846029000977087
318.79317075478155946585603473460154505
319.45263903740359700933867973194544587
320.39054320762870484020694263060419396
321.61273700590430902362655680579803041
322.09384658624023163751257414756562395
323.16590527201157243586441221671160228
323.70898224006419759269696204251655906
325.40835734574732563386465723287351794
325.51504078142558548113486338636086360
326.50747483273346886261792537540156545
327.47955606726843364349745458544247504
328.44644827181032760001587491385520243
329.53515955911985492985946287414273662
329.97869203147106161087471262135136816
330.86539507947454667490809978632303451
332.05816259514447492797850772444197103
333.05844744812232512737227408467355416
333.35018298887295621231353271412712580
334.66540636654007940429026404740035214
335.39561918855892274780446320032652831
336.26378336896424952730051206758661177
337.30295299365477654903066871276685113
338.17093616637525244957793437462496753
338.67490025744146145771398137131065173
339.91838363399438118590848271317921733
340.74219813557435386928158969803059585
341.64355383667224993288139542545057861
342.38798776688766915142984906241494649
343.16509115003204738812804526239274649
344.29199233255990831556028476708243304
345.45074977030821249878104195491888840
345.65362002729883052543400574415496147
346.57955161325246347013043086294798435
348.09490647099850792309983466323131746
348.42413623090260898949775163924554698
349.45403962402986903283390177953625317
350.18346477520479860625957485842098174
351.25048277372524997563034095036996623
352.08683668351300471193981253914023794
353.09246926578727395121797844064828059
353.56090746915513240474739062962908088
354.82623606856548249815381051567819155
355.40530722434647748291557930164591796
356.55318796291606025322847971360334708
357.31648901991118511314582227352224565
358.06105816949625201280326469652295535
358.98928419466277563573969856763699022
359.90794729971822607069083100163249404
360.94472296703419087862683739420982220
361.73997876214545920062897955839129537
362.07965682717015370517481438781476238
363.62021214457911885943165849116023687
364.30451334515838395451968501725867195
365.13420478749133923481216132535218673
365.73879317742743923325017090419846060
366.89402005670379231134938257384142596
367.97946169370056387086388701027633553
368.37480057795045903158710220369106785
369.55976629162251382398790155790908737
370.08478233534419467069431866630301503
371.32307055444568692457493035408324171
372.26598639402584604982350837138882387
372.58465903023476520712605979238672929
373.94090052110675271952090248276866522
374.56441264962092169767684998843214775
375.41472464080340209429583347074783390
376.57818087045747738747548126057650203
377.32868247061665880488661977762917516
377.72842625545614535619873156456317244
379.11023727535667399664000337540843598
379.91728024096210264645385428012658829
380.70654006860675669861212545448936187
381.43008185230981832596140502916955352
382.29367772795284337113951117009502378
383.49436974315044572835595225363014645
384.16908634906981184192533450468584661
384.96431078624168203571271244778782577
385.59732318195131292564379164410754933
386.96741198739420785106239594142515358
387.71673863361061198285555911285484186
388.17522610093104416815341965015470934
389.40528688544108887960346854903258963
390.06082593976779763795464701629642886
391.14016176879303339295078567126419564
391.84064946293538851670585112507721288
392.79847777970241174931855677163960285
393.49469874264122578700356102379915374
394.43190783228182397651845039073993711
395.39876759580674558587127433827648792
396.27687069405025469405108789879043841
396.94502966929540885936259210798715579
397.73711897664186819208259900458652369
398.85342427481854407550223030877175517
399.75793660256177520646133560103996481
400.41914951701024528074102007570891596
401.14597877420042562672809304342824900
402.12442290419560566039824470582368170
403.37241490593440257457964256352907992
403.88650620563533439903898236719207691
404.38390605287962640791628491685933440
405.77372665324416948692021708279834785
406.46481055839763510595714617142420670
407.31996459297847508840641063272390195
408.17121141295536558507301705635179223
408.93890023265829629224297265697879486
409.84568084495369892082873672999732722
410.85758935620270933729395014968350702
411.56895149700176881655291853432393422
412.36653954910213520075586617765036427
413.31257778378531580249261545152887065
414.06087583505835786889375727762529037
415.07584723035621046380228487645099550
415.96153688855078910555348487776646537
416.68680996502443470586335300721734323
417.20845055769626339207133997988559813
418.82367521206608269950099408520764939
419.23954925941007682097493669708364971
419.87842499540909194737032772655346259
420.95042493488367671164661587412331113
421.80540601228744952395295470918091160
422.80292475062731227330679331698819655
423.62049296066868529892388863330206741
424.05386612849592578340229462200768291
425.23537897832436544965989216971401759
426.35917563104794235772795889151693094
426.65869457433518954036881281918116501
427.96325068761551741430852433404872232
428.30655498270181644685329993934519091
429.84680572946464394144600859998166762
429.95585417355859649638100793569218995
431.35032164983777002960137333751411183
431.98635216712511358397609133056039574
432.66369493815705309248110693669854788
433.72932795453180811627108368864181477
434.67876572625415506962609576580467086
435.47656198887181952068742942647960361
436.04811696815570516434276279222154244
436.97050740585117010578667828756073468
438.19872966164586714745058450404767658
438.76277998793404626168902208350790070
439.57782653595684145817736359948156018
440.30056139884355866620699504595857044
441.39350778547981465495914087544812902
442.30601409085510235264748743199772894
443.14936851078289456131699558757267540
443.45503500712332285961363908790197725
444.85503939884024110961035750042559689
445.65437404872755742402175474027262751
446.24515917418725555714984657437836937
447.28738694051952244032495367559708836
448.14516055344792622736197340548618826
448.68777321581561656894298498697742060
449.98796395546520710289228163398732687
450.57627098330943997652172292095750632
451.44653845306446127396379152628110766
452.15693833479839048180526486587580353
453.19004063292512761789563219179416721
454.00285112524333804444306787844363610
454.97476685465955670874846481320784951
455.59485641568747874961560645477130191
456.19870921506741864616112683290875842
457.72912481564379245545260198970295431
458.15852721640516942240664416310644201
458.93783622297018913132360909926146622
459.67775530548733491442539217103131136
460.87461606637855722379862679033656514
461.65505606630613960232661854262229568
462.26929505039083316279781229316044328
463.29495219402643239555581225666913020
463.90339162295687402802684015889871662
465.04623028949938622608363625478743735
465.85633420429136363312109091179122678
466.41249975206417989427740727059482320
467.55602047813590510565830077362626332
468.14144729821542330580807523008471844
469.09961610350200741001031953632447303
470.16758889547626784992529986577435464
470.64670631621043427085201052809114169
471.62967163195086593987772810118789439
472.29893264928309269930662019943199396
473.47164333299103439961389572960187991
474.33280851199963194210077877066845174
474.78100692989874723146989265952599356
475.57352831386033046142774670231294747
477.06427455229310576749030178448639035
477.31419111175541532524791569930211537
478.39944950502000088006022674495778513
478.95475092963633872258360471950305488
480.01722672249349118509438642511741835
480.94313082579885690592674161163789830
481.78087382727213044386569382103281527
482.30305429115150420984528960033637921
483.33135925383972419478981687248984180
484.19482657073923602433135767904777512
485.20997847938378503651441650446188409
485.60364001813402239766295865017543995
486.85151451738801942409513746209538202
487.44537386216549843785043738205739847
488.15563721622508432109087013650763131
489.45767675415427882093999107117631546
490.23191125810684020913568750777900640
490.38917702127594886314328122176001581
491.80883976677215357594850184245942584
492.46893607958778192002623349901309556
493.53795174596576149568580900205586050
494.17010911322394146329027160718640648
494.78767693394369675140536092520145496
495.83996051022368661536031172918918985
496.95641406225116717299408852266687641
497.53060102152486494837475993248555159
498.08103948765096949683791567841971923
499.17106356020851083453524727682512370
500.19701680861067530168218986531082069
500.81023211173763350792796532519093407
501.59679528019361511878292600862669545
502.55751077612085696944336855543763167
503.22575280674843257538792037991248172
504.26278720387082209904798895231555672
504.99449756057712013340219872530556898
505.88527202508041823547726860555529653
506.56243406928452561543574194948875581
507.41126501290941939911465732050283026
508.43293283264552824865240031079265083
509.17259353242277442043969629897024286
510.15698102512811026279968114386926939
510.43048267695004676795663313176469153
511.74183408982212643714223948306552157
512.54456296726100223178626833799151701
513.49469815253179252782003026318843586
513.85510223780327497972167473727977020
514.78702819041304308034199917098392310
516.16868203345338137276599513023599732
516.50693407297279169118007125210482704
517.34766317711307566833109572201585055
518.14356432577561186426990125612134812
519.28510147890885330144712537902027091
519.78776431776127317599212513027302372
520.87777631636233985236980275477223102
521.58461704740534644475922391672391105
522.15705801745060408141170596548604471
523.49966828280079195776682992716235905
523.90896300316340708283741300196615965
524.89726219128048511978854292701973598
525.83160175091506654597794668787537950
526.35436853478188821306494854274260095
527.28884558398615290951876266365167133
528.38032504250716095804959582158987744
529.12288146632574772988248005686303337
529.64199388795064745988142382571970775
530.46599911540800647110811178661678971
531.82053625889616003819194737476397663
532.32389455884791163520139848332321524
532.93695285995993727846154577908908807
534.07225927601594120427348410336218451
534.54912674803940831953675241569479749
535.95236690406185941459322010859438351
536.41311916009543500750809352014171710
537.02258994148322380679666571083387131
538.07092155554556740953326880493736196
539.05915477384603016615263020862332896
539.67555511171980654445984542532817286
540.54095288781147573043587224570468463
541.41117996338688382665761009949639353
542.08304540935107756531711540797124290
543.08326670687359677518679706180308542
543.82403784708407456222071515629487784
544.80043610851552229998806628378560165
545.44957150297590474568335672408702880
546.05941633432369452450997109945402640
547.33223806966641468942640348906846537
548.02887389072126838958236584742798619
548.73398496903400874630810600638784074
549.48760125448409214168304284789669493
550.29989906049699595748680375606809266
551.57877986334685261577377434451342162
551.95115314333935332104031626976289925
552.86305444664855489134462127584922945
553.49209135893020817741524954827055842
554.63560689539959017544779852614885621
555.56839694827731048841827978759957969
556.03156497436465089628656610059688943
556.78568925602422648350256669342493233
558.03754686620226701002092921677393457
558.49594072063764944331948946480110568
559.42644948486550272488832978464120803
560.46846157755355727844985017325802752
560.88652732470069337363939440276382813
561.83634285626427491745259412937524760
562.76917039896774429379134070404978541
563.73686948653698041156472868793360672
564.15268651425521324873386686067436982
565.34271037070695725944158702642739388
565.71833292304174641359416052978114018
566.90818096536548288366088197896667697
567.83319643946373222009046943253915574
568.53496303820171745027883112189567764
568.79232297324394652925216129204671209
570.32038374531634156828083476970655860
570.95278344808677238028243801138085042
571.79477284487242949914555709515315491
572.29232540728607913768987325196803814
573.36985145430778510790193345275030362
574.23416870693158289351138564766500072
575.04775323030666317229613107528128723
575.79781681571237304198584112429278203
576.49965607858922318135260512690657988
577.41374000121124021850739719512684463
578.38510797639180352056476124453045423
579.00694500676612323079052899941512707
579.88624796068825871217082194450525215
580.72704109764051005874626024106774399
581.40455700223327060571754361166236195
582.29272819519532705573684341307081832
583.47012362049594924693890008670242257
583.75886672462898871488425109040071224
584.72933567539194446087695893557378154
585.44068895941612990159688077932506043
586.58948623200791837673163810746306286
587.40328913535784461215595879761551795
587.84594707820541639431471346739652156
588.60754650918689908601256360321896927
589.99281727655794768438441338801770995
590.34843573571716593993610196634657204
591.33704825267486565087053160572949551
592.10081473220096382811595391845920670
592.65660095113011805508942962333936553
594.03411910293005455943254381868874691
594.52419879041810190551994446513676788
595.20138444547620402652708373058348335
596.20589536361795543352571966302890495
596.92170645027384317564290418881780965
597.90853653832853510695064009910342357
598.47979915230474543558061415508210779
599.56035640656937079880086181562194067
600.29338494750791459361701851949954858
600.68900515630620200574307605596286724
602.11078375380171000678618785657244741
602.68756547258732643129415381020820182
603.47330694420041634935918913972536109
604.08433174110851743638444296017460422
605.19461023844245996421263485904851078
605.83986776891622384359410189835385221
607.09405020324377640565245499216156211
607.33497891524441533478131288013117126
608.02914833301247278984987238649059385
609.35541229363139528086176981257871647
610.13434741362398225201121776413287871
610.64983771289374159141765388714402701
611.44296692911452704130839148077464725
612.45936771600024755199485031061237901
613.18858655093445677469425081048715907
614.15951667441772036960887575850923886
614.66981784261790441708090157706949876
615.74028661204714009484930958135103957
616.27273759513315527442328925232940837
617.32418189788177038402189919641374304
618.11192465086835400023908173482890020
618.86857478622820054356623030568975089
619.67138334172471031107202802677302445
620.35148206570249193618069450258323893
621.29931048905325902428309230844686658
622.46018689209239416916862140941520213
622.64666479589448131469061449142489081
623.79260630694536378908926450333413515
624.22265387401497270363882260047306085
625.74978031014276206934691499626855769
626.05584002141999925526336355529971247
626.87647801148378309872097149664496292
627.56109516107581717047209629828449385
628.66289769243947390769104702341783521
629.64442283710871613871128259714829735
629.94906593074457939737426813723448626
630.96243389907320359896616160453499767
631.79996114748420036282607110402835287
632.53607596601750298422004854608651153
633.54324360017435497052030962507335193
634.26445223087735238493688179744741161
634.82389462333199069539002453821160383
635.85830151786220808172373114825718740
636.76865037611037405627787008144985688
637.21460631493829514203536723196090077
638.57551786543849897051730044022931522
638.93019015375104749059062052054563853
639.59913184362803936542437569195515308
640.72059783023473890828770965425352897
641.74133903371350112831740156751936483
642.18600588292501405948585559677310975
642.88467647216111002913011705514654414
643.82746672721614391420380093779835478
644.84318272234823561490288937990482680
645.54487821728093403782032806354161574
646.25839217645241736914755307337108760
646.95769246055149464190437771357243624
647.84246184399201246250888748648911721
648.90938928011397600548779002676840786
649.66986524164775790016157538772051387
649.97151354866453584479314366049656849
651.14249709782480846710322068176983645
652.11613443435297523431722598470849941
652.50115294873271349581774035827511271
653.71528861433538450714671172752121781
654.27610778053198635209688266617329953
655.00603564600295654138162764133170533
655.99809586935395927206258983900851397
656.67719530987051884682234443357727164
657.72280259748012811991129597789012700
658.37544246534544813933608688281663520
658.85046379238817361188919967417672762
660.00694531326606960982991963834722394
660.94329596922937198992477473273045832
661.48510844850472371063162942614031593
662.41860836746335357624531102843887850
662.86806444762578315736264200177179289
664.08046667574632054657497228936665404
664.95524319406401006309975603400618242
665.51426953482872167344635519806528228
666.16878286454813045028105731097311649
667.09850861793263869498266398336142957
668.32382574604960568620859293722890802
668.57227964269480306389570868711658223
669.51658336928816642812795193258920107
670.36263892667859696666534195029559697
671.19511934961610109523398536058009531
671.86841288640061385157314184667909127
672.93214324903275884844019713092596021
673.56842307095458055246236955704575026
674.24362429884204905186873286129570817
675.10997933129713765051619596125249042
676.11437027140612218222664463572228365
676.68601320544495895147343538128295967
677.68509619340137307831779620753609778
678.41352124671338893450514590859485842
678.78768266889843371185240763558755916
680.29347846903460875667649767223989880
680.80433621411678848674528520962329759
681.53938989823669529407265666493613414
682.05534212810717351460960260338231984
683.30746880352000482844600542430184389
684.15657776062973551411895450866338109
684.57217255280482573782125800759340818
685.74673961227387762981997468258134727
686.02644810347540829851590072933282763
687.29343978337872378318895464382956049
688.04795150220761653379232953143137965
688.68093182862033486873351715358547337
689.49845859390730126520365756181078341
690.32383321079303718816793808414752477
691.13873892923970921271641158409713423
692.02780717498898670700532696708523123
692.64896454840895056612995601928853730
693.73177407291262141232074532493512518
694.10878182814810814565936608790719525
695.03877715867812693146946967587622321
696.13164080679203463075728335128715217
696.81015668468439998076078934367946305
697.34887195384012178162037145333659148
698.21865038213813089502270608096811592
699.09133747441995984041516619530155801
700.21461352397820716222938180136663590
700.68786452835327780898442060833815026
701.18377194657939951418561326602417678
702.39766384223931941823696533025816097
703.06974037613362425162292699067619232
704.04299858703844474191483899442839277
704.67074133134487450867231505132695140
705.29474170902047540336711596286964989
706.22085309163802292222459304332954054
707.41725853252472838906853302822253500
707.68026013175178092292605105792711977
708.53035463361064651064508801702325957
709.70372062974252703945924690156811377
710.02671466835952895369812558213058235
710.99149478566011006747328656895332056
712.09128161898041561222428684903802569
712.51016318844297998746848247281154287
713.47661505062067255347864597874067053
713.95827438193674981084226525514449324
715.25486187716495509600325415268935793
715.81798670830211869659313088534102915
716.57034221111342453999475868757180039
717.35940231086605229239320001331181271
718.03074064517641381026035566337403841
719.10388671652180780782403945827712369
720.00447801256458449960847567565786497
720.57096211201622930576240759308763329
720.91709635205145424042997376403847514
722.56292791327210942495070568916615978
722.80580325188925411847878739648036528
723.78251400715920040764438953138967124
724.44546963376971124837936519857971061
725.30774228395364463444303586731277676
726.09969541937071302048427803343466214
727.04822377143970396740345135387950348
727.61612313791566937239283228881700749
728.62127019113307827397060844227105869
729.07791553014776869030573595279458612
730.21336581733317851815742850739437225
730.75884490605269101668179794778618779
731.87536102750172258684958923998975219
732.39108581059200837426323225711311035
733.11384532148003305546448251786993830
734.00486632594258586896607933404110442
734.91854717471472103530237331715836018
735.83255389793307618834719550534814226
736.29355877345541220099632241438904603
736.96592571565169237842341069653277126
738.05925244503263711788549718638130021
739.12202788417494498359960746633716952
739.42323933218809783341292777454750206
740.21682510669330789769524024119587179
741.12624325065864437925692027963519336
742.04213789220688060438072438806463511
742.84268946783050283763064902290601327
743.41678670986289436504543713400427960
744.41013178296289693314872681199294267
744.89769202588758039549481863621867711
746.07198905406009608709392707896230418
746.68348023199842308935455101802844836
747.48155703397526200611732850735931437
748.17883359488873515364819400575625819
749.19075147701574200883208635961903261
749.67323925445448481104317563525514377
750.65702231442915959375825801918242059
751.80902819578615452270637337145103698
752.00783383166933071428670076144922936
752.68096026823304775166131908620846102
754.03328791130903419754952600166487123
754.70703850161946769207524188224409359
755.21685070596974055487348805142127160
756.31384768162067619795698441097538391
756.61345897867204612501240991016451478
757.91950862726378556988804718755009446
758.66435251346199462873503644698077466
759.23609468706018731482990217207457423
759.97602466249863501210650182594081391
760.80999641665446042785960289110363744
761.86278399267727606966397037800536529
762.67532763843520423384645649399936695
762.87753405502505296963273790605260037
764.21432120485046843816726665327223052
764.73072206733029142828359350835756303
765.58296546373839925083226894455934526
766.47953976025324855348098862651525324
767.28170604546004768321779278230653714
767.83673231982384787177556753963695771
768.71879059685404155114729629915633908
769.55717545009889142887918428835818567
770.41525189768296831954418358276069631
771.29627865581380388142138429794175856
771.69762726570687146623021384158036735
772.54157733359355341586600675304013541
773.68053775168856922462487331378055564
774.31866113321409443326849932654440993
775.04672831179180521564403303590825570
775.78019352868450895556693883728802949
776.39485030213997375190388950201035381
777.82727259952509345959731181431429984
778.10350959417117181184580238938673123
778.91272128730469311193580217792719490
779.57199543715388896415830752237921757
780.82345815076476244665953721324375376
781.18939194459433142835552716816653981
782.22974880281206883483066386479492593
782.83254582283594709103647045444642647
783.72032948086127299742619762546800487
784.39084947340640734922889599794872125
785.26499701629507036996415064019740098
786.32661368668288699288961839781799318
786.61338498500098408859129043316971370
787.59611697061910098107162197618995564
788.46300320507727147994772088670162974
789.01417487596345363395414827702072481
790.29279058087063963737489168230576539
790.68262016555218647988798673431370656
791.45718819587722601884147598129257209
792.07236564238803157721538167386092010
793.45806482660601592601535007220753145
793.97495732788293736477362085832430517
794.45716147311534158993538684327658689
795.35649952067943966374075977773911689
796.32403390880727408026158385642527986
797.04743923707912870313756840191525898
797.90736586133502445129175766778931008
798.58846832865547162130495247673819459
799.15137473408788700586473630631515848
800.23943173202301507596807248395543731
801.13937769094719363649847037669917191
801.54966923200867580352570883405591807
802.54944382372737484077748320108559399
803.28312732194782264622430801103359412
803.97878289703715436935792441443124881
804.94865682679970161542433889171297376
805.59319606730595281829103285678385546
806.61299002658972552348571504575089639
807.04798000813264125700535690036280268
807.79376746560161830251360870207007377
808.97561444973475794295822274935721746
809.56847437829437745234254439581781515
810.56284407006769746590983055783191153
810.67390464567903201338861525229644586
811.94698400184998639500683819931010662
812.76290948531076666599287750726266025
813.58407952802977351699996317744489205
814.20108116587063928028366716627707331
814.75162772961086912039160757885663230
815.97587496670817956002358481105734406
816.53683547837617524701846685828390252
817.56139720175439627495666193373699536
817.99987553810395572022203383895748478
818.72313113137864911949180964354175084
819.93341233851493671480952109983802659
820.50892270541586474802151411637626060
821.06498421384881110635775143551081340
822.27891955671839745144127414447922145
822.77096003930168373127707079053162341
823.35646411093136310121444600896577516
824.56646902350142820997024274752019781
825.26288458607391962577987095719812719
825.84963317213973528127615520501322736
826.71135462012059292785745062996545586
827.36245609967982301196330427659123302
828.41645306236036790534112688554460521
829.13464568483453605981275338893301948
829.88596629473004450982599910184349672
830.48142075701825809057517509775901717
831.21526917872942784686818946280214013
832.50140250460949074347073965558877815
833.09285951635920245374603976364772634
833.46194285066322880420900102484181747
834.41025388481272728335385217685986079
835.42332993311315431373788203842299648
836.15955858754449413435055630510414127
836.75511676158326967191991788196008084
837.74208182814234413589707077884616325
838.26086527676406470559644412943533276
839.15811845608688501710021518133978335
840.12945037755035114089199185135214510
840.69211377691937438232364788079410910
841.48126646604246987858402600057440051
842.44898711538027861312008759479341946
842.81943405655905981103479450100038046
843.98866868621793171520012275277144385
844.65047705779659333290996025361519795
845.55141361474192919088726340648867779
846.02352123727423817904306638568294009
846.82272505057511278701689082722129168
847.87274347978079918008299567496285655
848.69452774242943657091665461172282158
849.31059143980494299427825344431835683
849.79719107289846398708102172360034442
850.84259322416092370154998380547214748
851.83489262055675570798183588996115630
852.56787162193733268293365974339452674
852.87143996037071067697806549007311645
854.08837023321098161969539520564877163
854.56748247597980746966002453958570304
855.68682694007980385286544348193110140
856.32932389008780685968514644198156546
856.98825502714713775705103058943014744
857.76311137895701710878194912705477533
858.64961739725906887193887655015330138
859.48203681737730099128684607386087982
860.08250175645316821609630198548780998
861.06784774125775627289632657333462073
861.64896051191148749500317450860215527
862.49742803927443456237663800213483888
863.08464241361143510441549445674399877
864.48501957914165580447018272211236203
864.79412886636604320140411471046430663
865.26662114506703121212034606687132379
866.36597160053096796790534056299773735
867.36497422305453969698605862121720827
867.82755967958467028518043655014547371
868.91029292613746657033475300119964553
869.25947485440763146582197057775649860
870.08275812020751901888566890848120696
871.25418694608270122160771547684130741
871.95371749269287292976185242664321766
872.41383669352183196554912839448719523
873.18689474604514166714239362619907463
874.26233289887630462331963713946287529
874.88167906059912455337084777076212699
875.77209252347405488221425676147334374
876.32692040819914454731135534776365815
877.26516728558247300001321696843002043
877.99133730491620192296485601686022526
878.64730833021582272326407122697568890
879.73107802093303002751764397107358681
880.35338849427229418348703185838254648
880.94919866642500337836667740767346117
881.86296283156590251879458710246371216
882.56849075462265536727686704180604687
883.55984196040582479303796937494317176
884.27948231337276238714174491435119396
884.89097955509643404233042584808949457
885.46559005021826988693255836117863378
886.72911822342927083719821376084284159
887.29000951206999029916375655803383960
888.12999353294153372018260203457323525
888.76051991247889287925006258891811730
889.31046550980011151347496817070197034
890.70904749984316645519290639283639119
891.21027529660977648972211369909449547
891.67874193961279966111011703456554328
892.74557864869959801546253816622188535
893.37830952415586688236927247039576010
894.33644941370051294383986619944852491
894.94129843478883723420900851099569025
895.87728992299762540706378850753272813
896.55921882675009179641384404659891756
897.09251028672598931915413874181773029
898.35234788058698056588353259946707867
898.68876430533020765220987172975478382
899.79187445443303941120356553680454894
900.31903648835699574799948027539586458
901.23879422086696094533093591097748405
901.68874757743337048231821525682527785
902.97805698068553811278903100116820117
903.55684937840256486237483164297564280
904.34840788222039562922657302064958835
904.59807477014803254554980152608622506
906.01150370400051990755826893320348938
906.70867443620492396177053163535389828
907.29765035115657041828963541154217424
908.03602413107628011721800574893456836
908.83373170403606065881621697007992338
909.64719367706370176162026540258194296
910.56048136102170240808320050364046512
911.37730136346572631193777149300880462
911.67662622714945320388176898661633423
912.73038616446678812318912312894503634
913.61285577018997829431292721247175556
914.30642185170328212382068704891715845
914.98111124124594039440679476585783272
915.88827004711690464414351289270536007
916.66543818494458797072850928795843235
917.09025286066415017277752673570334902
918.38945865095260014672837457317346629
918.81099521478955590634781445527420755
919.78223425199732250528373766941711677
920.37547661376761960845966982522686502
920.95679395218353241382236882809435769
922.25561190866375007969376259500970414
922.85547968877275891506465389892562365
923.35053863984447427776957983224334100
924.26368665066781066110655202429733500
924.91866121819376216397063884869207567
926.03875980256956246384429957222925459
926.64472998551171336855157803509826515
927.37533629882179166054119029664660848
927.86409260266434178541417510530510078
929.02489308632690083883752273936511394
929.68740974247488821902958573874938868
930.66444559033915890630113604115564137
930.94699410223107184288759516453415143
931.93799047698405034906781442278224189
932.87771760292178539680492166406653529
933.43591049947128544412640921193750681
934.23463712811883203673339144737803027
935.25999079978823416396646671383376518
935.77739168219983608840984518131341855
936.29510282327431582710810157294444988
937.56229347780653166654062040381457969
938.15769715139391217734148852069503590
938.84426804492167681171178774938643103
939.67952949186754366398472153342624373
940.31895560253019197147435796989785931
941.08272636975571914298817495080270849
942.27976932672038474790090831361346404
942.78144117020936160388895264759948878
943.22805517974155272934941258234929867
944.12792254379655980789352504310793599
945.21451908415488599660355081700307688
945.93768093960408185030651639020805679
946.47102792519491806105279225527184625
947.15684252655590090543241894579173023
948.16962888359531537555061829496479576
948.89086338270763628046460900381463071
949.59651406018057967672690659529978358
950.59581377382155914604479158629283223
950.95150208985179645232858300631761736
951.86550877097341610559141744004307147
952.83731246028685968880689222199097172
953.38507604392598359258108218594503571
954.25144276417581227915795145787701285
955.12872912767094560961991403363610308
955.55820473676485650712849742143880306
956.49951323451612295149489044863288517
957.30939415638406442799231729573378293
958.33411460067881531651935882603810167
958.67705921847708580663913283628381343
959.43388116063751277281724970722123000
960.27610412732387341157504299858260829
961.35875743393398470655961704442182490
961.91753360885055794265093990259839373
962.65072361630480783672062594552319354
963.10844650859114698571842324738096219
964.35201691643197533288819725467098804
964.99475972449881421719416153693646639
965.76304196669428608164515951125675671
966.35195029562876120422386337361916292
967.29088877203182191119024744060860240
967.81839350414577672755438320524440857
969.18989967071201061339934101563633440
969.31274721661876114415391883328095464
970.20962514642778622495749796058490620
971.11493544046719141306330066373999478
971.79398134343195533751405750044459039
972.59240026593827092941288629107647580
973.33099276568013928265691113477126337
974.30728616170969406748128293789541906
974.87190219414829456514411087119077978
975.33922557854396798253105582093688561
976.56036980196098085425477395442351778
977.29061583438571694395075363922048746
978.06002455219323898362962066408285858
978.42843039568578075486212686451975652
979.43774696939080822915681506667959828
980.31909646891742945101269857244608672
981.03606175932197133228745913722899376
981.85503663990242112855773432309232491
982.55750143830970890142866816773896658
982.86752259719265505159950691675334767
984.50937282043654211607361200919904737
984.79357409239199484708992084269542850
985.32584369808439749769213756914959900
986.43667003476200564456072712051822998
986.98820254347654151111754238961224721
987.97398470950328055638881585949894215
988.56634727529325796172585044788621041
989.53825899247441458758206848720089678
989.99416108906094585656891153182043399
991.02036210159408887586220768093801964
991.49683484077175774058460899618884844
992.53047411048144993849157418483871527
993.49079609540503644128393380372849027
993.66185859706091466985177062753903699
994.85813569954989860274632617969032032
995.24401500516523541721245461669221106
996.39635721974325974036974542951494821
997.17285595380140690911497482474709244
997.74905265675283460696542284647188475
998.30918107798200260184354490092601917
999.27010845080908039861391089429669330
1000.2457456598100655021613202485251445
1000.9626134250872924364636377477808835
1001.4265410898668201856498578339467573
1002.2066145377888566820978377225681830
1003.1105130462426068824319941304688856
1004.1813851206309442991949564774891833
1004.4770228248631699344915018046989744
1005.2656412706245311554869211883981387
1006.4169485601961687139895879278747147
1006.6191248319139390444545083518004536
1007.7469920084514674362099009135361432
1008.6075044200315245281527832259217054
1009.0821406387999011314429428277297541
1009.9054874878464339225430779029699636
1010.7491513645106173788249500958892437
1011.4374636663557340015102974420071200
1012.2586184768951925620753979737162682
1013.1264253455608608573520441922715722
1013.8644549930100751974379483848484973
1014.1906488293710631941818436440545752
1015.2647918626716115658782178930759234
1016.5087225286192924768553486619292295
1016.6310015634062409827841509274776855
1017.3958845156081524137090894567268437
1018.2049228961978697731191625662117289
1019.2788048072117188749881570016396134
1019.8098371177934812559609990398689970
1020.7226145781188497518748560917665188
1021.2729372724755379010354990915765363
1021.9392169523244899092260883297027792
1023.0323015863737648403393760016615975
1023.6811559869487687009258929923393294
1024.5391000235977185779120806701065199
1024.9083717081763505609920477942748693
1025.9420806383892749410906353369879179
1026.8777952937903602616464091078602746
1027.2122314926990331234094324145533658
1028.3175422298436976141374820356150730
1029.0856706034562673649664965538201752
1029.5419992310328598782565503299025432
1030.3870460850329623651077570393143246
1031.3409153775811984298568963151951614
1032.0496775362625214698236728170385180
1032.8252909555742221430243008109174089
1033.4537998196481568779763517188378448
1034.0106803954810572311084631202378759
1035.3163889737856491009066363044508026
1035.7808816226770508726821887524815247
1036.5977891198979532763041134262528865
1037.1304148044988330167125578014284019
1037.9935381284847862569970854117229623
1038.9161695709886716901683464230775123
1039.7146346356465323765292956824115865
1040.5149043889545956249405798631038453
1040.6641311492378781988482786023955393
1041.9644640225334562032025203169411794
1042.6927597583819445615128930133492232
1043.3924655181302517821352275065227013
1044.0469910949649298790772273498743098
1044.9554213431698527587160709204474888
1045.5552662841044168953002607593736520
1046.4340228137027775569045086478217428
1047.0997217036105178569112874830585514
1048.1105632858251375001881294437013384
1048.7025080204226792361418278708413486
1049.1558547440584629603944968934230369
1050.2469857172046733074691171955930534
1051.1301648812152288182801104333769695
1051.5444210232429873293471154064600537
1052.7346786206083795778124630977466610
1053.0337690604218402428107549586857548
1053.6859418431245631898152462741435096
1055.1336235727989478929149131872138160
1055.5325305943347529208269107766771094
1056.0854185231545307752113092886785741
1056.8247805188044472424023596241160492
1057.8310579740057465048078799218056789
1058.6456264260295539951798879763218853
1059.3191345577078347172561024879307694
1059.8795576258961826692065318592530866
1060.8677505112869293443438275684367571
1061.3811990045218367963592131579941161
1062.4391181123713968813629156791260126
1063.1266259245198446490197286222899475
1063.6904543587368267704570144575301431
1064.6401000290271589632079636743693613
1065.1720689111817846527355137850814027
1066.2678155662162716943797333455993636
1066.6618377721014666400872167393473034
1067.7727886484248236470530645068259395
1068.3740790809743500470547794612888709
1068.8784461549458949466463610443651595
1069.8159705874826374267051659944092306
1070.8256590499020702015910294297858030
1071.3936385492305480636884821464447200
1072.1388819265040305771279390349452885
1072.6128255520443171919315445932108102
1073.6759313980712252393039372563307376
1074.5786728196279572189211006373786053
1075.2431009487797728680642915906830927
1075.6974103027030485203493778033808586
1076.5589051270780451471175302038413471
1077.4974272544793983322119761206087242
1078.2018388712306458976731441540624425
1079.0280712467995375143315878844236547
1079.5762413599727137381445877789127465
1080.3221957456435414619887712586478677
1081.2154699403672347846406296645889312
1082.0239200821178207566189351765298611
1082.8002491780764226945152952086885816
1083.2043792352078839922799780908415232
1084.4882930377600768104096392923782352
1084.7749357041405893278225084379172234
1085.5417343888595635200970098401913748
1086.7554469486216430261028323736267363
1087.2511524285328395829735650684658972
1087.8152735953324894800441565471995409
1088.6170630451096783531387902076333502
1089.5158972238501246696225593954944018
1090.3941223063218755889441467439356504
1091.0613009157408418761624330011608437
1091.5585168556193091848916143965447637
1092.4909429388851721880415019664178841
1093.1340702334913938174270487460072365
1094.3351094025434095493384270230409738
1094.6883901765095732769520609330017295
1095.5059401220037528052944698551105782
1095.9343490684599635759399069320906221
1097.3424195357860633813329420907572740
1097.8340314177562201120072113302785111
1098.2968249953719956834113489254881801
1099.3805033478715658776779012628571042
1100.0263604482990048467523741136042335
1100.6234556270045314486310565125159357
1101.7895949502526340443013976575331104
1102.1323741902501449813018585398376995
1103.2389196539981746158175581839281230
1103.5586979834806959434185111864046760
1104.6471101379008489841034644836064292
1105.1471669329730312627975984121985890
1106.2726787037970286918079999347353554
1106.8423002795246316733441564329488689
1107.4064559952500599096135524510052244
1108.2517048332910757013256236844143761
1109.0278206718908051227257220680177126
1110.0062107096473609578763888625805466
1110.7153327214499958507380270607190673
1111.1030964857468168386898910145895482
1111.8582396692927682576295052571174365
1113.1028327407033211631713056968609151
1113.5564276712354194783071274836751981
1114.3877574256367724481816669550276360
1114.9544883008918477029830533450592532
1115.6825402508726729901515985141596062
1116.9641780774626142529458588767899794
1117.0883743442680040687375437980065692
1118.1570923710450535587676305575330725
1118.8219155569873506587740116914123405
1119.5532781366576712575231732109508097
1120.2238726815062984899317199167862728
1121.3586786656951289248755393811463153
1121.7216326440154691074237547861954193
1122.5548763177273273953787382861289251
1123.4679222855880020361127680034998029
1123.9322995705572142724920780255737774
1124.8098305658447847661642492096866462
1125.7297387670181954772314875373047988
1126.6426790697018142901594920151713946
1126.8148211258298865885545782893843566
1127.6019715282669260197164664947030263
1128.8620851690854301224358923533262021
1129.4863802624403630799714828496952707
1129.9652561044526077841366402679405585
1130.8261958810554973687895913335092738
1131.5056724394432368581511253984064791
1132.3792864892422531207820806306494781
1133.3148260226854068413631656416115215
1133.8313048769520571797832320089202415
1134.4872913654154138601635017416104082
1135.2412322243053051754286132089289937
1136.2354293771334123786806650314986427
1137.0390763728882278134969157915874746
1137.3928267365984782666475440980767069
1138.4163278117284371937860288257724659
1139.0851755675923263956727942960004318
1139.8685637052281693011427253028319157
1140.4919488384454018625116550394667118
1141.6684332719036108973049570808062539
1141.9316395683986006020699612175813384
1142.9588306963711471749075903105779093
1143.3084140148127779717587788240568723
1144.5744087298115500603759339182415886
1145.1086360928502554152748394184173079
1145.8765137421333541499497997269208862
1146.7583499640642195337547326367768618
1146.9222553027695554534236072047256974
1148.3190687637428058577812686321033357
1149.0274582137642717020857948227164442
1149.4598523453495822920323951887746251
1150.3621436005352819885798060796524336
1150.9195854152457965708756033294981025
1151.9011692348621023559495722608323825
1152.9185164344970308112287453756513803
1153.2275431664621021390915274282026177
1153.8597560066542857644764095783207101
1154.9228526708288531932400913206953776
1155.7312851124809540272818040796436381
1156.1718387023905568057863451090487158
1157.2509325766393284611872162312083196
1157.7796684934554446638279318656809929
1158.5666460624014070854312239230461008
1159.2309475782449537990440828411527552
1160.1728215060857334281249461503235556
1160.8628072094597820513707586852862167
1161.7944820917449677240351087653256763
1162.0079758236385069659579403428219818
1163.1487704913238586132327138281102361
1163.7536574060114464027963230490677914
1164.6630731977230961414589463129778478
1165.5571078879135191733720720858940116
1165.9060472970308941648378130783057340
1166.5226112146233787632405655995830070
1167.7255326869583611210106170313737684
1168.6966109377245325662454432865082229
1168.8489198617039008346384260047500367
1169.5370195456210448231800717752677260
1170.8385712829336542524464730832466724
1171.0663859796896892372682889503409617
1172.2313706765791908880561589125479718
1172.8331804041971177553718588545946089
1173.4062952587262080878289443814576632
1174.2407234176074001964412669315075309
1175.0867134535474859938040606261494279
1175.8500563282922790322887683197197624
1176.5355199547787528472770568900226882
1177.2297976308924695210622184324897507
1178.0914543000577126230832991403300464
1178.6580634756163190217102877283736138
1179.5288388621631550268753790447216746
1180.3162771782007360498037439495833126
1181.2482475598139924100462078948011787
1181.5709385015627977736844546187353941
1182.3124527960928183087337698197441800
1183.3638621012239948093962220128863238
1184.1533131089316247914235274061133968
1184.7539844990498465151503424503968445
1185.4668902886842379214800679792872275
1185.9586970626958347194861761956097541
1187.2442603480474411257100849237970021
1187.7259979696852242669524438850872818
1188.5337487727963414097823048183756240
1189.1435966565763871823307475251468610
1189.8150359582860699345650212439087338
1190.8269780379342074826345619851008135
1191.5732594602597210677252481713681292
1192.1569155182170995120396930330007861
1192.9858820597741506449382870026015444
1193.5230339770167477440728566922594910
1194.5539591789380327101410594505789843
1195.3426761642188571811318075820527727
1195.6863614487970307556930242758354501
1196.9468972211381712865618390250564312
1197.3557198104811850408062528043699321
1197.9977050816618041873893104587991764
1198.8727404039443640435576749235232431
1200.0622932783443082782587035196182663
1200.2699327559057401425646209548140475
1200.9929941353508109778482618178749481
1201.9030027809928404111864617906123894
1202.5949591127011152585429290677846049
1203.5468149994304051568889796789288219
1204.1796680980300721288240401605916351
1204.9614471161725698012329901106630616
1205.2709558945265050680003710766083112
1206.4581341651535286248283103043459242
1207.3236531700753158054152887328965666
1207.9417232087037492778912149966174420
1208.3496322479453886746441362586169897
1209.2984664667715103897376717677472258
1210.1894403814779311834405336852589028
1210.9885302524700354711615113789392340
1211.3948267290172151672152631276963377
1212.4150996242215860850299086980177563
1213.2211517476867140590646005516398151
1213.4579288950585865842063439387001772
1214.8729179191234888247406793375978119
1215.1974958141825707237128858757915247
1216.0121864281490151588127908381207677
1216.8894061650886866679930604015771190
1217.4404778819239092959623288253298986
1218.1347555281009801932250884566798001
1219.2802104418659963098577143854268321
1219.8152920251063591147216173343233953
1220.3836102125830001327692317778172538
1221.2282479095447089062549553028581080
1221.8377183806708605644889282330022502
1223.0537547221396127320362098086175261
1223.5188595017735112593702224031041400
1224.1414587548713258703329100460011840
1224.7572810888458673359233951141179708
1225.7836572171273072887866139729974287
1226.7253877274797174612801363567006494
1227.0635004211628972535326360978292155
1227.9487626705589357333590192263997945
1228.5941046627818638877545346291551385
1229.4450406732263999392008499581243502
1230.2461366288831390214661137620912946
1230.9371444205319821577855334457676566
1231.7141482323528453046926656526642521
1232.2943631480652615634375501159940316
1233.1442937109615164604353922890801758
1233.8979657486856079354442226259501895
1234.7290353520764602603474184602097367
1235.2977593374522671173829345530803840
1236.2525960525246335702686286758528909
1236.8486043145643329732035032633988454
1237.3115581867984363884148723359431223
1238.5830128111854051277333598910982628
1239.2802786839671190832289376847985286
1239.7433041613354333680502976257044527
1240.3018986172065869370398841645879768
1241.3826085539328999747165491449428650
1242.2658882574258013525150599738513162
1242.6979686054324964619757688728496759
1243.7640892503289333390224142398266672
1243.9851008059424179305494390414906236
1244.9881534718835324664556203477171062
1245.8751089294561441744977335381534554
1246.7142026592659215193357100431024886
1247.1774989352581811318060522868090321
1247.7461059591901032072563587409056016
1248.9141621945045309998804351411744313
1249.4990273150558666198563373062981493
1250.1349341237006739488148243436487840
1251.0928417592671439996952304861368641
1251.6396332343545589199220405961429138
1252.4412456659835471438611969319611883
1253.1084232235829740015123022012048957
1253.9492226629110357838240633427040322
1254.8420453029512472817162981299991461
1255.4585874995820575809755255722804500
1255.9116578702430047037016984127017279
1256.9317873441083029066143975040200456
1257.6148318309010084717037409452408700
1258.6078434881611553204043064064357200
1259.0630242294035669092072536526499626
1259.8141490635228359115920951119519539
1260.3597878871433664340406644751205720
1261.5522329983340558272558970275446180
1262.2999836710242590037079877506857061
1262.6006358399518243042701305291611789
1263.6914743515382495828371031733666237
1263.9905338955759737498426719618439266
1265.2766855234045670880530760500664038
1265.8767436903159841773206724204533808
1266.4616320938489703382710952962967533
1267.0986563340967831668728336369036276
1268.2603138076470637141230216164673683
1268.5481076161679129631182241546279478
1269.5176686355865523075639624354847663
1270.3015468922193422564447636562902270
1271.0935439644159779597908116839898714
1271.4991323434148110827111611102956871
1272.3981678055021832534482307520447653
1273.4260129198949560455512944043618086
1273.7444328989339850188341205509632336
1274.8616590616888185400678131143070892
1275.4376813829970641323541727853519893
1275.8318995208544529026650960585970775
1277.0271879655589703306004595853879038
1277.6535344780577485353267318005346837
1278.6552636037194507101679173179605747
1278.9652818616548632451189517309880167
1279.4749740332472490763571394736927719
1280.9114702481146102028620524631607016
1281.3751668431878984843756554177926132
1282.0119392386422761372501840410903824
1282.6949030791479177744130615387901059
1283.6631701806527823378152281262817359
1284.0948447354548658616915745430338866
1285.2019503442898386615116112611961291
1285.9130738693515635144109293569484637
1286.2919267671080059146982297898021345
1287.2015866676109193965896534105415445
1288.0554990328520805661396444851267972
1288.7208982276221299527486466354539826
1289.4478382979056807288851266951055624
1290.2542582461912336199507793140490693
1290.9791917762559720862386228751801739
1291.5775926178264250739087203911096556
1292.2983708738187519823323567256038660
1293.3562629132761704384064676043997554
1293.9546988820824511946022697918424404
1294.6065984255055325174357200770652987
1295.2119148928095862973106701946842125
1296.0241634289742012969867951982615704
1297.1032439570978444577378234587454920
1297.6567099660468563988910385570223690
1298.1910110965604736769792631152799541
1298.9832502574641449868720053667334148
1299.7236575942479468930878184526141891
1300.7378747691179151410798280592396978
1301.3517925401258441230405356811595788
1301.9169635662086671055565359585324565
1302.6865158479188389702879091328184695
1303.4244585463273477123015201083780028
1304.3554355948159733648689882290737299
1305.1591754900926764405560451550148464
1305.4516373985842422507299068427752237
1306.5401040733278680121369297690109327
1307.1000106511165651355252235754483787
1308.0169016691677082689971656350430887
1308.5116148755729629651974691243913061
1309.6060355211979082146526545248254948
1310.1135660523051068633010763354995666
1310.8402740100042521331824795648715692
1311.3534639675522301644241529903349566
1312.6659513741378028871182520342513282
1313.0622345342175025340042704094662124
1313.7773198753094923563212072661654305
1314.4877178633586615174332883536602598
1315.3024539561243772049676940155377864
1315.8920418412363102908553278875342367
1317.1414665619319744122066335878403502
1317.5912152960433091079074721818543024
1317.8774862614823723334960879674005891
1318.8886749165079468962433709382546077
1319.9728267697078886727405047779198905
1320.4684537514607292073003478080331604
1321.1634996842769864091943938871067302
1321.8359151233559270175738547657602280
1322.6338722261572869552433458842969558
1323.5048623119971331872692511443993203
1324.1016486623051220755037286068127294
1324.8796366746441767860500982476336482
1325.8653962697955254314529110465166513
1326.0333444611871394243962288276933593
1327.0878483635537724871206689787379075
1327.9685907612303674238712064359626193
1328.4607978871415565378863306354770170
1329.3899907090634131629913436473262244
1330.0895905861385844948018298559018850
1330.5814969331306003089291955052612040
1331.4246872434471574790417601689578352
1332.5018916376350720153995893432677920
1333.0432518553848645475005335641201624
1333.5732294023084694891702746507209444
1334.3155682982433157739486107796193849
1335.1783259719263768685868484387936229
1336.0846597359591076553905361251909980
1336.8217206033870890268460543229182602
1337.2489123134988675076368550128227162
1337.8827886049059431620229986163315193
1339.1081386279191976317457944593402653
1339.5530936547581835056282150478887802
1340.3773123216755640505943559224263985
1341.0696527800545693955431286144437383
1341.7570141489907332095728119860178707
1342.4255729917169919016523256281298486
1343.5053153563288250391900799983287453
1343.9132138639436236386401010165766003
1344.8125343106813953451318106406551970
1345.4052610533997710077196941486182292
1346.2412042547078967169619419968411229
1346.9138863670723486833794785504851935
1347.6765544700267435939963396266466877
1348.5338786734721827259804590494784502
1349.2475716415933644139415394147504228
1349.8522956285851494056250649504013555
1350.2972037750070835798416065962340789
1351.7361664161704337989461030270370701
1352.1711716160638192273830065429143950
1352.6399862937174864905459655754849878
1353.6252165217184135844702433807388327
1354.0830762492413508574330897733384242
1355.3390706569263752976982658550643863
1355.6522166034990544262034923572243352
1356.6562516137801090425352113307728125
1357.1834400458719817293718343816327508
1357.6803904861570733062848443612368131
1358.9951974467733451019935362879580544
1359.5357907765197123526289299012382510
1360.0597219839858142317730200907298513
1360.7955348723220420973675856090178931
1361.8755145562777694012607689431161651
1362.1798529964687582127284583126373777
1363.2143837675986367610347739319496690
1363.8128399475226174997653925978319321
1364.8023294956902973390909827487428834
1365.1125360543587655367436429843296214
1365.9983813034834003311518831670481800
1366.8239603364868364541535767911867531
1367.5771091314863634774869060198502381
1368.4341952320422295688460983930495285
1368.8395134413140606112735848071239875
1369.6007340277581605637009408851726719
1370.4570739772708430621243841446491219
1371.3489167019248211082570878754796918
1371.9883459250173226708593640561742946
1372.7156191227471825041380761415923888
1373.0705712045065805206216514042467285
1374.1858098194085244268264050573954156
1375.0213731948204669042186715451914548
1375.8451781077353819972275560178420972
1375.9671090269986809268942657866361882
1377.0817133269292384471819850782169260
1377.7301750461103091033600483014508879
1378.6713186217831247858930432998705085
1379.3732297244481500519374915853332361
1379.7748495290265697343037724798855551
1380.7942120861654932511673500848581440
1381.6202520301681189473048844371971121
1381.8672271245582363067885932688460572
1383.1932187975196895899109504707182070
1383.7095240361229401051465813034874029
1384.2043731082362627938588639152355147
1385.1530689548773642393512680562561945
1385.8656887348518996657753911522006837
1386.4993896617018947358768620770927603
1387.5182396259012517539729775712162344
1388.0869560014101711517635431882646300
1388.7911667470392783908519752498772591
1389.1598730074385983075248552711917794
1390.5894256040321569835985697229532256
1390.9689379821545817823596925420952225
1391.9383879031784473072562813476628281
1392.0654989478903047763958113572579943
1393.1325044012656928569595244327829893
1394.1593787942938544030519118811663544
1394.5814205320470108961033943839585211
1395.4022224590115062975052772726796962
1396.1169723936076703911629272003903944
1396.7000325267985817210927849856567219
1397.5893027706562361848819392675966100
1398.4604419310698512456216623684874004
1399.1666401916345588796283515607016964
1399.4804130882420407011835430650295948
1400.6548684488239680860992454168440558
1401.1845670639179223224533474312839354
1401.9294778779823621130018061481962541
1402.6852525414180460192314264562101055
1403.7753969622364260687344358940163535
1403.9308878705474525116186066813590152
1404.7325679790380300908144127774068496
1405.6951060249037459183970613254999331
1406.3737603314217821308158367228708188
1407.4226841979617297291671296138895274
1407.5916653851279877625184408232378915
1408.3689360423152189314185754093109682
1409.3121545699287106937202191300578502
1410.1183460344980520558824854181984975
1410.9786592215931629819618818007849363
1411.2667043365599236429862454764651611
1412.1340105325085908617978618399477000
1412.8518419388808702989145645512013207
1413.9293042889130106828082398573339035
1414.3329431542030950349740423003349919
1415.2281294532930536430084348548731092
1415.6579099056087087441488107929340141
1416.5504779075622447207502452375599657
1417.6582057697997517722661605118418784
1417.8382545461550532486683285262131893
1418.7768989675355462319625085998095268
1419.6199522606378623022916269765577332
1420.1882702121973585471490799223993449
1420.8757007635034425313680949061785400
1421.7687996346408817960458260821505777
1422.5090494941408206049220969933781962
1423.4546315402837056936073855195670850
1423.5430528716522209637087587022966783
1424.5556855885131702787715966491468051
1425.4833446521335942304428327987940158
1426.1963716978687987774235882261163381
1426.7563851702359138822744402482324235
1427.7378549850707603381551575954860624
1427.9710989153336735235407962700724844
1428.9455192471050708736178722151185429
1430.2636664304330939661320459662870942
1430.3706173637662845973972753525697147
1430.9171184496363764146117399683236749
1431.8500377062361442154345997392847353
1432.8725725015574852705324727015864882
1433.3829193299722797522990424416076239
1434.1119353082072494008941046411088403
1434.8462265310799794980501885323646087
1435.5969607099302564375392884227344911
1436.1750542267019327605430000713680189
1437.2056548088706408636638012268674863
1437.7726925213621271765375569454679762
1438.4531490920236968288942928686116269
1439.3839464205217460320898399655391603
1439.7274411907057085818216438778705719
1440.7675059446418367223271100003684789
1441.4488764363495917897107100026091971
1442.1494101816710985736495815660596909
1443.0490302432047688386451958237830288
1443.5239879709635473687847319566487258
1444.0282132884836787312013318377803306
1445.4225355007377384866835106935841263
1445.8223472362510020366792368489204324
1446.4409140768182213706648897208871411
1447.2136118304660447019170134483933666
1447.8140061035191711609538630710921279
1448.8671501988835445420402489212061698
1449.6086814345036201344527802539712641
1450.1566938528705048082340297475150190
1450.6726993373196966595262159578510563
1451.6645401346476848015483296643994097
1452.4271605465983814136284992057141464
1453.1029908988857726853648696930176201
1453.8473883827272006526820375727405788
1454.6411401959093782694214284213008381
1454.9906869165072035463866048337550933
1456.2110517146214065220809342383163160
1456.6625239808134236829963303591359644
1457.4843700846865426731075524770413276
1458.1971156998793320888006403252059488
1458.9127398470378259433803265095649981
1459.7134159663010834254310656255413264
1460.1081561459686449927877729372557382
1461.3424389782879031596946422935588235
1461.9741108444920895265128008292958365
1462.4188603109575486826305852320614228
1463.1143153163395308783594161286898389
1463.9962184348228177788219520515497665
1464.9999265948448740267823875660617663
1465.4770570573100659647244423948988664
1466.0672078931482971347417171909859862
1466.9509708166122078879202707044773140
1467.5010908362855979894601293955238669
1468.4776921992108886265641156591608611
1469.4334036165628657072710126371118953
1469.6623619557543440207359958893284263
1470.3536478246464673917364219080768213
1471.2998708645343240049476446587404646
1472.2568824098628146150763435381135355
1472.6842950739689653533958093857168524
1473.3798470631963471675813748835852682
1474.2717062539021279607955091572670748
1474.9613857425325708410186623806763006
1475.5141809755247833428180510257559237
1476.4310510067544848358033642988417641
1477.3321081556149297577881628305771585
1477.7012070743719995923549612549439283
1478.5577513385774463636046017834116423
1479.2115990546442274214752266927485385
1480.0347524523646164600112439886270527
1480.8410472928688060711647451938733392
1481.5831660837521119315864691038816202
1482.2570972592709292685934925544774848
1482.5584268948832109450619925136668848
1483.8930050243850032824825552447257962
1484.3301272877111058258585090860755506
1485.3053665868843229946579089240588074
1485.8829101368959984838599951895507063
1486.1585458694244398655801319010808771
1487.4406762745937086842382770585434139
1488.2095772219541684498398593659860356
1488.6762865502516441579135499873585054
1489.4386880450395322950238494027175414
1490.1102103087116340491533808911028097
1490.9452891684701932474894977998841693
1491.7217744020191608708265476674696401
1492.4175904017768804753784497522083354
1493.0370490586147543345613620445024975
1493.9581515395126586351141686485341265
1494.4118944485885419333725403141734717
1495.2293240500621735198135688229292299
1496.1812964410965469166789964890807273
1496.7250016611302461342822554579437373
1497.4592480593859745502784397158950831
1498.1241590277535641862164873360352756
1498.9890463500249913684934628620213245
1499.4273915317284220848680857896788339
1500.6870406665062849799508908863769083
1501.1923595689893841884013430739528204
1501.6251009371180696590736342409510297
1502.2707580024032057397420776473951226
1503.5872484238641084898087253059013428
1504.0949756011995299263567322130274462
1504.5559552424160645146176580133149391
1505.6048686422629498222242551454028219
1505.8812308219719612175302890170863212
1507.0435887850430149878348709108451387
1507.6477794373150364307128610974269951
1508.5009720408003741558059734124659271
1508.9227002484685319066214093659453578
1509.7865827184654485265400231875474313
1510.4247951847743849524363456586612807
1511.5766710962194365216158369616346706
1511.8382974777713897357047583084170346
1512.5994080464820612201511765434348133
1513.5659445692809629536792895028787375
1514.1857760298087009843895134828858128
1514.6301976193795353436414856734773241
1515.8079821834969229470557924560345194
1516.3793564168140588869191609636302567
1517.1041295333262578620390349568238260
1517.6065554437737262722921951514382221
1518.4316799046911242397332244958036994
1519.3546282785794018667256909721966896
1520.0847722123192670120828589717156937
1520.6864079788658299378165254220279802
1521.2899223004402400194800863606445817
1521.9882937409684300983410080252760135
1522.9613031497922962691908318106512626
1523.8532353446701670837923635785124342
1524.1636673412869719142016891508397604
1524.9437289133599454469144972674951658
1525.6916458000143983569269611203683433
1526.4754753797587899319982012826829023
1527.4640754223566152929449198139000415
1527.8916619324775690658699590044895920
1528.4543256140073914161858122450772599
1529.4891820785031423439128179827164030
1530.0123561839629039681697062477177423
1531.0772546725594365497529601497905377
1531.2804757456935183889153312981152048
1532.5105905951554021040082223393825849
1532.9889157608767146603046234896094458
1533.4932916487610047090342747543790812
1534.5064021169942238474005474937871274
1535.2365360248953482505376268964567108
1536.0804801014019299331077944943250867
1536.4610705425365413539525686221074600
1537.3086844409885181868882361250746782
1537.9988254045390446177523881089687929
1538.8312875973076018537977579557046365
1539.7557834581644650421548631399059492
1540.1749037731744536349325218125780155
1540.9099869296187791796665550070419917
1541.4254642403543758270805481926772558
1542.6892435323618129712450840040400034
1543.2449008426778269186278160378744685
1543.9240857689858923600207309271845707
1544.1928468138238042716305734697368299
1545.5893135365158909650836984137820880
1545.9265554920977156153609985052548323
1546.7013161030511392137665044668777536
1547.6961290317817932242476092960384033
1548.1455461296503881695671856328135628
1548.6931004198252681999588595436390776
1549.9072317667847823494590303251951063
1550.2086624290382908389749093690577815
1551.2135232595211692834795577835795514
1551.7607094849658142868117212325388491
1552.6540215573943135357749281189733577
1553.0917397700874662976964720390890144
1553.9728158375727034556357837270225884
1554.7806194268950019290822562542087163
1555.5576421320765841215148815853458963
1556.2425626936810279308469983022165544
1556.6211584902343473214702357560376763
1557.4960420168486373353346223428588538
1558.6171770701722847152116148925838795
1559.1407494056355735323637911948270404
1559.5891801146264717790484353674277808
1560.5147725434170784877441036208998085
1561.0322699527768034251191170079471616
1562.1415428140389484302805873647227418
1562.7947924663265491779444895264109458
1563.2556004339372767762292451408957529
1564.0807287794196733742160389496115235
1564.7267049413768429314367430211040188
1565.6996698669259528979448695846925433
1566.2567958051947438867135930285696434
1567.0380499381592360179560643335752597
1567.7796212905210543160872119744854796
1568.2228602145900278947866888836826617
1569.3258568081624318634109255446541678
1569.9059672723996901168816751798760396
1570.4574602764960657211704197100371740
1571.5799159613475741167530801260930010
1572.1053005801902100352799183986965387
1572.4688820076211052715540538412029758
1573.4895505085578340668377000153322069
1574.4605936481599944450175450369140980
1574.9602778278740316062959688259714753
1575.6610722743408314393612527643292125
1576.1465122621894258882255208280329125
1577.1771876810440459386716074079261444
1577.9215573263741187269074189161638688
1578.6005119926679423740944166184021781
1579.3403410869971046112272308428518317
1579.8842791394351134959898833433527598
1580.5014443339687276366750986488636350
1581.7275275032495731138053537464046814
1582.2391528589147369623233910309876056
1582.8081984748702379662495954274469945
1583.4293415881489764986190869373747574
1584.3901423647311558102228179372046488
1585.1496540699259294223912497851787901
1585.6930349836174977957096540738893347
1586.5380395601884651873020761162063335
1587.2128549836750094939794516022745201
1588.0563622024810356151249267665190332
1588.3744346135008546919047391229869704
1589.4975150100005424627406117364476592
1590.2555751276030960606825335602500953
1590.6924534462180991707745110628313904
1591.5906058992999396864798562481640669
1592.2293772616677951533066391113672468
1592.7962311122279439731525967517993140
1593.9747154945870668459068244041947411
1594.4224734621284493035549330663507035
1595.2511753785615910541226011786722180
1595.5559892851106636438567531582980411
1596.5672728406810800941981654899324042
1597.5276204240085412871643880402409869
1598.0363563196317193808531429873339963
1598.8710227000772282982648141554220004
1599.1692368127261200867418597719836737
1600.1541179162478175799311014500000563
1601.1799923594903507463170795590789796
1601.5872508255925975223011744724920711
1602.2926238360698195819022476465312324
1603.0279997195982864459266962725693863
1603.8971335427424900186414986367518571
1604.3305857703829973701759604325355545
1605.4670550979600410269601705443355215
1605.8937124217118543458868379009482605
1606.6313371010078107650144358872734645
1607.4598675987170776863138732298372882
1607.9914147694019225020081620960216307
1608.8409797782645165181617367664862159
1609.7331257932820463738228457168428232
1610.1880794142524433447960991328633378
1611.0772177163370717067745946095505354
1611.6719338462634195617320073035584172
1612.1942429661669114220292211675434878
1613.4008338179675262714156064824403937
1614.1163652107518128439699287927558757
1614.5021516307392850059064436196045878
1614.9358611186349302704203244361760928
1616.2919128603574526683365854632929274
1616.7306469498668123623461217987342127
1617.5392474289614617154194974480249959
1618.1945086165753322945159666397729950
1618.8986777223543416727428681166029077
1619.4393263685539052605847707453272426
1620.5100455176706070450990552166928388
1621.2517533624362127835947304037768812
1621.6644028726822451087031462547243422
1622.4763155775653839989160581086426577
1623.1561108668373890888990978094375652
1624.1097236865005961848097716708957196
1624.6252167045181067009238771211306756
1625.3216231960196087942089090951990436
1626.3980485189834476971234221363643514
1626.6126461761012858628700674462965456
1627.5580213130548098483095295331189191
1628.1091684225561562865017967117787016
1629.3392509311978075927007825355917046
1629.6176654017849165178639459296338475
1630.4240405439450486042203625245757557
1630.9555941803396719093200525576641073
1631.9325257019047464524921170304725932
1632.5796760114116606903112853822305291
1633.5783159657427362490450593383010576
1633.9587625532462146803367501572708653
1634.4882685924710519400409674191856196
1635.4573631468713000157425205270132563
1636.3252462935931280104278560442785850
1636.9621173167363603865738343809915570
1637.7418832494420512536189155103023551
1638.0306887431995505707137725432277967
1639.1089336287750949486613897030130440
1639.7741953360204213233553953089177695
1640.7712245976557665989521353107335789
1641.0032100823925776428247525823203174
1641.8702955820970568814804960478694879
1642.8043754108304159086052675423251384
1643.2000399234840763026986972859910804
1644.1637751701626448631026384086794598
1644.7534205007221695817963206849110577
1645.7942245187566293373547236091283502
1646.1024420993496292574998073884096611
1646.7224045680715648708475456914311295
1647.8690416978641693791634072793932110
1648.3933519000842154598112666839675852
1649.1102371945487693908236956005675066
1650.0015736696629688905528193553119791
1650.3726775410287214652781133060590646
1651.0709884575099258310628133432340474
1652.2541682608350541684455648260262168
1652.7698848074608387418517357063619810
1653.4529438017286611054068227172889085
1653.9416410945981059848926473358017257
1654.7072098098432416984093129518177383
1655.9353310908917544060811804257528540
1656.3313143162071752128437292855050863
1656.7761241287441602986492254120382441
1657.8352588086162678386389415213060507
1658.3522453699629313928252736903543868
1659.1773736510501329677173637705126644
1659.9091044733751750997230260080657812
1660.7456046963544837503769361873740313
1661.2795240281117005361328954722943605
1661.8380510382092837959904378741691380
1662.9311349867885646484049747547534101
1663.4462772085973889143602371146858378
1664.0741327864415014495248341078582889
1665.1611817088434762221545756513716656
1665.5712286618564411517090980742540783
1666.1858446097158528346525130523647464
1666.9765693076632206213679862654885663
1667.9367454703930777942953544565046874
1668.6414114734526514338081996126029767
1669.1086648097745580949833080214255081
1669.9228813311716873291433038111321896
1670.3817596273394122881624298569026236
1671.6745282791602632954036651398949465
1672.1585369647320591623796064219349562
1672.6578506691088213181340253032759691
1673.4897090469017769792730434045584622
1674.1262571477952439632843173279439343
1674.9918887235832039227280816996067109
1675.8261155420961242312188405438454538
1676.5326727361772945122425208159037029
1676.7492553492059444480768310950747261
1678.0122265887113158301253758736789209
1678.3463708980889417826237617504450598
1679.4104186023783931428356044606023197
1679.9862393950511900978124984507857981
1680.6003320291506884682023616552116577
1681.4012312066154230885519179127723948
1682.1534517489923981237171857499064731
1682.7662728817446112362485865180077403
1683.4959945385759171314828158668604256
1684.5576829221610351422124571659345057
1684.9360731381264719626884088615212220
1685.4987941043638535221576336505258951
1686.2985637129071669498977719732395976
1687.3890636740825007651292262203109786
1687.9137146993949461194212910622096507
1688.4428442596862021508359613443896683
1689.2958652085095769036883348703649661
1689.8603821816710174577731080734869797
1690.7187355175868785205524118750146319
1691.6565769955514375916230172241220521
1692.1869679258979448688196656745754584
1692.7497602851070809150017662401108459
1693.3291835577558679298419878681313059
1694.5069049830804512022183198601725691
1695.1588300645113192195057382631098933
1695.5908993393522396863166972902753063
1696.4088480781963623573791392884931072
1697.1169052695532581840864373996630635
1698.0291651044792483228166645729776171
1698.3865638679153605689942808713009033
1699.4815047789296785067898572878084191
1700.0017051642767864864392410148763427
1700.7614037265809153986144340659741603
1701.2999544283750143341836647496183787
1702.2032395725273813814246334174081890
1702.9171349228708927533062551039638262
1703.6776177423877075539702868184090872
1704.3119505603069564390454916113107405
1705.0683860786448464078708415970718215
1705.5093956382219154069651558692941751
1706.5077082505342732946302955184919748
1707.4049893483304188563920409588825811
1707.9717806554016994694337335671779173
1708.4084698439305360939647003843018336
1709.1250949256955320663629833796326942
1710.3258135128628503050807143650376838
1710.6429636006342995235546332945371662
1711.7140952512511320443745890260387893
1712.0156103615477833430977631789385501
1712.6789402714662394950377710220988621
1713.7558465450967416064124308625184076
1714.5447909837484304009617146422354622
1714.7954279319533298420053495264771440
1715.9391666018123727520967403477586614
1716.3637978421197295506051410216325024
1717.1008232518513461895103072223235859
1717.9422352910321040173839278434562645
1718.7373686773846101098613508618976684
1719.2942773879611350203355790953210058
1719.9962839977966696662200474766349003
1720.9361394077887902431198110940100875
1721.2152958724284009315647985346328877
1722.2580504179745446646265751177514194
1722.9787716650058738635984791782053604
1723.7537946190358620807143504505886986
1724.2950728512240223962757237788482899
1724.7921626585455499455386647117624771
1725.7754095477803425850918851463771711
1726.8271828955658992946125504992158684
1727.2145679310371206433653506419529003
1727.6349385320337869754996202536273011
1728.5831763949695674371604221900709445
1729.4016189175717039930090581544609732
1730.0884865168873221344669951478354336
1730.8199608681915776780724571061298095
1731.5851613828394896354945052656011527
1732.0074889134857100825796477260580412
1732.7545418074513107392734000275876923
1733.9392264526437577113367227861469931
1734.4311470949001570897781394863071957
1734.7366490434281456399035219596688440
1735.9082822970756964753197860225420357
1736.4964328604644853795199786195646341
1737.0277245205687579159186702687112689
1738.0802882632064856883440495792648443
1738.5133280269656715976751192092118589
1739.5305030730605354713381333836107339
1740.0117388769197685984675472551198680
1740.4937340779983618634688266695665410
1741.6012685327132383263066949610522738
1742.2805336983514411262943287641245769
1742.9559690545859081888163502277277351
1743.5839241793635126496617867794167935
1744.2102272528346887036788847019973009
1744.9508347939965352867528303920709053
1745.9737779595586718013894029240586721
1746.5179067039861368650853140703642403
1747.2902740398808019550519824141459456
1747.5754367252945869255269434635681923
1748.6215714339270778090790149771885891
1749.4406059810130640998042872618415930
1750.1897978486026312063333078424865379
1750.6754437138395757341484654899581849
1751.3344056264768905557899048365866084
1752.1633315235031400829181139015561007
1753.0161753447275390079259798142304797
1753.5583602768679596432096098601868162
1754.4128154174742334912750184616441713
1754.9105210939021388499158695318205496
1755.8735645969554065850033942764564027
1756.3470487216187001439980436596417905
1757.0649913029805294355394005386975097
1758.1575496343337349350477654300537652
1758.5599231133603223381640556995963690
1759.2300309310323731495378290933184160
1759.9430795083834995218642503418421182
1760.7704711655838363334754574074882477
1761.4208878189172677217121502125238661
1762.3469190509387423147323456990467975
1762.8751264074704982513415708144138703
1763.5652319632614185553324034340343785
1763.9749553352266429409718814929039375
1765.2672377533537884059246603932147890
1765.9739149306260057546879316823444971
1766.2894336753732760378933687459725123
1766.9220810799140350500751069771577855
1767.9707317874844217551840638651507761
1768.5138387303588133170706576725220542
1769.5533139566504623557800976962221780
1769.8435317479388681189864326087925037
1770.6797984791087662334312272296935702
1771.5125143287219130397333144009062136
1771.9203694772599996519475067784263681
1773.1548356572609695019873832277812805
1773.4094281595078642518771580284512099
1774.4436638252281067205001488828800103
1774.7263481905756082061961996854296254
1775.8625721612744778269583125550115723
1776.3875437695208478461010504795212254
1776.9265250411702795507555687906488838
1778.2629267311056010052165188050418549
1778.4697295005416455904964055592417600
1779.0182683992549319493872535740240062
1779.8963547592031830726102541433152045
1780.8137251591433551665267011432425462
1781.5125062698709860323870653721879246
1782.0851828585135822158939464450476702
1782.9527268899050614626190829239756385
1783.1220856202129676098626491307287683
1784.4435806896190749114775630524428747
1785.0711463658490061300446718624874187
1785.6476998463958798167140677931944043
1786.3386993491708463155170237978346691
1786.9740923944898568129973695068324587
1787.7747874782170993696957570127989012
1788.7147218746416666840844352225491536
1789.2054966510516677780310192730618082
1789.9485834810959757818962615069124571
1790.4887964845925757890916997179998482
1791.4329769230791555089244390222850802
1792.0949530703156102725843306027078201
1792.7847597842474868885498367155074625
1793.4922040139032066234927966677968780
1794.2884306597424452447681863747537394
1794.8521288969685280753033903029668582
1795.5707028953804610339069341567754149
1796.2686006326678885707214679940293808
1797.2663675444832229806388488158935615
1797.8424447922101976617151655686432593
1798.3827930970450791045470931149930843
1798.9146755595998987845817032455648502
1800.1929010667770770255744455793522504
1800.5013441335471724733299486872865308
1801.4171614674012476683181850984081083
1802.0552253447162658810583784909844003
1802.6174774059442171262108247284821537
1803.2603823352172835122914167002167564
1804.4887235955134070868051209433945625
1804.9025772804954804741822289440169117
1805.5868400610553395560388461573499888
1806.0116581153298103292167814684578069
1807.0742006115057930252202956489932713
1807.8925940360576970291958672393884328
1808.3641166482665444302638618175344083
1809.0795030060273618453053352416338934
1809.9348897333575133678758767676512541
1810.5434030079394572786849770072673990
1811.1089141858630450711480907716432349
1812.1315189338102948011386099371137964
1812.7344130491831098090847870885218662
1813.3630082940696833007269788204552882
1814.1084961799487275497912794646686882
1814.8143617323621746348526729579460170
1815.3880667607877237252754455280722047
1816.4693671776671872389001122987230874
1816.9144419064351604018012734019744427
1817.7153693711694747244847264199147387
1818.3946975580825676111286959294552102
1818.7366418109186632087272077599786715
1820.1096783140543245998909714455788259
1820.6412225662619928556476996419780607
1821.0568371958652182553903473247725008
1821.8859441066526893420078409282964378
1822.4618032067852675367078221909873672
1823.5818228722268323701894240525848029
1824.0309614846641046478733540282495407
1824.8824880977134645964501106930460904
1825.3169982124103089695400010219210792
1826.0797788100697729437176409237427657
1827.0496305996136168117593572858225814
1827.5779110910175539485764120070969582
1828.3506478300931861575804455994327216
1829.0043130418875792380848290181476517
1829.8565307035630651852938996394048162
1830.1722948585592491612859902254582163
1831.3526995622096454026808141561780535
1831.8494312716132977817252352957995934
1832.5080682443496841301045910592478399
1833.3956219301697968654225432298847144
1834.0432332144342055966784797441285062
1834.4397757693036003541266640819858262
1835.4385972153841791390891881150650690
1836.4163281246263642216049056697543351
1836.8989293819730052893339874699304667
1837.2404831573672201999389578478531557
1838.2039540680540864508527044747784426
1838.9774202872089375367954681895695077
1839.8991278963771281536388513238201730
1840.4075152819136820853992523119017864
1840.9042112881357980732574975302414220
1841.7425684439696541003403972610141161
1842.5887020364409039072493766663014297
1843.1222354264048469093038759769836143
1844.3224901395917989936036845880368145
1844.5186587759687698320220593864094046
1844.9927238772830493788562053800865217
1846.2259080572839858714903839767942473
1846.7884650584380018397177621047638975
1847.5637707681762206131721346226461253
1847.9724632048890314676029368739756517
1849.1483391304547275111350465850872049
1849.4753496731804502113016378176221580
1850.1639066421266922385257900068956524
1851.0490988101960387264540270613136623
1851.9532320290648754951606642405136929
1852.3136937318730413197502423704135412
1853.2251547612859042082024881742760035
1853.6249934383318979191214132486264996
1854.5963324622836181853020935246036294
1855.3679347369774486213188651830605218
1856.0650970677562837450079451667296221
1856.7249142688174023855191396011835893
1857.1756073620292040384917740825058471
1858.0291048711278733740616238175498098
1858.9781202130974476394884151007148838
1859.6639810506812757307071008386147264
1860.1869340935430708917781477092617246
1860.7747695744325772796192864246863920
1861.5425081695734540592711440731224109
1862.5621074413987412757936684375766453
1863.1156536965250352870205606215916328
1863.6857522804160754568520276380457866
1864.4967834727331687194482920455909830
1865.0649808349785042611826355687864347
1866.0085046958808858267659428329257398
1866.5920607378764022370286546924587249
1867.2628802272278370393787211015017958
1868.1884046225296315751753661116255266
1868.6485679323253754990740807252279208
1869.3151781136727056285827489662929810
1870.1538701813662376263488495464493348
1870.9454487359432556345844060322061944
1871.5855552707010216111427521901705322
1872.3669255961836235931296623066718830
1872.7749868000360131600956413770669324
1873.7071293435929504980597811303589103
1874.3114549304939155512282424349836073
1875.3047078129988934005962827834805094
1875.9267279462563383159361762338244348
1876.4664499607917934324818647533340026
1876.8159659435379839214586607224239842
1878.2222000962229767092597742207525228
1878.8125820323422785949718388527446627
1879.1908370721922775988608501283360614
1879.9584270033540617949574049595744220
1880.8657724256124210608321998065176554
1881.2910922160084562959810019166404196
1882.3340162723244257855024196304699881
1882.9689895313409293317738249432737752
1883.4989987597099925336753783396622672
1884.2801846617073420020406471532382288
1884.9281688680428040673414004529391162
1885.7759037889443806705909232514681267
1886.5269148809983073232169600094320582
1887.0274281482365971151942363469956232
1887.8746681416081808370895254278007491
1888.6052724851470882916742337972466359
1889.1394584562950509987457502582603829
1889.8435853320301073297138717587194287
1890.8726042977245231597496230517191687
1891.5844648228197362335488139259562286
1891.8545182593771624984177391628011437
1892.5887815869940504169668763249257461
1893.6230926010650212430966522875266593
1894.2125331835843486172660610830005831
1895.1863112875455206817547103923447271
1895.3727755705216819190592232050979954
1896.3676738859666971415351877211071714
1896.7558040489736524786976706143559797
1898.0593152535917016499643376072463059
1898.5385494056717026488930583361380319
1898.9136402519478264664492001155357148
1899.9853335279430755190570446070264331
1900.3502499008692486802082738918439957
1901.3255288556590293535345050800835076
1902.1677915107121034058257426131649015
1902.6564804644887180090673617873150156
1903.2155408825267628535684646431930166
1904.1847066159559436078174900393691057
1904.8314462758372167195810243899203243
1905.3839640233735771512545352656715366
1906.3240953275802135976738860875082412
1906.9688196111263477822526401968752802
1907.6342007590670564700134312996216176
1908.2907244400828610575064930209824850
1908.8490799643674787355740696861605744
1909.9330694789440999043097850833090057
1910.6540212394782896054126044102242951
1910.9757777013792382926207542830790821
1911.8911602831837992679628892741682555
1912.3710316728002526142011534068404346
1913.4896797046679025649244304619719887
1913.9015234563392608413181776893477461
1914.9713855576424390721906845938895058
1915.3030558617931452921647341210321673
1915.7551669803305653633117336564660463
1916.9394779394593245735296764364152105
1917.7312889343758201948793109781520969
1918.2551930276439721981887819291014427
1918.7184586446923773073137326564900613
1919.5746281700942818841639945105077272
1920.5359754278360570627169972450596916
1920.9279292916277551403060879406999956
1921.7439760085902962889514964262795225
1922.6197991070300593006682054740469777
1923.1135620547503841639744282417885287
1923.6937887304384035325621622939509977
1924.6882400357666785656875873085294529
1925.2616974285958147789981580646042264
1926.0229033104829722132456895482766381
1926.7682363076251333986999044325946701
1927.3069827039031044122021837576010491
1928.1517363076124083780780308525551911
1928.5874512929079726918637156433534367
1929.7684589663678131055120771338479369
1930.3301953640752100312668516374222808
1930.8144024081995338082776018429500100
1931.4970902247116059618048454081347704
1932.2345872185977419446179651942530977
1933.2798120122050558110658560711381773
1933.8546102705199038777620093012336409
1934.3732583035279699239205004473610033
1934.9808332851917799400929852932813964
1935.8735429491999655899189098108340349
1936.6446068876847897798578244628085677
1937.3399214234552427674038556765192184
1938.0509428195148620522046537945625901
1938.5427642308031238358261765293685158
1939.3362133752976676965303409610962882
1940.1428243187534496681992732527492495
1940.8866692036409007677322519839282700
1941.4302573533423994979248501471557034
1942.3227159336215769754720936469798360
1942.8643819224419396416633451296901042
1943.4809617371900138139252750985488570
1944.4718745888726807297719634785714401
1944.9878009044537474653051063390651628
1945.6837197432358594225279899802538026
1946.7601593449708630664753981216606819
1947.0512115399129813273422003911447420
1947.4346425630811820642146371954437468
1948.8687256135161706610474699424201937
1949.3301374633809179978020993163278888
1949.9306780099907238721240228007845372
1950.6124204350547852329292131086357359
1951.1688184595892098778923857013184653
1952.3264720887670163412973407219502678
1952.6647602194115439384295236054452270
1953.8048626435331458472629490069413801
1953.9669853112780302424981829651358801
1954.7733500521834359654719280877764455
1955.5541155238647979457759932986995852
1956.4780983460614772897002012223182039
1957.1059361533249304559645422346694600
1957.6480063422355340954808948934140672
1958.2432430522016363446630634629332429
1959.2116459368426139090517938070206185
1959.9345110002313903011265086757828158
1960.4056995377936536928504140890296128
1961.2351296850070204233223094667468075
1962.1756771992179340231343917197164805
1962.5478295042895616199444037566695013
1963.0879527697675920576230083672164807
1964.2588946779472052845192350488630670
1964.7576580554240163018186229143156279
1965.5108209757384723698155123018574135
1966.1261308162696817842530311798337841
1966.8744905973341863236849793090087529
1967.3573029752287687830842387180663092
1968.4775359109751627283111585802106585
1969.1258635416746549454862587645417894
1969.6111933810929416733053516260651753
1970.3058401353161174742073253954770464
1970.9185139061254595706820312417535075
1971.9428482546793496374636843295643132
1972.7377280699114343713345597202623231
1973.0953532241078970122503413292910383
1973.7746147325736983401204953651553319
1974.5688652152143200560496414311529826
1975.3514384598703671738232469845617463
1976.1626796679208341475319559242167751
1976.7117192790503608372607795510214503
1977.3132258992780108012040586100290457
1978.1997994380444499917061356890045163
1978.8140779207392105816017729582943651
1979.4290635749197402469912351595221829
1980.4588835305295222819536099283339870
1980.8399837791188131198010051984999547
1981.8088129771290876201811200359235994
1982.1133789980999314457841468645626672
1983.1251849508830033064716883136506539
1983.6770650490459235208185165990814238
1984.6475508044542411754905517384412374
1985.1668906007967622562977361359424142
1985.8249757076194403676007245034664512
1986.4947735565622847650856086274338119
1987.1068509593523523146287161864090124
1988.3484702004677795061029144708726223
1988.7040211757131904780792623367247095
1989.3070475747192360029263725797879905
1989.8052200966719410473897914247498925
1990.8837819235658431327517535405922669
1991.7738520162941259031609006382532683
1992.0300075493341645370160891110300215
1992.8817742947200440487709624014739217
1993.6994530497979309119513237132997410
1994.1041549244928101063683949558941107
1995.0116733742018061886188499530392212
1996.0380135262481982841573838412126403
1996.2723129440561101599587606673677908
1996.9779474373134692804394497843820101
1997.8803712750390723128983331216588504
1998.5367708762636270283344433630200214
1999.1922181991466271845997424150275958
1999.9138292261680289386894988037880546
2000.7698481219968036870242179164104353
2001.3542905570090947414336845537158350
2001.8839786531921388877490593600424861
2002.6767546929369692578837286406581285
2003.4714191467760645082013319794915122
2004.4587016222461316146293728630340156
2004.8125043585523389638257444968474563
2005.2420150798673631385612655020331555
2006.2854466894966539306703441207699520
2007.0293960768808541191242722334942700
2007.6521498453879790704053127510082815
2008.6913799792052023102078899058211632
2008.8206765688417659453627760929456461
2009.5169283086926718522481166162597801
2010.5825011867021271306965402066925860
2011.4148660244624019508857328676616744
2011.7168270393310188909615476567367460
2012.6429219642271175672171866676809469
2013.1192457990364228148653123055302532
2013.9645452458827932281928560209871726
2014.7703499112889364529971574489168417
2015.5016892572613377384579748961267869
2015.9295298560838260008854867653556422
2016.8393621648125808908428117305352218
2017.4832446100789381795210934211712866
2018.2070374583825061217343770735253807
2018.7143576231716062751644855701496672
2019.9307094816932842195476207421087467
2020.2188599977027516199800945876308927
2020.9211895860677519403561242530322458
2021.6042413334657482975037414023962936
2022.3474420859461258914024161621595305
2023.4069088544842171484511319299845235
2023.6683544371180289512207411932338714
2024.5787576455448007004901304531661108
2025.1413648312788429672602219603245291
2025.6958607737330052583444423134757552
2026.7851965670085469020569775012447678
2027.5001346481518387621662962215596639
2027.9475752782625367061719613390259206
2028.7011349351641501957194201391945301
2029.1045624920217644326272275044262421
2030.5066455306818149393893982892325400
2030.8376259333615823497035014198065102
2031.3275398499218443197026312446368356
2032.2666427724961730468481142857095251
2032.9849272932563026852984079365457816
2033.4797766360173614661927655184364410
2034.4137474456550305219545391137291225
2035.0585032690900053642269202569319722
2035.8496033365883135534740604352846958
2036.2805712134822920995865666619244091
2037.1417541985552512524521383984073004
2037.7802393649422542520617811171126569
2038.7418290200134183071170050885198969
2039.0223654760748755433579943648493670
2040.2972431854508238074758187262464608
2040.5220176216192871069395531822510702
2041.0297018834507824072348158793829989
2042.1234424750290523986921448963401672
2042.9207309549031187587735501817779994
2043.5792889207368186341555106492559819
2043.9536738423419929288506288097320526
2044.7571840224996008505704146406609039
2045.4774007858845164750016418532835909
2046.4675776147737896281646783923095480
2047.0444055677397352846219296300646603
2047.5609185846906496233940146063415658
2048.1821802335289203309487235866271176
2049.1642600667876373218240760420171860
2049.6597278896472666362182411996144100
2050.7117310452613486732677348959213155
2051.0474250459071018052217131352970029
2051.8096403164280458783725332412475437
2052.4708582925334840500332602088244928
2053.3668112876979293429825525076708893
2053.9027451952268843643380480379489000
2054.7185942222350360139621003438203802
2055.4023645248549453747002987068396151
2055.9797983329656774915029746181516432
2056.8471464992208999596435310260715929
2057.2769237752255031463341739581589905
2058.2585467692411859337975981108904116
2058.9283731772520083625069065819634630
2059.6780504983480805514721664060244051
2060.2547449344741566274376826212296556
2060.5719589056781573980011271298204441
2061.9449162608175157148599614584794905
2062.5610366286625574378958998176541000
2062.8715643222193768590652121413954233
2063.7213790389125839807856316831847855
2064.4823411321365037404252450883906018
2065.0190675083182021201764649366118841
2066.0271086273348334688431913518790304
2066.7316516168420254639282798095794400
2067.2810766128804295976940349345585149
2067.5984278443214400972779805536695401
2068.8443444430450647841816932590582898
2069.3521482197273532969538753235884629
2070.2330481660641403993697364906501933
2070.6230900493536297596313893161675470
2071.4077888963479020335440191041641246
2072.2826886520442668942314736729633033
2072.7961935884308923436773218374613915
2073.4911224059937566139211540275398167
2074.3779405110168333175314110694369105
2075.1077320944488604029316046307372088
2075.5697037641434877829129864841353243
2076.1483161100607987132795908934683911
2077.3061783242071232194268093750307924
2077.6270392718404364967614445216228720
2078.6261436756470970188721019469493167
2079.1425993201991912085818675778326042
2079.8693929001672365136127142552550504
2080.2854970438143847585529677494484236
2081.4433782229760396460258688397837023
2082.0967130045335372577820685167554500
2082.7570913776388315727017098174550523
2083.1333614244716185513386914089490436
2083.9241635381591431964295775758615562
2084.9290657008651361492537270301945235
2085.4881712745093156169462169647205452
2086.3798532754050207950583241742365692
2086.5755346095461757898413333290303299
2087.5683613533899730778413327185209714
2088.1857407390933537484101116071207980
2089.2827838915408529789455098721790279
2089.4137408673403259077295809285259520
2090.3946054417077839214731006803722454
2091.1993939165775273215736966566752027
2091.5155723126097496205741821731256706
2092.5255372278701154648110237262889491
2093.1387025278175348847581322326917764
2093.9326898592168085828860674513015873
2094.6189628226034333437047398001886793
2095.1222031251259809429427390294872702
2095.9627160577172878564677121644874960
2096.5666206920089841730485800741833718
2097.3849885974056515430531041696547750
2098.3014179206546186534774640549799559
2098.7348660771172338271621295346644635
2099.1760392478803729423395440027133367
2100.0438163301853183725120898278896191
2101.1127892258162585245373016757601460
2101.5886599151097303928091869118276220
2102.2874183763484400752247178921709641
2102.6611711760326344695143164539524210
2103.6723665549015065848768326325913268
2104.4105749495868697669299442446764953
2105.0800001551640530458481715446035238
2105.7368388863772600732250426498879950
2106.4853764665688729619586492491052857
2107.0133789835094748701220121787990490
2107.6915228405184432887568305998033935
2108.8480870327687806226157790104475798
2109.3022606569985599676187662714846781
2109.5738142218105100137071722650797952
2110.8981124852576105941768981240700196
2111.2415957758348886484544048663365265
2111.8685034967956983294625551632617413
2112.7287722550877091371249659988419383
2113.7126140035943926632807407383768431
2113.9521310667753573748423231423019596
2114.9197672117850493213957715600021758
2115.2388033965192364573633969496258752
2116.2301949897437436110701431045457815
2117.2839257156668065566948832193367415
2117.4044745327272643896634081768245744
2118.4112777214492258249901305293818697
2118.7570770717994726661197575992644015
2119.6826860163491653464575060038196031
2120.5462733318554269066788586520401060
2121.1754974813346850063590668417116769
2121.8364674175092802161884985353135493
2122.3687104650327282366123263855501671
2122.9843415696828788798504910876028408
2124.2981855581048581245679190113364429
2124.4564126605517430500730609193470264
2125.2508065969037691629308723845509809
2125.9832747047473169897289131509328688
2126.6253101292032531332416797713093305
2127.3493560618536669067271264058854269
2128.2302463106908798263935123605895020
2128.7056084036589045506796128223514411
2129.4677010272819869661155971592135460
2130.2527112103249987032163945536401622
2130.8601857106963530413435260133236957
2131.3713832003420241250874056403989842
2132.3450469482459947312590677821108056
2133.3233716292743482855046363712312877
2133.4513884783025065404809619527841683
2134.1953946510952423965973705068434636
2135.2156490104307852567382861165171956
2135.5336581455023479640485745171155182
2136.6737565333608727949288830964474983
2137.2599389181224235007138507257104745
2137.7173102230577935374594492760117773
2138.4734189497729602417319134298686933
2139.0565358988270114029216211033790480
2140.3499587810164538784245575837167819
2140.5991887503798042055312622670177446
2141.2783565431736204380806683028621351
2141.7995898754316674140290795889955527
2142.8227279208969921584038951431518914
2143.5556819906074472316902223758728476
2144.0217145488566955377484333545928735
2144.9180453688202408441935687164096597
2145.4762810378490520683624622893510129
2146.1868652598662981915749169389433234
2146.8344300513421137248995673668717332
2147.6637524415342941294159132389267338
2148.4976676440993326396545483240378330
2148.8426081510548507946002529538901208
2149.7256970608971880500358447552635303
2150.4032270765991674270493309798448827
2151.0407600385337052031824718178649481
2151.7225406637186295037111620015205870
2152.7219507496907790304788344498243114
2153.2064646669231862877662258859335086
2153.9090100933961508966514069788474848
2154.1909922108958831024510767281957860
2155.5650938956683025542200338698458305
2155.9874159733521268086141651024738165
2156.7403598625145663029519013688227903
2157.2934862864765360441100223181968530
2157.9056385110839459007666416026327859
2158.7543560409428808476430478333374443
2159.6798521986769214028172870814366303
2160.1222525832357746813822229938547796
2160.9705504465661223949129804058574677
2161.2432856766057675429882805028322059
2162.3803190950581134545377638102146649
2162.8795575756183412959480720386283096
2163.7576822871256307715467032900199806
2164.3636163888013417743889184350847229
2164.9451967855771171045396334552684301
2165.6707379000514593009249621508132917
2166.4792299706002593640279584335383324
2167.1713382137727521600616795488986136
2167.7038809785640981181738889011114583
2168.6870636798596614921590982618276851
2169.2785018230441128958383184771217746
2169.6714123692006567497264362876939140
2170.5946731381616857967851704106456054
2171.3390864123112692774102957153611829
2172.1295054521602455057662374344883452
2172.8715897284172208840286312895284602
2173.1304075901490162047700281301657376
2173.8755346729260753429668582507430448
2175.1154874790455918989082832737832802
2175.4371974265799719718418950811373076
2176.1138597741740744077453577168598086
2176.9890366782132944095447626635453058
2177.4075114218212691994198271263556279
2178.0891244766085101236551941731649274
2179.3122508118377711848749919280965924
2179.6708675375744714950016725158490469
2180.2724003922377156074055777073296885
2180.8198471661049584700629005184831538
2181.8560063111419630024728508801007481
2182.6181089794632373268030700053616342
2182.9282042060615008781156471889963146
2183.9645592190496006774256326296456666
2184.4631290978381549463686898597028233
2185.3029542268399565039798968642823840
2185.7428502585558604886982410753169966
2186.6362269985517050421473086398936330
2187.4454940999552967940069593781948512
2188.0232641912867249365851339320268947
2188.6627625711516576520014944496820768
2189.3234427479796656969957916885501477
2190.0145656740832043100330866755639875
2190.9312343449070927439704019760958178
2191.4479344476129322028921142853325806
2192.4526980033982908808490433345250779
2192.6841706466764383080625205006011235
2193.2989168279539721141019988717788124
2194.3913822712168892353659572146615658
2195.2127543757573925528041550123224219
2195.7053283953606824932745101852572762
2196.0506437780501643987694657828906255
2197.1522971248608787666926708290980396
2197.5805850808471195870253245083560892
2198.6584986846782250581955667535679463
2199.2917637442652291635269929989746527
2199.5413130528504903758721842719558134
2200.6244174032797349572065729178089764
2201.1213247759706054225089009362954442
2201.9266077887034429137067850132347642
2202.7592875337114876663277400302283440
2203.1882944409176524672429245412875898
2204.0971028094434167662135967353914361
2204.6702380513068941765388915526709907
2205.2294053658903183577662642839414472
2206.2184803951545790790125661071507862
2206.7732696814089238017740118674502943
2207.5164599999838292774772533824594400
2208.2102231326002442846232927586696583
2208.8269725341336352643701318489176070
2209.3770043996572477737659672909615005
2210.3054884961285073636053168013051052
2211.2727135438459328189206013512291105
2211.6863082122598429123188337749613337
2212.0038989257532915774957876670637766
2212.9548112604926420388009389482613588
2213.9068350647605018847767936822226186
2214.4928745703661912127921733230737742
2215.1405326703281068041373532210151484
2215.7545363716867836922015654092276586
2216.3785493418790140311703061791876329
2217.2737079483314693510239886249876066
2217.8991643394228075645008399686111280
2218.7051923922413636940409641613811744
2219.4141866044059882021527795540515535
2219.7026830012821716635916708016617025
2220.6594828610329837787859122802042868
2221.5698529845400823414944434894572851
2222.0091609515673007248718914137039051
2222.6773337563832279018104931283339611
2223.5442920879336170273770483342728205
2224.2589208252979735541156814335031450
2224.6798838124810791338942234744936184
2225.3765022740483579700112964364645302
2226.5846598492292106267315435545227001
2226.9621833912295780007690349422026275
2227.4094114221707913728898873714067508
2228.3604185292794097309054207362234564
2228.8844695459972080796007801825159026
2229.7414542044998453591840781544535745
2230.6564280703526676969994503811079853
2231.0607143698736205611833774587046149
2231.6319279641389796570335023362717136
2232.3746521218517438318965592911671034
2233.2249131934379939530627491014480727
2234.0456763040178621414548327578595221
2234.5922267147535838289277197817606537
2235.2436312802461105567779050873177659
2235.7136954068978793098488142545054853
2236.7013823018217655581136246787083064
2237.6438218959711663346585773917547495
2237.8376286538559420194429384757683869
2238.6960008489137078336758594657380815
2239.5934673495661493214675864582356271
2239.8795768160686515936176947301786214
2240.8960490670737265267582767770599626
2241.5541041921381768260341052233539539
2242.1079975870623427243411128704142726
2243.0861216757721716919907774218036685
2243.5617772082594264248427242420369901
2244.0557043498208992291424893228596153
2245.0071352675416906430816784284210562
2245.7884091909662688553808361566331855
2246.4909438519479652542440748464988802
2246.8980183035819402100006668870102869
2247.8268395747535722641160196147366215
2248.2328731644413103128248340975566352
2249.1934749000969440512304324610083633
2250.0127794898750116942594617530593209
2250.5993624737810150039426093198683561
2251.2048052927705106820680154386295436
2251.4997814762853967486481236295848945
2252.9618211713921391653310494669938746
2253.2642687184972032339219402218973336
2254.0810290417901149134825993208842302
2254.4690858933508499977934621263054998
2255.4503141161848086357142997799835993
2256.0080959663673186931700461232700058
2256.7936681869955480503258055778143933
2257.5502243984469637531402304935604231
2258.1049668500931517499297635847667393
2259.0795588654250009462646124857065350
2259.1575270680746418250307400057932119
2260.4162700941166631619241179119031483
2260.8627137074074102040980690692096243
2261.6738292854405270107750248366592626
2262.2531456301715996642491823761443416
2263.2389855326990583397779699529581148
2263.4734378582258383061739208114218480
2264.2440134314796345194286747221559275
2265.2353785041069663544156898295460339
2265.9706851658230766369416848285300753
2266.4145632714205353784292877360962953
2267.0360345442400065705653913760748631
2267.6568806464461156490445667566739260
2268.8486182103971573755486578527916191
2269.2544484857543994160993243170809915
2269.8629812535345025685258651560421919
2270.7735343103716892052478626362974592
2271.0154259718090110350240219143001233
2272.0508154026262676361825961926493013
2272.8602645098889916353197355931923868
2273.5773747277409704467154945049838881
2273.8451751091582298820533143221351190
2274.7355373200579129425037214803289429
2275.5720220415027729759414265537080120
2276.0662963736515616609048116845244716
2276.9977752605449267118387602680135200
2277.7311252793972958732396786400898429
2277.9126327932598705308200595296272320
2279.2527840787806143885570328928840316
2279.3913302755968598048156227719503152
2280.3093231533540164253601668908037644
2281.0456138430809080318477542922929106
2281.8840480474991451785070505445871515
2282.4073044429240880712467610576423740
2282.8888729627855546050990179491744886
2283.7056218004875489627212759147630717
2284.6799959277330176176268479989180238
2285.2473522272831292188475583271810088
2285.8485392030717463934693542739846475
2286.4734013938259932294468540516244574
2287.0972562120853098128714671927331286
2288.0482150056243639657977609634733846
2288.7673520669953028917602570126325326
2289.3150846718040610251429422413932771
2290.0634322974581313640618567964489993
2290.5276019378977208433097679973354215
2291.2764418162862064193004664405704049
2292.5887502913839535543562256556525991
2292.6855548162988588476027038845691876
2293.2488494513527745345105990624781315
2294.1342345129538281790553317643531129
2295.0356934062331341560733926431847530
2295.4813019698343754673042129023179235
2296.1410726958875979788594259658600383
2297.1599914735292808926785108736872610
2297.6432756778305244094609652746118530
2298.1641680503050943790111744556918015
2298.9798990699893928688744221443078571
2299.8063689542079935193729408381888784
2300.3344098334134833241034471635781764
2301.2614371551775815181674769737113915
2301.7865583538260861218453041088188450
2302.2933502506214472656843652464545377
2303.2072838762297925785181639531364182
2303.7563809071174362915203343736305643
2304.8517010699911901807015542321963296
2305.2741755895798802409636382446758707
2305.7997358824431941297817774007686135
2306.3676282131261322409222195245121011
2307.5234239237273990433295356046126032
2308.0876502844242606347909857299735426
2308.7518831132985117474981393612825265
2309.3415812356679078434979721524195865
2309.8902736183650297263394499643576076
2310.9309362757666952456425441964597132
2311.3848214625087064522723504097213486
2312.3884445087464384578574780712759710
2312.7385880883491052455817231496413143
2313.4372677293416636536441405247274279
2314.3441106106604375460916422852995677
2314.7908645081774152814759045369161652
2315.7280472510830183310340888492563282
2316.3295140965640297230686103680374847
2316.9576191636455396580905186251271307
2317.9175828041420665335318497748565161
2318.0421105932753373227815819936091240
2319.2182131315504825678651272761574880
2319.6799169117338077538306438821521413
2320.5782750042046575523541868067125012
2321.2111678346635149004715387031701900
2321.8826279431088359868558869359368203
2322.1611679089692929250055640377743614
2323.3615914466705599211954411151469807
2324.1464795825356675338262346594087372
2324.6745632602499553072144902527117137
2325.0125712732635947372614968015110390
2325.9371051549449063403717701122510274
2326.7038863383506893789595386565302229
2327.5637640688507577374515145831400834
2327.9485692439968784021911286476655999
2328.8721812358909887029138080822084378
2329.3537264804381599871743757083855278
2329.9016466192056356447305544798319308
2331.0948326007002509301883874084046101
2331.5696654566882335922520748471933053
2332.0556034644265956214070582971138038
2332.9816041431858933838739453930655232
2333.4377494970820021818270697518607904
2334.3766534839897816690422710165244286
2335.0109790843992354589752691791255225
2335.4946464952964305528544240064273604
2336.5669902893451208996815926353834176
2337.0977572724603284462346584854979996
2337.5554995399906936414381380453754161
2338.2268439876474750892941772506138551
2339.4990774638265354623383824784796986
2339.7163759856387443885885470450484688
2340.4283158298694735973949848968126885
2341.2088626206102631081917635738364944
2341.7834568781076392207218764428573836
2342.4390228541830124547746943968060221
2343.5456391066624481350799862764914785
2344.0191806175783350941739014354955511
2344.5170927247484280854263410864978310
2345.1366252562846912934099894675746986
2346.0452455901840604329942916107531245
2346.8021201825629895014537152047740341
2347.5860432754468147757794472402210396
2347.9640623483914424142244793762203878
2348.6753530566304856255794837873933528
2349.4202687255396049390335746568526239
2350.2656723404580357014035532557002337
2350.9236653543583124018830869594217782
2351.4336627888913457320850572419055483
2352.2962964782973335280814964738361900
2352.9437272184826039879156181848012570
2353.4815105499664825020187538186739767
2354.3224436138630117976476993060270625
2355.0267091454714496496955420808177791
2355.8089249206236979612465667330960426
2356.2790694602770313254419988283233068
2357.1715563319571377437949179590577195
2357.4616206501564084672225464209387340
2358.5871537621265821816516788795031289
2359.2125060025324688410058952361073430
2359.8639030980821446105626363497410039
2360.4345446994025608249657397850284838
2361.2221667256202328707040387883332700
2361.6241991237135695488372584965787544
2362.8673164203866376997193862837562782
2363.5193112049544057925814201831711467
2363.7526033431651999257440954497561393
2364.3927209600806762307732508690795089
2365.4260018095149136862262302103189050
2366.1497394459074080433219934611033655
2366.7454988013601431149184595018533667
2367.3449551395144081922386274779952033
2368.1424344414813013302627969834836199
2368.7131283616392610204344426957941040
2369.4262091148414099209053906081009254
2370.2269480655993933112847067302925573
2371.0246739930158225825650871655127643
2371.4461032201061070723766563481037033
2372.1401253294165672535208663033509658
2373.0050377405298374567518144678301518
2373.6107691197053849936035289230132295
2374.2000385339123282674775447183892188
2375.1345396604360216201268731746679355
2375.7415412417886872417492954335386301
2376.4795196867555944110023397619007567
2376.7023946726103934413770456878804626
2377.7959733466944909189302895399738048
2378.6820572507983394779961243274738350
2379.1147671424894633202948611094931209
2379.8886015185441481428543081933314254
2380.2071864242977550040959621126730963
2381.2239180344069792585051626236905761
2382.0801270558221064817903525216721717
2382.5224824828679173946070487882463826
2383.3821152985489297192939991711039905
2383.9024242572096408728029834065461172
2384.3653025571931839840165509549746977
2385.6104853918796672855856077827999435
2385.9807005342294830403325135083589345
2386.8148676428482827163746616148200767
2387.2577668352497041439240788744689851
2388.0567215181453495445127398691021217
2388.8187106007670177201992540380519706
2389.4574855598765208872269576236447832
2390.2056382674996630687574950066010369
2390.8725437003797603784958812650155870
2391.5223394897908624408929425695625009
2392.1677392418492375029957906513276495
2393.0973834481972900615743064683825457
2393.2702623234528122325194869764356047
2394.5808108325103423498166133397883993
2395.0547789290846144156899671681511675
2395.5773955573240871748748908720964750
2396.1230135536618351439265960624523155
2397.1294673949188085326025355021248465
2397.8707844380934679927300772878681248
2398.3801790586331758830943306541840768
2399.3110851190318898134401553562400486
2399.5909689130540699237646911002593377
2400.3212844078501809612470248068124350
2401.3062918033928798120403272017186638
2402.0155862081592986387388432021659152
2402.6160963361083636441440192677840130
2403.1001449683319069362355058995079827
2403.8006135083604219057141194864361522
2404.6360019267763613232118056367402800
2405.5885195870417293134395280713408633
2406.0016511988506414753001322809608002
2406.3833126390322741038126007846633532
2407.6881372717667002869039479286563882
2407.9696028636157039637370278490941418
2408.5064368395567005000458753052707768
2409.7582689303906519956868863276354832
2410.0051542588269158212139529765639517
2410.9280133011413102687553295502366462
2411.3438998178831562240444926479009711
2412.1709273528486452289886725677944223
2412.9649376270331487190048984880479108
2413.4759304068135807241915149010019211
2414.4432875878391343066128320854186975
2415.0011564571518946930065372415547135
2415.5170104353242487626963592379161342
2416.0757922090600771540326977182720049
2417.2725802952034016986098581841528375
2417.7485637014495292452518017953670351
2418.4589363635316713674287340878271707
2418.9604872912199954013506909376774192
2419.5477944857736735804439536364661215
2420.5867866025709138220150772222782875
2421.3593658511536306320897737782806521
2421.6814907919514486690101514527839823
2422.6271382654870551150222919941954054
2422.9806976791969740966474465116525146
2423.9701001816744375849923501221559664
2424.5349119394241123894052305752698956
2425.5498138464057722914242770271830246
2425.7456895818933876518687014530517189
2426.6626058057729579660544047560490188
2427.3029527850365329078271870617488797
2428.0034234350824490972644114445442673
2428.6917690934776163319752425415362355
2429.5058735446823277562204747077753052
2430.0689807583334922442402331691946637
2430.7494907239289086918606126786234601
2431.5467807837398781904106863362658918
2431.8917500897907098407881783248215395
2432.9614057472475713196676865372458044
2433.6037887309006091988723148820448360
2434.4583169177056638959785367938650855
2434.6027472398933156009437040043140641
2435.4249069602987580086346950361790917
2436.3142177278866967738906644019364045
2437.3033256959242716695042645755762433
2437.6145610083385192297979941052592987
2438.0720127426048222292035490982860012
2439.0926141225322900132639490435861850
2439.6632062858632971364001937314128009
2440.3533825069860678077772713787874480
2441.4398841831982124249399543228070701
2441.6311531489584114548711744990156837
2442.3231828544517995423209616421916167
2443.0165017799974100772049580766434862
2444.0852089828744821562142617987472168
2444.4927278886373649931615209167286670
2445.1557971746569369742187363016210349
2445.8519538692200313778142430100918051
2446.7967627160832607569052118519502494
2447.0360326424172033836842742750589529
2448.0077771167040301144229592783323136
2448.5690589218431181209137227458327224
2449.5595617508212177806509282481283375
2450.0888190152669037964697232790698174
2450.4409812433194771837583536449966644
2451.3575208991444699766583468331051778
2452.1263580339932272774998884691682226
2452.9496391402595588960264171503227508
2453.4019346012920880505725131437447290
2454.0998555145275555835801662869353610
2454.9562340823484490514347552674635754
2455.1333366467312224183198075174917918
2456.5666855749939009825050157155039171
2456.9168374499794822449308813748521727
2457.6006200243589962140121865571596191
2457.9668663545113870089248089142857905
2458.9792037326770654864358026343267675
2459.7540962453579380592653817557410348
2460.3609599693795687817892102284231043
2461.0072702234494385930479403320353409
2461.7675883180820865936483113855600856
2462.1249192582309211574293328806884886
2463.2753569544781454392158938038972274
2463.7244753782246644513892660639935672
2464.3755253938564976680930273266908155
2465.2245953550159187522431226232998621
2465.9052410287810631605807302670528177
2466.3282217495006734030947873188528223
2467.1213777487840461131694251157141897
2468.1218781345757011195542387351470514
2468.3924140816783205648368444866663759
2469.4660930779091157225369436655482912
2469.8571746684700477147553462416275250
2470.4321493396526786691932216866206152
2471.3507102077832691262524744647433518
2472.0312713306692642649951555711443289
2472.8688125612685554935410192055862239
2473.3640048014500243135563904663447822
2473.9419716298606737926714669509092743
2474.4965167531985185063367864201893352
2475.6952610352915780968934441802267139
2476.2234667999504094595663300331706016
2476.8202297736448271883026164268975545
2477.2482826929333891052566500783070137
2478.1641060203178881989253167361188674
2478.9826627038314901962270837800218708
2479.5083408523061703765488908252844836
2480.2525848918256115860079857212897665
2481.0763563496380252470922384086551913
2481.4288676315867750038612824793682964
2482.1958841532206049357529533754488022
2483.0725006078912581849118300532119695
2483.7910313084290491075151709535086253
2484.2468823049458963782684877825846896
2485.0068436807990625143995319134781868
2485.8320692283028037184819057134799209
2486.3767014284409510453181607092152553
2486.8848270248339550242802573801577290
2487.9456326154649707761939876406685308
2488.6893730119865057875701978813176911
2488.9857041737754432932927564794214639
2489.8403074374133330064397624775717378
2490.2445839013210455291799335000305593
2491.6378663048743818472707813645121776
2491.7735160315507167010791400116722360
2492.5542973892586873495855086207647479
2493.3610513066548163025565796547027958
2493.6716343739398543710147798375840062
2494.6773831963355969726109965572875479
2495.5425467053635175745966838790734047
2496.0263375959309455682646947831132320
2496.5843501264362397525319133755566217
2497.4161671120794863791288534142643404
2497.8397204004411612483034082858807083
2499.0877565531347597727307182798142583
2499.3894299964843128132045095183491938
2500.0216504818441487916027510781643031
2500.8022156518624273125477355976020546
2501.5618329285147877117812950476135496
2502.0745413336151387883501135564547217
2502.8889714168724527502360092746872309
2503.6656071741472846156626450008587874
2504.1667311359107676547642303562020441
2505.0119594896916010542928876258003378
2505.5658692139183458040155298318155431
2506.1240077133308376286606986198950767
2507.0163974132384975649688246402696513
2508.0517426659245887376044503076676277
2508.1904935883051876147918942693973084
2508.8754947538553560217131486124694506
2509.6323488771771978457934128753859551
2510.5711745024261562903640279022504674
2510.9885506646863666363520817901767001
2511.9970896785186703857898733560133353
2512.6621728674166907580915198757151073
2512.6800277799957682887327434835734055
2513.8001906555809775376577232750451646
2514.6791861026110208307616585050903151
2515.4292319980523664328153084761569680
2515.7456221300406735224496589879152411
2516.3923239447599444201669683211508516
2517.3035497167253259633338298659048738
2518.0286393993147820346543688502338713
2518.5808450220874315133871477354864271
2519.4175587203812043669150796415997438
2519.8834233516667533768944526926185339
2520.8611926056672245285998600872938740
2521.1933290361283155967352092050508914
2521.9569416101414054569195310239829926
2522.9422567836314288116640205248560261
2523.5176868136274803173558675996877873
2523.8985304278163147548305378734771597
2524.9080522663186591502273740234982211
2525.4340590205690439700232393313265524
2526.0132468774434849081545297757034993
2526.9419873318595032296316344164253572
2527.8570052724688306950859346734262911
2528.1306522912567339630194268440663731
2528.5749410349408027088779821085421079
2529.5844028938248441463284516019722279
2530.4688553966229967045633644196296620
2531.0025306334873992764180552296499986
2531.7085009343141587658091109546010450
2532.1178528850519764257846079223477410
2532.9439703169676894879960551788410054
2533.7670604904424884541935491291003581
2534.5220516025376368750776896851407744
2535.0344533502500373712865978469140126
2535.7300558699297488164445105986750104
2536.3560522489214071938502202451302917
2537.0563693821832148320646235241095714
2537.9654674865191184716102695298005021
2538.4492717319909647212122103571961703
2539.1678160528123022135294967175375351
2539.9081611802226086829082161235129739
2540.4396567278181860119675943080839015
2541.2219359590777915340721696628345754
2541.9520799894578481183925141172101787
2542.5386853233638190710861812443793330
2543.4699752053896779385921745064162520
2543.9165250865539700604883113401620849
2544.5629836871977686177761349983771681
2545.1595258720861795110694311406554264
2546.1743710713834864207469649301815561
2546.8487937982602030479245797957024765
2547.3983658967588203377337259435835341
2547.9495522515418984416640393472297903
2548.5291398552197120494705607258965463
2549.6501865916965443932314430805193479
2550.2145361599607649556999186196305582
2550.7314176870686901050801435768137635
2551.5657256642677099006231124258470059
2552.0143116876881313600321249210635389
2552.7918175922965853526671894361296356
2553.6177511008253693711992285917617229
2554.4513881894333999702562771963153841
2554.8818271374264764062900111313544303
2555.3309072901861101918673016755443685
2556.3382726011329248950265440235185620
2557.0262505923355285789345418691060659
2557.7905494845770541729422529154604440
2558.0476553804139931347718428756276620
2559.2605855214853254489782464724391765
2559.8657584790783587045344340121977139
2559.9619623757469330375178370075938283
2561.1424782618236198878277071206525287
2561.7975984808287102129460080643526784
2562.4866182479235542047235658242607084
2563.2546872427003942452172299697981732
2563.5853323852518637875963687026430102
2564.4392109526636710181984263814516612
2565.1386584599464913275217124499650131
2566.0406984184558699433825165955090720
2566.5518623225241771904170195164648095
2567.1883967888324790032361930060442616
2567.8994790074184846560140725359628282
2568.2820660489591853354174479135274012
2569.5804124004665197041101182140408995
2570.2024048381141611666328364115468426
2570.3746697880242473962560342141566948
2571.1479436836080469651084560010629260
2572.1639875175828911169082457864926653
2572.5522035888416405346682360986832651
2573.5369060123999621334835077263270911
2574.0689788020660813311859231204181392
2574.6570066634705620784176453815020853
2575.3778474068856627258120734770451556
2576.1133004417306084435892845869062173
2576.8323584932419743716927795634547045
2577.3928187965873864234980353838282133
2578.3435120517421994153987356755206595
2578.7386818219658382064961105660967309
2579.5852923641126555382330295414220134
2579.9809820932144807339819610474692236
2581.0077826952287245649781217291549837
2581.6347884870479965556366735273496769
2582.2272052512298582795667859519567792
2583.0302715416399152467324897927574917
2583.6046353948551265104680778672627052
2583.9768347538772955011478431224102755
2585.2710871950420617208443611778573458
2585.7563965884792069077603132035502742
2586.3243012512594604519703370776727789
2586.9941589515399647832858823071862678
2587.4384884759467468113070379846784177
2588.6409269858337991300634531202303909
2589.1730407291778019497229311150975399
2589.7272316549049262807801494129984801
2590.3919239900886089312339498277879413
2591.0599722895635221659151063653438366
2591.8886369948540893745730183986624000
2592.4075284550528006024064283324221147
2593.3408155513638012240596687760801265
2593.9368874827010744141246025187493234
2594.4021192582958259408924671107711168
2595.1173080709964438702855694572481060
2596.1176334263742177827457914098953005
2596.5377820539753415009437519900437943
2597.1728987778980929204055506836452509
2598.1819826935794913794666343129806138
2598.5533081463260172685557518497032547
2599.3901945814305385249495279241231784
2599.7370174258879437887426233543134733
2600.7900999823168329105033887742675225
2601.6684286817632887631345931694763904
2602.0622240371185020954908047359978480
2602.4208100078746642928620111041199849
2603.4859674878941737473909617756076653
2604.0552449909825432545388962332592082
2604.8979674949745066673944054457822989
2605.6536245568989815527332219895681893
2606.0219335895422495915574610054613496
2606.7243274060227517548567441014533795
2607.3961831635894679070578529119638304
2608.4743113286119079832802071246360322
2608.8616981901518922461281157897199234
2609.5821979721088955323550556638993036
2610.1656096673582712256294767012059856
2610.7880707221466212227474143931037050
2611.8009191431780820428625820188774228
2612.2566443185399465573070950328262542
2613.0508106355275319168853773175728747
2613.5381547116263958931321357634141603
2614.4553569443722252916343917430761243
2614.9744162070446980030895469212945841
2615.5756148922619880645467749447646428
2616.5394802274793663059821434940523744
2617.0620118790281591866188797537855138
2617.7995326830063508873166656252336498
2618.5273314013785144364147771219152751
2618.8224841679432845624438686271206494
2619.8514404387062536798444600796185729
2620.6176896702708837243027557535662119
2621.2650069276288254347017616238397461
2621.7874104592226727671958135734446082
2622.3689586089597981332239496368309000
2623.1998183095585038333008933609258185
2623.9366598409714730719830424473702885
2624.6500911411897480129924333563789294
2625.4816138934631510829384567784972256
2625.8537268602791061312520510931540626
2626.1937600073053098537126319669744180
2627.6766207276905332668396507645238627
2627.9931884213829159545390010755752492
2628.6130214867179315927428646423911517
2629.2257173372767894344485118605046090
2630.1962448319970360756238256596120688
2630.5386001861001581574910384753883283
2631.4266743112518486635593757116579085
2632.1527367993772455547383135755868306
2632.7477882287135006517289722391954958
2633.4740646371895985306447684510908320
2634.0972317194498833445932688956189730
2634.6576479771175213059603023347746667
2635.5809920386693008166563411676253775
2636.2759236066461618135225757572406371
2636.7176485209302234725803778015743609
2637.6960932566654009852382110437259397
2638.1914469868699808412248864075701052
2638.6306793473676857020868858169907721
2639.6149230276124942689653568979350536
2640.5404990752911966882126509720373931
2641.0284785025213237251067755312806026
2641.3625602577952883595432697692904465
2642.1303121112765792413119967699959158
2643.1234036689024958990369880877687524
2643.7532061826876608926215061336251518
2644.3905595521060173470035249976940543
2644.9834890566782972428273785983562904
2645.6424355635307777415986477641595239
2646.2562773090014271933081908851843756
2647.2341433007540452706637487772268264
2647.8004795992395161505777598196787189
2648.5034040289669807354072638547305712
2648.9095854297605125212220103989995519
2649.9598524437967151491826348535070118
2650.2716569389141183121907375618983574
2651.3718117234173119765963297419220069
2651.7344938126331832000913848739732125
2652.5779352439700341397633918297891030
2653.1731828720866905882199004654316839
2653.8901562390235205741822236111692194
2654.4974700993705332897131817021830694
2655.1830039020627161883917469629495960
2656.1196437461366087435873934119583066
2656.6284420820204124516714970511064056
2657.2969208095781027960296834836296201
2657.7867269273532868561832384624378842
2658.5321068280895744781856930254035580
2659.7313360468610091226180424614181592
2659.9413913304103030080934004214905947
2660.6320253971168321914796036502189007
2661.2444214585733820684562587889945364
2662.0646636164117868823345229900541523
2662.6830175403351174322623452367713249
2663.7263582390895630159755770558528628
2664.0087471125644569258480898598260699
2664.6863422011908497434956633975482099
2665.4160260277833689471634918685077182
2666.0246510636215327125949676125403262
2667.0560138185160938624742908369661986
2667.7052321965432328898910340325579943
2667.8586069240928091522372908755951545
2668.8614428013479708763999544005032836
2669.6039313906092979536785693941190214
2670.3805121921826015583897694881645748
2670.5984915143801341234012776037287325
2671.8239223669593206980707420346067542
2672.2888762922077780572530850368293626
2673.0156194110439185619395705320021688
2673.2858520082029629574378504620717718
2674.5530179942307318853288595905137509
2674.9021662587226749650477681940608892
2675.7181958702105482480084862397352250
2676.4847949987250424996418986860239144
2676.9368334391508171848601867576384381
2677.5005509864347053633816246736089472
2678.4950091453615016944682526109361068
2679.1436149991332951497243539828255910
2679.9897061976993852244206237491723233
2680.2997103290769914135091517386488912
2680.8600021696713416431413540127735398
2681.8234819954047859848549687832318962
2682.6395800463105971637669899823143429
2683.3288931717230413694413053682189478
2683.6516795805433996768203701668450332
2684.4218140756809670666012542647996172
2685.2414362099661528864721351482429483
2685.8875740163641932305650571844199352
2686.5532313962658567547295359758453293
2687.3576853170277726600367341522189717
2687.8936123718833948600395732130188391
2688.4723304202755015950364012905495083
2689.3114886676516265114984529977927928
2690.0737159543786004698426278785769211
2690.4322612417818725007781374285840970
2691.6300978395668780029146572084242273
2691.9425354417762150737774564654641401
2692.4838479672865835477747300350205393
2693.4460480602919852963457684595720770
2693.9149124846809733271843970587608305
2694.8863295443647245609427552007340098
2695.3936391445264096110074177988637054
2696.2597357158648237864195567533485846
2696.5531810874842844228287546066906076
2697.1762053140457176765030835685008145
2698.4865452361447629203773213532423245
2698.8976858595136668411526220865722481
2699.3088414318680832775039659751349709
2700.1527467119060056821409810578474061
2700.6642113616329369613684606207684063
2701.6313687769360594324223673424687098
2702.4036741429702037164969573457539780
2702.6977552029759115237603167457252830
2703.7041811765415481277059938309057776
2704.1043020211256800268503401947061597
2704.8116842258604990668778449901153015
2705.6860029627638930717827807344317361
2706.4400916419428471570640509332126277
2706.8926938501136214708296746950299515
2707.5035506686571303582297630301390709
2708.5101657918891815893108289172555320
2708.8161192500543184603294187062484182
2709.8057472362167880432432354724841943
2710.1766937395867365259770865519465905
2711.2846033784581646190247544392628381
2711.8042878749357002510279956550396988
2712.1573217864411130731211932056111329
2712.8987751632940742146434717153488061
2713.9952645383836163968744779105615330
2714.5238439863633235371055300813994327
2715.0427897999917186657398471763160879
2715.8023976099174622935763643923662607
2716.3113797392643801878074933269026002
2717.1524029375497981955889424335478108
2717.9189199392749327256551370773974478
2718.6786237768983247274604152504499477
2719.2006868628005364531429262792531186
2719.6364260693428754902380779685778579
2720.4511814040126906440267372271759047
2721.4808563446589469200496740208889127
2721.8961699817544052540249034655958546
2722.6050540433708510966753433485572676
2723.1429979445209703942111851963887616
2723.9839153555966151120136694500846799
2724.5487550025583962262368986922871857
2725.4166376302632605095202480875506590
2726.0052408520450274406896297097933311
2726.5625283380556493603676711410179642
2727.5145491480550691283180592848475442
2727.9249084830939472107444391821238053
2728.5744803232257213382423507925205892
2729.3818830781938274957359493454152122
2730.3582564236192415297381506647847355
2730.5883628750715586595505515595816724
2731.3835673556109441382629015790421238
2732.1389390984953564937866546816432029
2732.5222339435029562077758113088786919
2733.7299800373008308194987429474410794
2734.1472311150168195580230831520359113
2734.8224819981098107943216655024705455
2735.3874512006905221743777099203165763
2736.0566292400285203748678095150180605
2736.8399408000814499150039173420394378
2737.7227957729900946539489163759339988
2738.3910078867515432764030404404966832
2738.7289662331283834766986108642384845
2739.2433035118174848261927133816654129
2740.5628851735402793197919691395823063
2740.8819000555989668353205993858251489
2741.5397915177608595694453554720868151
2742.3101527420755141452454687286373868
2742.9516000321045726614925724256250342
2743.6862457276878086767343169482961078
2744.1032896827582861395504509841454481
2745.1733814530922458546680244154127093
2745.7699976100563505393466817542912871
2746.2074037576563313378266662402718534
2747.0532668792446369186481671191897480
2747.7582128536382480225758934523205264
2748.2343843544434764688322970954954200
2749.1351926085614542711590183003728033
2749.7877454672199390770057273846671969
2750.5675742509682240491719124072754753
2751.0520677992054010765910016096002999
2751.5568262854382699894406127613407528
2752.4020162287607547947232804678778834
2753.4614467652950713882675903450233964
2753.8956146051253441956310221448846722
2754.3114720069531812210585450658376742
2755.0084130392640433604145136622513524
2755.9221974536627736530611049635559586
2756.5541062335425308110383898197414318
2757.3086477526317696439233576957969485
2757.9035789326647010252464275986467637
2758.5923738502762564154238060012538758
2758.9686999865050654634658081944414902
2760.0414938315122751697293893305884401
2760.7437949042665245892711918518676556
2761.2081232184924398383646056230008191
2761.9304963887731381423838672941147283
2762.6819472956627179171434878072079676
2763.1700657759554501279393738361307042
2764.1206138781245397328285689870193209
2764.6061149374035549029973948441732570
2765.3612440877248929235787032643855204
2766.1192443504307588809844080269841533
2766.7249889935952784994765123334879607
2767.1822833619952487651441078592436197
2768.1305041821997427474861995105492449
2768.6595142959483768773732857754705517
2769.7370631369011956915711343898774070
2770.1108719398423380474944514826103828
2770.4609278259343722100239021133538861
2771.3684029715253901204975256802092949
2772.3346060597719157433392457509576092
2772.7809860236445552160302801341874651
2773.7012022265662036995186969006764630
2773.9127466123986346637067249486762249
2774.8551271740647137802668458172415655
2775.3549124812593363697445717773729462
2776.3719234946491945560786356686665121
2777.0568568013236635751481954646402981
2777.4394855279755788814352803911846317
2778.0871534553193258292768885653896914
2778.8483707053145914300729999615413535
2779.7179078497525761398829110624542727
2780.3437754173517939572436880360076477
2780.8529380864908321026532297700976752
2781.5663998406225634053647702486023982
2782.4029633700880187766912397680489998
2783.0091237145836057736862504046092007
2783.3861560156806064369970615944198540
2784.5458631194934986287830362399550763
2785.0203218385225719413826817832064824
2785.7946257956185823486123270085319135
2786.1250298108002991391402187181952232
2787.0235442805044052536715920142657638
2787.7969387570781092038120997377778226
2788.3591349963196846663083974668875065
2789.1539631378732560792734425866845282
2789.9877789959297152776473898107781324
2790.1646892064325891812954508577296575
2790.8225988579558134412560701004464999
2792.2128611692450692037403033531086633
2792.4624126378302214833686782877560508
2792.9813552447091687028555686939574345
2793.9790037851796599960557224098572380
2794.1372242091450059572403699990503642
2795.2977089284306003924598688724464581
2795.9648151952645842269460055530036464
2796.6679861191441996437130245563187833
2796.9002064446383528510890939560974967
2798.1443775211554380713408653218066118
2798.2796069712687342745755302412766443
2799.2972834287844604061393840724827956
2799.9753188644517447278937608487646199
2800.6171593378353063959051546381484163
2801.2272661846705083562973412124305582
2801.8836938582550056030436001714341428
2802.6796804540566121153075779104343176
2803.1977838496172302990033221377310717
2803.9968002636803944851285576715546239
2804.8465906381383370720570563937310553
2805.2706028573140507610638204209971256
2805.8725955104760723489232688733180544
2806.6941148952445300523104233186396859
2807.2523292534853299056303425665429947
2808.2696316515582706674584349508537705
2808.7577735016443455387370525904754431
2809.4460051570164857171980419597893544
2809.7212088931368936141759465899996425
2810.7312336966031499907962144892102243
2811.7177993297452410621278381278371535
2812.1952500756389253814944075705429217
2812.5165740656858905192836448292184496
2813.4695539032262135942770541223681153
2814.1065318007517225333657705940056800
2814.7342553219565117198528050424961856
2815.6703254127317900231991468345953638
2816.1619127402482176983215656773800452
2816.8511341103084487660352968540916756
2817.3065567779576010984457955614449431
2818.2431328491088352494931718187870617
2818.9676465717628189546857205966938257
2819.5152447006660337238407539952776258
2820.2140350534768140945956168535244341
2820.8683637507399257840988287311948449
2821.6707737661097902695576935597191822
2822.2105667450309554233914028315091061
2822.6908848593119862577356134849598202
2823.9084422366073505788811406531716627
2824.3267807802600280895003227836768641
2824.8671055343124274431256806496940146
2825.5104775330462124894120190591326001
2826.2023731465587894934879098170964122
2827.2578509510215244224809165695846025
2827.5743504885965313900031926210754205
2828.4404838843606784829219876850872271
2828.9784932950779658710462286982167705
2829.4791105971925377726083236936944756
2830.4024457035004016842248971610185580
2831.1244340731930354329487084494486509
2832.0055620786273211620272568993796976
2832.2903479695814733569278421930488903
2832.7454106975931770027288012436758060
2833.9005772627542009086152390499223923
2834.4384373153950895796109234435671825
2835.2302621063544037716283662003495650
2835.6403211654938180347928646712891029
2836.5749844558883918992921707153830478
2836.9899562859100222608669843217752480
2837.7923590533245067924250887696042128
2838.6032337477838268200284269535717118
2839.0703376454070718014632593689698196
2839.8954823545237331363207505526552875
2840.5947654947109091617817731302228885
2841.1654433684079321828905565036631432
2841.6139758851589113647246147483748256
2842.7660009676211869049840449576073168
2843.1815604978202329950007972138631207
2843.9995620819627523590881417107890239
2844.5070277490784537991594598525289633
2845.1694059157512382979887275999414957
2845.7979678257922833907249518730047686
2846.7192391777690745622633217425815389
2847.4656864108947229710605513153272946
2847.8959738527609774504548822746739060
2848.6143744568032920097358643044506206
2848.9939820526879834533106326137423952
2850.1970074856816221559729110833638183
2850.7447801672065245906683969076300857
2851.3370047016048780388789838037343148
2852.0140124781099538533506390930587941
2852.4095606584518786756890239970955201
2853.5750300018689090580939247638073517
2854.0524981648188814900663875931686083
2854.5705332377662383602984816060616508
2855.5127036200807634080309421893930726
2856.2459929397931070007595151526631930
2856.4142937517597860099939271674757778
2857.3743390313049500511062610990695905
2858.4371745809182231359488219865593392
2858.5427205847605668677645879968880950
2859.4085880144823278512285700503948935
2860.2093790117428021748367060031015356
2860.9148529792919287147877459431553390
2861.1337885043699530640557079894521096
2862.1837123902753415065899723210143391
2863.1029385943617945399516744740461913
2863.4213338764492220853621177467271784
2864.2063398996718560989788094008342541
2864.5641603249080577819396042674465729
2865.5151439657950157489800164467103079
2866.4915656330524905371548178520643554
2866.8668523599699910705093217036063531
2867.4500350740505337139544782459977043
2868.1271350346277780084737001604744041
2868.9067883779720470881361158823438527
2869.5117671225181079505953585003936242
2870.4645878778168167745385413838700780
2871.0337523552756994551579057985354478
2871.3478990767190964334398731398062573
2872.2759628371106549340369838268018802
2872.9010327621230888303215359519745031
2873.7385170064889008586257369682590038
2874.4735938949763064682797002121741239
2874.7115082982538993355883234565433176
2875.7906939458818531810830677852537498
2876.3541567759246834376414410810448571
2876.7763556809887762740063390533288759
2877.9658073863844087253534341916017908
2878.1411831286033497923004423852128985
2879.1929632097782604491187578079472806
2879.7286105137828281920195102661087589
2880.2300464486904096472619551405383439
2880.9287053252229268508957020678289230
2881.8296628511386859753665982569604740
2882.6536648044262274468022480215441381
2882.9940434304151963858078336249483428
2883.6558059703389374615739054374329504
2884.2849084260186835478162512342523371
2885.1675410434500050637318775930393675
2885.9414200378028334964724747965960414
2886.3998223175253498574313716335519385
2887.3559822577820192945529646176229760
2887.5019296856494922537149799923505356
2888.3540701890966874934010409098803100
2889.3230416709773147412912092165505307
2889.9696615480883578126264561199001702
2890.5901010152701530474077944079635502
2890.8406715001809878564042852875788158
2891.9612930035753814037591958570222949
2892.5787554800050371391074528245661362
2893.1514004977264600802875899570259663
2893.8630673915502481108399388297477360
2894.6944531560643407921711937947108775
2895.1604159896197089827604364666937470
2895.8898974596225471310368390044196050
2896.4683268401601302223697415774805121
2897.2707614979208835702506918836259971
2898.0944418611710159236681606428052818
2898.7173450856649798027280508265109323
2898.9970393828449308573261499429099392
2900.1299789919146668742271584436932701
2900.4452072715103858880765440382243142
2901.2603322326995761270344226072111664
2902.2365524446872395100829625151579144
2902.8444293066244184520157584261699529
2903.0084405439131671177638896289165330
2903.7761216031459205828536224631848660
2904.8490898876297075836261107176063755
2905.6049034712810154739373406035939721
2905.8901654595703505437119351472048991
2906.6071960297003316257220349720995545
2907.4117609948384241052575763024749599
2907.8688968893233224544301689508229441
2908.9758541369757190786359636584088565
2909.3374407609579583511431707284800291
2910.1215580287306800177495162625716866
2910.6161305626059875852552810367796640
2911.4758760974311134350955363870271541
2912.0074246512410485562797825976621190
2912.8376712641846929948721009343302028
2913.4769030959236697234643617894088944
2914.1437895738014513143784485863828287
2914.7495672783133223486885597050704136
2915.4374367332904605998313514322785367
2916.1527747080190522998180889256149382
2916.7016748374124705037231454191918055
2917.6718040702962719404748521167109543
2918.2116530349834783333984020000834962
2918.8762651976178078090326793851473348
2919.2285568440412981908117197494132057
2920.2331679837547808456413429596987109
2920.8928530728241977612309240467818499
2921.7627941531611482960887276070168235
2922.2553971310970209944510966607746475
2922.5926233276687155902638173959639964
2923.4420480931365667653725956280742000
2924.4298370813779438788779542957767694
2925.1744676398692585538004225028883700
2925.2504072734744212961964302343189354
2926.4443207579826293210836691611691691
2926.7735636773167808208670089770194567
2927.4450163664472724573732303044917738
2928.4610722611255835928461535435914289
2929.0735465819321895433571178006493947
2929.5191093129439609567245471383858191
2930.2213077361055967120753866314722755
2930.9379132390804878459398090478613838
2931.7353920449421723627956778658742212
2932.3395236854277456529486100996565409
2932.8549032154554030063427104931561230
2933.8308137194092641144379210073825312
2934.4308022357728887821214939050148732
2934.8614624746880063009900267949457481
2935.4986974208622269245770627661163434
2936.5416969975031503085767357717433119
2937.1715711483369308673815665509658342
2937.6445710848575720058912242489465399
2938.3714383570934800586497007522419197
2938.8944205413228000333894574038550558
2939.7437468050479386158556171253188848
2940.5068973330823867563084569211095759
2941.1622671480918979978860937191000837
2941.7871213954169481406295179134702664
2942.3437391387050013938815510049633292
2942.8400591931897459504079683548547475
2943.9840304679138558728168160019952392
2944.5755317271612651455849445927973744
2945.1206523116435456373508675097274347
2945.6585236755780249771874211257899197
2946.3334516596530885874260068596016113
2947.4227580653503876670512384241804976
2947.6250554913014259497322400996529932
2948.5550043039398923873603025727315380
2949.2414738093815298694913801330994615
2949.6970797421941921446183257379141543
2950.6023244701265619013482047273067302
2951.0389310170380046134109316422007112
2951.9169873079144316677044012491886108
2952.5841581548408217936163083491081362
2953.1848007447780568731893939663014285
2953.9845136677090570649560668078380866
2954.4489381826819403508015764352527049
2954.9947552695037705741157079978272435
2956.3012181079271542511405868443765688
2956.3958938411586903527467895951488765
2957.2709536127297354890355003153874388
2957.9275729691508304836333638444723183
2958.5044440612022435144322331948851655
2959.0410746143779078726600430618129105
2960.3321397047763137624119422450254835
2960.6559865598533950979477894907158291
2961.1318505766374380659372463635321321
2961.7876351799238432974212639342904095
2962.6078652694720471428369721565735145
2963.4279341145687979002654336724197078
2964.0502545630334418450004399543402308
2964.6884180094520537312252291353008617
2965.1126527089607499307859611088571025
2966.1641632839360014483029220346224969
2966.4770397858415355571630360824668509
2967.4854183756726570031520143148279598
2967.9242381547444097952757504553284174
2968.8715861876307562246606936285130628
2969.2902597924887944834607123032202685
2969.8118002388017200723982099433970101
2970.9040669545696942911489477440056615
2971.3624693994464399917420694161664384
2971.9016202539863125386272700423195547
2972.9327437798092290487298319544050409
2973.4081085217960837569110971365645350
2974.0488399415659134049954184547527215
2974.4024794962837456194467220917243954
2975.7222286812716597957918758213382000
2976.1176529376957025363761895074576192
2976.8931952383497358473803629059920500
2977.1541806918868660817564294050961981
2978.0198677444255373036427087190363913
2978.8921011910817056350665512245561688
2979.4430076603671901316995784962397700
2980.3096894303170178552128354413463286
2980.8005420818480886923865620094795587
2981.1780708211324784761416694586887784
2982.2439422164244368411169216652317331
2982.7544627790892405169189801939966765
2983.6678570561517624865493735395842259
2984.2565902341329793005268568105718802
2984.5988119564990399736978247565330523
2985.4398965238859670333842927007084015
2986.3820262823534671984153222920164620
2986.7026021625825143851701819047585620
2987.6304578493115829628546739815543998
2988.1110739100938076398035665186121599
2989.0200946978498663095633563121004069
2989.4091623226522790738569743458340560
2990.1371771550207880443737669359482241
2990.9244612013058852611245449014332480
2991.5765203508264531478961191201570255
2992.3957568837520425509481719814032615
2992.8916560477271226833431214805993629
2993.3625818342665590176198760469265590
2994.1808700945208370233746211404400995
2995.0674891388319961196728923620581408
2995.7271532234626657575770441372993153
2996.2038466811063668182187116257968071
2996.9370823336390124762783549112473596
2997.3789878581899927807227226253802724
2998.4047316111847931523899599164819955
2998.9565129131213280229272383928736765
2999.9335375977051539779006753852121139
