n,gamma,eri_re,eri_im,pair
1,14.134725142,0.6714266565829866,0.7232289261886639,1.3428533131659732
2,21.022039639,0.3181651716555397,0.8813107069809638,0.6363303433110794
3,25.01085758,0.10169571250225853,0.8946593529732483,0.20339142500451707
4,30.424876126,-0.17100946908698192,0.8253857495675314,-0.34201893817396384
5,32.935061588,-0.28041782584211106,0.7636916984479946,-0.5608356516842221
6,37.586178159,-0.44268894388650165,0.611994036259159,-0.8853778877730033
7,40.918719012,-0.5216149989590987,0.4832556959683684,-1.0432299979181974
8,43.327073281,-0.5580083066112677,0.3851861272101981,-1.1160166132225353
9,48.005150881,-0.5800150752517708,0.19542468279701058,-1.1600301505035415
10,49.773832478,-0.5726648605577509,0.12740849441148805,-1.1453297211155018
11,52.970321478,-0.5402886202820173,0.014269342215599765,-1.0805772405640346
12,56.446247697,-0.4818652955003687,-0.08983632761977907,-0.9637305910007374
13,59.347044003,-0.4194683399561996,-0.1585939070397491,-0.8389366799123992
14,60.831778525,-0.38424546251136443,-0.18687842055582501,-0.7684909250227289
15,65.112544048,-0.27664413504634316,-0.24164512802275342,-0.5532882700926863
16,67.079810529,-0.22691722647863444,-0.2538086239892161,-0.4538344529572689
17,69.546401711,-0.16683910819173822,-0.25834609489677673,-0.33367821638347644
18,72.067157674,-0.11003774809798601,-0.2519112780553331,-0.22007549619597203
19,75.704690699,-0.039793216788133946,-0.22637404891267277,-0.07958643357626789
20,77.144840069,-0.016562993550868824,-0.21210180965623968,-0.03312598710173765
21,79.33737502,0.013309933529936311,-0.18711702502219257,0.026619867059872623
22,82.910380854,0.04729400387105274,-0.14130415509052682,0.09458800774210548
23,84.735492981,0.05770175107885307,-0.11708992006427979,0.11540350215770614
24,87.425274613,0.065018420261953,-0.08237055570534686,0.130036840523906
25,88.809111208,0.0653658480718996,-0.06554687736508481,0.1307316961437992
26,92.491899271,0.056745768295496636,-0.02634520364899901,0.11349153659099327
27,94.651344041,0.04655837200986006,-0.00814442796260693,0.09311674401972012
28,95.870634228,0.03958857516100492,0.00033938682577797644,0.07917715032200984
29,98.831194218,0.02029655261613618,0.015244293244010255,0.04059310523227236
30,101.317851006,0.00296554332251539,0.021484017537631857,0.00593108664503078
31,103.72553804,-0.013375658678576034,0.02232198026988568,-0.02675131735715207
32,105.446623052,-0.0241441223874043,0.02006279403117196,-0.0482882447748086
33,107.168611184,-0.03374283570851655,0.01570508841205508,-0.0674856714170331
34,111.029535543,-0.04952537912863495,-5.504154541276704e-05,-0.0990507582572699
35,111.874659177,-0.05174547415019684,-0.004311991105998975,-0.10349094830039368
36,114.320220915,-0.055437660878936354,-0.01754653986445472,-0.11087532175787271
37,116.226680321,-0.05544860360688371,-0.028261088800411307,-0.11089720721376742
38,118.790782866,-0.051599495529738665,-0.04224243155848875,-0.10319899105947733
39,121.370125002,-0.043626516093611685,-0.05474596656193689,-0.08725303218722337
40,122.946829294,-0.03699838742883482,-0.06117640175917139,-0.07399677485766964
41,124.256818554,-0.030642237902456515,-0.06564464639643856,-0.06128447580491303
42,127.51668388,-0.012334563354850074,-0.0727328738909749,-0.02466912670970015
43,129.5787042,0.00033469522440625755,-0.07393548955836268,0.0006693904488125151
44,131.087688531,0.00974536792671824,-0.07312754824664564,0.01949073585343648
45,133.497737203,0.02441060736860813,-0.06890205500277022,0.04882121473721626
46,134.756509753,0.03164265186280243,-0.06531547360438554,0.06328530372560486
47,138.116042055,0.04846411753830379,-0.05158819203507104,0.09692823507660758
48,139.736208952,0.054867605818702675,-0.043122970098541887,0.10973521163740535
49,141.123707404,0.05928282250314862,-0.035122537421462444,0.11856564500629724
50,143.111845808,0.06371585698513217,-0.022748393881145204,0.12743171397026434
51,146.000982487,0.06588292949282956,-0.0037036847428575086,0.13176585898565912
52,147.422765343,0.06503082816435503,0.005744189385093827,0.13006165632871006
53,150.053520421,0.060165405957974115,0.022614390459613335,0.12033081191594823
54,150.925257612,0.057649220345599037,0.02788345414772161,0.11529844069119807
55,153.024693811,0.0498859055377079,0.039598796212915004,0.0997718110754158
56,156.112909294,0.034659806977732244,0.05355132361669125,0.06931961395546449
57,157.597591818,0.026050984447171594,0.05856088645954312,0.05210196889434319
58,158.849988171,0.018303876482003073,0.06182294822174119,0.036607752964006146
59,161.188964138,0.0030356892736370074,0.06539922821420115,0.006071378547274015
60,163.030709687,-0.009320075877981764,0.0658221567738605,-0.01864015175596353
61,165.537069188,-0.02589815725267124,0.06299137293860792,-0.05179631450534248
62,167.184439978,-0.036254407315715644,0.059058566367163966,-0.07250881463143129
63,169.094515416,-0.047352941205087214,0.05257843615649256,-0.09470588241017443
64,169.911976479,-0.05172272437164728,0.04922122719828057,-0.10344544874329456
65,173.41153652,-0.067164820283555,0.031470438365640285,-0.13432964056711
66,174.754191523,-0.07145946332443635,0.023474508406966663,-0.1429189266488727
67,176.441434298,-0.07541567106253882,0.012767346671940724,-0.15083134212507765
68,178.377407776,-0.07787150944531983,-0.0001118653829401106,-0.15574301889063966
69,179.91648402,-0.07818850677302634,-0.010548332424708517,-0.15637701354605268
70,182.207078484,-0.07597363621116668,-0.025933018392958827,-0.15194727242233336
71,184.874467848,-0.06949018721906983,-0.04284343458716275,-0.13898037443813965
72,185.598783678,-0.06704858467051972,-0.04712788733909026,-0.13409716934103943
73,187.228922584,-0.060577158096356706,-0.05613652313482608,-0.12115431619271341
74,189.416158656,-0.04998853556301463,-0.06657686148694983,-0.09997707112602926
75,192.026656361,-0.0350377655549226,-0.0760856158195482,-0.0700755311098452
76,193.079726604,-0.028466662810433932,-0.0789058841990821,-0.056933325620867864
77,195.26539668,-0.014181631095733942,-0.08276325171836825,-0.028363262191467883
78,196.876481841,-0.003350623509431067,-0.08383010360306216,-0.006701247018862134
79,198.015309676,0.004324123210016317,-0.08366645774309726,0.008648246420032634
80,201.264751944,0.02556900844805199,-0.07911397125328867,0.05113801689610398
81,202.493594514,0.03309553174105838,-0.07589202014256778,0.06619106348211676
82,204.189671803,0.04279126338601072,-0.07020815793691998,0.08558252677202144
83,205.394697202,0.04909253182253432,-0.06537009937581344,0.09818506364506864
84,207.906258888,0.06035503260156575,-0.05344867420787881,0.1207100652031315
85,209.576509717,0.06626011908453625,-0.04439805631759417,0.1325202381690725
86,211.690862595,0.0717355311904878,-0.032026049984594594,0.1434710623809756
87,213.34791936,0.07438874044307017,-0.02188131414512401,0.14877748088614035
88,214.547044783,0.07539367856056836,-0.014430349626995858,0.15078735712113672
89,216.169538508,0.07553418457233521,-0.004365607061647855,0.15106836914467042
90,219.067596349,0.07240897074822633,0.0129843878428118,0.14481794149645266
91,220.714918839,0.06882970495763342,0.02215232651793556,0.13765940991526684
92,221.430705555,0.06690116748621637,0.025919730696305484,0.13380233497243274
93,224.007000255,0.05829286310122843,0.038152335788446616,0.11658572620245686
94,224.98332467,0.05443134695379667,0.04217079528809041,0.10886269390759334
95,227.42144428,0.043658680167185875,0.050522016218462515,0.08731736033437175
96,229.337413306,0.03436026731728623,0.05527189831799754,0.06872053463457246
97,231.2501887,0.02466727972715315,0.05834746912505322,0.0493345594543063
98,231.987235253,0.020886082918980774,0.059083992027465934,0.04177216583796155
99,233.693404179,0.012161348856604963,0.059841685442774635,0.024322697713209926
100,236.524229666,-0.0017745222213698046,0.05829483990376983,-0.003549044442739609
101,237.769820481,-0.0075092303253169596,0.056583481351273224,-0.015018460650633919
102,239.555477573,-0.015129243341977511,0.05314743522548457,-0.030258486683955022
103,241.049157796,-0.020852578995420847,0.04948386130244159,-0.04170515799084169
104,242.823271934,-0.026762153963136588,0.04434761831989882,-0.053524307926273176
105,244.070898497,-0.030286166651874405,0.04032006589983285,-0.06057233330374881
106,247.136990075,-0.03656153730423342,0.02944275021172377,-0.07312307460846684
107,248.10199006,-0.037813680601679056,0.025856802030164855,-0.07562736120335811
108,249.573689645,-0.03905605788455969,0.02035884795331891,-0.07811211576911938
109,251.014947795,-0.039507389140127004,0.015037536466167173,-0.07901477828025401
110,253.069986748,-0.038904994874048755,0.007760434562118801,-0.07780998974809751
111,255.306256455,-0.036734378178087494,0.0005418118317864547,-0.07346875635617499
112,256.380713694,-0.03519636794619597,-0.002578976381661752,-0.07039273589239194
113,258.610439492,-0.031151402352314044,-0.00817937603174821,-0.06230280470462809
114,259.87440699,-0.02844257616834948,-0.010768005746608113,-0.05688515233669896
115,260.805084505,-0.026301376639720448,-0.012381886892929992,-0.052602753279440896
116,263.573893905,-0.01946619172151706,-0.015647931395104727,-0.03893238344303412
117,265.557851839,-0.01443011115255378,-0.016551429185407817,-0.02886022230510756
118,266.614973782,-0.01179936730949059,-0.016551817619600347,-0.02359873461898118
119,267.921915083,-0.008666520066355047,-0.016108840638088207,-0.017333040132710094
120,269.970449024,-0.004167754950037676,-0.014494285321680943,-0.008335509900075352
121,271.494055642,-0.0012643165305810343,-0.01264066486809733,-0.0025286330611620686
122,273.459609188,0.0017792672751870183,-0.009561149457363234,0.0035585345503740366
123,275.587492649,0.004034390652557609,-0.005557273248791592,0.008068781305115218
124,276.452049503,0.004612322710521159,-0.003790342770357938,0.009224645421042317
125,278.25074353,0.0051542802513441215,3.293655934742399e-05,0.010308560502688243
126,279.229250928,0.005067007648335011,0.0021464204371880423,0.010134015296670022
127,282.465114765,0.0028712596051960236,0.008888191232408346,0.005742519210392047
128,283.211185733,0.0019639960684276056,0.010315455142824392,0.003927992136855211
129,284.835963981,-0.0004932476717718115,0.01315653636772533,-0.000986495343543623
130,286.667445363,-0.00398414595862301,0.015804756579820868,-0.00796829191724602
131,287.911920501,-0.0067346955273268816,0.017198184772761894,-0.013469391054653763
132,289.579854929,-0.010814353675278738,0.018472474967751118,-0.021628707350557476
133,291.846291329,-0.016880308059982533,0.018990929264456526,-0.033760616119965066
134,293.558434139,-0.021680373275913687,0.018382013667060746,-0.043360746551827374
135,294.965369619,-0.0256468984012704,0.01721145889634267,-0.0512937968025408
136,295.573254879,-0.027343460954136322,0.016517085944903802,-0.054686921908272644
137,297.979277062,-0.03379182304523208,0.012665543545083613,-0.06758364609046416
138,299.840326054,-0.03829297278044603,0.008524702545663832,-0.07658594556089206
139,301.649325462,-0.042068392359029504,0.003609012762151798,-0.08413678471805901
140,302.69674959,-0.04392191138862428,0.0004009177068732505,-0.08784382277724856
141,304.864371341,-0.04684653367038901,-0.006958657238699034,-0.09369306734077802
142,305.728912602,-0.04763392247861602,-0.010121948936780915,-0.09526784495723203
143,307.219496128,-0.048438588850901916,-0.015810487990858272,-0.09687717770180383
144,310.109463147,-0.04786916394381352,-0.02736037694482351,-0.09573832788762704
145,311.16514153,-0.04693091863488414,-0.03163394938808743,-0.09386183726976828
146,312.427801181,-0.045288037832843735,-0.03670249211963394,-0.09057607566568747
147,313.985285731,-0.042486205883208235,-0.04279873594811767,-0.08497241176641647
148,315.475616089,-0.03902315680104382,-0.048367355679627466,-0.07804631360208764
149,317.734805942,-0.03239601419360197,-0.056086077184256844,-0.06479202838720394
150,318.853104256,-0.028547953830014846,-0.05949655296574686,-0.05709590766002969
151,321.160134309,-0.019569500774606518,-0.06547986073756519,-0.039139001549213036
152,322.144558672,-0.015367802895471216,-0.0675473747317293,-0.030735605790942432
153,323.466969558,-0.00943622885772379,-0.06982180798521097,-0.01887245771544758
154,324.862866052,-0.0028848608276050183,-0.07156008232561421,-0.005769721655210037
155,327.443901262,0.009736440057520748,-0.07287698300597184,0.019472880115041495
156,329.03307168,0.01763876858205513,-0.07242166338235807,0.03527753716411026
157,329.953239728,0.022196280350091562,-0.07171294790113741,0.044392560700183124
158,331.474467583,0.029620473076676014,-0.06983245869370493,0.05924094615335203
159,333.645378525,0.03978173004289845,-0.06566382642224304,0.0795634600857969
160,334.211354833,0.04231338907332258,-0.06430196705187956,0.08462677814664515
161,336.841850428,0.05322786229517065,-0.05659479640142828,0.1064557245903413
162,338.339992851,0.05869283529024358,-0.05128591993819001,0.11738567058048716
163,339.858216725,0.06357721799129264,-0.04532283223710756,0.12715443598258527
164,341.042261111,0.06688733376849335,-0.040322558635041056,0.1337746675369867
165,342.05487751,0.06934953803894059,-0.03584113764941812,0.13869907607788118
166,344.66170294,0.07403661395592076,-0.023655994365737332,0.14807322791184152
167,346.347870566,0.07575519967026355,-0.01547167676610528,0.1515103993405271
168,347.272677584,0.07625366703493687,-0.010946816285556877,0.15250733406987374
169,349.316260871,0.07624934884272407,-0.001001996825308713,0.15249869768544813
170,350.408419349,0.07563660070486264,0.004213020137969374,0.15127320140972528
171,351.878649025,0.07416783907779334,0.01104048479280335,0.14833567815558668
172,353.488900489,0.0717572979483875,0.01817173467306474,0.143514595896775
173,356.017574977,0.06644583128407797,0.028402555097341894,0.13289166256815593
174,357.151302252,0.06353262812165124,0.032528628296766615,0.12706525624330248
175,357.952685102,0.06130089971762627,0.03525235521764263,0.12260179943525254
176,359.743754953,0.055867590466871946,0.04072108319439571,0.11173518093374389
177,361.289361696,0.050776200635505926,0.04471339936901066,0.10155240127101185
178,363.331330579,0.04365365731682047,0.04890728528144518,0.08730731463364094
179,364.736024114,0.038601700593727355,0.05106610903608979,0.07720340118745471
180,366.212710288,0.03325095594025934,0.052701109302248215,0.06650191188051868
181,367.993575482,0.026860840185468346,0.05383108804436666,0.05372168037093669
182,368.968438096,0.023438806568142057,0.0540757643902156,0.046877613136284114
183,370.050919212,0.019735030554802076,0.05405358440081018,0.03947006110960415
184,373.061928372,0.010179367955839232,0.052517385827852446,0.020358735911678465
185,373.864873911,0.007862026917955532,0.051783992196032545,0.015724053835911064
186,375.825912767,0.002688364347626943,0.04952120581750282,0.005376728695253886
187,376.324092231,0.0014915962514231275,0.04885385874830233,0.002983192502846255
188,378.43668025,-0.00301826428350087,0.04570043678877582,-0.00603652856700174
189,379.872975347,-0.005544385738534282,0.04333592133840896,-0.011088771477068564
190,381.484468617,-0.007850266152487816,0.04056726311137146,-0.01570053230497563
191,383.44352945,-0.00991335196725394,0.03716792967373376,-0.01982670393450788
192,384.956116815,-0.010975792237392762,0.03461376313605688,-0.021951584474785523
193,385.861300846,-0.011404418389155813,0.03314676299243556,-0.022808836778311626
194,387.222890222,-0.011779160422883017,0.03106264306962319,-0.023558320845766034
195,388.846128354,-0.01184498542688084,0.02882223378618006,-0.02368997085376168
196,391.456083564,-0.011246662775725908,0.025918884732172822,-0.022493325551451816
197,392.24508334,-0.010934846851583304,0.025235221576054633,-0.021869693703166607
198,393.427743844,-0.010387702140146074,0.024393044704693903,-0.020775404280292148
199,395.582870011,-0.009243754584829398,0.023442900148308014,-0.018487509169658797
200,396.381854223,-0.00880447259491236,0.023285179115085937,-0.01760894518982472
201,397.91873621,-0.007990695498677544,0.023274102809641508,-0.01598139099735509
202,399.985119876,-0.007068190473363171,0.023839598881540584,-0.014136380946726342
203,401.839228601,-0.006529985560817859,0.024861874599789783,-0.013059971121635717
204,402.861917764,-0.006391121870258862,0.025607916924730738,-0.012782243740517724
205,404.2364418,-0.006416090058457659,0.026783260773978603,-0.012832180116915318
206,405.13438746,-0.006577931989936957,0.02764081726460173,-0.013155863979873913
207,407.581460387,-0.00767042342968297,0.030227724893334515,-0.01534084685936594
208,408.947245502,-0.008726158442266664,0.03175459887011886,-0.017452316884533327
209,410.513869193,-0.010349685869493867,0.03349831459018954,-0.020699371738987733
210,411.972267804,-0.012260958112331,0.035048642325188166,-0.024521916224662
211,413.26273607,-0.014269123004812822,0.03630982327227966,-0.028538246009625644
212,415.018809755,-0.01746010308434082,0.03777886558558507,-0.03492020616868164
213,415.455214996,-0.018330939116892937,0.038088977261176354,-0.036661878233785875
214,418.38770579,-0.024897893455870707,0.03945289512777459,-0.04979578691174141
215,419.861364818,-0.028597842582696764,0.03957995230241378,-0.05719568516539353
216,420.643827625,-0.030647222438765956,0.039473678160628384,-0.06129444487753191
217,422.076710059,-0.034517627655820865,0.03894361477612489,-0.06903525531164173
218,423.716579627,-0.039070550285659186,0.03777383665894713,-0.07814110057131837
219,425.069882494,-0.0428653175386582,0.036334841785252876,-0.0857306350773164
220,427.208825084,-0.04879349868444812,0.03316325670495592,-0.09758699736889624
221,428.127914077,-0.05126869646440536,0.03146165444740538,-0.10253739292881071
222,430.328745431,-0.05688574037337744,0.026576795799928523,-0.11377148074675487
223,431.301306931,-0.059182731025587396,0.024066924470007574,-0.11836546205117479
224,432.138641735,-0.061048031591165265,0.0217423551841374,-0.12209606318233053
225,433.889218481,-0.06455847651900902,0.016424093974579168,-0.12911695303801804
226,436.161006433,-0.06819362733022603,0.008702380473034033,-0.13638725466045207
227,437.581698168,-0.06986153157169787,0.003482306001774349,-0.13972306314339575
228,438.621738656,-0.07075966995547396,-0.0004915104642654879,-0.14151933991094792
229,439.918442214,-0.07147632605060986,-0.005586775368820999,-0.1429526521012197
230,441.683199201,-0.07170207134603784,-0.012690305018564262,-0.1434041426920757
231,442.904546303,-0.07133759566472209,-0.01766048412729175,-0.14267519132944417
232,444.319336278,-0.07037561515764729,-0.023408163736053932,-0.14075123031529457
233,446.860622696,-0.06720168252527937,-0.03349860418479703,-0.13440336505055875
234,447.441704194,-0.06622062433747758,-0.035731211299028336,-0.13244124867495516
235,449.148545685,-0.06281252585272566,-0.042056495902451495,-0.12562505170545132
236,450.12694578,-0.0605194876576895,-0.04549454098441788,-0.121038975315379
237,451.403308445,-0.05717990324839979,-0.04973463954571361,-0.11435980649679958
238,453.986737807,-0.04933657660163171,-0.05731802892241468,-0.09867315320326342
239,454.974683769,-0.04600359090840024,-0.059817522780324726,-0.09200718181680048
240,456.328426689,-0.0411878114807637,-0.06284630934220613,-0.0823756229615274
241,457.903893064,-0.03528553235967661,-0.06576130960410898,-0.07057106471935322
242,459.513415281,-0.02901203019809309,-0.06802975171706545,-0.05802406039618618
243,460.087944422,-0.02673126690879292,-0.06866133139227269,-0.05346253381758584
244,462.065367275,-0.018797551781487124,-0.07010922114508814,-0.03759510356297425
245,464.057286911,-0.010816058169906781,-0.07043360091178609,-0.021632116339813563
246,465.671539211,-0.004481197210233796,-0.06988164195378047,-0.008962394420467592
247,466.570286931,-0.001043776052661042,-0.06927001921346462,-0.002087552105322084
248,467.43904621,0.0021997003528280235,-0.06848016222274084,0.004399400705656047
249,469.536004559,0.009628533717351348,-0.06581705966947583,0.019257067434702697
250,470.773655478,0.013695202369506937,-0.06378371836646878,0.027390404739013875
251,472.799174662,0.019747870009757904,-0.05981275657950775,0.03949574001951581
252,473.835232345,0.02252444188563877,-0.057514252699187106,0.04504888377127754
253,475.600339369,0.026715050359603018,-0.05325967382775028,0.053430100719206036
254,476.769015237,0.02909783672141801,-0.05025476126378919,0.05819567344283602
255,478.075263767,0.031379918535255714,-0.04676742258156852,0.06275983707051143
256,478.942181535,0.032669570327341885,-0.044400549823194434,0.06533914065468377
257,481.830339376,0.035675475310394326,-0.036408943746191975,0.07135095062078865
258,482.834782791,0.036266012211036945,-0.03365593980569783,0.07253202442207389
259,483.851427212,0.036634829543200034,-0.03091691798993378,0.07326965908640007
260,485.539148129,0.036763754698561274,-0.02652769402911385,0.07352750939712255
261,486.528718262,0.03657633909651659,-0.02407400384064271,0.07315267819303319
262,488.38056709,0.035753907454336833,-0.019782262865247518,0.07150781490867367
263,489.661761578,0.03486525737811111,-0.01707925100347445,0.06973051475622222
264,491.398821594,0.033311338063544964,-0.013810041885367172,0.06662267612708993
265,493.314441582,0.031231977150180983,-0.010780956451239106,0.06246395430036197
266,493.957997805,0.030468740244223684,-0.009905934240189984,0.06093748048844737
267,495.358828822,0.028730045155784978,-0.008255562884907175,0.057460090311569956
268,496.429696216,0.027355020886100062,-0.0072304109371045975,0.054710041772200124
269,498.58078243,0.024571030984555355,-0.005783362781995158,0.04914206196911071
270,500.309084942,0.022410970138306854,-0.005190434075667515,0.04482194027661371
271,501.604446965,0.020893125168002846,-0.005056394831275284,0.04178625033600569
272,502.276270327,0.020152550032991188,-0.0050843663853745395,0.040305100065982376
273,504.499773313,0.017990502895892307,-0.00560277009277643,0.035981005791784614
274,505.415231742,0.017251501694685083,-0.005983562221269078,0.034503003389370165
275,506.46415271,0.016528179090815436,-0.006520151613605147,0.03305635818163087
276,508.800700336,0.015436038661675247,-0.00801501756909264,0.030872077323350493
277,510.264227944,0.015142436827001855,-0.009090490455252676,0.03028487365400371
278,511.5622897,0.015143212982767416,-0.010083961152946063,0.03028642596553483
279,512.623144531,0.015327009693040362,-0.0108970163836719,0.030654019386080724
280,513.668985555,0.015667564460337475,-0.011678956481741437,0.03133512892067495
281,515.435057167,0.01659014652280719,-0.012903759830032828,0.03318029304561438
282,517.589668572,0.01826480290713646,-0.014129087888819841,0.03652960581427292
283,518.234223148,0.01887196610787064,-0.014418808723904691,0.03774393221574128
284,520.106310412,0.020875189287099253,-0.015013497554674793,0.041750378574198506
285,521.525193449,0.02259423874958966,-0.015186462104328839,0.04518847749917932
286,522.456696178,0.02379653404191422,-0.015155538912281073,0.04759306808382844
287,523.960530892,0.025826926956255693,-0.014846946839506275,0.051653853912511385
288,525.077385687,0.02737991069851235,-0.014401761324133542,0.0547598213970247
289,527.903641601,0.03132112248295688,-0.012424063874709868,0.06264224496591377
290,528.406213852,0.03200369075869316,-0.01194406778459905,0.06400738151738632
291,529.806226319,0.03384238879683162,-0.01040668890101876,0.06768477759366325
292,530.866917884,0.03515382870983033,-0.009051155236427794,0.07030765741966066
293,532.688183028,0.037185243503422456,-0.006362733146040885,0.07437048700684491
294,533.779630754,0.038239429428152734,-0.004549952260054644,0.07647885885630547
295,535.664314076,0.039714295133243566,-0.0011088141587607709,0.07942859026648713
296,537.069759083,0.04049154786116193,0.0016734065524080495,0.08098309572232386
297,538.428526176,0.040953527705649403,0.004499750117036174,0.08190705541129881
298,540.213166376,0.04109718859713319,0.008353019054802806,0.08219437719426638
299,540.631390247,0.04105183644462822,0.009270653600638102,0.08210367288925643
300,541.847437121,0.04074545783652587,0.011952051281323463,0.08149091567305174
301,544.323890101,0.03931077684013047,0.01736972246213877,0.07862155368026094
302,545.636833249,0.038112939936794106,0.02014959592210221,0.07622587987358821
303,547.010912058,0.03654596881665098,0.022938309230575726,0.07309193763330196
304,547.931613364,0.03532416288250937,0.024717830252911212,0.07064832576501874
305,549.497567563,0.032948886134423476,0.027542823174561738,0.06589777226884695
306,550.970010039,0.030402540356554545,0.02992636052527111,0.06080508071310909
307,552.049572201,0.028364285656780844,0.03148195444538463,0.05672857131356169
308,553.764972119,0.024871668851794156,0.033582029088111705,0.04974333770358831
309,555.792020562,0.020431361371549932,0.03542048550616419,0.040862722743099864
310,556.899476407,0.01790616156763218,0.03611118421554062,0.03581232313526436
311,557.564659172,0.01636803252246728,0.03641586071064405,0.03273606504493456
312,559.316237029,0.012283402575862403,0.036815946185224754,0.024566805151724807
313,560.240807497,0.010131033174474792,0.036790843922516824,0.020262066348949583
314,562.559207616,0.004853108595656444,0.036018813942802444,0.009706217191312889
315,564.160879111,0.001391906810141229,0.03491393387058665,0.002783813620282458
316,564.506055938,0.0006735690105553807,0.03461756287428038,0.0013471380211107615
317,566.698787683,-0.0036027680912387883,0.0322850408739844,-0.007205536182477577
318,567.731757901,-0.0054175453013091774,0.03093725832293379,-0.010835090602618355
319,568.92395518,-0.007327846203300501,0.029206530231536017,-0.014655692406601003
320,570.051114782,-0.008935909355151565,0.02741710360401228,-0.01787181871030313
321,572.419984132,-0.01162725083430034,0.02326677219179912,-0.02325450166860068
322,573.614610527,-0.01260639618785505,0.021026370563774474,-0.0252127923757101
323,575.093886014,-0.013451004237121068,0.018171003314925972,-0.026902008474242137
324,575.807247141,-0.013710464904078824,0.01677725750667202,-0.02742092980815765
325,577.039003472,-0.013930885223777936,0.01436893739685161,-0.027861770447555872
326,579.098834672,-0.013661780830937326,0.010415698847289321,-0.027323561661874652
327,580.136959362,-0.013231621105173666,0.008498350540557767,-0.02646324221034733
328,581.946576266,-0.012034378909417453,0.005345903443017103,-0.024068757818834906
329,583.236088219,-0.010856666968698206,0.003289411666478952,-0.021713333937396412
330,584.561705903,-0.009390012932109768,0.0013767383446032773,-0.018780025864219535
331,585.984563205,-0.007558194468303722,-0.00041521478020819895,-0.015116388936607444
332,586.742771891,-0.006485884564209052,-0.0012486558844066302,-0.012971769128418104
333,588.139663266,-0.004361056393510105,-0.0025453231736291197,-0.00872211278702021
334,590.660397517,-0.0001571335117744508,-0.004042194338097,-0.0003142670235489016
335,591.725858065,0.0017106010000399706,-0.004330957336858784,0.003421202000079941
336,592.5713583,0.003210826594087662,-0.004410694325239563,0.006421653188175324
337,593.974714682,0.005706017535578281,-0.004249434311268073,0.011412035071156562
338,595.728153697,0.008768874853969575,-0.0035367335928400264,0.01753774970793915
339,596.362768328,0.009846085950714017,-0.003141554861581455,0.019692171901428034
340,598.493077346,0.013267466974205786,-0.0013043921118849676,0.02653493394841157
341,599.545640364,0.014813927313255839,-0.00012156531825318457,0.029627854626511678
342,601.602136736,0.017479883217984066,0.0026631275871660826,0.03495976643596813
343,602.579167886,0.018555509543514183,0.004183206559947764,0.037111019087028366
344,603.625618904,0.019554543592908653,0.005933997592473634,0.03910908718581731
345,604.616218494,0.02034434070389406,0.007694292021494029,0.04068868140778812
346,606.383460422,0.02135096336445084,0.011037699280684371,0.04270192672890168
347,608.413217311,0.021832284475675357,0.0151023850930324,0.043664568951350714
348,609.389575155,0.021797204996694526,0.017105056787956662,0.04359440999338905
349,610.839162938,0.021421162588795978,0.020091743969904353,0.042842325177591956
350,611.774209621,0.020973623299429846,0.022005882350756473,0.04194724659885969
351,613.599778676,0.01964480140133538,0.025656739029072204,0.03928960280267076
352,614.646237872,0.018619890711569973,0.027667533985586332,0.037239781423139946
353,615.538563369,0.01760091886386952,0.029318279565320324,0.03520183772773904
354,618.112831366,0.01396761555403469,0.03365529922099412,0.02793523110806938
355,619.184482598,0.012180387504848234,0.035236114644953215,0.024360775009696467
356,620.272893672,0.010220988970757931,0.03668499009554926,0.020441977941515862
357,621.709294528,0.007440547666752001,0.03833415351308797,0.014881095333504003
358,622.37500274,0.006087030654876542,0.038990722100286104,0.012174061309753084
359,624.269900018,0.0020561003298873075,0.040464249911034346,0.004112200659774615
360,626.019283428,-0.0018301224889495447,0.04128356605629144,-0.0036602449778990894
361,627.268396851,-0.004654463913779293,0.041542448699661755,-0.009308927827558586
362,628.325862359,-0.007051901498590509,0.04154834918609224,-0.014103802997181019
363,630.473887438,-0.011861117511483214,0.04096707243256294,-0.02372223502296643
364,630.805780927,-0.012589640047367049,0.040807994527486055,-0.025179280094734097
365,632.225141167,-0.015637906931885277,0.039926736511817634,-0.031275813863770555
366,633.546858252,-0.018353098449001834,0.03882577458108854,-0.03670619689800367
367,635.523800311,-0.022127530711573664,0.03671681618809129,-0.04425506142314733
368,637.39719316,-0.025318214249840668,0.034269323738020364,-0.050636428499681335
369,637.925513981,-0.026141276352219966,0.03351059871467282,-0.05228255270443993
370,638.927938267,-0.027603180663254758,0.031998930338104345,-0.055206361326509516
371,640.694794669,-0.02984476217441341,0.029139964576658326,-0.05968952434882682
372,641.945499666,-0.031160750368591977,0.027000616938425957,-0.062321500737183955
373,643.278883781,-0.03230895324926008,0.024649354303581825,-0.06461790649852016
374,644.99057823,-0.03339392684827728,0.021577223982384253,-0.06678785369655456
375,646.348191596,-0.03394642468141574,0.01914052168995506,-0.06789284936283148
376,647.761753004,-0.034240590248016976,0.016643220899198827,-0.06848118049603395
377,648.786400889,-0.034281895073848365,0.01487896292712457,-0.06856379014769673
378,650.197519345,-0.034115938638382075,0.012539437386606983,-0.06823187727676415
379,650.668683891,-0.03400621690373873,0.011786453295295894,-0.06801243380747746
380,653.649571605,-0.032756031602743624,0.007433844023087627,-0.06551206320548725
381,654.301920586,-0.03237073324997558,0.0065902007857172405,-0.06474146649995116
382,655.709463022,-0.03142977690122947,0.004920730123025048,-0.06285955380245895
383,656.964084599,-0.0304869175528659,0.0036162772625139192,-0.0609738351057318
384,658.175614419,-0.029507301318238827,0.0025285286042922776,-0.059014602636477655
385,659.663845973,-0.028244802274773,0.0014294297872774898,-0.056489604549546
386,660.716732595,-0.027333778070646464,0.0008107374565838525,-0.05466755614129293
387,662.296586431,-0.025975520192232125,0.00012622018021915687,-0.05195104038446425
388,664.244604652,-0.02438000251908559,-0.00033084816020942885,-0.04876000503817118
389,665.342763096,-0.023549401320241036,-0.00041239862189391594,-0.04709880264048207
390,666.515147704,-0.02273777727269125,-0.00037128848143020777,-0.0454755545453825
391,667.148494895,-0.022337115204429724,-0.0002982587841004119,-0.04467423040885945
392,668.97584882,-0.021354086140548272,8.833847507989016e-05,-0.042708172281096544
393,670.323585206,-0.020814719533169834,0.0005141673471973606,-0.04162943906633967
394,672.458183584,-0.020323416829256608,0.0013616681924001305,-0.040646833658513216
395,673.043578286,-0.020271242543498852,0.0016185815929901323,-0.040542485086997704
396,674.35589781,-0.020288134724693364,0.002212485533545297,-0.04057626944938673
397,676.139674364,-0.020611312483093735,0.0030173947667983627,-0.04122262496618747
398,677.230180669,-0.02097813796777832,0.003480821009518746,-0.04195627593555664
399,677.800444746,-0.021220001915222466,0.0037077807219284267,-0.04244000383044493
400,679.742197883,-0.022290419338700903,0.004366185913809346,-0.044580838677401806
401,681.894991533,-0.02388619293471117,0.0048115195119016714,-0.04777238586942234
402,682.60273502,-0.0244935302942977,0.004875422280702221,-0.0489870605885954
403,684.013549814,-0.02580814516773398,0.0048609423033202336,-0.05161629033546796
404,684.972629862,-0.026769506479723156,0.004733561067376906,-0.05353901295944631
405,686.163223588,-0.02802301036251811,0.0044320981195368385,-0.05604602072503622
406,687.961543185,-0.030001681192324,0.003655264774379566,-0.060003362384648
407,689.368941362,-0.03158125593803925,0.0027634332460096957,-0.0631625118760785
408,690.474735032,-0.032815825879961076,0.001882752917595139,-0.06563165175992215
409,692.451684416,-0.034948665257334574,-8.900379327157246e-05,-0.06989733051466915
410,693.176970061,-0.035690775116789517,-0.0009387621149604683,-0.07138155023357903
411,694.5339087,-0.03699598462574304,-0.0027054743481062294,-0.07399196925148609
412,695.726335921,-0.03803231616874854,-0.0044409701591380316,-0.07606463233749708
413,696.6260699,-0.03873246214726712,-0.0058575915073715325,-0.07746492429453423
414,699.132095476,-0.040236850132666625,-0.01024027760150321,-0.08047370026533325
415,700.296739132,-0.0406789065802722,-0.012466629639691314,-0.0813578131605444
416,701.301742955,-0.040913626809133845,-0.01446687393896545,-0.08182725361826769
417,702.227343146,-0.0410023360201224,-0.016363194174647197,-0.0820046720402448
418,704.033839296,-0.040803498284772845,-0.020175346520308755,-0.08160699656954569
419,705.125813955,-0.04043454936285665,-0.022524300877472522,-0.0808690987257133
420,706.1846548,-0.039892454971574065,-0.02481340312456334,-0.07978490994314813
421,708.269070885,-0.03828745404352882,-0.029286761956198386,-0.07657490808705764
422,709.22958857,-0.037307935351508115,-0.031304628470020496,-0.07461587070301623
423,711.13027418,-0.0349328220594442,-0.03515249561740806,-0.0698656441188884
424,711.900289914,-0.0338103212944563,-0.036639029356650234,-0.0676206425889126
425,712.74938347,-0.032469724993360385,-0.03821889006746089,-0.06493944998672077
426,714.082771821,-0.03015668066680568,-0.04055564013974331,-0.06031336133361136
427,716.112396454,-0.026188220618352097,-0.0437159528134345,-0.052376441236704194
428,717.482569703,-0.023239662475611066,-0.045538105538518475,-0.04647932495122213
429,718.742786545,-0.020364882537660327,-0.046967543805555984,-0.040729765075320654
430,719.697100988,-0.018099773949141744,-0.04788246714602079,-0.03619954789828349
431,721.351162219,-0.014030877360242805,-0.049107499956523026,-0.02806175472048561
432,722.277504976,-0.011692641594422975,-0.04958626627198832,-0.02338528318884595
433,723.845821045,-0.007675840133442901,-0.05004762783079105,-0.015351680266885801
434,724.56261389,-0.005828648029352008,-0.05011048466407481,-0.011657296058704017
435,727.05640323,0.0005578511744503482,-0.04960459831028518,0.0011157023489006964
436,728.405481589,0.003928389528792391,-0.04886909469175455,0.007856779057584782
437,728.758749796,0.004795087168764803,-0.048624382868229635,0.009590174337529607
438,730.416482123,0.008747859094978862,-0.04719711337645569,0.017495718189957724
439,731.417354919,0.011025331557739399,-0.04612160464907005,0.022050663115478798
440,732.818052714,0.014046011860134457,-0.04436417547081347,0.028092023720268915
441,734.789643252,0.017913274899059868,-0.0414377651521797,0.035826549798119736
442,735.765459209,0.01963976606769264,-0.03981591448415524,0.03927953213538528
443,737.052928912,0.02170969513210774,-0.03752477261008721,0.04341939026421548
444,738.580421171,0.023839362268593917,-0.03461810126581595,0.047678724537187835
445,739.909523674,0.025389852470167375,-0.03195799325207612,0.05077970494033475
446,740.573807447,0.02605609740415527,-0.030593647297432202,0.05211219480831054
447,741.757335573,0.027060646044607246,-0.0281218174776511,0.05412129208921449
448,743.895013142,0.028278658096611155,-0.023591676296806224,0.05655731619322231
449,745.344989551,0.02867153846331638,-0.020529751327208363,0.05734307692663276
450,746.499305899,0.028740462288542136,-0.01813142081422675,0.05748092457708427
451,747.674563624,0.02859639661596115,-0.015748245446980447,0.0571927932319223
452,748.242754465,0.028452002665043278,-0.014623378132085186,0.056904005330086556
453,750.655950362,0.027331828101286804,-0.010103043528681513,0.05466365620257361
454,750.966381067,0.027132015228006328,-0.009556845520879079,0.054264030456012656
455,752.887621567,0.02564424977551061,-0.006387883618199608,0.05128849955102122
456,754.322370472,0.024282419292196936,-0.004283174137508114,0.04856483858439387
457,755.839308976,0.022650829958784,-0.002326426447510402,0.045301659917568
458,756.76824844,0.021572159997834368,-0.0012721389773067751,0.043144319995668735
459,758.101729246,0.019941940738812676,4.303249535068255e-05,0.03988388147762535
460,758.900238225,0.01893063486320252,0.0007166742365823992,0.03786126972640504
461,760.282366984,0.01714059396487957,0.0016792501550412298,0.03428118792975914
462,762.70003325,0.013977618576125181,0.0027483879409564154,0.027955237152250362
463,763.593066173,0.012827430183118844,0.002950962049239256,0.025654860366237688
464,764.307522724,0.011923334283020328,0.003041297999998264,0.023846668566040657
465,766.0875401,0.009760540607847952,0.003002564224530544,0.019521081215695905
466,767.218472156,0.008473218779775714,0.0027952538397336465,0.016946437559551428
467,768.281461807,0.007339115872436135,0.0024825702338973654,0.01467823174487227
468,769.693407253,0.00596356094311325,0.0019086566336864608,0.0119271218862265
469,771.070839314,0.004782746080033024,0.001197540967255932,0.009565492160066047
470,772.961617566,0.003447677048919193,2.6995807363906407e-05,0.006895354097838386
471,774.117744628,0.002804611005649412,-0.0007718096685380611,0.005609222011298824
472,775.047847097,0.002385933256164432,-0.001446055056717862,0.004771866512328864
473,775.999711963,0.0020495745016940493,-0.002155165037997729,0.004099149003388099
474,777.29974853,0.0017405986475332738,-0.0031376351100765123,0.0034811972950665477
475,779.157076949,0.0015946079149656248,-0.004525602831798775,0.0031892158299312496
476,780.348925004,0.0016764547158033777,-0.005378957430887616,0.0033529094316067554
477,782.137664391,0.002037847464965535,-0.006562824157656075,0.00407569492993107
478,782.597943946,0.0021738072954788083,-0.006843277510911258,0.004347614590957617
479,784.288822612,0.00280816067132939,-0.007769063397063097,0.00561632134265878
480,785.739089701,0.0035000306905897957,-0.008412792516573514,0.0070000613811795915
481,786.461147451,0.003886865390851234,-0.008675293344081658,0.007773730781702468
482,787.468463816,0.004465174598436978,-0.008972421728539655,0.008930349196873955
483,790.059092364,0.006094280406241817,-0.009342681040779765,0.012188560812483634
484,790.831620468,0.006600622173079414,-0.009338935423784916,0.013201244346158828
485,792.427707609,0.007644674591108307,-0.009162812151983292,0.015289349182216614
486,792.888652563,0.007941099214415737,-0.009070035210246036,0.015882198428831474
487,794.48379187,0.008929193336060532,-0.008607742829733396,0.017858386672121064
488,795.606596156,0.00957385746239706,-0.008155947022704632,0.01914771492479412
489,797.263470038,0.010417281645289368,-0.007312923731613633,0.020834563290578735
490,798.707570166,0.01102060294647404,-0.006424500651697125,0.02204120589294808
491,799.654336211,0.011337740057453798,-0.005774665707703889,0.022675480114907595
492,801.604246463,0.011768253020995559,-0.004300344175769928,0.023536506041991118
493,802.541984878,0.011859031141987917,-0.003541240082404752,0.023718062283975834
494,803.243096204,0.011874496671298274,-0.002958853808984394,0.023748993342596548
495,804.762239113,0.011748428326705234,-0.001670975399732947,0.023496856653410468
496,805.861635667,0.011517557280746278,-0.0007330442029105542,0.023035114561492556
497,808.151814936,0.010655725068721849,0.0011701998172096802,0.021311450137443698
498,809.197783363,0.010093189520897885,0.0019895474902777016,0.02018637904179577
499,810.081804886,0.00953792178025529,0.002645165226912987,0.01907584356051058
500,811.184358847,0.008746990391982887,0.0034043597419289584,0.017493980783965773
501,812.771108389,0.007429325171590493,0.004358476684430774,0.014858650343180986
502,814.045913608,0.006231823505769339,0.0049847994402263335,0.012463647011538678
503,814.870539626,0.0053988234748896325,0.005314513535367699,0.010797646949779265
504,816.727737714,0.0033817912565957207,0.005815832961344403,0.006763582513191441
505,818.380668866,0.0014610118918604428,0.005954808816192433,0.0029220237837208857
506,819.204642171,0.0004740851389761677,0.005908524256451133,0.0009481702779523354
507,820.721898444,-0.0013691083228490112,0.005613476996696317,-0.0027382166456980223
508,821.713454133,-0.0025763528304112923,0.005270423313610032,-0.005152705660822585
509,822.197757493,-0.0031627053790409232,0.005059210876704993,-0.0063254107580818465
510,824.526293872,-0.005903553876268583,0.0036439831339067463,-0.011807107752537165
511,826.039287377,-0.007566474793236781,0.0023761736550375516,-0.015132949586473562
512,826.905810954,-0.008458605829433665,0.001531316902997988,-0.01691721165886733
513,828.3401743,-0.009815945686307236,-4.7609452499057434e-05,-0.019631891372614473
514,829.437010968,-0.01073704623782928,-0.0013975596688432625,-0.02147409247565856
515,830.895884053,-0.011781078212723372,-0.0033671065015270364,-0.023562156425446745
516,831.799777659,-0.012313173252301572,-0.004677050116159736,-0.024626346504603144
517,833.003640909,-0.012873297546155965,-0.006514481106552331,-0.02574659509231193
518,834.651915148,-0.013344426435545105,-0.009172433041417249,-0.02668885287109021
519,836.693576188,-0.013419501010887729,-0.012625307624821737,-0.026839002021775457
520,837.34733506,-0.013319217327289372,-0.01375363964745175,-0.026638434654578744
521,838.249021993,-0.013079577286302609,-0.015317721163774077,-0.026159154572605217
522,839.46539481,-0.01256839564665216,-0.017427270357487246,-0.02513679129330432
523,841.036389829,-0.0115880715083729,-0.02011735074383759,-0.0231761430167458
524,842.041354207,-0.010773447124893365,-0.021797248600718966,-0.02154689424978673
525,844.166196607,-0.008583531290305214,-0.025179591375705794,-0.017167062580610428
526,844.805993976,-0.007804452867201569,-0.026139618816702577,-0.015608905734403138
527,846.194769928,-0.0059335577755724725,-0.028108148746201857,-0.011867115551144945
528,847.97171764,-0.0032058517216770467,-0.03035860138131032,-0.006411703443354093
529,848.489281181,-0.0023467402825633533,-0.030950205053552834,-0.004693480565126707
530,849.862274349,5.910116318198789e-05,-0.03236575767429132,0.00011820232636397578
531,850.645448466,0.001506407041046344,-0.033067070035051556,0.003012814082092688
532,853.163112583,0.006458037460867991,-0.034755031704573724,0.012916074921735982
533,854.09551172,0.008381299635922391,-0.03514853242920694,0.016762599271844782
534,855.286710244,0.010884990074234584,-0.035461290447017534,0.02176998014846917
535,856.484117491,0.013434559167935721,-0.03555710388923133,0.026869118335871443
536,857.310740603,0.015202460438184545,-0.035494284569552746,0.03040492087636909
537,858.904026466,0.018598466225832316,-0.035076312352700166,0.03719693245166463
538,860.410670896,0.021757313783334398,-0.03432622367379932,0.043514627566668795
539,861.171098213,0.023318589307656956,-0.03381983663566484,0.04663717861531391
540,863.189719772,0.02730832982678484,-0.03207742437734913,0.05461665965356968
541,864.34082393,0.029456169041229892,-0.030838696828978465,0.058912338082459784
542,865.594664327,0.03166753352653301,-0.02930239188525843,0.06333506705306602
543,866.423739904,0.03304759529384423,-0.028187003689956802,0.06609519058768847
544,867.693122612,0.035021205501834726,-0.02633909227198871,0.07004241100366945
545,868.670494229,0.03641740190136829,-0.024811678575662455,0.07283480380273658
546,870.846902326,0.03910879364815223,-0.021136437405549754,0.07821758729630446
547,872.188750822,0.040463682298260105,-0.018721313633047017,0.08092736459652021
548,873.098978971,0.0412453294036852,-0.01703570731057863,0.0824906588073704
549,873.908389235,0.04184563191380218,-0.015513026102353939,0.08369126382760436
550,875.985285109,0.04297532458639418,-0.01154842003445913,0.08595064917278836
551,876.600825833,0.043197117506225104,-0.0103688812253787,0.08639423501245021
552,877.654698341,0.043458776014676244,-0.008357263190187864,0.08691755202935249
553,879.38095197,0.04357380242174827,-0.005113953766304584,0.08714760484349654
554,880.834648848,0.04338269783109183,-0.0024671879181160385,0.08676539566218366
555,882.386696627,0.04290875412956926,0.00023723601702289553,0.08581750825913852
556,883.430331839,0.04244579629609246,0.0019689905455056323,0.08489159259218491
557,884.198743115,0.04203679156058891,0.0031932067263872157,0.08407358312117783
558,885.27230448,0.041376607914920656,0.004824619842248044,0.08275321582984131
559,886.852801963,0.040238028010618244,0.007044253457473385,0.08047605602123649
560,888.475566674,0.038898003962828186,0.009079232071907863,0.07779600792565637
561,889.735294294,0.037765420251262116,0.010478777978290119,0.07553084050252423
562,890.813132113,0.03674943773652936,0.011547541673037237,0.07349887547305872
563,892.38643326,0.03521698256790968,0.012892298375338848,0.07043396513581936
564,893.119117567,0.034493125518687794,0.013431668254032882,0.06898625103737559
565,894.886292321,0.0327508271408929,0.014510250870220856,0.0655016542817858
566,895.397919675,0.03225305629794678,0.01476542487098087,0.06450611259589356
567,896.632251556,0.03107623950824122,0.01528014692431125,0.06215247901648244
568,899.221522668,0.028779578600044618,0.015931861900125816,0.057559157200089237
569,899.858884608,0.028261917737572792,0.0160124265140943,0.056523835475145584
570,900.849739861,0.02750235438153038,0.0160828076917941,0.05500470876306076
571,902.243207587,0.026536955063043304,0.01608166493605219,0.05307391012608661
572,903.099674443,0.026008408037468237,0.016031390865720037,0.052016816074936474
573,904.702902722,0.02516160699395262,0.01585772334223498,0.05032321398790524
574,905.829940758,0.024682721132503832,0.01569011569352209,0.049365442265007664
575,907.656729469,0.024116848483847323,0.015376417089236379,0.048233696967694646
576,908.333543645,0.023973532559666607,0.015256521831211563,0.047947065119333214
577,910.186334057,0.023761229668168404,0.014949389823376982,0.04752245933633681
578,911.234951486,0.023753834800914274,0.014805417075943189,0.04750766960182855
579,912.3310456,0.023828066840474893,0.014691373005737895,0.047656133680949786
580,912.823999247,0.02388729901037064,0.014655014474952183,0.04777459802074128
581,914.730096958,0.024253508572074735,0.014621621823755624,0.04850701714414947
582,916.355000809,0.024714454093448794,0.014753662111777407,0.04942890818689759
583,917.82537757,0.02522322487318895,0.01502256547779185,0.0504464497463779
584,918.836535244,0.025610309281095072,0.015297924049534213,0.051220618562190144
585,919.44834444,0.02585500449896406,0.015502227928124047,0.05171000899792812
586,921.156395507,0.026560902000762422,0.0162289463606599,0.053121804001524844
587,922.500629307,0.027117598427519797,0.016966863463831056,0.054235196855039594
588,923.285719802,0.02743348984436999,0.01746613014290916,0.05486697968873998
589,924.773483933,0.02799483559215401,0.0185491374124501,0.05598967118430802
590,926.551552785,0.028566542232842575,0.020071275990531406,0.05713308446568515
591,927.850858986,0.02888966171693901,0.021331143096182312,0.05777932343387802
592,928.663659329,0.029042010384135987,0.022177948301094305,0.058084020768271974
593,929.874092851,0.029187491609996594,0.023515611994122707,0.05837498321999319
594,931.009211337,0.029225539435231915,0.02484477928328496,0.05845107887046383
595,931.852740746,0.029186426667718073,0.02587334309474734,0.058372853335436146
596,934.385306837,0.028688785159450895,0.029121402205525036,0.05737757031890179
597,934.995424864,0.02847795003054125,0.029929155689405046,0.0569559000610825
598,936.228649379,0.027938352192932257,0.031577097693442996,0.05587670438586451
599,937.532925712,0.027198790337467565,0.033325981121965276,0.05439758067493513
600,939.024300899,0.026137353575854567,0.03530656431375722,0.052274707151709135
601,939.660940615,0.02561412735458748,0.03613831720383419,0.05122825470917496
602,941.156999642,0.024221655808247276,0.03804197314053837,0.04844331161649455
603,942.052341643,0.0232813471144649,0.03913680633141811,0.0465626942289298
604,944.18803581,0.020731459207674777,0.04156900235368683,0.041462918415349555
605,945.333562503,0.019197599235033818,0.04274660096779029,0.038395198470067636
606,946.765842205,0.017133237108299396,0.04407083730918521,0.03426647421659879
607,947.079183096,0.01666167513622033,0.0443366482659404,0.03332335027244066
608,948.346646255,0.014688646592056308,0.045317570207575965,0.029377293184112616
609,950.151612685,0.011723027994903247,0.04643519808256169,0.023446055989806494
610,951.033248734,0.010221554168476551,0.04685397865752344,0.020443108336953102
611,952.72798862,0.007267672720277519,0.04741239783266825,0.014535345440555038
612,954.12971927,0.004785607720174029,0.04762179285263158,0.009571215440348058
613,954.829308938,0.003543064142878127,0.04763942019372227,0.007086128285756254
614,956.675479343,0.00028372404266726936,0.04740776091870449,0.0005674480853345387
615,957.510052596,-0.0011674276312296943,0.047171887677351025,-0.0023348552624593887
616,958.41459339,-0.0027150886461509882,0.046825925912295736,-0.0054301772923019765
617,959.459168807,-0.004460480929872455,0.046312447275853395,-0.00892096185974491
618,961.669572474,-0.007958790951023833,0.04484426444667457,-0.015917581902047666
619,963.182086671,-0.010160417056648515,0.04356527371076971,-0.02032083411329703
620,963.567040192,-0.010691761339159882,0.043207397431612275,-0.021383522678319763
621,965.055579624,-0.0126242383574529,0.04171178926750182,-0.0252484767149058
622,966.110754818,-0.013868102434539932,0.04055475913486184,-0.027736204869079864
623,967.371153766,-0.015206442561105146,0.03908363626571637,-0.03041288512221029
624,968.636301906,-0.016379670483537834,0.03752736915476,-0.03275934096707567
625,970.125610557,-0.017532837053288695,0.035620228751163496,-0.03506567410657739
626,971.071491486,-0.018133971251276984,0.03438127475324048,-0.03626794250255397
627,973.185361294,-0.019104324541598893,0.031585693948317686,-0.038208649083197786
628,973.873078993,-0.01930929852941106,0.030680794645640507,-0.03861859705882212
629,974.774635066,-0.019496965739622712,0.029507103841286644,-0.038993931479245424
630,976.178502421,-0.019610451417594765,0.027724208956529106,-0.03922090283518953
631,976.917202117,-0.01958559529216082,0.02681584030734971,-0.03917119058432164
632,978.766671535,-0.019282289781902034,0.024661428372132543,-0.03856457956380407
633,980.57800064,-0.018679579886072807,0.02275950855502855,-0.037359159772145614
634,981.288615302,-0.018369386107102356,0.022079888575372138,-0.03673877221420471
635,982.396485169,-0.017812317252125037,0.02110362546694234,-0.035624634504250074
636,983.575076006,-0.01713280159710924,0.020184598324128934,-0.03426560319421848
637,985.186928656,-0.01608488416209561,0.019142207936086893,-0.03216976832419122
638,986.13051511,-0.015422163420758103,0.018653063140497785,-0.030844326841516206
639,986.756008408,-0.014967950810955614,0.018379693701251122,-0.029935901621911228
640,988.992622371,-0.013287946121272003,0.01774136634036093,-0.026575892242544006
641,990.223917804,-0.012355829781640066,0.017617947799181282,-0.02471165956328013
642,991.374294148,-0.011501999660259476,0.01764754511510681,-0.023003999320518952
643,992.728696337,-0.010539111613528898,0.017857440718371108,-0.021078223227057796
644,993.214580957,-0.010209224266831544,0.01797752041839909,-0.020418448533663088
645,994.404590571,-0.009445475373028206,0.018367484682026584,-0.01889095074605641
646,996.205336164,-0.008436994067060753,0.019200862475884324,-0.016873988134121505
647,997.511934752,-0.007840394314188625,0.019971649128877538,-0.01568078862837725
648,998.827547137,-0.007373430397138977,0.02087117218206467,-0.014746860794277955
649,999.791571557,-0.007125003008258597,0.021598640038699175,-0.014250006016517195
650,1001.349482638,-0.006904969453569843,0.022874996761298665,-0.013809938907139685
651,1002.404305488,-0.006890642588863176,0.02379492187812582,-0.013781285177726352
652,1003.267808179,-0.006963231691671935,0.024572394122110378,-0.01392646338334387
653,1004.675044121,-0.0072484759635274365,0.025869139045145352,-0.014496951927054873
654,1005.543420304,-0.007529238865919005,0.026677399081112628,-0.01505847773183801
655,1008.006704307,-0.008761629744391807,0.02893860927009038,-0.017523259488783614
656,1008.795709901,-0.009290682136510844,0.029635502926504576,-0.018581364273021688
657,1009.806590747,-0.010060756590620138,0.030496393089654895,-0.020121513181240277
658,1010.569757011,-0.010708790290929238,0.031117113807989764,-0.021417580581858477
659,1012.410042516,-0.0124948166849159,0.03248474891319609,-0.0249896333698318
660,1013.058638098,-0.013195004501617624,0.03291585804177463,-0.026390009003235248
661,1014.689632622,-0.015103044347011348,0.033862864676075584,-0.030206088694022696
662,1016.060178943,-0.01685183770070721,0.03448968072496256,-0.03370367540141442
663,1017.266402364,-0.018484028915913886,0.03490048854298333,-0.03696805783182777
664,1018.605572519,-0.020379501979760573,0.03519099501284007,-0.040759003959521145
665,1019.912439744,-0.02229407266839714,0.03529781472650166,-0.04458814533679428
666,1020.917475017,-0.023796923682621145,0.03525717495388981,-0.04759384736524229
667,1021.5443445,-0.024742964701266024,0.035176794472044415,-0.04948592940253205
668,1022.885270912,-0.026776464683408017,0.03486161846853802,-0.053552929366816035
669,1025.265724198,-0.030358015841145256,0.033822601289129076,-0.06071603168229051
670,1025.707944371,-0.03101119202423618,0.03356311694496996,-0.06202238404847236
671,1027.467693516,-0.033545630819721985,0.03233174732040244,-0.06709126163944397
672,1028.128964255,-0.034464600314303206,0.03178966776468564,-0.06892920062860641
673,1029.227297444,-0.035941226823307186,0.03079848577776142,-0.07188245364661437
674,1030.897368791,-0.03804732876498575,0.029088185501433963,-0.0760946575299715
675,1031.833180297,-0.03914347950784152,0.02803179924957318,-0.07828695901568304
676,1032.812883035,-0.040219365267574025,0.026858004390096057,-0.08043873053514805
677,1034.61291553,-0.041988467358656176,0.024543496450006932,-0.08397693471731235
678,1036.195917358,-0.043305144588637975,0.022370209819425307,-0.08661028917727595
679,1037.024707646,-0.0439006187367512,0.021192719533833976,-0.0878012374735024
680,1038.087752241,-0.044567375394273745,0.019652650412449308,-0.08913475078854749
681,1039.077401437,-0.04508885662853578,0.018197459344859983,-0.09017771325707157
682,1040.264037938,-0.045587420870160364,0.016437693730192784,-0.09117484174032073
683,1041.621528015,-0.04598946734458321,0.014422469552277167,-0.09197893468916642
684,1043.62395435,-0.0462633951004744,0.011489369844041218,-0.0925267902009488
685,1044.514975829,-0.04626810243431525,0.01021433941866258,-0.0925362048686305
686,1045.107042353,-0.0462332120380459,0.009381319858170919,-0.0924664240760918
687,1047.089817484,-0.04590908902125605,0.006695309563175346,-0.0918181780425121
688,1047.98714749,-0.04566549539768151,0.005542021058975079,-0.09133099079536303
689,1048.953785195,-0.04534245916338337,0.0043499026304940885,-0.09068491832676674
690,1049.996284257,-0.04493031313999892,0.0031278168604703224,-0.08986062627999784
691,1051.576571843,-0.04419698310938028,0.0014118243997888367,-0.08839396621876056
692,1053.245785158,-0.04330953121799374,-0.00020915896790650693,-0.08661906243598748
693,1054.781039478,-0.04242180538481509,-0.0015177256650372943,-0.08484361076963018
694,1055.002146476,-0.04229009360838021,-0.0016915311064210265,-0.08458018721676042
695,1056.688847364,-0.04126824845211135,-0.002895706021860904,-0.0825364969042227
696,1057.10004366,-0.04101722708202578,-0.0031568591609976095,-0.08203445416405156
697,1059.133769107,-0.039791593059820406,-0.004266828702872912,-0.07958318611964081
698,1060.139518562,-0.03920851922576795,-0.00470845172378509,-0.0784170384515359
699,1061.501304465,-0.038460268922489334,-0.005201243940905401,-0.07692053784497867
700,1062.915381508,-0.03774969910864589,-0.00559576195289023,-0.07549939821729178
701,1064.071551072,-0.037230552475728235,-0.005839637563323612,-0.07446110495145647
702,1065.121855106,-0.03681444892878032,-0.006008000024796508,-0.07362889785756065
703,1066.463223469,-0.036368260511657195,-0.006161639410650611,-0.07273652102331439
704,1067.418860121,-0.03611315886173325,-0.006237562516224108,-0.0722263177234665
705,1067.990000079,-0.035986856844575726,-0.006272634795314815,-0.07197371368915145
706,1070.535041997,-0.035672187961669266,-0.006375937695983082,-0.07134437592333853
707,1071.618623215,-0.035663665713208136,-0.00641498283088107,-0.07132733142641627
708,1072.543998011,-0.03571550257667414,-0.0064570136022887225,-0.07143100515334828
709,1073.570353165,-0.03583542006367342,-0.006520835767753165,-0.07167084012734684
710,1074.747771044,-0.03605102306650489,-0.00662659265747315,-0.07210204613300979
711,1076.266625594,-0.036444746418681444,-0.006832916448543384,-0.07288949283736289
712,1076.924056066,-0.036652528319135465,-0.006952197947227604,-0.07330505663827093
713,1078.647198481,-0.03729180516468638,-0.007367918902401961,-0.07458361032937276
714,1079.809965429,-0.03778977902794061,-0.007744284903824008,-0.07557955805588122
715,1081.171002343,-0.03842579862790931,-0.008295375142010718,-0.07685159725581862
716,1082.952749723,-0.03931716884563177,-0.00921373219229183,-0.07863433769126355
717,1083.295466514,-0.039493123373652204,-0.009417397892050101,-0.07898624674730441
718,1084.18326431,-0.03995140707308632,-0.009986925364587456,-0.07990281414617265
719,1085.647831209,-0.04070273289760147,-0.01106130381011349,-0.08140546579520294
720,1086.91199899,-0.0413294093614563,-0.012125535890282535,-0.0826588187229126
721,1088.755724675,-0.04217060725990938,-0.013904020736015977,-0.08434121451981876
722,1089.795337924,-0.04258960753874326,-0.015022407000925364,-0.08517921507748652
723,1090.863191026,-0.04296636493007769,-0.016254320746064962,-0.08593272986015538
724,1091.728472967,-0.04322525470216531,-0.017311529797812236,-0.08645050940433062
725,1093.440873272,-0.043595010483494935,-0.01954791610358555,-0.08719002096698987
726,1094.284457524,-0.0436988240871136,-0.020713776607522747,-0.0873976481742272
727,1095.433084759,-0.043747823670513795,-0.022360975945047584,-0.08749564734102759
728,1096.401917795,-0.043700404931415054,-0.023797211188446115,-0.08740080986283011
729,1098.841015467,-0.04318966672176886,-0.027556440476639153,-0.08637933344353772
730,1099.360667179,-0.04300427964805922,-0.028375849002902763,-0.08600855929611843
731,1100.574460622,-0.04246178041881613,-0.0303027155898462,-0.08492356083763226
732,1101.839111169,-0.041730126887533595,-0.03231560915521388,-0.08346025377506719
733,1102.5517799,-0.041241967678613385,-0.03344549963527774,-0.08248393535722677
734,1103.732297175,-0.04031250961818702,-0.03529922752895019,-0.08062501923637404
735,1105.617188831,-0.03851831773816306,-0.038178921473967814,-0.07703663547632612
736,1106.774371676,-0.0372319728917067,-0.03987521774100663,-0.0744639457834134
737,1107.774531955,-0.036010888537126994,-0.04128433934396769,-0.07202177707425399
738,1109.158918857,-0.03416103305603599,-0.043130716205443474,-0.06832206611207198
739,1110.444142994,-0.03228780865578668,-0.044719394573787506,-0.06457561731157337
740,1111.443504765,-0.030735417886418884,-0.04586047239063257,-0.06147083577283777
741,1112.432995408,-0.02912271829300661,-0.046901408897617035,-0.05824543658601322
742,1113.397595115,-0.02748475600763098,-0.04782501780875113,-0.05496951201526196
743,1115.065359462,-0.024520076013164534,-0.049194427254579856,-0.04904015202632907
744,1116.787253881,-0.021318479217197518,-0.05028559057233004,-0.042636958434395036
745,1117.965919669,-0.01906789186599753,-0.05083380689589469,-0.03813578373199506
746,1118.684134861,-0.01768068541041398,-0.051086497955731634,-0.03536137082082796
747,1119.473247426,-0.016147849576110155,-0.05129217652404767,-0.03229569915222031
748,1121.155937676,-0.012870394932259298,-0.051477389000200366,-0.025740789864518596
749,1122.458621357,-0.010348712754410974,-0.051384297945874347,-0.02069742550882195
750,1123.101117388,-0.009117349922539417,-0.05126324309809882,-0.018234699845078833
751,1125.314729398,-0.004978921692725496,-0.05047641617322361,-0.009957843385450992
752,1125.763442429,-0.004165732973080515,-0.05024923705378851,-0.00833146594616103
753,1127.658023527,-0.0008571490040623099,-0.049053116730271684,-0.0017142980081246199
754,1128.430224614,0.0004247331417237896,-0.048461399264996555,0.0008494662834475792
755,1129.728996777,0.00248024693246266,-0.04734089198646537,0.00496049386492532
756,1130.391597896,0.003476281430852896,-0.046712729139049426,0.006952562861705792
757,1131.495085562,0.005049887305838857,-0.04558917116006308,0.010099774611677714
758,1133.708625669,0.007859514243193432,-0.04308259095474533,0.015719028486386864
759,1134.885654592,0.00915184826963162,-0.041637771850293735,0.01830369653926324
760,1135.562213975,0.009828462646712714,-0.040779678105389135,0.01965692529342543
761,1136.929293481,0.011044755092145767,-0.03899808944022571,0.022089510184291533
762,1138.15158978,0.011959022757339493,-0.03736723837113765,0.023918045514678986
763,1138.99234182,0.012492526487337025,-0.03623396063500733,0.02498505297467405
764,1140.721848172,0.013347339740661254,-0.03389934283652123,0.02669467948132251
765,1141.261022964,0.013548021479396774,-0.0331763933774881,0.02709604295879355
766,1142.858659608,0.013964424279753238,-0.031067299345748447,0.027928848559506475
767,1144.782299519,0.014128479106907444,-0.028631938744808186,0.028256958213814888
768,1145.485327517,0.014102216539443263,-0.02778053331742517,0.028204433078886527
769,1146.576814925,0.013976414156935646,-0.0265084561824249,0.027952828313871293
770,1147.501776523,0.013793897362682425,-0.025483424442406026,0.02758779472536485
771,1148.615277209,0.013489488185856598,-0.02432101604671437,0.026978976371713197
772,1149.982601028,0.013002639021468781,-0.02301068311262469,0.026005278042937563
773,1151.562814724,0.012308394420694748,-0.02167080938399221,0.024616788841389497
774,1152.943128531,0.01160980604670152,-0.02066337632196198,0.02321961209340304
775,1153.890303716,0.011092438323270986,-0.020063321128774136,0.022184876646541972
776,1154.697519535,0.01063325361526743,-0.019611586547442255,0.02126650723053486
777,1156.621567834,0.009497772855279741,-0.018757502338642196,0.018995545710559482
778,1157.432314576,0.009012792293288635,-0.018490928872160958,0.01802558458657727
779,1158.001609027,0.008673432483456268,-0.018336262077415923,0.017346864966912536
780,1159.480657019,0.007807607264848116,-0.018056707024615808,0.015615214529696232
781,1161.396644634,0.006751926507478183,-0.017944204581529323,0.013503853014956366
782,1162.487528602,0.006201092833978463,-0.01799662461418312,0.012402185667956925
783,1163.701031683,0.005643471519078998,-0.01814498951846521,0.011286943038157997
784,1164.737586351,0.00522034461200201,-0.018339808745891476,0.01044068922400402
785,1165.271227706,0.005023549853828204,-0.018462289019732236,0.010047099707656408
786,1166.94361341,0.0045079487485022995,-0.01893121846867828,0.009015897497004599
787,1168.08627161,0.004250165312473648,-0.019313819098052475,0.008500330624947296
788,1169.698356885,0.004025624924784361,-0.019916602041769413,0.008051249849568723
789,1170.463638578,0.003977860762597951,-0.02022087884010762,0.007955721525195901
790,1172.120681866,0.004006264051068739,-0.020900037705090916,0.008012528102137479
791,1173.305687764,0.004136767819053597,-0.021388071481799036,0.008273535638107194
792,1174.232766856,0.004301668112541068,-0.02176246610873362,0.008603336225082137
793,1175.215452396,0.004534844323315297,-0.022145517766933194,0.009069688646630594
794,1176.63287581,0.004972054473865106,-0.022660546248708738,0.009944108947730212
795,1177.106304422,0.005143240230540171,-0.022820007625821325,0.010286480461080341
796,1179.701223502,0.0062811286206784075,-0.023548183774530242,0.012562257241356815
797,1180.653543787,0.006772582132446358,-0.02374203980917989,0.013545164264892716
798,1181.267318152,0.007106786096067291,-0.02384313054112904,0.014213572192134582
799,1182.582270347,0.007861681785548759,-0.02399233574314019,0.015723363571097517
800,1183.712775296,0.008544325911688577,-0.024042928810488317,0.017088651823377154
801,1185.155842847,0.009445242990021922,-0.02399771239244324,0.018890485980043843
802,1185.875358695,0.009901081620790371,-0.023927910605290627,0.019802163241580743
803,1187.345161493,0.01083267125873182,-0.02368636516996314,0.02166534251746364
804,1188.856444298,0.011772103038619804,-0.0233002385182359,0.02354420607723961
805,1189.963636498,0.012435123230179729,-0.022930933220989817,0.024870246460359458
806,1191.482605926,0.013292056479705073,-0.022311129317907682,0.026584112959410145
807,1192.218611478,0.013679569826519963,-0.021966430754664687,0.027359139653039925
808,1193.324021427,0.014220907952062368,-0.021398410768205308,0.028441815904124736
809,1193.857427135,0.014462760197850002,-0.021104157716256164,0.028925520395700004
810,1196.034671749,0.015300529216155058,-0.019785007863045812,0.030601058432310115
811,1197.071786659,0.015606125792738672,-0.019101190912905228,0.031212251585477344
812,1198.686569105,0.01594949558278951,-0.017985829495095036,0.03189899116557902
813,1199.356513708,0.016042288284657792,-0.017510444003590454,0.032084576569315584
814,1200.532692031,0.016132234591709912,-0.016666365801714433,0.032264469183419825
815,1201.810334857,0.01612265021966532,-0.015747189378779405,0.03224530043933064
816,1203.137350861,0.015993528038542114,-0.014805451904696206,0.03198705607708423
817,1203.855247594,0.01587338543192124,-0.01430730150399532,0.03174677086384248
818,1204.985492171,0.015614000771653579,-0.013546976964033813,0.031228001543307158
819,1206.870499794,0.014997687298457067,-0.012368649790741792,0.029995374596914134
820,1208.47145995,0.014306758105568649,-0.011484543646088648,0.028613516211137297
821,1208.989484168,0.014053071427723267,-0.01122601081727782,0.028106142855446534
822,1209.898030088,0.013575588556804411,-0.010808895462978725,0.027151177113608822
823,1211.416115893,0.012694765491946005,-0.01022474644537358,0.02538953098389201
824,1212.113153066,0.01226015878585776,-0.010007704874041911,0.02452031757171552
825,1213.59837268,0.011283349335943467,-0.009661059629761295,0.022566698671886935
826,1215.389975065,0.010039683492509914,-0.009465761319699737,0.020079366985019827
827,1216.183722033,0.009475918083575787,-0.00946072355137743,0.018951836167151574
828,1217.174482498,0.008769175946869094,-0.009526433922226322,0.017538351893738188
829,1219.050028177,0.007447516012394632,-0.00987209785149436,0.014895032024789263
830,1219.614471311,0.007060107569361796,-0.010032762275411828,0.014120215138723592
831,1220.816347691,0.0062612604502305545,-0.01046097628289307,0.012522520900461109
832,1221.692242483,0.005707655541915417,-0.010845451761749315,0.011415311083830834
833,1222.952484095,0.00496479689778892,-0.011502025877399572,0.00992959379557784
834,1225.018330024,0.0039191401126434456,-0.012825645318043548,0.007838280225286891
835,1225.855020761,0.0035680513398610443,-0.013441901635388385,0.007136102679722089
836,1227.231827641,0.003094939164151015,-0.014545326192588965,0.00618987832830203
837,1227.917141614,0.002911870937037322,-0.015131959756412404,0.005823741874074644
838,1228.793154363,0.0027320981295527206,-0.015913729952259367,0.005464196259105441
839,1230.584603154,0.0025660202464346995,-0.017605258672849153,0.005132040492869399
840,1231.562273878,0.002595861491873473,-0.018568766596310213,0.005191722983746946
841,1232.529587041,0.002712667817568773,-0.019540954498475697,0.005425335635137546
842,1234.277816653,0.003149998563187293,-0.021321737103120523,0.006299997126374586
843,1235.502548527,0.003632579835533747,-0.022567408126930383,0.007265159671067494
844,1236.399017466,0.004078093070554161,-0.023467798908172393,0.008156186141108322
845,1237.977298514,0.005049947120188313,-0.025009078969393913,0.010099894240376626
846,1238.457232796,0.005392095174286375,-0.025462564712086643,0.01078419034857275
847,1239.490807147,0.00620083105344138,-0.026408459195492215,0.01240166210688276
848,1240.813471785,0.007374266121614656,-0.027545934361509327,0.014748532243229312
849,1243.078076398,0.009718658769560441,-0.02925575223241004,0.019437317539120882
850,1243.538146526,0.010242483059566022,-0.029560440202257416,0.020484966119132045
851,1244.851433967,0.011817025136686502,-0.03034077925676964,0.023634050273373005
852,1245.655866188,0.012834736456518926,-0.030749114482774623,0.025669472913037852
853,1247.37256197,0.015122539344910034,-0.03142929313051179,0.030245078689820067
854,1248.063061053,0.016080632133009688,-0.03162549090477612,0.032161264266019375
855,1249.159887953,0.01763818337281398,-0.03184163524849755,0.03527636674562796
856,1250.672397276,0.019839950319729405,-0.031941349018560966,0.03967990063945881
857,1251.659832004,0.021298577973499246,-0.03187942959156894,0.04259715594699849
858,1253.673577852,0.02428598650429824,-0.03143796874279529,0.04857197300859648
859,1254.431328422,0.025403139243088395,-0.03116244675627634,0.05080627848617679
860,1255.408230645,0.02682866108657046,-0.030720019887514265,0.05365732217314092
861,1256.181214198,0.02794009433545335,-0.030301375652186997,0.0558801886709067
862,1257.541219413,0.0298477658491837,-0.029421614505031078,0.0596955316983674
863,1258.779233489,0.0315170057729181,-0.028468051946445694,0.0630340115458362
864,1260.344548316,0.03351296668267058,-0.02706677077076715,0.06702593336534116
865,1261.611717161,0.03501827693159282,-0.025784640536344553,0.07003655386318564
866,1262.556614,0.03606819075881213,-0.02475011064619722,0.07213638151762426
867,1263.676732844,0.037225365586529315,-0.023445078553704517,0.07445073117305863
868,1264.957223007,0.03842371456423717,-0.021860459913223797,0.07684742912847434
869,1266.179037761,0.039435767381594426,-0.020269692879607344,0.07887153476318885
870,1267.200345612,0.040178862155137295,-0.01889125576328314,0.08035772431027459
871,1267.570571779,0.04042451910882573,-0.018382379681144888,0.08084903821765146
872,1270.118921886,0.04176500380303082,-0.014786376027654155,0.08353000760606163
873,1271.134299632,0.04212690080848165,-0.013327478261991585,0.0842538016169633
874,1272.083959599,0.042376815585866874,-0.011960931959357879,0.08475363117173375
875,1273.261144633,0.042569390989966205,-0.010274633773056483,0.08513878197993241
876,1274.196220889,0.0426318509870924,-0.008949009684613263,0.0852637019741848
877,1275.092030316,0.042618688761038845,-0.007696727711154075,0.08523737752207769
878,1276.842171556,0.04239626398150938,-0.005319697630407363,0.08479252796301875
879,1277.763091986,0.042180712183271005,-0.00411559773324504,0.08436142436654201
880,1279.332843317,0.041669995745962675,-0.0021541380986277348,0.08333999149192535
881,1280.155794409,0.04133599574857483,-0.0011775428697900978,0.08267199149714966
882,1281.82872696,0.04053343875555841,0.0006847780838570213,0.08106687751111682
883,1283.000491387,0.03988577513401238,0.0018831207928450891,0.07977155026802477
884,1283.335032139,0.03968973320343461,0.0022083488650442187,0.07937946640686921
885,1284.854795155,0.03874682192389662,0.0035878115915736193,0.07749364384779324
886,1285.695023331,0.03819504747497524,0.004279933753666772,0.07639009494995048
887,1287.410026617,0.03702292918478146,0.00553373824791717,0.07404585836956291
888,1289.165351533,0.035790945853121314,0.006596170080824457,0.07158189170624263
889,1290.10477152,0.03513131631663912,0.007074672814596083,0.07026263263327824
890,1290.417708073,0.034912883834770786,0.007220456057524872,0.06982576766954157
891,1291.945870968,0.033864118924658224,0.007837785432151113,0.06772823784931645
892,1293.493981557,0.032848705517878586,0.008311369892722157,0.06569741103575717
893,1294.118474378,0.0324573867827993,0.008462215664606292,0.0649147735655986
894,1295.365363505,0.03171457315086011,0.008699992121941828,0.06342914630172022
895,1296.801110992,0.030932814071652687,0.00887944592473278,0.06186562814330537
896,1298.256527068,0.03023250714109331,0.008973796043139231,0.06046501428218662
897,1299.405171251,0.029751958505845603,0.008997662572390685,0.05950391701169121
898,1300.490018982,0.02936027500395023,0.008988326018426591,0.05872055000790046
899,1301.495516681,0.0290531629859494,0.008959200874241768,0.0581063259718988
900,1302.346742379,0.028836060374712105,0.008924143112903024,0.05767212074942421
901,1303.273200229,0.028644801376889746,0.008880105290528175,0.05728960275377949
902,1305.401672188,0.028381630342474904,0.008783018303946918,0.05676326068494981
903,1306.508393313,0.028338899564731384,0.008750472755454578,0.05667779912946277
904,1307.267242108,0.028344964540352336,0.00874099244705132,0.05668992908070467
905,1308.988196518,0.028458140611459095,0.008772785963111566,0.05691628122291819
906,1309.421532493,0.02850685268644946,0.008794893345708548,0.05701370537289892
907,1311.056570511,0.028755381053146446,0.008939964120812952,0.05751076210629289
908,1311.966940608,0.028932888668499895,0.009068080119409048,0.05786577733699979
909,1313.031599369,0.029169700088886967,0.009265840820002766,0.058339400177773934
910,1314.052565652,0.029420640435155538,0.009507547607228661,0.058841280870311076
911,1316.212112603,0.030000240135763412,0.010199231866229546,0.060000480271526824
912,1317.072986035,0.030239128107293393,0.010546413020036715,0.06047825621458679
913,1318.171279132,0.030541124214647723,0.011049929859891554,0.061082248429295445
914,1318.947880597,0.030748561858700136,0.011447097541597935,0.06149712371740027
915,1319.931082878,0.030998683241779543,0.011998471138030703,0.06199736648355909
916,1321.628138552,0.03138104863513388,0.013074816083336277,0.06276209727026776
917,1322.258067123,0.03150209131918427,0.013513070602947673,0.06300418263836854
918,1324.224978719,0.03178572919958061,0.015006956728439429,0.06357145839916122
919,1325.237624359,0.031866028726440246,0.015844067644308894,0.06373205745288049
920,1325.98196963,0.0318923892861379,0.016485640005407243,0.0637847785722758
921,1327.635281108,0.03184158643713588,0.017979789628786998,0.06368317287427176
922,1329.043517997,0.03166837560531405,0.019313453877457306,0.0633367512106281
923,1329.205018785,0.03164039226001403,0.019469229436216075,0.06328078452002805
924,1330.42993712,0.031371468637001715,0.020664945191006857,0.06274293727400343
925,1331.827591385,0.030938402365366748,0.02204933000165167,0.061876804730733495
926,1333.67352261,0.030153278774354312,0.023881499101778225,0.060306557548708624
927,1334.747329052,0.029583407728922904,0.024934162831765895,0.05916681545784581
928,1335.694974526,0.02901157482690319,0.025846756794132092,0.05802314965380638
929,1336.690184653,0.02834242919856954,0.026782045743387526,0.05668485839713908
930,1337.68879181,0.02760194104468139,0.027690230653504417,0.05520388208936278
931,1338.923164599,0.026594436554747376,0.02876126397304333,0.05318887310949475
932,1340.426400457,0.025237614085402694,0.029972645406129286,0.05047522817080539
933,1341.166272253,0.024520987927458705,0.030525721419969863,0.04904197585491741
934,1342.608507884,0.023039968455422173,0.03151147237544597,0.046079936910844346
935,1344.156044004,0.02134170931317322,0.032419328727675965,0.04268341862634644
936,1345.477106261,0.019817930660638066,0.033059925297004245,0.03963586132127613
937,1345.731413255,0.01951804065915417,0.03316826731404306,0.03903608131830834
938,1347.519471751,0.01736299109847631,0.0337874746938932,0.03472598219695262
939,1348.017238019,0.016751833300850838,0.03391429366435905,0.033503666601701676
940,1349.085194014,0.015430602459948388,0.03411775063773596,0.030861204919896777
941,1351.296206374,0.012684594586932212,0.034237363928771254,0.025369189173864423
942,1352.210465159,0.011559381024123166,0.03416775932335812,0.02311876204824633
943,1353.483338358,0.010017554965556728,0.033956527098837015,0.020035109931113456
944,1353.886781972,0.009536956980488445,0.03386227900856403,0.01907391396097689
945,1355.680595321,0.007463064819619356,0.03328949834197656,0.014926129639238712
946,1356.60565571,0.0064424918625030905,0.0329000131012114,0.012884983725006181
947,1357.771742829,0.005213473242101786,0.03232365879272546,0.010426946484203573
948,1358.460160399,0.004521508341563355,0.03194127697470702,0.00904301668312671
949,1360.393144762,0.002729364664002865,0.03071639601230436,0.00545872932800573
950,1361.393074714,0.001898192661047596,0.030005123623851503,0.003796385322095192
951,1363.022328603,0.0006975566699469115,0.028752762572371887,0.001395113339893823
952,1363.879190797,0.0001467068540099016,0.02805584321335155,0.0002934137080198032
953,1364.576584897,-0.0002590485787661313,0.02747313293437183,-0.0005180971575322626
954,1365.493733551,-0.0007332342677504721,0.0266900089835609,-0.0014664685355009442
955,1367.10409097,-0.0013994472617584778,0.025284831493648883,-0.0027988945235169556
956,1368.330193308,-0.0017631635003354093,0.02420535703800171,-0.0035263270006708185
957,1369.686949077,-0.002021624405265488,0.023019442948931466,-0.004043248810530976
958,1370.973522768,-0.002129557793992909,0.021919368550909427,-0.004259115587985818
959,1371.686553553,-0.0021334346972747002,0.021325713564787265,-0.0042668693945494005
960,1373.202914562,-0.0020144976344231677,0.020114945944238908,-0.0040289952688463354
961,1374.154798659,-0.0018557460098991602,0.019399089796402508,-0.0037114920197983204
962,1375.302392345,-0.00158406657240625,0.018590431210044247,-0.0031681331448125
963,1376.161779994,-0.0013271517398690392,0.018028706552916125,-0.0026543034797380785
964,1377.177633642,-0.0009694238477044106,0.017418249704091802,-0.0019388476954088213
965,1379.683283029,0.00012555547018056127,0.016190197783944843,0.00025111094036112255
966,1380.148578442,0.00035639832775572486,0.016009252460639407,0.0007127966555114497
967,1381.073977149,0.0008354994891088218,0.0156958872013445,0.0016709989782176435
968,1382.345662978,0.0015285432178837322,0.015369142753815903,0.0030570864357674643
969,1383.297591008,0.0020655713305988083,0.015205204879016509,0.004131142661197617
970,1384.444415848,0.0027233697745274064,0.01510079537564798,0.005446739549054813
971,1385.663777011,0.0034239352862156726,0.01510176052909798,0.006847870572431345
972,1387.326647663,0.004357541753121172,0.015287120852268413,0.008715083506242343
973,1387.921454127,0.0046797511846651645,0.015403905814326756,0.009359502369330329
974,1389.565831798,0.0055215191263682725,0.015859818441127042,0.011043038252736545
975,1390.705490286,0.00605072572858573,0.016285018182561582,0.01210145145717146
976,1391.853200443,0.006527940938005991,0.016797198685029355,0.013055881876011982
977,1392.644027789,0.006819596394426241,0.017195707741518153,0.013639192788852481
978,1393.433401741,0.007077379370789881,0.017627809030458543,0.014154758741579763
979,1394.884184676,0.007456177424708137,0.018502558580651772,0.014912354849416274
980,1396.544163124,0.007724186740497508,0.019611786364238593,0.015448373480995016
981,1397.834623321,0.007800598422302924,0.02053629583811891,0.015601196844605848
982,1398.837675201,0.0077761122252827004,0.021282301878879025,0.015552224450565401
983,1399.839472941,0.007676273981658527,0.022043602941918095,0.015352547963317054
984,1400.426946297,0.007582155278478065,0.02249471886569542,0.01516431055695613
985,1402.56434725,0.007015941520700563,0.024139156908096916,0.014031883041401126
986,1402.973747641,0.006867519494429726,0.024450780081037897,0.013735038988859452
987,1404.006292171,0.006436881169340681,0.025225601534809915,0.012873762338681361
988,1405.666975059,0.005579109836815053,0.026422299325129517,0.011158219673630105
989,1407.085142776,0.004692647901402384,0.027375869595916702,0.009385295802804767
990,1408.136307496,0.003949804554878539,0.028030684157516594,0.007899609109757079
991,1409.32068108,0.003031700677405842,0.02870596449929805,0.006063401354811684
992,1410.024810726,0.002448077618963982,0.029072488192158043,0.004896155237927964
993,1411.257056816,0.001365127758284541,0.029645058063567407,0.002730255516569082
994,1411.965653462,0.0007101714582094527,0.02993190634475632,0.0014203429164189054
995,1413.843148789,-0.0011208658171032507,0.03053026502852814,-0.0022417316342065014
996,1415.585784795,-0.002916173972072794,0.030861618812841846,-0.005832347944145588
997,1415.781581303,-0.0031220750982585586,0.030884795614806473,-0.006244150196517117
998,1417.102822934,-0.004526265018304127,0.03096526068275614,-0.009052530036608254
999,1418.696963852,-0.0062382004498142485,0.030884352829953936,-0.012476400899628497
1000,1419.422480946,-0.00701672484344366,0.03078289069260175,-0.01403344968688732
1001,1420.416526324,-0.008076341706086768,0.0305787532761665,-0.016152683412173536
1002,1421.850567187,-0.009578362790639504,0.030154000206631486,-0.019156725581279007
1003,1422.461310988,-0.010204386187074905,0.029927578754441006,-0.02040877237414981
1004,1424.46304567,-0.012177009013030279,0.029004126998985292,-0.024354018026060558
1005,1425.873469245,-0.013475337552784288,0.02819749624527966,-0.026950675105568575
1006,1426.645979682,-0.01414806846683858,0.027705742838009,-0.02829613693367716
1007,1427.365671109,-0.014747848289201053,0.027218176647500817,-0.029495696578402106
1008,1428.592305876,-0.015705486096502113,0.02632714128015631,-0.031410972193004226
1009,1429.650477276,-0.016461488180408105,0.025504149062849396,-0.03292297636081621
1010,1431.218313673,-0.017453646203047766,0.024207293241487408,-0.03490729240609553
1011,1432.049740893,-0.017914827400311764,0.023488909735636648,-0.03582965480062353
1012,1433.821940737,-0.018741810423497516,0.021906685974802702,-0.03748362084699503
1013,1434.584942168,-0.019031308878488987,0.02121099319458452,-0.03806261775697797
1014,1435.692907383,-0.019379920449401997,0.020193283947638686,-0.03875984089880399
1015,1437.226721624,-0.019723218293514044,0.018784363284647877,-0.03944643658702809
1016,1438.006284842,-0.019836790929206927,0.018074659599287488,-0.03967358185841385
1017,1438.949552747,-0.01992082797850551,0.01722700893600709,-0.03984165595701102
1018,1439.622793078,-0.019946038062680613,0.01663197431787906,-0.03989207612536123
1019,1441.960987505,-0.01982204705868251,0.014655343946263421,-0.03964409411736502
1020,1442.911059581,-0.019685028058194443,0.01390256744631128,-0.039370056116388885
1021,1444.041930706,-0.019463739419748084,0.013052414518699838,-0.03892747883949617
1022,1445.072278459,-0.019212393456131103,0.01232582250170895,-0.038424786912262206
1023,1445.83008478,-0.01900053932817192,0.01182292964413145,-0.03800107865634384
1024,1447.2262271,-0.018558740971977974,0.010971018494960596,-0.03711748194395595
1025,1448.323853516,-0.01817273098465896,0.01037262823595181,-0.03634546196931792
1026,1449.488771281,-0.01773500168937311,0.009809030851226922,-0.03547000337874622
1027,1450.773561858,-0.017229615735433478,0.009274643108144447,-0.034459231470866956
1028,1451.835297999,-0.016802670226998558,0.00890251922049646,-0.033605340453997115
1029,1453.737596757,-0.01604003316955039,0.008391123671946766,-0.03208006633910078
1030,1454.22601126,-0.015848556251842897,0.008291204058163698,-0.031697112503685794
1031,1455.31209124,-0.015434603390974936,0.008113176646856627,-0.030869206781949873
1032,1456.167797608,-0.015123516880367237,0.008014208138671975,-0.030247033760734475
1033,1457.539001668,-0.01466117566503542,0.007926640485544555,-0.02932235133007084
1034,1458.393777369,-0.014400064843040048,0.007912990878184265,-0.028800129686080096
1035,1460.688270535,-0.01382473168671556,0.008010132943167578,-0.02764946337343112
1036,1461.245443345,-0.013716174243482421,0.008058741603984397,-0.027432348486964842
1037,1462.266123266,-0.013552042773231462,0.008168079000502947,-0.027104085546462924
1038,1463.28689119,-0.013435015525838569,0.008298972246116181,-0.026870031051677137
1039,1464.696903298,-0.013354535885440305,0.008504506353429373,-0.02670907177088061
1040,1465.889557614,-0.013362243468663996,0.008690226125415977,-0.02672448693732799
1041,1466.505621108,-0.013393784898602748,0.008787001414725545,-0.026787569797205497
1042,1467.703989586,-0.013508864766505372,0.008970615962564623,-0.027017729533010744
1043,1469.347649878,-0.01378016170243813,0.009197103218897914,-0.02756032340487626
1044,1470.966589127,-0.014169917909653875,0.009369571632878297,-0.02833983581930775
1045,1471.388764527,-0.014290408812960603,0.009403440241615964,-0.028580817625921205
1046,1473.020132324,-0.01482342630763156,0.009480741078104244,-0.02964685261526312
1047,1473.745649186,-0.015092173113133066,0.009484019159267849,-0.03018434622626613
1048,1474.203221566,-0.015270734745929937,0.009475108328417236,-0.030541469491859874
1049,1476.092127038,-0.016072261201311923,0.009339367654193716,-0.032144522402623846
1050,1477.435191148,-0.01669252176210811,0.009136575058854105,-0.03338504352421622
1051,1478.441395973,-0.017175997831695787,0.008921858067269639,-0.034351995663391574
1052,1479.759918706,-0.017823462217004614,0.008554920730700636,-0.03564692443400923
1053,1480.766879018,-0.018320990906201307,0.008207273346543895,-0.036641981812402614
1054,1481.96468421,-0.01890695233917462,0.007716286668947538,-0.03781390467834924
1055,1483.032959958,-0.019416106204866355,0.007207086166522284,-0.03883221240973271
1056,1484.143580882,-0.019923642395481295,0.006606993415611273,-0.03984728479096259
1057,1484.817883231,-0.020217449179766395,0.006208076187610189,-0.04043489835953279
1058,1486.171349028,-0.020765856161437817,0.005330902939391821,-0.041531712322875634
1059,1488.116337976,-0.021432694361207497,0.003901829655260629,-0.04286538872241499
1060,1489.252466946,-0.02174181358494091,0.002983168365215863,-0.04348362716988182
1061,1489.970892205,-0.021902355669067345,0.0023735364305904243,-0.04380471133813469
1062,1490.670693815,-0.022030719643596056,0.0017601583826350159,-0.04406143928719211
1063,1492.180090544,-0.022206436467735423,0.00037934569911785525,-0.044412872935470846
1064,1493.330835421,-0.022240939898392018,-0.0007174410068375126,-0.044481879796784037
1065,1494.155368614,-0.0222095857719358,-0.0015214211556121863,-0.0444191715438716
1066,1495.768832979,-0.022006527489939597,-0.003124170515950963,-0.044013054979879195
1067,1497.065505572,-0.021702770609536744,-0.004425601631347444,-0.04340554121907349
1068,1497.747360933,-0.02149171967473093,-0.005109433173233749,-0.04298343934946186
1069,1499.640824747,-0.020718630893498638,-0.006985287836120742,-0.041437261786997276
1070,1500.351951517,-0.02035748242697522,-0.007674137439992108,-0.04071496485395044
1071,1501.119324922,-0.019924952975177688,-0.008403554754761271,-0.039849905950355376
1072,1502.346063292,-0.01914293285023587,-0.009532228181996151,-0.03828586570047174
1073,1503.090933127,-0.018615137529014964,-0.010190701028699777,-0.03723027505802993
1074,1505.261529655,-0.016861350150232057,-0.01196618064626719,-0.03372270030046411
1075,1506.152986138,-0.0160541869480524,-0.012623149393484008,-0.0321083738961048
1076,1507.407505164,-0.014840826931506956,-0.013465660211286406,-0.029681653863013913
1077,1508.25303103,-0.013976283291999963,-0.01397490899796338,-0.027952566583999926
1078,1509.280419363,-0.012880483640576607,-0.014525556722632336,-0.025760967281153214
1079,1510.391797446,-0.011645979673566976,-0.01503219065875354,-0.02329195934713395
1080,1511.923005459,-0.009876830727774047,-0.015569945085240835,-0.019753661455548095
1081,1512.589764705,-0.009086992029987754,-0.015743710183599054,-0.018173984059975508
1082,1513.58976554,-0.007886284048514403,-0.01593360502330255,-0.015772568097028806
1083,1515.708343587,-0.005307888441740763,-0.01604948850420996,-0.010615776883481526
1084,1516.435989719,-0.0044209501286724346,-0.015998503710135115,-0.008841900257344869
1085,1517.719806254,-0.0028671769540790123,-0.015795458730023835,-0.005734353908158025
1086,1518.414791487,-0.0020364002015637104,-0.01562583045183071,-0.004072800403127421
1087,1519.741009494,-0.00048164863602414285,-0.015187913129833724,-0.0009632972720482857
1088,1520.27362222,0.00012853147378821106,-0.014970726606643432,0.0002570629475764221
1089,1521.901909065,0.0019297662597522142,-0.014165409454989463,0.0038595325195044283
1090,1523.486047149,0.0035691928341603334,-0.013188361122459358,0.007138385668320667
1091,1524.724892161,0.0047582943546579815,-0.012301861493636577,0.009516588709315963
1092,1525.227837234,0.005215117989831267,-0.011913582654204348,0.010430235979662535
1093,1526.55231191,0.006340431277633566,-0.010819138249059172,0.012680862555267132
1094,1528.040930429,0.0074607113829348705,-0.009477751790295627,0.014921422765869741
1095,1529.034456729,0.008117408833307513,-0.008526415150609867,0.016234817666615026
1096,1529.369975365,0.008322056131671498,-0.008196336780590665,0.016644112263342996
1097,1531.02074297,0.009198889519789148,-0.006518361236815152,0.018397779039578295
1098,1532.222326939,0.009697729800741269,-0.005252946108269768,0.019395459601482538
1099,1533.886977913,0.010190592546940328,-0.003463477336237871,0.020381185093880656
1100,1535.042277471,0.010396706903895318,-0.002211958205290398,0.020793413807790637
1101,1535.769502395,0.010469702288444165,-0.0014257519314720061,0.02093940457688833
1102,1536.620701824,0.010500148920528859,-0.0005112529285194148,0.021000297841057718
1103,1537.651062168,0.01045908946931211,0.0005818248135934603,0.02091817893862422
1104,1539.302854856,0.010221266365019297,0.002285578019664453,0.020442532730038595
1105,1540.03027014,0.010052205023295527,0.0030108473432131325,0.020104410046591054
1106,1541.742248763,0.009509256634251425,0.004641068366629025,0.01901851326850285
1107,1542.496522923,0.009209531655918169,0.005319940685504802,0.018419063311836337
1108,1544.118670055,0.00845178339183685,0.006685871658067162,0.0169035667836737
1109,1544.834608228,0.008072619999723524,0.007244289739074516,0.016145239999447048
1110,1546.091197786,0.007348991492786927,0.008153241187847828,0.014697982985573853
1111,1547.297581121,0.006593666270554019,0.008935904822948334,0.013187332541108038
1112,1547.806563802,0.006259755289856655,0.00923862247274324,0.01251951057971331
1113,1548.871348179,0.005536726957868112,0.009817687119750623,0.011073453915736223
1114,1551.273845326,0.003817923753130518,0.010848642513048668,0.007635847506261036
1115,1552.006872838,0.00327941525668765,0.011086496117308157,0.0065588305133753
1116,1552.73610533,0.0027414078886769696,0.011287747176291092,0.005482815777353939
1117,1554.15651911,0.0016957680781800096,0.011580030169051606,0.0033915361563600192
1118,1554.921285165,0.001138809345658389,0.011684097694346536,0.002277618691316778
1119,1556.162987498,0.0002515094053990016,0.011776624729997659,0.0005030188107980032
1120,1557.394507018,-0.0005990087938244291,0.011779397073373058,-0.0011980175876488582
1121,1558.339152852,-0.0012256808133202493,0.011725204001699215,-0.0024513616266404986
1122,1559.781154391,-0.002129884035931551,0.011555907201919376,-0.004259768071863102
1123,1560.876475778,-0.002767916569942348,0.011364119848624293,-0.005535833139884696
1124,1562.41015318,-0.003581139419105894,0.011016404060506217,-0.007162278838211788
1125,1563.385400958,-0.004045493894619613,0.010754463451639239,-0.008090987789239225
1126,1564.17794046,-0.004390917804355998,0.01052217648822856,-0.008781835608711996
1127,1564.915788262,-0.00468596603311097,0.010292764193664006,-0.00937193206622194
1128,1566.266415602,-0.005158173259156757,0.009847263568514859,-0.010316346518313514
1129,1567.623450717,-0.005542966315543673,0.00937781628975017,-0.011085932631087345
1130,1569.022477804,-0.005845796017715202,0.008885211961815288,-0.011691592035430404
1131,1570.509277867,-0.006065701733259737,0.008368151600874861,-0.012131403466519475
1132,1571.045381486,-0.0061201364241822735,0.00818650424309151,-0.012240272848364547
1133,1571.845352088,-0.00617786650651073,0.007922635354711244,-0.01235573301302146
1134,1573.80656333,-0.006207959254931361,0.007325759769997205,-0.012415918509862721
1135,1574.23091543,-0.006195233941039247,0.007208270043789778,-0.012390467882078494
1136,1575.638154952,-0.0061096539739885465,0.006854662599792238,-0.012219307947977093
1137,1576.161352363,-0.006062357188853517,0.006738679721187984,-0.012124714377707034
1138,1578.118826946,-0.005824119868845685,0.006388624525419964,-0.01164823973769137
1139,1579.514055068,-0.005608950050179536,0.0062271262170628,-0.011217900100359071
1140,1580.372081625,-0.005464349351503284,0.006166630713483504,-0.010928698703006568
1141,1581.363551773,-0.005290536864010217,0.006134676392838709,-0.010581073728020434
1142,1582.329486944,-0.005118751980563736,0.006143193849203921,-0.010237503961127471
1143,1583.394693435,-0.004932049453949456,0.006198034031360496,-0.009864098907898912
1144,1584.234848066,-0.0047906964205603995,0.006274574579646655,-0.009581392841120799
1145,1586.29321075,-0.004485947450221525,0.006581866661072412,-0.00897189490044305
1146,1587.004342107,-0.004400068325312421,0.006725568981632602,-0.008800136650624842
1147,1588.163404029,-0.004287932042577403,0.006997875581821273,-0.008575864085154806
1148,1589.35794595,-0.004214552899928062,0.007323797045542811,-0.008429105799856123
1149,1590.835904321,-0.004192826798182198,0.007782191420451341,-0.008385653596364395
1150,1591.293884374,-0.004203216703929313,0.007934864508437944,-0.008406433407858627
1151,1592.637167039,-0.004284461086536857,0.00840614393448019,-0.008568922173073715
1152,1593.584808189,-0.0043899153459485175,0.008755200224303464,-0.008779830691897035
1153,1594.442689656,-0.004521500964997195,0.009079167600906667,-0.00904300192999439
1154,1596.48449241,-0.004978618050151465,0.009861629445191075,-0.00995723610030293
1155,1597.715895944,-0.005354775425356264,0.010326818604545865,-0.010709550850712528
1156,1598.42079855,-0.005604356337699419,0.010586018678581437,-0.011208712675398838
1157,1599.61934895,-0.006085449811116169,0.011008492167799682,-0.012170899622232337
1158,1600.048044903,-0.006274623655531187,0.011152576064260872,-0.012549247311062373
1159,1601.911946229,-0.007198168594893548,0.011722955170373367,-0.014396337189787096
1160,1602.815404794,-0.007702206907476989,0.011959839554360063,-0.015404413814953978
1161,1603.655202996,-0.008201483261684425,0.012152545624438339,-0.01640296652336885
1162,1605.521646647,-0.009407408936594768,0.012472170937950758,-0.018814817873189536
1163,1606.293418127,-0.009940473628058149,0.012555562039352283,-0.019880947256116298
1164,1607.556905212,-0.01084957686895299,0.012624149157650325,-0.02169915373790598
1165,1608.836295305,-0.011807729725962213,0.012601785084654907,-0.023615459451924427
1166,1610.00326419,-0.01270574571573722,0.012495942718921016,-0.02541149143147444
1167,1610.253823163,-0.012900697535363062,0.012462221748743606,-0.025801395070726124
1168,1611.43714127,-0.013827520718433248,0.012249115613866234,-0.027655041436866496
1169,1613.078855451,-0.015116406694976155,0.011803310382069662,-0.03023281338995231
1170,1614.710627852,-0.016377539301316434,0.011184913568633338,-0.03275507860263287
1171,1615.574608719,-0.017028317772140943,0.010786944302200422,-0.034056635544281885
1172,1616.398394842,-0.017633281605246014,0.010362652961144591,-0.03526656321049203
1173,1617.734684841,-0.018573765567156047,0.009583491757265196,-0.037147531134312094
1174,1618.537517832,-0.019109596572614865,0.009063011889258865,-0.03821919314522973
1175,1619.952501261,-0.01999025323813398,0.008054848456834294,-0.03998050647626796
1176,1620.774310821,-0.020459438483337474,0.007419082113024647,-0.04091887696667495
1177,1622.098751698,-0.021141740165214022,0.00632307332204851,-0.042283480330428044
1178,1622.977767699,-0.021539738835929672,0.005551155105132197,-0.043079477671859344
1179,1625.021856658,-0.022278615511830368,0.003638984179344068,-0.044557231023660736
1180,1625.987020164,-0.022530071173387265,0.002689069223858278,-0.04506014234677453
1181,1626.399919312,-0.02261757040424528,0.002275298296537006,-0.04523514080849056
1182,1627.755441276,-0.02281759524460076,0.0008922442557129993,-0.04563519048920152
1183,1628.715316857,-0.02287640373515887,-0.00010379431938113878,-0.04575280747031774
1184,1629.658668955,-0.022865891426099346,-0.0010900082601513665,-0.04573178285219869
1185,1631.194814552,-0.022702237557884638,-0.002697417670798373,-0.045404475115769276
1186,1632.798183571,-0.02233772674752917,-0.0043548289309726625,-0.04467545349505834
1187,1633.51251689,-0.022112358994700175,-0.0050796481091243085,-0.04422471798940035
1188,1634.516822662,-0.02173119251086531,-0.006078412439570427,-0.04346238502173062
1189,1635.718366326,-0.02117904390661206,-0.007234129852215005,-0.04235808781322412
1190,1637.089190173,-0.02042675398105242,-0.008487858907542023,-0.04085350796210484
1191,1637.994643586,-0.019862196812537387,-0.009271229426904093,-0.03972439362507477
1192,1638.599658304,-0.019456610167452128,-0.00977244884155032,-0.038913220334904255
1193,1639.82123573,-0.018572757967293584,-0.010725045834272362,-0.03714551593458717
1194,1641.899819009,-0.016890388816431262,-0.012142820369099602,-0.033780777632862524
1195,1642.489779822,-0.016377219967874335,-0.012494431204717882,-0.03275443993574867
1196,1644.15206596,-0.014861751182545417,-0.013355105600468532,-0.029723502365090835
1197,1644.713745775,-0.014329981495736258,-0.013600906676374903,-0.028659962991472516
1198,1645.573760363,-0.013500373648326095,-0.013931765404938895,-0.02700074729665219
1199,1646.624866593,-0.01246642024715262,-0.014259976940383555,-0.02493284049430524
1200,1648.270598223,-0.010820403626761727,-0.014602667307358026,-0.021640807253523454
1201,1649.118535409,-0.009967575568075968,-0.014697089973819721,-0.019935151136151935
1202,1650.416988983,-0.00866691865189623,-0.014733840188264605,-0.01733383730379246
1203,1651.732693341,-0.007368332975070507,-0.014639948688477728,-0.014736665950141014
1204,1652.6710659,-0.006461982079275652,-0.014494362828617819,-0.012923964158551304
1205,1654.205896759,-0.005029636372832896,-0.01412068427767984,-0.010059272745665792
1206,1654.726652393,-0.004560883550492895,-0.013957210269782921,-0.00912176710098579
1207,1655.822775677,-0.0036078633851350152,-0.01355553187926208,-0.0072157267702700305
1208,1657.1142364,-0.0025511795483730763,-0.012987919014856254,-0.005102359096746153
1209,1657.567101179,-0.002199383338039523,-0.012766303665524132,-0.004398766676079046
1210,1660.019980338,-0.00048404460204010304,-0.011386082899155263,-0.0009680892040802061
1211,1660.860056833,2.3386872954403638e-05,-0.010852539876360473,4.6773745908807276e-05
1212,1661.836892884,0.0005582398260203713,-0.010200085883241252,0.0011164796520407427
1213,1662.377202549,0.0008278181641617,-0.009826262067382253,0.0016556363283234
1214,1664.057265418,0.0015428824234472495,-0.00861685328624285,0.003085764846894499
1215,1664.968004486,0.0018510315899966155,-0.007938983787795202,0.003702063179993231
1216,1665.877640414,0.0021023540562077584,-0.007252232691730253,0.004204708112415517
1217,1667.241125052,0.0023733810794342495,-0.006214759700563937,0.004746762158868499
1218,1668.368229327,0.0025026350630673686,-0.005359475628542073,0.005005270126134737
1219,1669.669728452,0.0025476246831910294,-0.004386301301977374,0.005095249366382059
1220,1671.047182433,0.0024780035164695155,-0.00338650401517839,0.004956007032939031
1221,1671.984259334,0.0023650183164144576,-0.0027311356786082074,0.004730036632828915
1222,1672.963370831,0.002193345164288697,-0.0020730281463788905,0.004386690328577394
1223,1673.687445334,0.002033040396118271,-0.0016064304056137974,0.004066080792236542
1224,1674.648462097,0.0017792613235719866,-0.0010166773564762356,0.003558522647143973
1225,1676.362486324,0.0012215515777439666,-5.86584046580872e-05,0.002443103155487933
1226,1677.691227142,0.0007090280823766131,0.0005920781964075519,0.0014180561647532263
1227,1678.630368091,0.00031154364240840545,0.0009995962495021181,0.0006230872848168109
1228,1680.077946717,-0.000347111694579298,0.001538138466830596,-0.000694223389158596
1229,1680.504770113,-0.0005499480115149,0.0016755814091129083,-0.0010998960230298
1230,1681.812320174,-0.0011892090113862913,0.002034850776868916,-0.0023784180227725826
1231,1683.273289261,-0.0019235079996135025,0.0023251539775652613,-0.003847015999227005
1232,1684.171656837,-0.002378431524012447,0.002445579706076467,-0.004756863048024894
1233,1684.558863253,-0.002574072328098425,0.002483990289249227,-0.00514814465619685
1234,1686.421121948,-0.003499757885561923,0.0025578847169202552,-0.006999515771123846
1235,1688.080142693,-0.004283983933512613,0.0024761035079836685,-0.008567967867025225
1236,1688.93386851,-0.00466525942066802,0.0023835449446710354,-0.00933051884133604
1237,1689.703154256,-0.0049928590073831875,0.002272776113674955,-0.009985718014766375
1238,1691.051559917,-0.005524916847718775,0.0020208503046171334,-0.01104983369543755
1239,1691.515192892,-0.005694127700125278,0.0019185744349075537,-0.011388255400250557
1240,1693.05302093,-0.006199489330271502,0.0015289331860606627,-0.012398978660543004
1241,1694.017564653,-0.006469303363530933,0.0012502053082737734,-0.012938606727061866
1242,1695.832554474,-0.006870354499542242,0.0006706880407369059,-0.013740708999084484
1243,1696.65499744,-0.007004127057784798,0.00039071667539446756,-0.014008254115569597
1244,1697.342514287,-0.007092380779465855,0.00015121473269951553,-0.01418476155893171
1245,1699.229547188,-0.0072231452409990534,-0.0005178776707195324,-0.014446290481998107
1246,1699.966817267,-0.007229958105460574,-0.0007786014063667677,-0.014459916210921148
1247,1700.820303245,-0.007207272509089743,-0.0010760282157560445,-0.014414545018179487
1248,1701.825550997,-0.0071394382387431655,-0.0014163727614277346,-0.014278876477486331
1249,1702.923249764,-0.007016424834346297,-0.0017703515015975151,-0.014032849668692594
1250,1704.291412427,-0.006795730516949118,-0.0021769766639067973,-0.013591461033898236
1251,1706.256032432,-0.006361193100826004,-0.002673794723496021,-0.012722386201652008
1252,1706.615665035,-0.006268273967537884,-0.0027516850851440158,-0.012536547935075769
1253,1707.912312493,-0.005903607620155048,-0.002994658948479243,-0.011807215240310096
1254,1708.512116178,-0.0057209165088009314,-0.003085751837407856,-0.011441833017601863
1255,1709.780842299,-0.005310569704792863,-0.0032308451479412977,-0.010621139409585726
1256,1711.137603259,-0.004844396468952891,-0.0033105646823785666,-0.009688792937905782
1257,1712.155397654,-0.00448299031559288,-0.0033168918917859894,-0.00896598063118576
1258,1713.055341728,-0.004159623744519364,-0.0032833429405018785,-0.008319247489038728
1259,1714.717145255,-0.0035656136934585857,-0.0031238055349586315,-0.0071312273869171714
1260,1715.82528304,-0.0031810278716551334,-0.0029473924216023993,-0.006362055743310267
1261,1716.769983717,-0.0028663204313790647,-0.002753655507525315,-0.0057326408627581295
1262,1717.974485066,-0.002489347549911009,-0.002450685966554033,-0.004978695099822018
1263,1718.954152499,-0.0022079689691722614,-0.002160093568400968,-0.004415937938344523
1264,1719.724469322,-0.002005554286356876,-0.0019053000715990923,-0.004011108572713752
1265,1720.498070948,-0.0018210783994429386,-0.0016274833077677261,-0.0036421567988858773
1266,1722.84466174,-0.001395078227462034,-0.0006655564406746012,-0.002790156454924068
1267,1723.532822631,-0.0013128611592741334,-0.0003542885901204303,-0.002625722318548267
1268,1724.733958738,-0.0012205970581509117,0.00021419507157015774,-0.0024411941163018235
1269,1725.63862802,-0.0011963293017524278,0.000659570558202001,-0.0023926586035048557
1270,1726.60570074,-0.001215280177803178,0.0011476896151880651,-0.002430560355606356
1271,1728.166506761,-0.0013471876899246438,0.0019506484477952242,-0.0026943753798492876
1272,1728.64448648,-0.001413128362142251,0.0021978304133141633,-0.002826256724284502
1273,1730.023872545,-0.0016713478053924783,0.0029070314129729727,-0.0033426956107849566
1274,1731.014193762,-0.0019189151542551711,0.0034066231450506513,-0.0038378303085103422
1275,1732.430169859,-0.0023619389336591396,0.004095897712263703,-0.004723877867318279
1276,1733.840825021,-0.0029043982277713095,0.00474033176535137,-0.005808796455542619
1277,1735.175466021,-0.0035058020698103204,0.0052986797375422865,-0.007011604139620641
1278,1735.624715343,-0.0037264975523000616,0.005473373892519237,-0.007452995104600123
1279,1736.305662733,-0.004077648650834586,0.005724018744786419,-0.008155297301669171
1280,1737.893884787,-0.004969186949588031,0.006235475494741145,-0.009938373899176062
1281,1738.783237589,-0.005508526062455552,0.006472592778243669,-0.011017052124911103
1282,1740.16911568,-0.006398103567564941,0.0067643968465213675,-0.012796207135129882
1283,1741.779167809,-0.00749260470925138,0.006975208266255353,-0.01498520941850276
1284,1742.467680721,-0.007975969562861458,0.007020874941904192,-0.015951939125722917
1285,1743.426436859,-0.008659961781777763,0.007038394918333239,-0.017319923563555526
1286,1744.721511938,-0.009596435741454308,0.006974901632729802,-0.019192871482908616
1287,1746.097498596,-0.010595098168308706,0.006795779695252123,-0.021190196336617412
1288,1746.595456627,-0.010954714977618352,0.006702444034383602,-0.021909429955236703
1289,1747.781695528,-0.011801899828506572,0.006419294340432719,-0.023603799657013144
1290,1748.563987381,-0.012349772195168371,0.006186163188079482,-0.024699544390336742
1291,1750.82281849,-0.013857161819196858,0.005312543559235372,-0.027714323638393715
1292,1751.617794946,-0.01435316272122055,0.004937310058728443,-0.0287063254424411
1293,1752.511511141,-0.014884323486605941,0.004475880059852896,-0.029768646973211882
1294,1753.661355243,-0.015521297778337044,0.0038240688348432097,-0.031042595556674088
1295,1754.763369874,-0.016077021392809355,0.0031426186558850345,-0.03215404278561871
1296,1755.169694068,-0.01626728264293581,0.002878413603833412,-0.03253456528587162
1297,1757.046518461,-0.017034833884553048,0.0015780497443559423,-0.034069667769106096
1298,1757.984077033,-0.017345152398358297,0.0008858783696192593,-0.034690304796716594
1299,1759.240085647,-0.017679414759534662,-7.644728139368595e-05,-0.035358829519069324
1300,1760.215166243,-0.017872130214795494,-0.0008450800880482751,-0.03574426042959099
1301,1761.854899939,-0.01806032268562105,-0.0021647606769911484,-0.0361206453712421
1302,1762.497688871,-0.01808683330579075,-0.0026868314397110434,-0.0361736666115815
1303,1763.719121496,-0.018063370866005034,-0.003678565367072016,-0.03612674173201007
1304,1764.591476849,-0.017987563975702264,-0.004381797585984861,-0.03597512795140453
1305,1765.400493992,-0.01787373815339116,-0.005026405008395504,-0.03574747630678232
1306,1766.676243599,-0.017610771419462466,-0.006020666480213926,-0.03522154283892493
1307,1768.295971136,-0.017135006800595928,-0.007227849874122201,-0.034270013601191855
1308,1769.940952052,-0.016499473454059495,-0.008369365989302102,-0.03299894690811899
1309,1770.243677312,-0.016366864434339056,-0.00856842899102229,-0.03273372886867811
1310,1771.212944984,-0.01591168640580963,-0.009180008040919766,-0.03182337281161926
1311,1772.328000364,-0.015334062192293444,-0.009831036115556706,-0.030668124384586888
1312,1773.894915511,-0.014435875946960065,-0.010640971805347177,-0.02887175189392013
1313,1774.66043099,-0.013965162882772499,-0.010988586052489873,-0.027930325765544998
1314,1775.341987574,-0.013530941929205738,-0.011270053844831547,-0.027061883858411476
1315,1777.255860224,-0.012250200109493048,-0.011912724784670975,-0.024500400218986095
1316,1778.041734762,-0.011704673402572354,-0.012111315291290432,-0.02340934680514471
1317,1779.552270809,-0.01063786644646579,-0.012383300723299316,-0.02127573289293158
1318,1780.665228493,-0.009846098890711898,-0.012490487041059305,-0.019692197781423795
1319,1781.355637723,-0.00935648101220623,-0.012517256224570665,-0.01871296202441246
1320,1782.43906732,-0.008595869176784643,-0.01249852453456736,-0.017191738353569287
1321,1783.08482952,-0.008149573220871783,-0.012452557918445399,-0.016299146441743566
1322,1784.607946397,-0.007127772398836484,-0.012244042651713333,-0.014255544797672968
1323,1786.342201179,-0.006036700186968376,-0.011843607630766324,-0.012073400373936753
1324,1787.049273087,-0.005619752315500308,-0.011633691818424084,-0.011239504631000615
1325,1788.21512348,-0.004973720045289531,-0.011232945197297254,-0.009947440090579062
1326,1789.242179964,-0.004452040558156529,-0.01082771694359171,-0.008904081116313058
1327,1790.44956237,-0.0039015888740642378,-0.010295246452172363,-0.0078031777481284755
1328,1791.254409819,-0.00357522954208062,-0.009910359398307894,-0.00715045908416124
1329,1792.616102735,-0.003101965014800706,-0.00921272631182867,-0.006203930029601412
1330,1793.525390652,-0.0028438042313244137,-0.008719789786913684,-0.0056876084626488275
1331,1794.178482007,-0.00268799351771894,-0.008355003474299088,-0.00537598703543788
1332,1796.465140537,-0.0023435202301846756,-0.007030795492603456,-0.004687040460369351
1333,1797.376335671,-0.002294850415838503,-0.006493241362716963,-0.004589700831677006
1334,1798.147067458,-0.002293241163025454,-0.006038996518621524,-0.004586482326050908
1335,1799.23164721,-0.00235192438152567,-0.005405675099682275,-0.00470384876305134
1336,1800.02472402,-0.002439313605813391,-0.004950575149279301,-0.004878627211626782
1337,1801.309636945,-0.0026586115965668263,-0.0042352073084888295,-0.0053172231931336526
1338,1802.301283491,-0.0028913053883292297,-0.0037077307151212073,-0.005782610776658459
1339,1803.796843813,-0.0033409664678010786,-0.0029644110820298652,-0.006681932935602157
1340,1804.904160975,-0.003745165848894139,-0.002462520576582721,-0.007490331697788278
1341,1806.289667019,-0.0043282156041182076,-0.0019023656799279662,-0.008656431208236415
1342,1806.578391751,-0.004459657446230894,-0.00179599352042134,-0.008919314892461788
1343,1808.714431865,-0.005524396341363622,-0.0011311081503279756,-0.011048792682727245
1344,1809.119273788,-0.0057422906109230966,-0.0010307549676660797,-0.011484581221846193
1345,1810.108892988,-0.006292588423959052,-0.0008218937175664179,-0.012585176847918104
1346,1810.873719159,-0.006732624420964978,-0.0006968744765883057,-0.013465248841929955
1347,1812.420077002,-0.007651382349731996,-0.0005440661019917079,-0.015302764699463992
1348,1814.024140348,-0.008628088591448575,-0.0005299446870509168,-0.01725617718289715
1349,1814.973082363,-0.00920840792775744,-0.0005913288805177205,-0.01841681585551488
1350,1816.33861122,-0.010035820211092462,-0.0007698691865414491,-0.020071640422184924
1351,1816.758023365,-0.010286357582945218,-0.0008457643085365861,-0.020572715165890435
1352,1817.710608563,-0.010846068343516974,-0.0010540954383681295,-0.021692136687033948
1353,1819.260334099,-0.011719711371115998,-0.0014962053980302932,-0.023439422742231996
1354,1820.187882187,-0.012214549715916446,-0.00181896104947419,-0.02442909943183289
1355,1821.305708365,-0.012776944190499417,-0.0022619975642574645,-0.025553888380998833
1356,1822.42767144,-0.013298727358360454,-0.0027618304248076555,-0.026597454716720908
1357,1823.766265896,-0.013858108851058006,-0.0034233626839174996,-0.027716217702116012
1358,1825.213676893,-0.014377289133363289,-0.004207972135930489,-0.028754578266726578
1359,1825.915683615,-0.014594661047355942,-0.004610667909940288,-0.029189322094711884
1360,1826.795455271,-0.014833748901776144,-0.005132573885350828,-0.029667497803552288
1361,1828.2112705,-0.01513786797938695,-0.006005052281359803,-0.0302757359587739
1362,1828.621091758,-0.015206884983839538,-0.006263466236158227,-0.030413769967679076
1363,1829.83252971,-0.015360130128974457,-0.007037852102687191,-0.030720260257948915
1364,1831.936379902,-0.015444898043085176,-0.008398567259507998,-0.030889796086170353
1365,1832.984940244,-0.01540197366125074,-0.009072450246574399,-0.03080394732250148
1366,1833.273239033,-0.01538043363386405,-0.009256164379524267,-0.0307608672677281
1367,1834.721559749,-0.015210346586204748,-0.010163403335041047,-0.030420693172409495
1368,1835.883754438,-0.015001957595376174,-0.010865920339825285,-0.030003915190752347
1369,1836.827672516,-0.014788261988424634,-0.011414763454128741,-0.02957652397684927
1370,1838.086943306,-0.014445410524583825,-0.012110490582891754,-0.02889082104916765
1371,1838.640288708,-0.014275299730669698,-0.012401332710146571,-0.028550599461339397
1372,1840.195563473,-0.013739906774296673,-0.013164109238171984,-0.027479813548593347
1373,1841.478582571,-0.01324243395838948,-0.013726747823346463,-0.02648486791677896
1374,1842.875955279,-0.012653995685534988,-0.014264729797246387,-0.025307991371069975
1375,1843.771057743,-0.012256806652377585,-0.014566114788021544,-0.02451361330475517
1376,1844.75904365,-0.01180459769672017,-0.01485823260733621,-0.02360919539344034
1377,1845.417534146,-0.011497261086997942,-0.01502889920144728,-0.022994522173995884
1378,1846.353253421,-0.011055331417548815,-0.01523804948551005,-0.02211066283509763
1379,1848.330980622,-0.01011706577206258,-0.015551399734763766,-0.02023413154412516
1380,1848.722760911,-0.0099328685067083,-0.015592997969963537,-0.0198657370134166
1381,1850.601184048,-0.009070880984498262,-0.01570170335794311,-0.018141761968996525
1382,1851.400361995,-0.008719456100328104,-0.015704226706863344,-0.017438912200656208
1383,1852.342204733,-0.008321071129124094,-0.015675743300115594,-0.01664214225824819
1384,1853.519342921,-0.007851767713284788,-0.015595382324053352,-0.015703535426569576
1385,1854.855632116,-0.007364306033959151,-0.01544955966130438,-0.014728612067918301
1386,1855.592934937,-0.007118588254350231,-0.015346970471408303,-0.014237176508700463
1387,1856.389179154,-0.0068734336725553785,-0.015220602075550177,-0.013746867345110757
1388,1857.498074815,-0.006569246022390246,-0.015021249746488462,-0.013138492044780492
1389,1859.495271569,-0.00613864464854689,-0.014610178693063507,-0.01227728929709378
1390,1860.541388109,-0.005976449402129249,-0.014377691013542762,-0.011952898804258498
1391,1861.379671547,-0.005878814747205311,-0.014187448185665289,-0.011757629494410622
1392,1862.121464929,-0.005816595216077644,-0.014018517661108315,-0.011633190432155289
1393,1863.425464845,-0.005762122187059979,-0.013726097340089722,-0.011524244374119958
1394,1864.353981336,-0.0057654433775270976,-0.013526093285061058,-0.011530886755054195
1395,1865.367433794,-0.0058079879125877915,-0.013320374809148036,-0.011615975825175583
1396,1866.836547019,-0.0059386232735970336,-0.013054504760916893,-0.011877246547194067
1397,1868.085190999,-0.006109537767333966,-0.012867401474088505,-0.012219075534667933
1398,1868.706745684,-0.0062135245487374,-0.012790119383529195,-0.0124270490974748
1399,1870.421471768,-0.006558457165510226,-0.01264017180222046,-0.013116914331020453
1400,1871.416043098,-0.00679252617374856,-0.01260061042569276,-0.01358505234749712
1401,1872.441566428,-0.007055219307398305,-0.012599981213284529,-0.01411043861479661
1402,1872.865667638,-0.0071691803719051445,-0.012612264574067387,-0.014338360743810289
1403,1874.508361413,-0.007632523722561735,-0.012732759629738015,-0.01526504744512347
1404,1874.91377401,-0.007750714887282038,-0.012780917286070694,-0.015501429774564077
1405,1877.095064167,-0.008394247087260956,-0.013169964463118362,-0.016788494174521912
1406,1878.022251483,-0.008663590177045875,-0.013402733578115321,-0.01732718035409175
1407,1879.15330309,-0.008980770270679369,-0.01374122311824203,-0.017961540541358737
1408,1880.082325419,-0.009227297264958348,-0.014063562673809043,-0.018454594529916695
1409,1880.61176648,-0.009360533715329215,-0.01426481530720125,-0.01872106743065843
1410,1882.321974797,-0.009745352262188797,-0.014998996086451033,-0.019490704524377594
1411,1883.40872427,-0.009946009158221702,-0.01552895430065653,-0.019892018316443404
1412,1884.00577835,-0.010039235174724619,-0.015839722874981893,-0.020078470349449238
1413,1885.19807513,-0.010185063859662597,-0.01649898476250044,-0.020370127719325195
1414,1887.053894807,-0.010291981487972902,-0.017616123971465503,-0.020583962975945804
1415,1887.808841417,-0.010289313915379872,-0.018097584872482104,-0.020578627830759744
1416,1888.938182637,-0.010231471287070835,-0.0188414458399295,-0.02046294257414167
1417,1890.348128614,-0.010063702545708007,-0.019800974748638445,-0.020127405091416015
1418,1890.612128588,-0.01002005239737393,-0.019983462996832093,-0.02004010479474786
1419,1891.67851054,-0.00980334072229262,-0.020726448201341695,-0.01960668144458524
1420,1892.867701336,-0.009483879627022351,-0.021560300174107098,-0.018967759254044703
1421,1894.558537572,-0.00888600692665777,-0.022738726703569828,-0.01777201385331554
1422,1895.697155654,-0.008388068180551045,-0.023516032291968966,-0.01677613636110209
1423,1896.585494347,-0.00794682731440747,-0.024107426956072958,-0.01589365462881494
1424,1897.51369286,-0.007437257349728595,-0.02470686088913339,-0.01487451469945719
1425,1898.829372819,-0.006632406218488753,-0.025516133439960995,-0.013264812436977505
1426,1900.006144829,-0.00583398632743313,-0.02619139638093506,-0.01166797265486626
1427,1900.571884272,-0.005425019440769577,-0.026497269554713397,-0.010850038881539154
1428,1901.891305751,-0.0044116767934648865,-0.02715744914605397,-0.008823353586929773
1429,1902.805059207,-0.0036643183713227527,-0.02756690552268961,-0.007328636742645505
1430,1904.089325323,-0.0025572195835602243,-0.02806971859638612,-0.005114439167120449
1431,1906.102756198,-0.0007083360596518494,-0.028670738221115998,-0.0014166721193036988
1432,1906.597678004,-0.00023637375507577446,-0.02878107381146543,-0.0004727475101515489
1433,1907.332780124,0.0004749236046782844,-0.028916462656835132,0.0009498472093565688
1434,1908.433063045,0.0015584667320501296,-0.029053854511068056,0.003116933464100259
1435,1909.465930026,0.00259055796151953,-0.029109874709680496,0.00518111592303906
1436,1910.733659616,0.003867974285271315,-0.029080132828893733,0.00773594857054263
1437,1911.704690943,0.004847687689031109,-0.028983192802602368,0.009695375378062218
1438,1913.182489776,0.0063280962077567815,-0.028712153365081892,0.012656192415513563
1439,1914.352300052,0.0074803538202544,-0.028393003446309545,0.0149607076405088
1440,1915.054629333,0.008159728763662041,-0.028157819075266363,0.016319457527324083
1441,1916.60637184,0.009616918066943762,-0.027525743754989996,0.019233836133887523
1442,1917.344704042,0.010284656579783493,-0.027172513707509897,0.020569313159566987
1443,1918.78649891,0.011531249758301675,-0.026390504544614498,0.02306249951660335
1444,1919.207778398,0.011879569009747121,-0.026140059861947947,0.023759138019494242
1445,1919.937457371,0.012464217534682144,-0.025684066585096563,0.024928435069364287
1446,1922.101625622,0.01404503534671992,-0.024179709685187678,0.02809007069343984
1447,1923.280837936,0.014800209315786007,-0.02327598042891834,0.029600418631572013
1448,1924.055831101,0.015252460194074648,-0.022654634363687236,0.030504920388149295
1449,1925.231987975,0.01586897624364359,-0.021676143701484078,0.03173795248728718
1450,1926.21158308,0.016316034749581487,-0.020833884685963974,0.032632069499162975
1451,1926.820092795,0.01656259914883114,-0.020300580071595225,0.03312519829766228
1452,1928.41751855,0.017094174962097013,-0.018873970474958677,0.03418834992419403
1453,1929.487560181,0.01735558355001008,-0.01790542758103804,0.03471116710002016
1454,1930.25838718,0.0174967387684659,-0.017205805662045194,0.0349934775369318
1455,1931.760069437,0.01765926737140142,-0.01584870478819074,0.03531853474280284
1456,1932.87575455,0.01768549646900502,-0.014854357473903557,0.03537099293801004
1457,1934.416436369,0.017593829630153927,-0.013515545602006998,0.035187659260307855
1458,1934.907943434,0.01753449686550756,-0.013099430834769946,0.03506899373101512
1459,1935.924848804,0.0173675491547743,-0.0122590903823485,0.0347350983095486
1460,1936.873093814,0.017160470083695655,-0.011503904297249772,0.03432094016739131
1461,1937.968633498,0.016863253050618653,-0.010670346330843489,0.03372650610123731
1462,1939.050029151,0.016513430211233308,-0.009893194370879209,0.033026860422466615
1463,1940.977326706,0.015767026546928443,-0.008633903555839323,0.03153405309385689
1464,1941.822862216,0.01539644853109547,-0.008136596019859861,0.03079289706219094
1465,1942.633568692,0.015020145303542393,-0.0076932584694241815,0.030040290607084786
1466,1943.367947449,0.014663702285607011,-0.0073208064972539785,0.029327404571214022
1467,1945.153796306,0.013747437817772795,-0.006534179274415655,0.02749487563554559
1468,1945.922716949,0.013336703463333795,-0.006248454157909888,0.02667340692666759
1469,1946.609945362,0.012964051015819846,-0.006020310652110885,0.025928102031639692
1470,1947.917047738,0.012246784197472231,-0.00565720406781552,0.024493568394944463
1471,1949.030030074,0.011634133080183795,-0.005420458692686024,0.02326826616036759
1472,1950.743201553,0.010703601237881282,-0.005182675813951425,0.021407202475762565
1473,1951.536695873,0.01028322445231108,-0.0051226383965314246,0.02056644890462216
1474,1952.850129212,0.009609759561338908,-0.0050892515951669595,0.019219519122677817
1475,1953.448556325,0.009314238280792867,-0.005100019955385966,0.018628476561585734
1476,1954.418588175,0.008853010963609948,-0.005149942944498857,0.017706021927219897
1477,1955.315809284,0.008448386321662303,-0.005229700222008967,0.016896772643324606
1478,1956.848164578,0.007812733037430504,-0.005433288732220348,0.015625466074861007
1479,1958.314403555,0.007277491197191859,-0.0056969814577248635,0.014554982394383718
1480,1958.851883463,0.0071005654686488815,-0.0058079997359522986,0.014201130937297763
1481,1960.418845269,0.006647072470941355,-0.0061674404854941784,0.01329414494188271
1482,1961.35927788,0.006420884036521688,-0.006403617545591943,0.012841768073043377
1483,1962.233571849,0.006242220132139255,-0.006633059451953346,0.01248444026427851
1484,1963.621184573,0.006021596128357776,-0.007009433066157052,0.012043192256715553
1485,1964.357390938,0.0059357422229901965,-0.007211822169175674,0.011871484445980393
1486,1965.377829505,0.005851918694351819,-0.007491445022525009,0.011703837388703639
1487,1966.117658574,0.00581613866085512,-0.007691269516901061,0.01163227732171024
1488,1968.471602019,0.005834433945639477,-0.008291082789188785,0.011668867891278955
1489,1969.047617547,0.005867495738712006,-0.008425690417105725,0.011734991477424012
1490,1970.305009517,0.005974836175456773,-0.00869742523021512,0.011949672350913546
1491,1970.85554758,0.006035914364562223,-0.008805644610388566,0.012071828729124446
1492,1971.970312805,0.00618309673482074,-0.009002184610415014,0.01236619346964148
1493,1973.182663406,0.00637440788436586,-0.009178299035623172,0.01274881576873172
1494,1974.34720191,0.006583137786444652,-0.00930721718062101,0.013166275572889304
1495,1975.080610302,0.006724457480094578,-0.00936696788642944,0.013448914960189157
1496,1977.173943698,0.007154403563282735,-0.009441901680610359,0.01430880712656547
1497,1977.2714462,0.007174973468005467,-0.009441866520630194,0.014349946936010934
1498,1978.801448168,0.007497857529986821,-0.009399849257603165,0.014995715059973642
1499,1980.371772287,0.007818993403885305,-0.009276487610167725,0.01563798680777061
1500,1980.910043091,0.007923942111963176,-0.009215988258846536,0.015847884223926353
1501,1981.748768897,0.00808005560451828,-0.009103853388571706,0.01616011120903656
1502,1982.663279195,0.008237689942311268,-0.008957742164705447,0.016475379884622537
1503,1983.923804622,0.008428515832422183,-0.008718201531605787,0.016857031664844365
1504,1985.416540175,0.008606458414629804,-0.008383176251431174,0.017212916829259607
1505,1986.757107716,0.008714050445210635,-0.008041947321908608,0.01742810089042127
1506,1987.873473361,0.008761194330393376,-0.007734313131305623,0.01752238866078675
1507,1988.251876807,0.008767811109308314,-0.007626114188235152,0.01753562221861663
1508,1989.702002708,0.008746811867066892,-0.007197871461966368,0.017493623734133785
1509,1990.478352526,0.008704195973331717,-0.006962637901984038,0.017408391946663434
1510,1992.001706394,0.008554520284289742,-0.006497781028557603,0.017109040568579485
1511,1992.784987875,0.00844288026415506,-0.006260926254446615,0.01688576052831012
1512,1993.577493138,0.00830579403678536,-0.006025506553983351,0.01661158807357072
1513,1995.168739612,0.00795775500567421,-0.005574173602687018,0.01591551001134842
1514,1996.796176966,0.007503981435795437,-0.005156879423422426,0.015007962871590874
1515,1997.39091406,0.0073145331615194695,-0.005019042630527477,0.014629066323038939
1516,1998.279006926,0.007009301226760461,-0.00483056267310505,0.014018602453520922
1517,1999.545764176,0.006530369042539196,-0.004602460992930985,0.013060738085078393
1518,2000.434515302,0.0061662590816582725,-0.004474557056798981,0.012332518163316545
1519,2000.929620689,0.005954242661803921,-0.0044158345424119136,0.011908485323607842
1520,2002.896408374,0.0050559903971722315,-0.004279529540377345,0.010111980794344463
1521,2004.139669233,0.004450935394348825,-0.004280074384053668,0.00890187078869765
1522,2005.077848124,0.0039808360976636495,-0.0043282758091304505,0.007961672195327299
1523,2005.900934886,0.0035619107757285592,-0.004405784561044403,0.0071238215514571185
1524,2007.12518017,0.0029331228922065016,-0.00458378634572136,0.005866245784413003
1525,2008.41824033,0.0022699581193022984,-0.0048550712810251475,0.004539916238604597
1526,2009.176634123,0.0018854771026781958,-0.005054465741162636,0.0037709542053563916
1527,2010.153324768,0.0013992973462741392,-0.005355208390144578,0.0027985946925482784
1528,2011.020705074,0.0009793390962083768,-0.005663536216402351,0.0019586781924167537
1529,2012.538935477,0.0002807283855138232,-0.006294956182904731,0.0005614567710276464
1530,2013.872097714,-0.0002833452023386903,-0.006942519150946743,-0.0005666904046773806
1531,2015.186728609,-0.0007833385557917354,-0.007661752438821853,-0.0015666771115834708
1532,2016.029638032,-0.0010699367317830793,-0.008162481596576862,-0.0021398734635661586
1533,2016.800075656,-0.001306165431438714,-0.008645469055394626,-0.002612330862877428
1534,2017.386767252,-0.0014684351528399817,-0.009028543159261175,-0.0029368703056799634
1535,2019.264600216,-0.0018764079745783656,-0.010334537085826257,-0.003752815949156731
1536,2019.88436714,-0.00197117261765815,-0.01078919171785304,-0.0039423452353163
1537,2021.196042769,-0.002101780258075682,-0.01178328194464907,-0.004203560516151364
1538,2022.545617685,-0.002132256121127424,-0.012842291231667231,-0.004264512242254848
1539,2023.572911777,-0.0020818615858744817,-0.013665807864742086,-0.004163723171748963
1540,2024.488262158,-0.0019819325492334053,-0.01440737421332655,-0.003963865098466811
1541,2025.878906202,-0.0017292082752730668,-0.015538856289916237,-0.0034584165505461336
1542,2026.738258912,-0.0015117321690981595,-0.016235642165200813,-0.003023464338196319
1543,2027.573317056,-0.001255554641102163,-0.01690711961086231,-0.002511109282204326
1544,2028.582459354,-0.0008873999525145839,-0.017706778426219337,-0.0017747999050291678
1545,2029.385479551,-0.0005492293433122846,-0.018330516586330343,-0.0010984586866245691
1546,2031.750550691,0.0006717779754432784,-0.02007611163433467,0.0013435559508865567
1547,2032.420780856,0.0010762396678970871,-0.02053954557783032,0.0021524793357941743
1548,2033.017892746,0.00145716376190377,-0.020938638113280894,0.00291432752380754
1549,2034.554828789,0.0025221988060254988,-0.021899384121043967,0.0050443976120509975
1550,2035.077440096,0.002910490899945178,-0.022202258930435276,0.005820981799890356
1551,2036.527526483,0.004051115549494071,-0.022972911270841046,0.008102231098988142
1552,2037.217111094,0.004623481498065718,-0.023301138375282866,0.009246962996131435
1553,2038.841738251,0.006037897114290629,-0.023969662018340766,0.012075794228581257
1554,2039.44321874,0.006582001429747364,-0.024178133201236414,0.013164002859494728
1555,2040.839119673,0.007879089626409323,-0.02457697770134033,0.015758179252818645
1556,2042.344586251,0.009318774032972904,-0.024869881936251944,0.018637548065945808
1557,2043.217116563,0.010165728868863326,-0.024972989632117998,0.02033145773772665
1558,2044.121593292,0.011048747164117164,-0.02502774275584419,0.022097494328234327
1559,2045.03732086,0.01194400312785722,-0.025029063191990462,0.02388800625571444
1560,2045.802760432,0.012690354525361961,-0.02498857713377139,0.025380709050723923
1561,2047.098336346,0.013942570898139266,-0.024834801996526677,0.02788514179627853
1562,2048.454094066,0.015227582063929303,-0.02456176562560274,0.030455164127858605
1563,2049.847525606,0.016508506535391536,-0.024166367722661137,0.03301701307078307
1564,2050.906055385,0.017446900962357736,-0.023792134048652356,0.03489380192471547
1565,2051.718388196,0.018143108599736755,-0.023464024557395532,0.03628621719947351
1566,2052.407790192,0.018715840624746245,-0.023159104874240947,0.03743168124949249
1567,2054.059916898,0.020013004803072467,-0.022336709790540428,0.040026009606144934
1568,2055.180267326,0.02082604941696495,-0.021712363705787364,0.0416520988339299
1569,2055.572602899,0.021097096660444774,-0.021482282670002354,0.04219419332088955
1570,2056.62086669,0.021784822623084205,-0.020841253680147123,0.04356964524616841
1571,2058.450651119,0.022851923286078088,-0.019643833159579092,0.045703846572156176
1572,2059.448021744,0.023359113710439784,-0.018957776858203667,0.04671822742087957
1573,2060.868247208,0.02398803016248117,-0.017952076456544203,0.04797606032496234
1574,2061.367059202,0.02418265138820322,-0.01759312854141977,0.04836530277640644
1575,2062.57265092,0.02459657156124457,-0.016718568883733236,0.04919314312248914
1576,2063.283559498,0.024803408328780432,-0.016200898869051603,0.049606816657560865
1577,2064.3048677,0.02505284049798534,-0.015458829854939802,0.05010568099597068
1578,2065.832672282,0.025323534617082803,-0.014362241235287931,0.050647069234165606
1579,2066.985229378,0.025449704906484728,-0.013554262470556468,0.050899409812969455
1580,2068.345638527,0.02551730983783412,-0.012631636539869377,0.05103461967566824
1581,2068.669941083,0.025521099803882986,-0.012417681542346286,0.05104219960776597
1582,2070.504717593,0.025460109845720866,-0.011259010886741938,0.05092021969144173
1583,2071.37708317,0.025385930339009963,-0.01074287915955153,0.05077186067801993
1584,2071.990454815,0.02531813764776867,-0.010394881174577824,0.05063627529553734
1585,2073.397603716,0.025119099243655626,-0.009646448836425243,0.05023819848731125
1586,2074.171064902,0.024987040010056236,-0.0092663537242244,0.04997408002011247
1587,2075.028065545,0.02482489603075023,-0.008872380750379204,0.04964979206150046
1588,2077.117570137,0.02437630633099119,-0.008036240009186454,0.04875261266198238
1589,2078.155484639,0.024134852377180046,-0.007688056990389924,0.04826970475436009
1590,2078.939288115,0.02394841853489617,-0.007454848342282714,0.04789683706979234
1591,2079.567628462,0.023798002274417,-0.007286267278079736,0.047596004548834
1592,2080.910343458,0.023478933442723303,-0.006979990554635785,0.046957866885446606
1593,2081.799686564,0.02327333910047048,-0.006816606510220142,0.04654667820094096
1594,2083.300276859,0.022945796625107207,-0.00660892257738274,0.04589159325021441
1595,2083.77999255,0.022847953557573908,-0.006559680884455794,0.045695907115147816
1596,2085.389813692,0.022551117831061535,-0.006450561129774463,0.04510223566212307
1597,2086.580318534,0.022368751818156212,-0.006420605585696118,0.044737503636312424
1598,2087.473340988,0.02225605747144831,-0.0064230343843180455,0.04451211494289662
1599,2088.712281199,0.022137634711962555,-0.006456913489235071,0.04427526942392511
1600,2090.036206757,0.02206395286742721,-0.0065253500758609435,0.04412790573485442
1601,2090.447550027,0.022052803559000234,-0.006552072419143707,0.04410560711800047
1602,2091.221580661,0.022047454525160007,-0.006607887290738775,0.044094909050320014
1603,2092.47321811,0.022083047089470807,-0.006709333513019395,0.044166094178941614
1604,2094.335917469,0.02223942248160979,-0.00687071762932351,0.04447884496321958
1605,2095.13825666,0.02234503009196017,-0.006938392013681458,0.04469006018392034
1606,2096.346529979,0.02254685368598722,-0.007031886968551047,0.04509370737197444
1607,2097.371606357,0.0227573266516891,-0.007098705297607536,0.0455146533033782
1608,2097.9519222,0.022891893243965993,-0.007129768726990069,0.045783786487931986
1609,2099.311651265,0.023248655875040054,-0.007178609111537746,0.04649731175008011
1610,2100.593745237,0.023634545009668897,-0.007187605496950943,0.047269090019337795
1611,2101.135489459,0.023810794329600333,-0.007178889877825038,0.047621588659200666
1612,2102.535100215,0.024298426405847312,-0.007117630821955371,0.048596852811694624
1613,2103.390454809,0.024616634963295577,-0.007050297814499827,0.049233269926591154
1614,2105.372206592,0.025399570733560063,-0.006798109167121243,0.050799141467120126
1615,2105.994704339,0.025655327958384204,-0.006689423976400867,0.05131065591676841
1616,2107.172362432,0.026146977073526187,-0.006443365033434317,0.052293954147052374
1617,2107.617911408,0.026334585734887245,-0.006336197910249787,0.05266917146977449
1618,2108.938384889,0.02689118921449695,-0.005972439078690061,0.0537823784289939
1619,2109.963143181,0.027319220596840228,-0.005642283168864024,0.054638441193680456
1620,2110.822371848,0.027671955038027447,-0.005333308820818922,0.055343910076054895
1621,2112.907087523,0.028488097794468363,-0.004464356604511825,0.056976195588936726
1622,2113.483966448,0.028700462463380785,-0.004195038482654177,0.05740092492676157
1623,2114.396137326,0.029021254738438352,-0.0037448863489886897,0.058042509476876704
1624,2115.506602795,0.02938345207849373,-0.003158598521118309,0.05876690415698746
1625,2116.900056068,0.029787152324586327,-0.002368035233025278,0.059574304649172655
1626,2117.722399441,0.029995666709014383,-0.0018755245701504424,0.059991333418028765
1627,2118.618646217,0.030195486122378858,-0.0013191958676106478,0.060390972244757715
1628,2119.456428469,0.030354792624901334,-0.0007827352688507626,0.06070958524980267
1629,2120.691562592,0.03053833644846559,3.266790362509221e-05,0.06107667289693118
1630,2122.465151175,0.03068854433647747,0.0012417681561191578,0.06137708867295494
1631,2123.344042303,0.030711300330424005,0.0018516460336148292,0.06142260066084801
1632,2124.370368738,0.030693386724403006,0.0025678771563839562,0.06138677344880601
1633,2125.512400029,0.030616528127986455,0.0033646631296918132,0.06123305625597291
1634,2125.95878484,0.030570153753351755,0.0036747301446776234,0.06114030750670351
1635,2126.975711193,0.030430401456417875,0.004375466543633809,0.06086080291283575
1636,2128.752290554,0.030074435043025004,0.005569510089041968,0.06014887008605001
1637,2129.406080228,0.029908655354408262,0.005995473943887859,0.059817310708816525
1638,2130.555102283,0.029573900323665595,0.006721585117802632,0.05914780064733119
1639,2132.080620993,0.02904864110158747,0.00763262737129584,0.05809728220317494
1640,2132.798516468,0.02877177114609658,0.008037144340886055,0.05754354229219316
1641,2134.154933985,0.028201565094899225,0.008753530540474064,0.05640313018979845
1642,2134.950772504,0.02784096043835034,0.00914219341281472,0.05568192087670068
1643,2136.086897525,0.027296951606776067,0.009653202623935184,0.054593903213552133
1644,2136.967470548,0.026854777294621223,0.010011825110977715,0.053709554589242446
1645,2137.509940526,0.026574745222266646,0.010215791824401136,0.05314949044453329
1646,2139.380759985,0.025574579877301967,0.01081591670037721,0.051149159754603934
1647,2140.949362639,0.02471026241794566,0.011191454817884326,0.04942052483589132
1648,2141.71003596,0.024288160735344018,0.01133079514354343,0.048576321470688036
1649,2142.355043196,0.02393074629234204,0.011426979834294991,0.04786149258468408
1650,2143.374444181,0.02336990214760974,0.01153805312594214,0.04673980429521948
1651,2144.895337431,0.022551502391675426,0.011611901813342583,0.04510300478335085
1652,2145.505753734,0.02223222335245631,0.01161133213186338,0.04446444670491262
1653,2146.625894476,0.02166452915222559,0.011566854152679202,0.04332905830445118
1654,2147.785367346,0.0211069617956621,0.011464068397373788,0.0422139235913242
1655,2149.151849383,0.020497318276586227,0.011273758306397293,0.04099463655317245
1656,2149.910639858,0.020184203489572256,0.011138191214333605,0.04036840697914451
1657,2151.776885116,0.019502099011529536,0.01072432219172058,0.03900419802305907
1658,2152.390226597,0.0193076755335333,0.01056622701468729,0.0386153510670666
1659,2153.011964165,0.019126659041714917,0.010396324429545042,0.038253318083429834
1660,2154.263623952,0.018813492828198834,0.010028770067539543,0.03762698565639767
1661,2154.935345848,0.018674730931476743,0.009819766107087942,0.03734946186295349
1662,2156.394727256,0.018446507762618455,0.009345076295246025,0.03689301552523691
1663,2157.856489565,0.018321152694007744,0.008852910055683266,0.03664230538801549
1664,2158.878072291,0.018295805895444238,0.008506741679843369,0.036591611790888476
1665,2159.902286017,0.018321835606664408,0.008163582539954719,0.036643671213328816
1666,2160.853062328,0.018391659879614008,0.007852894368050528,0.036783319759228016
1667,2161.692172189,0.01848918263782081,0.0075882328911753,0.03697836527564162
1668,2163.107122286,0.018727594571636644,0.007169873769220161,0.03745518914327329
1669,2164.049720356,0.018935867200394828,0.006915797429376946,0.037871734400789656
1670,2165.011437174,0.019186912778931513,0.006681092605393971,0.03837382555786303
1671,2165.503949023,0.019329826207464564,0.006571625194822514,0.03865965241492913
1672,2167.693444255,0.02007228320519454,0.006186095385816178,0.04014456641038908
1673,2168.890615852,0.02054343874603209,0.006053856181221852,0.04108687749206418
1674,2169.263829283,0.020698399167481514,0.006025088048266414,0.04139679833496303
1675,2170.787074973,0.02136471533513372,0.005972845548539577,0.04272943067026744
1676,2171.396361926,0.021644179036663755,0.0059824478495380745,0.04328835807332751
1677,2172.250962828,0.022045900821013,0.006026435593498198,0.044091801642026
1678,2173.528296969,0.02266189435614262,0.006160376151793433,0.04532378871228524
1679,2174.745020803,0.023258128787992674,0.006365641169900665,0.04651625757598535
1680,2176.204119466,0.023973160729113815,0.006712967281835278,0.04794632145822763
1681,2176.939451699,0.02432916046051236,0.006929789710447836,0.04865832092102472
1682,2178.004209155,0.024834557983942407,0.007292832618177398,0.049669115967884814
1683,2179.23218503,0.025396005000845916,0.007782199034883858,0.05079201000169183
1684,2180.495318259,0.025941145712635102,0.008361842056301395,0.051882291425270205
1685,2181.252367011,0.026248525311183643,0.00874474303601994,0.052497050622367286
1686,2181.72578303,0.02643236258472093,0.008997160150429083,0.05286472516944186
1687,2183.330584017,0.027001337723863185,0.009922914586738716,0.05400267544772637
1688,2184.103190761,0.02724217126558896,0.01040463095626378,0.05448434253117792
1689,2185.965528321,0.027722619425444902,0.011650466942986885,0.055445238850889804
1690,2187.085690959,0.02793735038797286,0.012449689018089063,0.05587470077594572
1691,2187.798455878,0.028042915141981876,0.012974526873532859,0.05608583028396375
1692,2188.558763203,0.02812786625831455,0.013546289071072705,0.0562557325166291
1693,2189.497072903,0.028192226473568286,0.014266064391652974,0.05638445294713657
1694,2191.093363046,0.02819597638542771,0.01551647467729964,0.05639195277085542
1695,2191.778017401,0.02815599564522653,0.016058915525538946,0.05631199129045306
1696,2192.82677054,0.028045866651652897,0.01689225964924833,0.056091733303305795
1697,2194.23153005,0.02780574140440942,0.0180046665158998,0.05561148280881884
1698,2195.231687681,0.02757081340265562,0.018787581405758896,0.05514162680531124
1699,2196.715977667,0.027126494605424285,0.019924669613559723,0.05425298921084857
1700,2197.25874704,0.02693628087195666,0.020330629848681076,0.05387256174391332
1701,2198.687512684,0.026367624450081284,0.021367208397669903,0.05273524890016257
1702,2199.302965321,0.026093556682166286,0.02179722806971769,0.05218711336433257
1703,2200.351020913,0.025588829861225192,0.02250323773147141,0.051177659722450385
1704,2200.915953026,0.025297877989863028,0.02286886202685219,0.050595755979726056
1705,2203.277453731,0.02395322086193085,0.024269238808421068,0.0479064417238617
1706,2203.906364584,0.023564113388300268,0.02460418849545856,0.047128226776600536
1707,2204.997801755,0.02286276145417828,0.025144431533079107,0.04572552290835656
1708,2205.855761246,0.022291122537033893,0.02553113108773317,0.044582245074067786
1709,2207.172161915,0.021385794728946948,0.026056986670317805,0.042771589457893895
1710,2207.802741337,0.020942483390030915,0.026279250791978345,0.04188496678006183
1711,2209.1537444,0.019978112525794095,0.02668969525768758,0.03995622505158819
1712,2210.208014989,0.019217399144470456,0.026947290703647483,0.03843479828894091
1713,2210.850941099,0.018752425088204298,0.02707743006999722,0.037504850176408595
1714,2212.3435684,0.017677184392904527,0.027301713850052586,0.035354368785809054
1715,2213.700256248,0.016714571026491754,0.027413350003093438,0.03342914205298351
1716,2214.949925632,0.015849358793038764,0.027441658189538233,0.03169871758607753
1717,2215.820565691,0.015262868177616504,0.02742116163152797,0.030525736355233007
1718,2216.296375888,0.014949016514868376,0.027396620302469987,0.029898033029736752
1719,2217.469375116,0.014198200061076915,0.02729790584183205,0.02839640012215383
1720,2218.521006913,0.013556129525122241,0.027166129252638727,0.027112259050244482
1721,2219.799815698,0.012819936866458987,0.02695610043927719,0.025639873732917973
1722,2220.852158849,0.012254290947800079,0.02674690890943586,0.024508581895600158
1723,2222.636604588,0.011385200487257567,0.026329663547753814,0.022770400974515135
1724,2223.055057919,0.011198625486915506,0.026222325104396024,0.022397250973831013
1725,2223.777772507,0.010892315367708313,0.026030014715014073,0.021784630735416626
1726,2225.564645117,0.010223355319776096,0.02552562607244519,0.020446710639552192
1727,2226.332734406,0.009974961550828748,0.02530048104335612,0.019949923101657496
1728,2227.246229377,0.009710231596692008,0.025029771120443713,0.019420463193384016
1729,2227.970573882,0.009523839974359943,0.024814742094461644,0.019047679948719885
1730,2229.12795891,0.009268472962875522,0.02447445995149153,0.018536945925751044
1731,2230.898690856,0.00897524760205585,0.023973683592712482,0.0179504952041117
1732,2231.977154074,0.008851210797429515,0.02368785546003217,0.01770242159485903
1733,2232.924853869,0.008773892141820897,0.02345276445871495,0.017547784283641794
1734,2233.72022225,0.008730345002428475,0.023269101299961053,0.01746069000485695
1735,2234.814934531,0.008699693912471274,0.02303946783178343,0.017399387824942547
1736,2235.546662136,0.008696453300371026,0.022902451022237126,0.017392906600742053
1737,2236.773643845,0.008718266138256577,0.02270514432404937,0.017436532276513154
1738,2238.154799519,0.008777038251435339,0.022535572446152827,0.017554076502870677
1739,2239.16774396,0.008838086193572249,0.02244885745836171,0.017676172387144497
1740,2240.02120947,0.008898187645540285,0.02240152353389461,0.01779637529108057
1741,2241.536186524,0.009016869791492488,0.022376899005344154,0.018033739582984976
1742,2242.621180159,0.009105187627078898,0.0224064300159956,0.018210375254157796
1743,2243.373668419,0.009165158653564617,0.022449942682996268,0.018330317307129234
1744,2244.3707017,0.009239934892361325,0.022536219209068346,0.01847986978472265
1745,2245.565286531,0.009317815885080887,0.022681394027140898,0.018635631770161774
1746,2246.016558178,0.009342753057115972,0.022747699486217996,0.018685506114231944
1747,2247.364431251,0.009398478139189585,0.022981282902962637,0.01879695627837917
1748,2249.550198574,0.009412870446846057,0.02346305895990661,0.018825740893692114
1749,2249.770766553,0.009408128129674575,0.02351798355815942,0.01881625625934915
1750,2251.046641942,0.009355347575130948,0.023855254504391094,0.018710695150261896
1751,2251.845318339,0.009298852981304988,0.02408148014865805,0.018597705962609977
1752,2252.678432674,0.009219322151253387,0.024327786227191135,0.018438644302506774
1753,2254.562246994,0.008956940523158525,0.024913520753211016,0.01791388104631705
1754,2254.759079001,0.00892265287410131,0.024976327875621155,0.01784530574820262
1755,2255.824565572,0.008713781983915496,0.025319025732150363,0.017427563967830993
1756,2257.346384683,0.008346333861126886,0.025809610401932973,0.016692667722253772
1757,2258.501847291,0.00801269014217332,0.026175678108076198,0.01602538028434664
1758,2259.517842057,0.007680712845817319,0.02648784275549498,0.015361425691634638
1759,2260.890259417,0.007176377528772319,0.02688784442435858,0.014352755057544637
1760,2261.660064449,0.006866374395363374,0.02709813864474488,0.013732748790726747
1761,2262.674430648,0.006429592505011084,0.027356444500454043,0.012859185010022168
1762,2262.878305381,0.006338073110757422,0.027405501594626708,0.012676146221514844
1763,2264.676399706,0.005480720028990157,0.02779090117849414,0.010961440057980314
1764,2265.768446115,0.004920052617208856,0.027978651748326765,0.009840105234417713
1765,2267.384501068,0.004044220600640821,0.0281833983673761,0.008088441201281642
1766,2267.879175337,0.00376688187965901,0.028227324056301212,0.00753376375931802
1767,2269.226998262,0.0029941284796967628,0.028299566211757044,0.0059882569593935255
1768,2269.919103217,0.002589762306337943,0.028308710369324638,0.005179524612675886
1769,2271.326282468,0.001758216515101645,0.028266619141723612,0.00351643303020329
1770,2272.049015701,0.0013290729675521867,0.028212720109297797,0.0026581459351043735
1771,2273.347534053,0.000560546227667032,0.028060065845936278,0.001121092455334064
1772,2273.956289146,0.00020343289879563278,0.027963745900047455,0.00040686579759126556
1773,2275.068664776,-0.0004399465285477808,0.02774715631318568,-0.0008798930570955616
1774,2277.079317757,-0.0015569865958191841,0.027225439156185843,-0.0031139731916383683
1775,2278.012628393,-0.0020480575906696385,0.026928499661654132,-0.004096115181339277
1776,2278.525942156,-0.0023090855715876594,0.02675108031608406,-0.004618171143175319
1777,2279.507305841,-0.002788055149401255,0.026385233604368452,-0.00557611029880251
1778,2280.870719853,-0.0034044388029963266,0.025822479628194627,-0.006808877605992653
1779,2281.356483615,-0.003608864229635524,0.02560779348471328,-0.007217728459271048
1780,2282.690375138,-0.004125262674118254,0.02498377472494417,-0.008250525348236507
1781,2284.056011459,-0.0045803483703089395,0.02429897514589707,-0.009160696740617879
1782,2285.222242365,-0.004905491513885227,0.023684196318397275,-0.009810983027770453
1783,2286.149814141,-0.005120113061513391,0.023179826575406424,-0.010240226123026781
1784,2287.046158671,-0.005289186911193463,0.02268277823248846,-0.010578373822386926
1785,2288.578849446,-0.005488598051615498,0.021819658536277795,-0.010977196103230996
1786,2289.33628471,-0.005544653039313846,0.02139096011534974,-0.011089306078627691
1787,2290.241458211,-0.0055744965476109635,0.020880306536411524,-0.011148993095221927
1788,2291.097663612,-0.005565543363067023,0.02040175781271701,-0.011131086726134045
1789,2291.928901252,-0.005522515813651097,0.01994402206311259,-0.011045031627302195
1790,2293.896145106,-0.005288852583898765,0.018902366036744514,-0.01057770516779753
1791,2294.687918412,-0.005144224444243609,0.018505262261037173,-0.010288448888487218
1792,2296.115091188,-0.004814209027071376,0.017830716170882572,-0.009628418054142752
1793,2296.998522473,-0.0045676601207109415,0.017443881717660946,-0.009135320241421883
1794,2297.37264758,-0.004454054620390128,0.017287927046130518,-0.008908109240780256
1795,2298.612363366,-0.004040951770715684,0.016807516389473743,-0.008081903541431368
1796,2299.96157762,-0.003532947192478183,0.016353756023900847,-0.007065894384956366
1797,2301.234125799,-0.003005615945546051,0.01599803689636377,-0.006011231891092102
1798,2301.454840352,-0.002909987604093775,0.015943882570834608,-0.00581997520818755
1799,2303.295481983,-0.0020731141945993232,0.015583692414448945,-0.0041462283891986465
1800,2304.30513867,-0.0015904813527082213,0.015458075496270759,-0.0031809627054164426
1801,2305.508356789,-0.001001477436265159,0.01537739564848691,-0.002002954872530318
1802,2306.51773307,-0.0005012291357480066,0.015368621703760054,-0.0010024582714960133
1803,2307.35555337,-8.539871087860428e-05,0.015402496203031914,-0.00017079742175720857
1804,2308.210284635,0.00033635573152840777,0.015475539867310142,0.0006727114630568155
1805,2309.37035824,0.0008996232758273779,0.015636429097190624,0.0017992465516547557
1806,2309.931122384,0.0011662117581473005,0.015739389130638673,0.002332423516294601
1807,2312.04799645,0.002122844408738483,0.016271594641386174,0.004245688817476966
1808,2313.190914171,0.0025963561218834822,0.016649215830645308,0.0051927122437669644
1809,2313.689359967,0.0027912956262584536,0.01683263862381418,0.005582591252516907
1810,2314.621182114,0.0031346485089815226,0.017204602881857604,0.006269297017963045
1811,2316.04945472,0.0036017372218732206,0.017843612065244888,0.007203474443746441
1812,2316.962494505,0.003858821941573623,0.018292072048170543,0.007717643883147246
1813,2317.851531864,0.004075376417384424,0.018755692269526565,0.008150752834768848
1814,2318.826035336,0.004272161293218811,0.019291276291900798,0.008544322586437622
1815,2320.088523204,0.004460463426346087,0.02002188528083001,0.008920926852692175
1816,2320.949531629,0.004543835426993756,0.02054001347055545,0.009087670853987512
1817,2322.812632607,0.004593988715263542,0.021701618489660568,0.009187977430527084
1818,2323.534274241,0.004564396170985379,0.02216161623152908,0.009128792341970757
1819,2324.512455232,0.004479973681878832,0.022789624707117956,0.008959947363757664
1820,2325.557096492,0.004333360125665097,0.023461578193923912,0.008666720251330194
1821,2325.903015928,0.004271991988692521,0.0236835107350087,0.008543983977385042
1822,2327.37685582,0.0039397680518606405,0.02462009098957628,0.007879536103721281
1823,2328.634875101,0.0035672426594508264,0.02540019367001885,0.007134485318901653
1824,2329.705723406,0.0031877705781233213,0.026043412876884945,0.0063755411562466426
1825,2331.01311029,0.0026502036285880443,0.02679505366845927,0.005300407257176089
1826,2331.942707806,0.002220882392342549,0.02730256513999053,0.004441764784685098
1827,2332.987765433,0.0016944480009832513,0.027842326229489865,0.0033888960019665027
1828,2333.720863374,0.001299210297131587,0.02819955884060224,0.002598420594263174
1829,2335.531712574,0.00024007830591059795,0.028998083008189866,0.0004801566118211959
1830,2335.867153806,3.2130558868676644e-05,0.029131965639284118,6.426111773735329e-05
1831,2336.621036786,-0.0004471803437824307,0.029415907164293167,-0.0008943606875648614
1832,2337.761730159,-0.0012008266526827261,0.029799311137948287,-0.0024016533053654522
1833,2339.615683896,-0.002484932369136159,0.030298033239933297,-0.004969864738272318
1834,2340.826726707,-0.0033526815494847894,0.03053760577856044,-0.006705363098969579
1835,2341.324596186,-0.0037139513713247774,0.030615980581881103,-0.007427902742649555
1836,2342.654041658,-0.00468643127783173,0.030767548020579457,-0.00937286255566346
1837,2343.259158955,-0.005130850833910632,0.03080878526009085,-0.010261701667821263
1838,2344.311216236,-0.005902604793261781,0.030839551134245347,-0.011805209586523561
1839,2345.570483634,-0.006819161068743196,0.03080926455920664,-0.013638322137486392
1840,2346.46411953,-0.0074608377487894294,0.030744649722952204,-0.014921675497578859
1841,2347.934254642,-0.008492898745725544,0.030563843017702097,-0.01698579749145109
1842,2348.843423633,-0.00911238137101766,0.030407984520341585,-0.01822476274203532
1843,2349.730054258,-0.009699889809824794,0.030225561180793836,-0.019399779619649588
1844,2351.455046928,-0.010788223826629221,0.02979151882590845,-0.021576447653258442
1845,2352.195701503,-0.011230694457985132,0.02957603216689637,-0.022461388915970264
1846,2352.750870075,-0.011551744212024982,0.029404161649753683,-0.023103488424049964
1847,2353.912135852,-0.012192301430730048,0.029018665485275187,-0.024384602861460096
1848,2354.951081235,-0.012728104497717172,0.02864755993587331,-0.025456208995434344
1849,2355.810813978,-0.013143748885456163,0.028324682321238918,-0.026287497770912327
1850,2357.60831592,-0.013928966812259318,0.027614082942024065,-0.027857933624518636
1851,2358.904705198,-0.014423745529931257,0.02708142953834861,-0.028847491059862514
1852,2359.434859076,-0.014608795313664009,0.02686087664868062,-0.029217590627328018
1853,2360.31428509,-0.014893838194139792,0.026493549877646298,-0.029787676388279585
1854,2361.342541642,-0.015192999451411096,0.026064548540476105,-0.030385998902822193
1855,2362.718317923,-0.015537614223429514,0.025497583271033096,-0.03107522844685903
1856,2363.495617654,-0.015705375222130346,0.02518371614515532,-0.03141075044426069
1857,2364.751176089,-0.015937760978711014,0.024691050845526998,-0.03187552195742203
1858,2365.191515064,-0.016008585728249855,0.024523342491467107,-0.03201717145649971
1859,2367.249219843,-0.016273479366670347,0.023782954085061182,-0.032546958733340695
1860,2367.957701823,-0.016342188342232528,0.02354696600683598,-0.032684376684465055
1861,2369.220577767,-0.016440775216354314,0.02315368505004037,-0.03288155043270863
1862,2370.093390284,-0.016493694862275435,0.022903788464580778,-0.03298738972455087
1863,2371.10074793,-0.016542439522693467,0.022638914045707555,-0.033084879045386935
1864,2371.938137795,-0.016575181840945797,0.022438600490493205,-0.033150363681891594
1865,2372.44034726,-0.016592305185307465,0.022327296724396838,-0.03318461037061493
1866,2374.444230718,-0.016651285522445228,0.021949911523703472,-0.033302571044890455
1867,2375.543967037,-0.01668420964523337,0.021787946145065826,-0.03336841929046674
1868,2376.355463516,-0.016712125134389667,0.02168844874617235,-0.033424250268779335
1869,2377.755407914,-0.016773026040125306,0.021555135261219407,-0.03354605208025061
1870,2378.21296168,-0.016797608656459156,0.02152160862542524,-0.03359521731291831
1871,2379.72650295,-0.016900315313107837,0.02144328295543204,-0.033800630626215675
1872,2380.545657219,-0.016972069207738468,0.021420051171016606,-0.033944138415476936
1873,2381.50012371,-0.01707239111907552,0.021407927256066273,-0.03414478223815104
1874,2382.530830566,-0.017203152796476717,0.021410534976747896,-0.034406305592953434
1875,2383.356013916,-0.017326122214291993,0.02142244470899485,-0.034652244428583986
1876,2384.965071641,-0.017616666731418307,0.02146417955354138,-0.035233333462836615
1877,2386.43093711,-0.017943842463904843,0.0215143053697202,-0.035887684927809686
1878,2387.299084122,-0.018167030808049354,0.021545030820654478,-0.03633406161609871
1879,2387.813568556,-0.018309835208043093,0.02156244779031573,-0.036619670416086186
1880,2388.748207635,-0.01858947508728833,0.02159075571515767,-0.03717895017457666
1881,2389.955988114,-0.018989424002599616,0.021616936307253316,-0.03797884800519923
1882,2391.260549872,-0.019469572660888782,0.021625413067445535,-0.038939145321777564
1883,2391.754982337,-0.019664289076322488,0.021621696185745234,-0.039328578152644976
1884,2393.630593292,-0.020463415701169052,0.021563701955617277,-0.040926831402338104
1885,2394.485367856,-0.020857396389817765,0.021510116610907973,-0.04171479277963553
1886,2395.270169995,-0.021234123634393146,0.021443586711760016,-0.04246824726878629
1887,2396.603878763,-0.021904084614392614,0.021288393421532065,-0.04380816922878523
1888,2397.791643762,-0.022527994315682053,0.021101095476191205,-0.045055988631364105
1889,2398.558311383,-0.022941997371501283,0.020953642412180996,-0.04588399474300257
1890,2399.433832906,-0.02342349484213466,0.02075831114579848,-0.04684698968426932
1891,2400.152356522,-0.023824094574375024,0.020575691757086057,-0.04764818914875005
1892,2401.482998376,-0.024574275087897203,0.02018224690957474,-0.049148550175794406
1893,2403.418798445,-0.025669357528746183,0.019476738416732583,-0.051338715057492365
1894,2403.975315149,-0.025981602786198172,0.019244010566221503,-0.051963205572396344
1895,2404.92159349,-0.026506673862433012,0.018817337860134408,-0.053013347724866024
1896,2406.253988718,-0.027227745395254233,0.018150609157146825,-0.054455490790508466
1897,2406.732851182,-0.027480087118080164,0.017892303747464148,-0.05496017423616033
1898,2407.715910422,-0.027984165455694075,0.01733157394689257,-0.05596833091138815
1899,2409.441502352,-0.028813870952550658,0.016251189886593152,-0.057627741905101316
1900,2409.881602683,-0.029012325687400805,0.015956801176455086,-0.05802465137480161
1901,2411.126193381,-0.02954021300461228,0.015085096248025932,-0.05908042600922456
1902,2412.222935837,-0.02996039867773162,0.014271690896664009,-0.05992079735546324
1903,2413.976123195,-0.030533406759829965,0.012892460362519207,-0.06106681351965993
1904,2414.379879801,-0.030646755032097864,0.012562481027255249,-0.06129351006419573
1905,2415.576893466,-0.030938951327904717,0.0115605856128935,-0.06187790265580943
1906,2416.534054628,-0.031123327098761325,0.010737194160959513,-0.06224665419752265
1907,2417.278087422,-0.03123510984801573,0.010085790341119893,-0.06247021969603146
1908,2418.229443267,-0.03133657618207902,0.009241228606861492,-0.06267315236415805
1909,2419.507917163,-0.031397610752560055,0.008091508124166957,-0.06279522150512011
1910,2421.142943993,-0.03134670381873494,0.006609567953655077,-0.06269340763746988
1911,2422.152084925,-0.03124209603509932,0.005696057201613689,-0.06248419207019864
1912,2422.996230123,-0.031111610612106256,0.004936605424767606,-0.06222322122421251
1913,2423.504146889,-0.031014316640967047,0.004482909719066262,-0.062028633281934094
1914,2425.124760213,-0.03061074942992029,0.0030592087941398323,-0.06122149885984058
1915,2426.193437542,-0.030268722830058846,0.0021469366863018516,-0.06053744566011769
1916,2426.907064294,-0.030007803121365747,0.0015525570515482353,-0.060015606242731494
1917,2427.640896949,-0.029713162364425814,0.0009555340576403213,-0.05942632472885163
1918,2429.18559599,-0.029009600435211984,-0.00024730877363543616,-0.05801920087042397
1919,2430.265812636,-0.028454527964143158,-0.0010391852441812327,-0.056909055928286316
1920,2431.611135096,-0.02769700634566591,-0.0019613115415666087,-0.05539401269133182
1921,2432.727569299,-0.027017962498046038,-0.0026675867031378015,-0.054035924996092076
1922,2433.705896805,-0.02638956731093399,-0.003239321829198877,-0.05277913462186798
1923,2433.916873238,-0.026250338052086975,-0.003356606804416565,-0.05250067610417395
1924,2435.348894365,-0.02527457471553313,-0.004094170202262832,-0.05054914943106626
1925,2436.191600375,-0.024678616649315675,-0.004479104156637744,-0.04935723329863135
1926,2437.794076108,-0.02351174134496889,-0.005107146999723775,-0.04702348268993778
1927,2438.671790794,-0.022859247336309528,-0.005392246420902822,-0.045718494672619056
1928,2439.927127219,-0.02191702887477318,-0.005726724312934946,-0.04383405774954636
1929,2440.826160291,-0.02124012007195543,-0.005913219982639808,-0.04248024014391086
1930,2441.92983655,-0.020412058890405697,-0.006082070577009409,-0.040824117780811395
1931,2443.033560058,-0.019592726931307064,-0.006185689121946006,-0.03918545386261413
1932,2443.775436396,-0.01904982109149668,-0.006219456253376823,-0.03809964218299336
1933,2445.154381015,-0.018063913908083044,-0.0062080415574870115,-0.03612782781616609
1934,2445.744952101,-0.017652995508949682,-0.006174651861196123,-0.035305991017899364
1935,2446.398523306,-0.017207515060635118,-0.00611855493749292,-0.034415030121270236
1936,2448.988312286,-0.01555694350869514,-0.005712481351383377,-0.03111388701739028
1937,2449.231032009,-0.01541292985599256,-0.005660539278572447,-0.03082585971198512
1938,2450.50365058,-0.01469163052843013,-0.005353493930685188,-0.02938326105686026
1939,2451.18170831,-0.01433171344884437,-0.005167783321700819,-0.02866342689768874
1940,2452.283365741,-0.013785350393039103,-0.004836914698860047,-0.027570700786078206
1941,2453.257485812,-0.01334360400213292,-0.004517843217630825,-0.02668720800426584
1942,2454.300561842,-0.012915325347003438,-0.0041529203018768005,-0.025830650694006876
1943,2455.482288384,-0.012487628691428351,-0.003716102508571796,-0.024975257382856702
1944,2456.514551841,-0.012164944857056109,-0.003319312495072263,-0.024329889714112218
1945,2457.90799909,-0.011805273910722324,-0.0027695973807020076,-0.023610547821444648
1946,2458.546799837,-0.011669477678324639,-0.002514914135137808,-0.023338955356649278
1947,2460.013579466,-0.011425913053506315,-0.001931070534727632,-0.02285182610701263
1948,2461.202295375,-0.011296605009671185,-0.0014657158954768403,-0.02259321001934237
1949,2461.731628648,-0.011258010860526788,-0.0012625876156824062,-0.022516021721053575
1950,2462.464294914,-0.011223277907689446,-0.0009869764150686284,-0.022446555815378893
1951,2463.569667295,-0.011210395550974785,-0.0005861444603246638,-0.02242079110194957
1952,2464.927816361,-0.011255717991705202,-0.00012417782205063007,-0.022511435983410405
1953,2466.183097013,-0.011352450465903746,0.0002667467515998312,-0.022704900931807492
1954,2467.640860784,-0.011523286844805513,0.0006701473862139921,-0.023046573689611025
1955,2468.186816301,-0.011601613781351883,0.0008058659237108526,-0.023203227562703765
1956,2469.336263892,-0.0117887102593812,0.001062240900449513,-0.0235774205187624
1957,2469.781485032,-0.011868395244097992,0.0011504273364903253,-0.023736790488195984
1958,2471.539297742,-0.012214710042020802,0.0014351294942583203,-0.024429420084041604
1959,2472.336417589,-0.01238473673907578,0.0015298917839039188,-0.02476947347815156
1960,2473.107124735,-0.01255437328705869,0.0016007338144769356,-0.02510874657411738
1961,2474.237849734,-0.012809014705016653,0.0016674997455791327,-0.025618029410033306
1962,2475.539353861,-0.013104408843806432,0.0016898950479416924,-0.026208817687612865
1963,2477.021755096,-0.01343417787212926,0.0016459597582733354,-0.02686835574425852
1964,2478.014854025,-0.013645748810861039,0.0015767011246076682,-0.027291497621722078
1965,2478.397597583,-0.013724450832469925,0.001541814484160969,-0.02744890166493985
1966,2479.977351981,-0.014027781709401761,0.0013521585478625403,-0.028055563418803522
1967,2480.433606985,-0.014107829964917135,0.0012844277040298872,-0.02821565992983427
1968,2481.35676728,-0.014257682966703595,0.0011309887061995787,-0.02851536593340719
1969,2482.683411519,-0.014441242116590213,0.000875346292731489,-0.028882484233180426
1970,2484.503238275,-0.014623434166229217,0.0004677255283831145,-0.029246868332458435
1971,2485.087590537,-0.014663217111527651,0.0003254191885971918,-0.029326434223055302
1972,2485.785620712,-0.014698100877941168,0.00014958977081572697,-0.029396201755882336
1973,2487.333836443,-0.014724472088259858,-0.00025775369593598814,-0.029448944176519717
1974,2488.113831754,-0.014710344168214933,-0.0004689896211041596,-0.029420688336429867
1975,2489.261157452,-0.014655545996164972,-0.0007826884675005936,-0.029311091992329945
1976,2490.051090516,-0.014594187510587078,-0.0009983681570909682,-0.029188375021174155
1977,2491.105516422,-0.014482447228751626,-0.0012825797153616703,-0.028964894457503252
1978,2491.907473934,-0.014374964403964586,-0.0014937119165904685,-0.028749928807929172
1979,2493.489295449,-0.014107876444667782,-0.0018903344057696425,-0.028215752889335564
1980,2494.866177828,-0.013819121893649993,-0.0022061268643213785,-0.027638243787299985
1981,2495.84684042,-0.013584008926664337,-0.0024098342559448205,-0.027168017853328674
1982,2496.485336703,-0.013418776277862605,-0.002531557442825097,-0.02683755255572521
1983,2497.648465247,-0.013095326483492063,-0.0027287231666455357,-0.026190652966984126
1984,2497.969973967,-0.013001217833712799,-0.002777228429100101,-0.026002435667425598
1985,2499.862042821,-0.012412422577946381,-0.003005148319821597,-0.024824845155892762
1986,2500.564386412,-0.012181186794443207,-0.0030631212293233245,-0.024362373588886415
1987,2501.577744672,-0.011838637704198293,-0.0031197691973880136,-0.023677275408396585
1988,2503.185227212,-0.011281152613971843,-0.0031416248190927545,-0.022562305227943686
1989,2504.008933659,-0.01099259833734291,-0.0031196141508408825,-0.02198519667468582
1990,2504.772152511,-0.010725672901372144,-0.003078865617604436,-0.021451345802744288
1991,2506.305351937,-0.010197003973397168,-0.002937812674577202,-0.020394007946794336
1992,2507.151885648,-0.009913030307138658,-0.002826406487024815,-0.019826060614277316
1993,2507.87103958,-0.009678179923746815,-0.0027134056697646516,-0.01935635984749363
1994,2508.766046104,-0.009396064776504037,-0.0025498043730801936,-0.018792129553008075
1995,2509.652997441,-0.009129729319522597,-0.0023633792915347743,-0.018259458639045194
1996,2511.660189787,-0.00858692747961785,-0.0018581296097465645,-0.0171738549592357
1997,2512.538220985,-0.008380188025487617,-0.001603888942881068,-0.016760376050975235
1998,2513.579517021,-0.00816267007379807,-0.0012791740984735738,-0.01632534014759614
1999,2514.25985906,-0.008037965205102802,-0.001054739579768902,-0.016075930410205604
2000,2515.286482925,-0.007877550739140923,-0.0006999534551788946,-0.015755101478281845
2001,2516.571049142,-0.007726607210381499,-0.0002331765860486793,-0.015453214420762997
2002,2517.14693188,-0.007677719219035868,-1.7305195631410744e-05,-0.015355438438071736
2003,2518.55285204,-0.007609110181697437,0.0005218466437143832,-0.015218220363394874
2004,2519.63425264,-0.0076065569678512145,0.0009435175715576437,-0.015213113935702429
2005,2520.402323516,-0.0076317087145823855,0.0012439635796780827,-0.015263417429164771
2006,2521.885175646,-0.007743937772351443,0.0018195772169133238,-0.015487875544702885
2007,2523.263480156,-0.007922901935316019,0.00234076448072357,-0.015845803870632037
2008,2523.967055819,-0.008041444544890199,0.0025985573641528295,-0.016082889089780398
2009,2524.642045796,-0.008172021680892056,0.002839130862548984,-0.016344043361784112
2010,2525.687993325,-0.008406008444093432,0.003196381383195951,-0.016812016888186863
2011,2526.868810059,-0.008714363176719343,0.0035728010341520874,-0.017428726353438687
2012,2527.418791161,-0.00887315922275031,0.003736989512248975,-0.01774631844550062
2013,2529.378043463,-0.00951050283358527,0.004255472867558833,-0.01902100566717054
2014,2530.273672273,-0.009835424603063508,0.004454023028734139,-0.019670849206127015
2015,2531.54396122,-0.010327028143971462,0.004689685080715636,-0.020654056287942923
2016,2531.969384081,-0.01049876827321397,0.004755907765172255,-0.02099753654642794
2017,2533.067317099,-0.01095590758721144,0.004895945423954473,-0.02191181517442288
2018,2534.408614098,-0.011536199062097042,0.005004289964972012,-0.023072398124194083
2019,2535.505886074,-0.012023112553128433,0.00503976206137225,-0.024046225106256865
2020,2536.091884922,-0.01228580771087066,0.0050386984764421916,-0.02457161542174132
2021,2536.867485223,-0.012634715192640195,0.005015657101094929,-0.02526943038528039
2022,2538.559826936,-0.013392744924670323,0.004879561424624555,-0.026785489849340646
2023,2539.998407119,-0.01402241487648992,0.0046721462276917685,-0.02804482975297984
2024,2540.531661936,-0.01424997159609258,0.00457428256949242,-0.02849994319218516
2025,2541.998729154,-0.014853510688846518,0.0042483951141561735,-0.029707021377693037
2026,2542.687650514,-0.015123168822004941,0.004067677025766942,-0.030246337644009882
2027,2543.343955089,-0.015370459845372421,0.003879788220374283,-0.030740919690744842
2028,2544.290953657,-0.015708871662112562,0.0035828288894420497,-0.031417743324225124
2029,2545.87801773,-0.016220657325121665,0.00302172302314415,-0.03244131465024333
2030,2546.761141282,-0.016471875984704294,0.002678369191287203,-0.03294375196940859
2031,2548.181615394,-0.01682021947516128,0.0020856755303419934,-0.03364043895032256
2032,2548.895987575,-0.016967732111668393,0.0017712333397132088,-0.033935464223336785
2033,2549.996484492,-0.017156691692607917,0.0012690802855365028,-0.034313383385215834
2034,2551.411141992,-0.017328479953180875,0.0005988765748947927,-0.03465695990636175
2035,2551.88044596,-0.01736726878020484,0.00037204742949638016,-0.03473453756040968
2036,2553.275677996,-0.017427869846909118,-0.00031005782599409395,-0.034855739693818236
2037,2553.723069201,-0.01742980914890792,-0.0005299912278429018,-0.03485961829781584
2038,2555.050875291,-0.01738535997709867,-0.0011812783939784796,-0.03477071995419734
2039,2555.832350747,-0.017324240051057913,-0.0015608032042437015,-0.034648480102115825
2040,2558.009105943,-0.017020389847251245,-0.0025851930585722356,-0.03404077969450249
2041,2558.752211368,-0.016873111199315654,-0.002918766491329703,-0.03374622239863131
2042,2559.234296597,-0.016766200454324216,-0.0031295418917890354,-0.03353240090864843
2043,2560.263289514,-0.016509160239324076,-0.003562555609271761,-0.03301832047864815
2044,2561.405635748,-0.01618010977383595,-0.004012641770492317,-0.0323602195476719
2045,2562.426113338,-0.015850092871327014,-0.004383717888534337,-0.03170018574265403
2046,2563.501718904,-0.015468685820802398,-0.00473960661794707,-0.030937371641604795
2047,2564.332107854,-0.01515296078309497,-0.004987562320472126,-0.03030592156618994
2048,2565.975270478,-0.014481356451164122,-0.005403757257970663,-0.028962712902328245
2049,2566.557557897,-0.014230696192300038,-0.005526166850565366,-0.028461392384600076
2050,2567.958599725,-0.013606535808177585,-0.005764127691282908,-0.02721307161635517
2051,2569.043090175,-0.013108218244690717,-0.005891711667136428,-0.026216436489381434
2052,2569.948111597,-0.012686194034121148,-0.005959444096508737,-0.025372388068242296
2053,2570.958525662,-0.012212235797323067,-0.005992934765825358,-0.024424471594646134
2054,2571.540774148,-0.01193932861663782,-0.005991979316561513,-0.02387865723327564
2055,2572.368208186,-0.011553649346642509,-0.005965206305866307,-0.023107298693285018
2056,2574.20716395,-0.010716067841661809,-0.005800250708934187,-0.021432135683323618
2057,2575.404511997,-0.010194355893087452,-0.005616828188238138,-0.020388711786174903
2058,2576.141011186,-0.009886088840581035,-0.005475414795712108,-0.01977217768116207
2059,2577.519835533,-0.009340645309351126,-0.005154976775594944,-0.018681290618702252
2060,2578.070129925,-0.00913609762251399,-0.005007799856408462,-0.01827219524502798
2061,2578.971298336,-0.008819316122590518,-0.0047444677671660915,-0.017638632245181037
2062,2580.346111565,-0.00838395598749821,-0.004293264861574278,-0.01676791197499642
2063,2581.398140583,-0.008093789078291651,-0.003911752823290323,-0.016187578156583303
2064,2582.138733931,-0.007913589048480522,-0.003626540656093329,-0.015827178096961044
2065,2583.003294535,-0.007729705123766428,-0.0032782577834247154,-0.015459410247532855
2066,2584.758402442,-0.007448763464009674,-0.002529587700593453,-0.014897526928019348
2067,2585.772739404,-0.007345250563216771,-0.002077779399168216,-0.014690501126433542
2068,2586.925178957,-0.00728160504930853,-0.001553719562528732,-0.01456321009861706
2069,2587.591000924,-0.007271336773523933,-0.0012479777885441203,-0.014542673547047866
2070,2588.368210424,-0.007284034034825595,-0.0008902556623159608,-0.01456806806965119
2071,2589.579264554,-0.007356731657611985,-0.0003352723414894625,-0.01471346331522397
2072,2590.371692925,-0.007438901156247727,2.338459870852519e-05,-0.014877802312495454
2073,2591.549378448,-0.007610672580478839,0.0005451022530206357,-0.015221345160957678
2074,2593.275876805,-0.007966180953737445,0.0012739410556104839,-0.01593236190747489
2075,2594.023618335,-0.008156672992817365,0.0015722664450195892,-0.01631334598563473
2076,2594.905011552,-0.008408030049238647,0.0019077275101438032,-0.016816060098477293
2077,2595.687530139,-0.008654346494547277,0.0021892032324730922,-0.017308692989094553
2078,2597.54614149,-0.009319456148769565,0.002787581718759713,-0.01863891229753913
2079,2597.979353418,-0.009489271398009117,0.0029114841633699397,-0.018978542796018235
2080,2598.59876832,-0.009740847423824793,0.0030776409461900755,-0.019481694847649587
2081,2600.121355062,-0.010398640278912161,0.0034280623047018783,-0.020797280557824323
2082,2600.641952319,-0.010634823886223893,0.0035280661779414518,-0.021269647772447785
2083,2602.412300558,-0.011471968417648092,0.0037886589307471862,-0.022943936835296184
2084,2603.628781119,-0.012069929568143161,0.003894168887085045,-0.024139859136286322
2085,2604.573564824,-0.012542144894725996,0.003933811836461609,-0.025084289789451993
2086,2605.368075916,-0.01294198138980938,0.003938311808912724,-0.02588396277961876
2087,2606.243664548,-0.013383118599272171,0.003912773062534694,-0.026766237198544342
2088,2607.003639114,-0.013764557203980135,0.0038648454032383303,-0.02752911440796027
2089,2608.364899649,-0.014439136152185842,0.003720087744382879,-0.028878272304371684
2090,2609.552086738,-0.015012444353861934,0.0035337832783255392,-0.03002488870772387
2091,2610.444520939,-0.01543055579187236,0.003358317079480142,-0.03086111158374472
2092,2611.543670381,-0.015926580706195577,0.0031023906522802554,-0.031853161412391154
2093,2612.956807037,-0.016527489056763406,0.0027128442493855485,-0.03305497811352681
2094,2613.731929438,-0.01683690258738362,0.0024723955620383773,-0.03367380517476724
2095,2614.737136165,-0.017214437107063076,0.002134752659083857,-0.03442887421412615
2096,2615.847707268,-0.01759784281953822,0.0017309692149709108,-0.03519568563907644
2097,2616.902118244,-0.01792674038130825,0.0013213106926670097,-0.0358534807626165
2098,2617.335046935,-0.018051400985001232,0.001146560647706941,-0.036102801970002464
2099,2618.292915478,-0.018304966082462314,0.000748125136557113,-0.03660993216492463
2100,2620.279393694,-0.018729624237445647,-0.00011896005690647163,-0.037459248474891294
2101,2621.429055213,-0.018911307334263838,-0.0006375283593394453,-0.037822614668527675
2102,2622.048696798,-0.01898953961660655,-0.0009197510970182708,-0.0379790792332131
2103,2622.994507976,-0.01908242362720416,-0.0013519075408363476,-0.03816484725440832
2104,2624.050603855,-0.019148635057348377,-0.0018332787165398477,-0.03829727011469675
2105,2624.909501777,-0.019173849428998527,-0.0022212344319130404,-0.038347698857997055
2106,2626.46050223,-0.019156557184593914,-0.0029068204756338887,-0.03831311436918783
2107,2626.710471396,-0.019146467513123485,-0.0030148901697758424,-0.03829293502624697
2108,2628.098026526,-0.019055553744716455,-0.0035989938526145397,-0.03811110748943291
2109,2629.604139511,-0.018894329303263693,-0.004196536596521206,-0.03778865860652739
2110,2629.994800764,-0.018842749486748352,-0.00434430486512481,-0.037685498973496705
2111,2632.043116637,-0.01851454610331193,-0.005063135516812144,-0.03702909220662386
2112,2632.443658949,-0.01844026176668229,-0.005191825694116532,-0.03688052353336458
2113,2633.67639994,-0.018194390939780578,-0.005561503049207573,-0.036388781879561155
2114,2633.966543434,-0.018133157014548793,-0.005642531191422356,-0.036266314029097586
2115,2635.217331617,-0.01785722645122796,-0.005964775507953657,-0.03571445290245592
2116,2636.432585995,-0.017574862426183887,-0.00623471385813756,-0.035149724852367774
2117,2637.510683358,-0.017317241863859502,-0.0064378978534709455,-0.034634483727719004
2118,2639.062573045,-0.016943024456183415,-0.006670318944107445,-0.03388604891236683
2119,2640.054245882,-0.016706643758893983,-0.0067822287746707515,-0.033413287517787965
2120,2640.462942827,-0.016610726775295286,-0.006820227424586536,-0.03322145355059057
2121,2641.801744784,-0.016305895991609105,-0.006912553621001635,-0.03261179198321821
2122,2642.755759063,-0.016100309863748677,-0.006949531461372096,-0.032200619727497354
2123,2643.970900957,-0.01585673577972678,-0.006964292209192611,-0.03171347155945356
2124,2644.887867143,-0.01568908168707222,-0.0069533002954491555,-0.03137816337414444
2125,2645.395567279,-0.01560299328613057,-0.006939686500746459,-0.03120598657226114
2126,2646.689940173,-0.015407537545101817,-0.006883135095231401,-0.030815075090203634
2127,2648.577429282,-0.015191348879678872,-0.0067538041527276296,-0.030382697759357744
2128,2649.325653552,-0.015130303585174533,-0.00669068074020671,-0.030260607170349067
2129,2650.058544458,-0.015084845168993576,-0.006624099761081974,-0.03016969033798715
2130,2651.227331332,-0.015042600903713394,-0.00651117794938473,-0.030085201807426788
2131,2652.160775242,-0.015036158139690859,-0.0064179337290671745,-0.030072316279381717
2132,2652.770642829,-0.015045193628529172,-0.006356892569548763,-0.030090387257058343
2133,2653.897069746,-0.01508944737792772,-0.006246681637174913,-0.03017889475585544
2134,2655.615772326,-0.015225024766365908,-0.006093832720632342,-0.030450049532731817
2135,2656.238998498,-0.015293963839189502,-0.006045635500297975,-0.030587927678379003
2136,2657.537760758,-0.015469916053031196,-0.0059621994430063404,-0.030939832106062392
2137,2658.341557629,-0.01559963061876171,-0.005924336140701092,-0.03119926123752342
2138,2659.658316021,-0.015843889229130097,-0.005889531965540052,-0.03168777845826019
2139,2660.610245803,-0.016042870554381836,-0.005888324195139154,-0.03208574110876367
2140,2661.582573758,-0.016263270872461762,-0.005910290029896807,-0.032526541744923525
2141,2662.183573435,-0.016407191963335652,-0.0059364711311922875,-0.032814383926671305
2142,2663.393945622,-0.016712158551299358,-0.006020438022151691,-0.033424317102598716
2143,2664.235489083,-0.01693392858650483,-0.0061047541568884835,-0.03386785717300966
2144,2666.030101479,-0.017424313279991662,-0.0063599505489823766,-0.034848626559983324
2145,2666.982849073,-0.01768929162582233,-0.006538818314262446,-0.03537858325164466
2146,2668.291859038,-0.018051921916780424,-0.0068350093019151105,-0.03610384383356085
2147,2668.663651403,-0.018153679098828507,-0.006929869664146273,-0.036307358197657014
2148,2669.253744888,-0.018313317514766947,-0.007090189939089893,-0.036626635029533894
2149,2670.998998582,-0.018765701145436745,-0.007633928891507338,-0.03753140229087349
2150,2671.918382671,-0.018987566683128163,-0.007961407410162541,-0.037975133366256325
2151,2672.603779589,-0.01914350188710145,-0.008223406271223083,-0.0382870037742029
2152,2673.874618711,-0.01940731721371589,-0.008748034160737711,-0.03881463442743178
2153,2675.27175913,-0.01965280715071323,-0.009379637180499048,-0.03930561430142646
2154,2676.066490229,-0.019768610178002837,-0.009762578241271582,-0.039537220356005674
2155,2677.246193893,-0.019904975318453873,-0.010359679850051142,-0.039809950636907745
2156,2678.538156522,-0.020001176069656092,-0.011048386925626206,-0.040002352139312185
2157,2679.025281597,-0.020022033914961136,-0.011316292924001325,-0.04004406782992227
2158,2680.039021546,-0.02003691946203358,-0.011886122153008142,-0.04007383892406716
2159,2680.843117133,-0.02002031045094709,-0.012348113673838049,-0.04004062090189418
2160,2681.841051456,-0.019963419283928745,-0.01293093938816844,-0.03992683856785749
2161,2683.882275551,-0.01971721248084711,-0.014141642146306864,-0.03943442496169422
2162,2684.529156905,-0.019601926893669054,-0.014526606449485883,-0.03920385378733811
2163,2685.377113426,-0.01942332659605314,-0.015029358984222727,-0.03884665319210628
2164,2686.496160151,-0.019139886517647548,-0.01568593650784109,-0.038279773035295096
2165,2687.489939808,-0.018842937937274675,-0.016258480564244476,-0.03768587587454935
2166,2688.385081596,-0.018539568440934455,-0.016762500948957364,-0.03707913688186891
2167,2689.423275981,-0.0181460685268837,-0.017329531244365936,-0.0362921370537674
2168,2690.633186856,-0.017632944030057284,-0.01796139797536901,-0.03526588806011457
2169,2691.31838284,-0.0173173625295663,-0.018303179619356753,-0.0346347250591326
2170,2692.368718959,-0.016800290080784017,-0.018801537498156877,-0.033600580161568035
2171,2694.102820613,-0.01586483952225344,-0.0195478085155991,-0.03172967904450688
2172,2695.208957969,-0.01522032831371816,-0.019968119761216572,-0.03044065662743632
2173,2695.75004924,-0.014892960783315744,-0.02015659030833476,-0.029785921566631488
2174,2696.695372582,-0.014303901837030805,-0.020457420267342243,-0.02860780367406161
2175,2697.857558215,-0.013553515244274884,-0.020775435645087045,-0.027107030488549767
2176,2698.29096132,-0.01326731713420285,-0.02087885682181031,-0.0265346342684057
2177,2699.9420275,-0.012152235576442712,-0.021194516384328507,-0.024304471152885424
2178,2700.731207011,-0.011608891541567147,-0.021300483980328622,-0.023217783083134293
2179,2702.433544847,-0.010425521887078765,-0.02142787132416986,-0.02085104377415753
2180,2703.143657511,-0.009930965887744416,-0.02143981616241908,-0.019861931775488832
2181,2703.981714245,-0.009349421488666082,-0.021422721648658917,-0.018698842977332163
2182,2704.955737553,-0.00867937319646758,-0.021360709585686786,-0.01735874639293516
2183,2706.528247327,-0.00761978643731143,-0.021166672341587648,-0.01523957287462286
2184,2707.090764646,-0.007249804994509922,-0.021069773652201203,-0.014499609989019844
2185,2708.117069229,-0.006590289370521264,-0.020856903627942684,-0.013180578741042528
2186,2708.476524962,-0.006364622605591623,-0.020771606268501244,-0.012729245211183246
2187,2710.368359824,-0.005230486272811941,-0.020235574332742895,-0.010460972545623882
2188,2711.458227864,-0.004623844985953641,-0.019864573815444174,-0.009247689971907282
2189,2712.786687335,-0.003937442039414269,-0.019357039063439968,-0.007874884078828538
2190,2713.525289303,-0.0035831460849899575,-0.019050970776042998,-0.007166292169979915
2191,2714.367906689,-0.0032043369895645335,-0.018683025524775035,-0.006408673979129067
2192,2715.339871631,-0.0028025339198359213,-0.018236292232474634,-0.0056050678396718425
2193,2716.025049049,-0.0025427804412492543,-0.017908680227760983,-0.0050855608824985086
2194,2717.665774871,-0.0020028453513077533,-0.017089218494311866,-0.004005690702615507
2195,2718.308652474,-0.001823692946258953,-0.01675742400003586,-0.003647385892517906
2196,2719.770998978,-0.0014856107204661408,-0.015987645603786776,-0.0029712214409322816
2197,2720.493474899,-0.0013544611238733425,-0.015602518025647999,-0.002708922247746685
2198,2721.798775617,-0.001177698840067816,-0.014904633106096427,-0.002355397680135632
2199,2723.086082744,-0.0010785193213255142,-0.014220871187829833,-0.0021570386426510283
2200,2723.76892885,-0.0010556527393949448,-0.013862771899281957,-0.0021113054787898896
2201,2724.523924437,-0.0010538360108729747,-0.013472367233449894,-0.0021076720217459493
2202,2725.882989204,-0.0011107808611670103,-0.012789006603373202,-0.0022215617223340207
2203,2726.479701034,-0.001159358800270035,-0.012498657458360056,-0.00231871760054007
2204,2727.274459432,-0.001245419967724133,-0.012122777776237933,-0.002490839935448266
2205,2729.395041669,-0.001586261500156415,-0.011191313958648483,-0.00317252300031283
2206,2730.492891807,-0.0018202535078654875,-0.010756389692071593,-0.003640507015730975
2207,2730.79770208,-0.0018914807019523778,-0.010641976359139639,-0.0037829614039047556
2208,2732.004049913,-0.002197677071477837,-0.01021787972924127,-0.004395354142955674
2209,2732.830123558,-0.002427663754344751,-0.009955139270143038,-0.004855327508689502
2210,2734.200782969,-0.0028400791909882336,-0.00957150757587412,-0.005680158381976467
2211,2734.938856084,-0.003075493679125357,-0.009392924546401265,-0.006150987358250714
2212,2736.000479107,-0.0034269674523059097,-0.009171352406270532,-0.006853934904611819
2213,2736.92204844,-0.003741452943332302,-0.009013257437968623,-0.007482905886664604
2214,2738.266444164,-0.0042098853684622945,-0.008840119362472783,-0.008419770736924589
2215,2739.513547296,-0.00464801665789142,-0.00874024638623322,-0.00929603331578284
2216,2740.31110942,-0.004926850957050777,-0.008706570636082957,-0.009853701914101554
2217,2741.878852421,-0.005464386711208212,-0.008707072577438427,-0.010928773422416424
2218,2742.254107878,-0.0055899032680548615,-0.008719912548341063,-0.011179806536109723
2219,2742.99306816,-0.005832381003790141,-0.00875903188591436,-0.011664762007580282
2220,2743.95346981,-0.006136566324454163,-0.00883634318590383,-0.012273132648908325
2221,2745.321831898,-0.006544074878330089,-0.008995059958296905,-0.013088149756660178
2222,2746.714798952,-0.00692165561560016,-0.009210057543534184,-0.01384331123120032
2223,2747.514097996,-0.007119009659944071,-0.00935524980794052,-0.014238019319888141
2224,2748.916191066,-0.007427646167884554,-0.009643489743151027,-0.014855292335769108
2225,2749.643649789,-0.007567709144155647,-0.009807752886430009,-0.015135418288311294
2226,2750.31408341,-0.007684060310934341,-0.009966762159640003,-0.015368120621868682
2227,2751.823671457,-0.007899699056868598,-0.010346738916623412,-0.015799398113737196
2228,2752.715502495,-0.007996132031141967,-0.010582116733982577,-0.015992264062283934
2229,2753.487796417,-0.008060767163017984,-0.010790363256477708,-0.01612153432603597
2230,2754.458663083,-0.008117091620511075,-0.011055648204271762,-0.01623418324102215
2231,2755.416876191,-0.008145598907284326,-0.011318708984767957,-0.016291197814568652
2232,2757.301868214,-0.008124948557399893,-0.01182943089395801,-0.016249897114799787
2233,2758.278103328,-0.008075832949238982,-0.012085198526342161,-0.016151665898477965
2234,2758.858670969,-0.008034811936960212,-0.012233028463198473,-0.016069623873920424
2235,2759.89861392,-0.007940402071819926,-0.01248794260805701,-0.015880804143639852
2236,2760.65715154,-0.007855520736971959,-0.012664534685965474,-0.015711041473943917
2237,2762.082880144,-0.007662648713951685,-0.012971297724450107,-0.01532529742790337
2238,2762.444580466,-0.007607381957699819,-0.013043325937013637,-0.015214763915399637
2239,2764.041846252,-0.007336766449457463,-0.01333009445029561,-0.014673532898914926
2240,2765.407691146,-0.007076666944294736,-0.013531368784601034,-0.014153333888589472
2241,2766.15703559,-0.0069253419651935716,-0.013623347260160281,-0.013850683930387143
2242,2766.887269747,-0.006773422032344471,-0.013699921678115973,-0.013546844064688942
2243,2768.664523888,-0.0063922437161918364,-0.013830970193806833,-0.012784487432383673
2244,2769.144698796,-0.006288046714005647,-0.013852747616886782,-0.012576093428011295
2245,2770.279093644,-0.0060428656298141285,-0.013881158610680951,-0.012085731259628257
2246,2771.017392143,-0.005885610726109463,-0.013882424450344493,-0.011771221452218926
2247,2771.89629366,-0.005702660434335146,-0.01386658101430368,-0.011405320868670292
2248,2773.029713424,-0.005476483518492771,-0.013819181391352603,-0.010952967036985542
2249,2774.670010733,-0.005176060651963189,-0.01369997104444221,-0.010352121303926378
2250,2775.725707342,-0.005004137152672401,-0.013594256536384342,-0.010008274305344803
2251,2776.619160308,-0.004874185045339327,-0.013488898108598171,-0.009748370090678655
2252,2777.512125203,-0.004760154387844069,-0.013370582752071656,-0.009520308775688139
2253,2778.2896953,-0.004674839145118872,-0.013258200608186279,-0.009349678290237744
2254,2779.127539134,-0.004598458385379957,-0.01312871849235366,-0.009196916770759914
2255,2780.771118379,-0.004498738378342335,-0.012855163014100298,-0.00899747675668467
2256,2781.656070228,-0.004474043013942015,-0.012700580912678536,-0.00894808602788403
2257,2781.989239655,-0.004470186131484659,-0.01264161282729091,-0.008940372262969318
2258,2783.943665287,-0.004508877148261674,-0.012294211339324507,-0.009017754296523349
2259,2784.705283876,-0.004552625972466464,-0.01216132158179251,-0.009105251944932929
2260,2786.043335739,-0.004668332329685572,-0.011937027877889108,-0.009336664659371144
2261,2786.702566351,-0.004743293413153808,-0.011832668670977679,-0.009486586826307616
2262,2787.932021258,-0.004913859861303942,-0.01165263932422165,-0.009827719722607884
2263,2788.796278014,-0.005056879525931785,-0.011539905593972952,-0.01011375905186357
2264,2789.197561121,-0.005129505972418399,-0.011492046446793807,-0.010259011944836798
2265,2790.493080792,-0.005389460387437208,-0.011359531901621126,-0.010778920774874415
2266,2792.113378557,-0.005764582472008364,-0.011247859560966985,-0.011529164944016727
2267,2793.301469241,-0.0060701183413197825,-0.011209631121060767,-0.012140236682639565
2268,2794.238093337,-0.006326155738057198,-0.01120819095204091,-0.012652311476114396
2269,2794.653824666,-0.006443456489220174,-0.011216111761777866,-0.012886912978440348
2270,2796.034761604,-0.006846022144403169,-0.011282068255487972,-0.013692044288806339
2271,2797.174539351,-0.007189039429373388,-0.011384373373772409,-0.014378078858746776
2272,2797.97290123,-0.007432417834534534,-0.011482776426382431,-0.014864835669069067
2273,2798.798140177,-0.0076846748614814156,-0.011608153465197573,-0.015369349722962831
2274,2800.067444818,-0.008069748349054159,-0.01184859333199578,-0.016139496698108317
2275,2800.937603116,-0.008328559122969648,-0.01204694311708222,-0.016657118245939295
2276,2802.224801536,-0.008698262238443845,-0.012390137121750954,-0.01739652447688769
2277,2803.864955139,-0.009136232881808018,-0.012911843149756084,-0.018272465763616037
2278,2804.418935677,-0.009273406948886054,-0.013108789842850566,-0.01854681389777211
2279,2805.205300363,-0.009457075944899635,-0.013405682910480705,-0.01891415188979927
2280,2806.002732415,-0.009628658893410674,-0.013726832243490604,-0.019257317786821347
2281,2807.132318371,-0.009843396967993917,-0.014214604024392596,-0.019686793935987833
2282,2808.153501198,-0.010005797409024882,-0.014686505903648523,-0.020011594818049764
2283,2809.291652245,-0.010147603209741817,-0.015243945520600285,-0.020295206419483635
2284,2810.724634083,-0.01026189151445781,-0.01598718939858515,-0.02052378302891562
2285,2811.460992224,-0.01029079872778702,-0.016384531004357217,-0.02058159745557404
2286,2812.861997589,-0.010286471138151126,-0.017163852695698822,-0.020572942276302252
2287,2813.201488028,-0.010273314174603941,-0.01735649705940738,-0.020546628349207882
2288,2814.656757981,-0.010161511504768109,-0.018194291526890463,-0.020323023009536218
2289,2815.838653991,-0.01000303334760859,-0.018883484546799542,-0.02000606669521718
2290,2816.337954816,-0.00991753638443982,-0.019175395407608948,-0.01983507276887964
2291,2817.458907317,-0.009685143591725339,-0.019829215139823643,-0.019370287183450678
2292,2817.949462161,-0.009565809751805663,-0.020113626920568815,-0.019131619503611325
2293,2820.488842021,-0.008778014262448617,-0.021549150114497644,-0.017556028524897235
2294,2820.660841054,-0.008714511335683465,-0.021643224807499535,-0.01742902267136693
2295,2821.891930075,-0.008223584969612093,-0.02230071396093137,-0.016447169939224186
2296,2822.923026217,-0.007764612096200911,-0.02282663070147201,-0.015529224192401821
2297,2823.866992057,-0.0073079120361290925,-0.02328489501049099,-0.014615824072258185
2298,2824.281884122,-0.007096585939946549,-0.023478553337278333,-0.014193171879893099
2299,2825.872656692,-0.006229899868866446,-0.024172293247307144,-0.012459799737732893
2300,2826.712170375,-0.005738872311978827,-0.024504395639855247,-0.011477744623957654
2301,2828.029973946,-0.004926154236001891,-0.024973571314593872,-0.009852308472003782
2302,2828.851526591,-0.004396208917937395,-0.025231761962135182,-0.00879241783587479
2303,2830.08754529,-0.0035698827332061303,-0.025567585212710034,-0.0071397654664122606
2304,2831.128425437,-0.002851174627018631,-0.025799200031122193,-0.005702349254037262
2305,2832.416550858,-0.001939244028458886,-0.026018509770634978,-0.003878488056917772
2306,2833.138035852,-0.0014203278174000503,-0.02610802292920432,-0.0028406556348001006
2307,2833.658717233,-0.001043237566808495,-0.02615754774116635,-0.00208647513361699
2308,2834.980248463,-8.035747819831668e-05,-0.026226038445024722,-0.00016071495639663336
2309,2835.775847744,0.0005004810789891592,-0.02622757474356969,0.0010009621579783183
2310,2837.014472081,0.0014010711569305712,-0.02617082844165295,0.0028021423138611425
2311,2838.812881529,0.0026874699461961835,-0.02596236728874366,0.005374939892392367
2312,2839.485753395,0.0031585147016400463,-0.02584700023897611,0.0063170294032800925
2313,2840.285754911,0.0037089909652837545,-0.0256842187537536,0.007417981930567509
2314,2840.920672973,0.00413737820857338,-0.0255357478218045,0.00827475641714676
2315,2842.332641081,0.0050585916593140715,-0.0251470210698511,0.010117183318628143
2316,2843.469837885,0.005764222411118444,-0.024778572551187435,0.011528444822236888
2317,2844.198986963,0.006197471265584631,-0.02451814952008108,0.012394942531169262
2318,2845.02543361,0.006668884875195997,-0.02420167826954579,0.013337769750391994
2319,2846.390776213,0.007398502834352568,-0.023633493150756926,0.014797005668705137
2320,2847.53593553,0.007959869510188474,-0.02311829895468973,0.01591973902037695
2321,2848.770308556,0.00851008106494681,-0.022529479667807616,0.01702016212989362
2322,2849.797086647,0.00892255693981611,-0.02201771748567142,0.01784511387963222
2323,2850.471888197,0.009170691433673434,-0.02167249269160377,0.018341382867346868
2324,2851.678938036,0.009568364018659913,-0.021041314336597314,0.019136728037319826
2325,2852.303726568,0.009750737532857996,-0.020709446326605683,0.019501475065715992
2326,2852.926214765,0.009916467687493328,-0.020376445070151763,0.019832935374986656
2327,2854.832394232,0.010325307234292393,-0.01935117583211865,0.020650614468584787
2328,2855.853721193,0.010484108822885804,-0.018804617160093556,0.020968217645771607
2329,2856.816133544,0.0105963772964028,-0.01829559206417271,0.0211927545928056
2330,2857.73613981,0.01067084941314499,-0.017817188445266495,0.02134169882628998
2331,2858.857860356,0.010719978972919814,-0.017248307414781713,0.021439957945839628
2332,2859.838748954,0.0107272995155171,-0.01676688894037362,0.0214545990310342
2333,2860.577436498,0.010712096047837422,-0.016415878598373193,0.021424192095674845
2334,2862.120208237,0.010627350410510057,-0.01571955296138007,0.021254700821020114
2335,2862.506966278,0.010595698359213437,-0.015553546149955435,0.021191396718426875
2336,2863.363589552,0.010512055193902654,-0.015199089890715365,0.021024110387805307
2337,2864.911426759,0.010318524885994503,-0.014607895299286779,0.020637049771989005
2338,2866.493209756,0.010074143292172297,-0.014074024707894203,0.020148286584344595
2339,2867.149356094,0.009961808496120989,-0.013874432184193417,0.019923616992241978
2340,2868.224163663,0.009767165097377854,-0.013575930667463975,0.019534330194755707
2341,2868.657629194,0.009685685077602856,-0.013465642770318049,0.01937137015520571
2342,2869.843456575,0.009456789258343253,-0.013193727622047027,0.018913578516686506
2343,2870.909506375,0.009246945035594166,-0.012986397067723554,0.018493890071188332
2344,2872.023511114,0.009027818967636157,-0.012806724503351737,0.018055637935272314
2345,2872.858555184,0.008866169477653668,-0.012696231653535556,0.017732338955307337
2346,2874.569154073,0.008549765294947536,-0.01253175519463525,0.017099530589895072
2347,2875.282119166,0.008426339202799518,-0.01248646676947258,0.016852678405599036
2348,2875.889914341,0.008326104382991572,-0.012458009873684684,0.016652208765983143
2349,2877.546649152,0.008080625925753357,-0.012424347467980714,0.016161251851506714
2350,2878.527002624,0.007957525655663367,-0.012431730225367529,0.015915051311326735
2351,2879.119907547,0.007892051477764688,-0.012444891697950536,0.015784102955529376
2352,2879.868973939,0.007819667855941641,-0.012469930157758671,0.015639335711883282
2353,2880.978994738,0.007734868491922108,-0.012522109792097617,0.015469736983844216
2354,2882.153646391,0.007676012206421268,-0.012593259025508502,0.015352024412842537
2355,2884.013657553,0.007651191265565679,-0.01272843247624595,0.015302382531131357
2356,2884.34675779,0.00765582128755872,-0.012754368637882273,0.01531164257511744
2357,2885.773055403,0.007707113988848332,-0.01286693744913866,0.015414227977696664
2358,2886.30887464,0.007739520098348068,-0.012908686061612612,0.015479040196696136
2359,2887.224885507,0.007811312003244947,-0.012977528401165533,0.015622624006489894
2360,2888.394382456,0.007932342069589886,-0.013057762784453654,0.015864684139179772
2361,2889.404168048,0.008062315181948713,-0.013117001393380888,0.016124630363897427
2362,2890.642626362,0.008252041133559571,-0.013172776839351398,0.016504082267119143
2363,2891.280078215,0.008361872674911165,-0.013192803162415456,0.01672374534982233
2364,2892.462624017,0.008585654305648137,-0.0132117779294023,0.017171308611296274
2365,2894.174448737,0.008949917950720357,-0.013191288257441591,0.017899835901440713
2366,2894.746550357,0.009080634163498254,-0.013170376557538178,0.018161268326996508
2367,2895.641103862,0.009292377020375607,-0.013122428721568357,0.018584754040751213
2368,2896.825405168,0.00958371320624772,-0.013028866300737452,0.01916742641249544
2369,2897.428300566,0.009735558597100348,-0.012967523777349199,0.019471117194200697
2370,2898.54135318,0.01001960185885585,-0.012829162072701572,0.0200392037177117
2371,2899.177779837,0.010182936243350595,-0.01273513761242812,0.02036587248670119
2372,2901.263850362,0.010712504098299984,-0.012349794684050466,0.021425008196599968
2373,2902.065102481,0.010909576810650752,-0.012170413161505796,0.021819153621301504
2374,2902.855785528,0.01109836114564179,-0.01197660483156856,0.02219672229128358
2375,2903.957879043,0.011349394174916502,-0.011679297121486569,0.022698788349833004
2376,2904.598196022,0.011487453641367227,-0.011492476041511927,0.022974907282734453
2377,2906.176417597,0.011798067178115995,-0.010990192792047592,0.02359613435623199
2378,2906.923339343,0.011928153286406437,-0.010733028048915136,0.023856306572812874
2379,2907.605736911,0.012036313890721007,-0.01048800439322003,0.024072627781442014
2380,2908.65804552,0.012181403504797753,-0.010092799765073806,0.024362807009595505
2381,2910.028233435,0.012327321552449706,-0.009550414637879649,0.024654643104899412
2382,2911.142903665,0.012407160608402397,-0.009089907442851914,0.024814321216804793
2383,2912.345904726,0.01245155332078454,-0.00857799429353384,0.02490310664156908
2384,2913.522785867,0.012451011726349015,-0.008066776190955374,0.02490202345269803
2385,2914.044611072,0.012436445642570708,-0.007838056989786237,0.024872891285141415
2386,2914.802702224,0.012399326502733786,-0.0075047346180974715,0.02479865300546757
2387,2915.685975328,0.0123319975429684,-0.0071164096857466354,0.0246639950859368
2388,2917.274173441,0.012145371191653525,-0.006424830897820391,0.02429074238330705
2389,2917.982416702,0.012035085346583492,-0.006121877111470898,0.024070170693166984
2390,2919.321772327,0.011781662545775519,-0.005563310997646345,0.023563325091551037
2391,2920.615555992,0.011482709842681469,-0.005047351999933562,0.022965419685362937
2392,2921.083198935,0.011362030527018823,-0.004867828016796419,0.022724061054037646
2393,2922.396084557,0.010989113083635713,-0.004387023162729877,0.021978226167271426
2394,2923.390932357,0.010674830332827127,-0.004048357320802419,0.021349660665654253
2395,2924.333434995,0.01035378787835176,-0.0037504595942549077,0.02070757575670352
2396,2925.261509119,0.010017329226211645,-0.0034809054489392133,0.02003465845242329
2397,2926.295436226,0.009621106010997695,-0.0032105247459350795,0.01924221202199539
2398,2926.624014686,0.009490907841249882,-0.003131540273403615,0.018981815682499764
2399,2928.761073847,0.008602278476781635,-0.0027047842778838167,0.01720455695356327
2400,2930.004366372,0.008059635761560343,-0.0025294870133594455,0.016119271523120687
2401,2930.711168697,0.007745648430618398,-0.002454784472532879,0.015491296861236795
2402,2931.069101112,0.007585593148258186,-0.0024239650210528727,0.015171186296516372
2403,2932.806414414,0.006804294884507173,-0.0023421096896432893,0.013608589769014346
2404,2933.174857162,0.006638713079309813,-0.0023392539132958416,0.013277426158619626
2405,2934.290717836,0.006140439603798312,-0.0023615068659090708,0.012280879207596624
2406,2935.552463705,0.005587385971754449,-0.0024420677636881063,0.011174771943508898
2407,2936.550374849,0.005161924820851888,-0.0025465282752761974,0.010323849641703776
2408,2937.708958982,0.004685745407428735,-0.0027114581118450327,0.00937149081485747
2409,2938.581220351,0.004342611436804867,-0.0028653537048143386,0.008685222873609734
2410,2939.847529163,0.0038723300343953436,-0.003131726596306353,0.007744660068790687
2411,2941.261601535,0.0033923315436498827,-0.003484841023380765,0.006784663087299765
2412,2941.425217756,0.0033401829373248255,-0.0035292172085501557,0.006680365874649651
2413,2942.724885865,0.002953064033261549,-0.0039053927507417215,0.005906128066523098
2414,2943.35368496,0.002783968381659625,-0.004101368991335798,0.00556793676331925
2415,2944.321648794,0.0025483191120014457,-0.004418778351277736,0.0050966382240028914
2416,2945.944499286,0.00222403597155498,-0.004986963923359981,0.00444807194310996
2417,2946.922394895,0.002073506965840638,-0.005346380951371243,0.004147013931681276
2418,2948.374261866,0.00191461327812974,-0.005895815097493506,0.00382922655625948
2419,2948.867577209,0.0018784923222315562,-0.006085225203231074,0.0037569846444631123
2420,2949.790143026,0.0018354723710090753,-0.006441017628047722,0.0036709447420181507
2421,2950.521108352,0.0018241062706855393,-0.006722882141278151,0.0036482125413710787
2422,2952.283829639,0.0018786622938436492,-0.007393872860832628,0.0037573245876872984
2423,2952.827176584,0.0019184770648360697,-0.007596059258257797,0.0038369541296721394
2424,2953.589030991,0.0019921102396939154,-0.007874174695486557,0.003984220479387831
2425,2954.711275291,0.002137417560219733,-0.008269638568428021,0.004274835120439466
2426,2956.258730424,0.002406252594272369,-0.008779811747160485,0.004812505188544738
2427,2957.236259247,0.002614289146662086,-0.009076676819863927,0.005228578293324172
2428,2958.290776257,0.002869191017067278,-0.009371361901839268,0.005738382034134556
2429,2959.221014234,0.0031181421725798996,-0.009607011202505214,0.006236284345159799
2430,2960.033617811,0.003352378722837205,-0.009792706638957042,0.00670475744567441
2431,2960.814839266,0.0035908570980013603,-0.009952429536674487,0.007181714196002721
2432,2961.825970575,0.003916550761581642,-0.010130352134542366,0.007833101523163284
2433,2962.819636335,0.004252495695656293,-0.010272076120360681,0.008504991391312586
2434,2964.633921497,0.004896031914731171,-0.010442101364657137,0.009792063829462343
2435,2965.398341584,0.005174926944769762,-0.010478352605085391,0.010349853889539525
2436,2966.065269746,0.005420246412466256,-0.01049255356548123,0.010840492824932511
2437,2967.270190425,0.00586475229165856,-0.010476829436936841,0.01172950458331712
2438,2968.405348995,0.006280452649731525,-0.010413403626454902,0.01256090529946305
2439,2969.401136656,0.006638622229751065,-0.010319419198297623,0.01327724445950213
2440,2970.049930111,0.006867052020569843,-0.010239262512230632,0.013734104041139686
2441,2971.122238125,0.0072333140941500795,-0.010074908195502113,0.014466628188300159
2442,2972.308884109,0.007618110681363536,-0.009848444201131982,0.015236221362727072
2443,2972.811686391,0.007773453846987222,-0.009738969899346379,0.015546907693974444
2444,2975.018020413,0.00838980785026271,-0.009170851786519446,0.01677961570052542
2445,2975.619957166,0.008537025991971448,-0.008993084693520153,0.017074051983942896
2446,2976.526232137,0.008739701741310158,-0.008709084609053225,0.017479403482620316
2447,2977.553574914,0.008940082017182846,-0.008365629646519296,0.01788016403436569
2448,2977.981978512,0.009013942703237288,-0.008216346282953223,0.018027885406474577
2449,2979.319042212,0.009205895107138286,-0.0077307497083519685,0.018411790214276573
2450,2980.487381007,0.00932377638504289,-0.007286484587940026,0.01864755277008578
2451,2981.343947484,0.009379563807900549,-0.006952082137596753,0.018759127615801098
2452,2982.523719896,0.009412957519898898,-0.006483719555760648,0.018825915039797796
2453,2983.825333266,0.00939061308770713,-0.005962588989536889,0.01878122617541426
2454,2984.639177804,0.009344990205858002,-0.005637613603333069,0.018689980411716003
2455,2985.547666235,0.00926547069928752,-0.0052783020954947964,0.01853094139857504
2456,2986.805393383,0.009106352170860883,-0.004791402064780894,0.018212704341721765
2457,2987.856151502,0.008930889141319965,-0.004398254837905256,0.01786177828263993
2458,2988.634699665,0.008776761744469713,-0.004117279551393799,0.017553523488939425
2459,2988.855046367,0.008729517766722974,-0.00403958305202132,0.01745903553344595
2460,2990.423270574,0.008349093178988555,-0.0035133964260306684,0.01669818635797711
2461,2992.163668673,0.007842710860402015,-0.0029937192338953316,0.01568542172080403
2462,2992.868866377,0.007614826685614271,-0.0028053241591927975,0.015229653371228542
2463,2993.974353094,0.007234153388098906,-0.002538395324635143,0.014468306776197813
2464,2994.865507047,0.006908593177169175,-0.0023500552750128265,0.01381718635433835
2465,2995.540266916,0.006652309890322593,-0.00222421401068936,0.013304619780645186
2466,2996.736506016,0.006180291937026691,-0.0020381740942613316,0.012360583874053381
2467,2997.647203115,0.005808518293785974,-0.0019294106023770934,0.011617036587571948
2468,2998.959301099,0.0052592326352890115,-0.001824225527242612,0.010518465270578023
2469,2999.494492996,0.005032019662797002,-0.001799076347692499,0.010064039325594003
2470,3001.023331164,0.004378632833737154,-0.0017844642217970414,0.008757265667474309
2471,3001.707332456,0.004086490531396626,-0.0018053813834582664,0.008172981062793253
2472,3003.477042853,0.0033404501228488713,-0.0019372982926260478,0.0066809002456977426
2473,3004.290975917,0.003005693169633121,-0.0020348538190890146,0.006011386339266242
2474,3004.662308408,0.002855387336788264,-0.002086873143005429,0.005710774673576528
2475,3005.772929284,0.0024167379743041603,-0.002269771396407919,0.004833475948608321
2476,3006.990738365,0.0019581516474306317,-0.00251549837980963,0.003916303294861263
2477,3007.468699218,0.0017855961107479058,-0.002624218578870533,0.0035711922214958117
2478,3008.882120871,0.0013033045322784049,-0.0029835538274869894,0.0026066090645568097
2479,3010.514962131,0.0008048575884212184,-0.0034626810630333173,0.0016097151768424368
2480,3011.344380181,0.0005784462217735557,-0.003729183652155907,0.0011568924435471114
2481,3012.074694786,0.00039508229132184756,-0.0039751736994480145,0.0007901645826436951
2482,3012.788450549,0.00023093127433270787,-0.004224774087039209,0.00046186254866541573
2483,3014.459082207,-9.256874056596256e-05,-0.00483863194956774,-0.0001851374811319251
2484,3014.911666503,-0.00016511793933585977,-0.005010752835032847,-0.00033023587867171954
2485,3016.34839417,-0.0003517274413982669,-0.005568788036844917,-0.0007034548827965338
2486,3016.70006081,-0.0003871891286140536,-0.005707364042856678,-0.0007743782572281072
2487,3017.783440191,-0.0004710808242645759,-0.006136929395428945,-0.0009421616485291518
2488,3019.46177578,-0.0005259085235851212,-0.006803072325150589,-0.0010518170471702424
2489,3020.487633899,-0.0005153045783802485,-0.007205465955574479,-0.001030609156760497
2490,3021.420400693,-0.0004775126090910807,-0.007565024217788983,-0.0009550252181821614
2491,3022.447483795,-0.0004060135161907091,-0.007951229794179459,-0.0008120270323814182
2492,3023.338509068,-0.00031972785398427545,-0.00827591183964493,-0.0006394557079685509
2493,3023.930996074,-0.00025045867631407436,-0.008485569491690598,-0.0005009173526281487
2494,3024.793963871,-0.00013344279239492658,-0.008780880882797461,-0.00026688558478985317
2495,3026.510826908,0.00015156996728211584,-0.009327950147275036,0.0003031399345642317
2496,3027.299522807,0.0003033851009629447,-0.009559095863665143,0.0006067702019258894
2497,3028.40152253,0.0005345767505929242,-0.009858727986403361,0.0010691535011858485
2498,3029.49938837,0.0007839741153848672,-0.010128551250551482,0.0015679482307697345
2499,3030.594529651,0.0010482479141151202,-0.010367739192463782,0.0020964958282302403
2500,3031.289217468,0.0012222831421886057,-0.010503458757868641,0.0024445662843772115
2501,3032.756029361,0.0016012866737364806,-0.01074831675024467,0.0032025733474729612
2502,3033.218123973,0.0017228353059159666,-0.010813628345091812,0.0034456706118319333
2503,3034.360907192,0.0020252210620967286,-0.010950818990359793,0.004050442124193457
2504,3035.074103948,0.0022138045670813578,-0.011019019323636893,0.0044276091341627155
2505,3036.133113238,0.002491141097809277,-0.011096054413585842,0.004982282195618554
2506,3037.98038359,0.0029586424798599253,-0.01116379471793076,0.0059172849597198506
2507,3039.033651044,0.0032108542464958163,-0.011166785254685991,0.006421708492991633
2508,3039.521601572,0.0033231566312528237,-0.011159997324401849,0.0066463132625056475
2509,3040.500427565,0.0035384379453130364,-0.011131778967570794,0.007076875890626073
2510,3041.256803549,0.0036946566198516944,-0.011097518916853335,0.007389313239703389
2511,3042.653049854,0.0039568784462732445,-0.011008916652465027,0.007913756892546489
2512,3043.670541622,0.00412445996022723,-0.010926482889144547,0.00824891992045446
2513,3044.055127982,0.004182277718962566,-0.010891991083931015,0.008364555437925131
2514,3046.050030225,0.0044304845750599686,-0.010690444370887564,0.008860969150119937
2515,3046.454504219,0.004469835424022887,-0.01064612334621367,0.008939670848045774
2516,3047.708817641,0.004567548064075179,-0.01050466427329687,0.009135096128150357
2517,3048.92263249,0.004626678434402275,-0.01036592485629277,0.00925335686880455
2518,3050.019676757,0.004650128743406324,-0.01024312823678991,0.009300257486812648
2519,3050.801233316,0.004649690801313392,-0.010159232268531531,0.009299381602626784
2520,3051.342383344,0.004641189003663846,-0.010103677022759858,0.009282378007327691
2521,3052.476848524,0.004602214199099557,-0.009996018821724151,0.009204428398199113
2522,3053.348265937,0.0045535863269232256,-0.00992334988286131,0.009107172653846451
2523,3054.986520867,0.004421443042760904,-0.00981651664658355,0.008842886085521808
2524,3056.24292331,0.004287733721301758,-0.009766212513326001,0.008575467442603516
2525,3056.765138113,0.004224871494926708,-0.00975451280738144,0.008449742989853416
2526,3058.013703011,0.004059573016985529,-0.009750601764763169,0.008119146033971058
2527,3058.901494693,0.0039310947069543835,-0.009769902173942257,0.007862189413908767
2528,3059.437861758,0.0038498934860727676,-0.009790977288002567,0.007699786972145535
2529,3061.062700118,0.003592083018294648,-0.009900369352605574,0.007184166036589296
2530,3061.837584445,0.003465346963938293,-0.009977590357130554,0.006930693927876586
2531,3062.726873164,0.0033191743975380917,-0.010086773525032773,0.006638348795076183
2532,3063.435086484,0.003203509324560189,-0.010189662994539828,0.006407018649120378
2533,3065.286555585,0.0029122966713837593,-0.010525920872146027,0.005824593342767519
2534,3066.320250404,0.0027620590444453782,-0.010755749936933923,0.0055241180888907565
2535,3067.071320241,0.0026608618905220385,-0.01094129173348545,0.005321723781044077
2536,3068.013501342,0.0025455148783360133,-0.011195553136749041,0.005091029756672027
2537,3068.984266186,0.002442532009875533,-0.011481698438059566,0.004885064019751066
2538,3069.78290478,0.0023716575884538005,-0.01173467470200669,0.004743315176907601
2539,3070.54262155,0.0023171781380827094,-0.01198927762955248,0.004634356276165419
2540,3072.000993378,0.0022520901122366575,-0.012513243614812911,0.004504180224473315
2541,3073.18523778,0.0022416433020976964,-0.01296916760924062,0.004483286604195393
2542,3074.523494285,0.00228037313629625,-0.013512041630873562,0.0045607462725925
2543,3075.033872877,0.002310173672956206,-0.013725594779368477,0.004620347345912412
2544,3075.833479242,0.0023743219453338806,-0.014066137838583894,0.004748643890667761
2545,3077.427473307,0.0025683920107980453,-0.014761396520264826,0.0051367840215960905
2546,3078.286226918,0.0027108036286441753,-0.015141556167945837,0.0054216072572883505
2547,3078.897379147,0.002828705299197719,-0.015413051489246791,0.005657410598395438
2548,3079.871394644,0.003045427144597723,-0.015845338283842828,0.006090854289195446
2549,3080.856382342,0.0033008823816798897,-0.016279275868594026,0.0066017647633597795
2550,3082.163163759,0.003696190166812311,-0.016844579342565825,0.007392380333624622
2551,3083.36135799,0.0041146489755006085,-0.017346684499632312,0.008229297951001217
2552,3084.838451504,0.004702463916961156,-0.01793567859128796,0.009404927833922312
2553,3085.377268994,0.004936074846929388,-0.018140416821749085,0.009872149693858776
2554,3085.965522259,0.005202457171307624,-0.018356861605096034,0.010404914342615248
2555,3087.018815358,0.00570801484646877,-0.018724050909062782,0.01141602969293754
2556,3088.083437042,0.006254478897728609,-0.019065662098450332,0.012508957795457219
2557,3089.222308945,0.006875757735007843,-0.019394467527521636,0.013751515470015687
2558,3090.282194903,0.007485111481238072,-0.019663198466039644,0.014970222962476144
2559,3091.154469701,0.00800694807410738,-0.01985537869694809,0.01601389614821476
2560,3092.687667039,0.008962779064596586,-0.020125311001689072,0.01792555812919317
2561,3093.185445717,0.009282237258732744,-0.020193447825508814,0.018564474517465488
2562,3094.83306843,0.010364744701320955,-0.020347472838214406,0.02072948940264191
2563,3095.132031239,0.01056452537393296,-0.020363351921594167,0.02112905074786592
2564,3096.515485513,0.011498085058144864,-0.02038730938880814,0.022996170116289728
2565,3097.342606531,0.012060710993663997,-0.020362227678833854,0.024121421987327994
2566,3098.038354972,0.012534775188161333,-0.020318085051232292,0.025069550376322667
2567,3098.758089848,0.013024609968305172,-0.020250214008823455,0.026049219936610343
2568,3101.079373087,0.014584965407004716,-0.019878456515228925,0.029169930814009433
2569,3101.65737079,0.014965350868407083,-0.019750171794458954,0.029930701736814166
2570,3102.436089123,0.01547048675002024,-0.01955540328663417,0.03094097350004048
2571,3103.58991606,0.016200361248010504,-0.01922169726203596,0.03240072249602101
2572,3104.362546342,0.016674548483365078,-0.018969127662938165,0.033349096966730156
2573,3105.39140237,0.017285067954777314,-0.018598149326326585,0.03457013590955463
2574,3106.396352646,0.017855561952293944,-0.018199507284957967,0.03571112390458789
2575,3107.484255857,0.018441153464122475,-0.017730209445423115,0.03688230692824495
2576,3108.303596267,0.01885833083778449,-0.017352732655091425,0.03771666167556898
2577,3109.53309979,0.019442924724462015,-0.016751093867063367,0.03888584944892403
2578,3110.557200381,0.019889547269814994,-0.016221122496841885,0.03977909453962999
2579,3111.920727714,0.020424009772069537,-0.01548079956963887,0.04084801954413907
2580,3112.840737859,0.02074419294570665,-0.014962593373085394,0.0414883858914133
2581,3113.755213668,0.02102920933864235,-0.014435531592398125,0.0420584186772847
2582,3114.473416201,0.021229433172628445,-0.014014905377979673,0.04245886634525689
2583,3115.002672414,0.021363554822343464,-0.013701983472710129,0.04272710964468693
2584,3116.720450816,0.02171991108550413,-0.012675606953662924,0.04343982217100826
2585,3117.269723388,0.021808404743027997,-0.012345934133488843,0.043616809486055994
2586,3118.955013666,0.022003863371575123,-0.011338329388760322,0.04400772674315025
2587,3119.957556604,0.022066788759992316,-0.01074651597711387,0.04413357751998463
2588,3120.986214976,0.022091342112465145,-0.010149303651071485,0.04418268422493029
2589,3121.337219763,0.022090702432337912,-0.009948431222001525,0.044181404864675825
2590,3122.610128875,0.022051324584846065,-0.009235082358584642,0.04410264916969213
2591,3124.150225164,0.02193019197313406,-0.00840995264195189,0.04386038394626812
2592,3124.525922646,0.0218892107611325,-0.008215959720576,0.043778421522265
2593,3125.374441472,0.021781231862005347,-0.007789481879365037,0.043562463724010694
2594,3126.450116435,0.021615546678365734,-0.0072737661599298,0.04323109335673147
2595,3127.693012373,0.021387935555901655,-0.006715530581450592,0.04277587111180331
2596,3129.46861261,0.02100558802468622,-0.005993947704896562,0.04201117604937244
2597,3129.796205505,0.020928804026927348,-0.005871079310738539,0.041857608053854696
2598,3130.87766373,0.020663928871601227,-0.005488964723865237,0.041327857743202454
2599,3131.861090216,0.02041034307420613,-0.005173371392461565,0.04082068614841226
2600,3132.698331366,0.020187163246910562,-0.004928965602567421,0.040374326493821125
2601,3133.398883823,0.019996658998045126,-0.004741708485983585,0.03999331799609025
2602,3134.635445901,0.01965541587673446,-0.004449445073072881,0.03931083175346892
2603,3136.015560752,0.01927305158558235,-0.004180213645605299,0.0385461031711647
2604,3137.175172667,0.018955965277963713,-0.003999193020700799,0.037911930555927426
2605,3137.613495212,0.018838084260841277,-0.003941183221333201,0.037676168521682554
2606,3139.049508499,0.01846311557786854,-0.003789463615971493,0.03692623115573708
2607,3140.138494142,0.01819364886815016,-0.0037115439640310202,0.03638729773630032
2608,3141.001174828,0.017991528293259732,-0.003670937933293714,0.035983056586519464
2609,3141.748032543,0.01782580758276515,-0.003649828853158124,0.0356516151655303
2610,3142.979456728,0.01757357531376929,-0.003641071952175072,0.03514715062753858
2611,3143.567499184,0.017463152096731528,-0.003647307854285456,0.034926304193463056
2612,3144.490488145,0.017303879276311974,-0.003669171051319855,0.03460775855262395
2613,3146.283528376,0.017046870524838373,-0.0037471225146394845,0.034093741049676746
2614,3147.344606628,0.01692920360316281,-0.0038103762234119273,0.03385840720632562
2615,3148.37904187,0.016840031544136977,-0.0038805554109491236,0.033680063088273954
2616,3148.861228784,0.016807189303108143,-0.0039152922158599505,0.033614378606216286
2617,3149.771738698,0.016760354073534423,-0.003983007356855075,0.033520708147068846
2618,3150.824652722,0.016730829836779676,-0.004062507771155036,0.03346165967355935
2619,3152.151059466,0.01673057592192992,-0.004159904571018621,0.03346115184385984
2620,3152.994559997,0.016751189989004944,-0.0042177143315035165,0.03350237997800989
2621,3153.59697653,0.016775436137707805,-0.0042560366419335995,0.03355087227541561
2622,3155.312108218,0.0168854688709243,-0.004346691159342187,0.0337709377418486
2623,3156.300357947,0.016974351530509107,-0.004383283501995842,0.033948703061018215
2624,3156.905761455,0.017037142792300914,-0.004398965781016912,0.03407428558460183
2625,3158.578287708,0.017239700737791266,-0.004411949728735329,0.03447940147558253
2626,3159.265204659,0.01733364350806506,-0.004403091585397209,0.03466728701613012
2627,3159.804097579,0.017411035642845716,-0.004389908748268071,0.03482207128569143
2628,3161.061912578,0.017602164287848457,-0.004336722283843124,0.035204328575696914
2629,3161.402435208,0.017655974712940548,-0.00431673191517845,0.035311949425881096
2630,3163.311959558,0.01796787506664694,-0.00415864015273861,0.03593575013329388
2631,3164.350531321,0.018140517839647544,-0.004039136529889567,0.03628103567929509
2632,3165.540597894,0.018336274592776,-0.0038728976013485323,0.036672549185552
2633,3166.139586714,0.018432676913882985,-0.003777470572331676,0.03686535382776597
2634,3167.121094757,0.0185857524773288,-0.0036043876349694313,0.0371715049546576
2635,3168.197515714,0.01874421751846918,-0.003391356074505524,0.03748843503693836
2636,3169.179764608,0.01887776101018165,-0.0031766981739555665,0.0377555220203633
2637,3170.014131566,0.018981222786888203,-0.002980002974458063,0.037962445573776406
2638,3171.34395807,0.01912389453401257,-0.0026413473021408185,0.03824778906802514
2639,3171.837774346,0.01916910411476359,-0.0025083536440495867,0.03833820822952718
2640,3173.011633917,0.01925784119171078,-0.002178230195897425,0.03851568238342156
2641,3174.815385976,0.019337661656289754,-0.0016388687243334393,0.03867532331257951
2642,3175.528722744,0.019348743309875654,-0.0014172558590218672,0.03869748661975131
2643,3176.480343517,0.019344374687831383,-0.001116443239657765,0.038688749375662766
2644,3176.915636009,0.01933488005663233,-0.0009773977916171963,0.03866976011326466
2645,3178.371705005,0.01926798850999261,-0.0005090294376984507,0.03853597701998522
2646,3178.902595537,0.019229930414518943,-0.0003381313508542396,0.038459860829037885
2647,3180.011213373,0.019126655310800624,1.6455870878937447e-05,0.03825331062160125
2648,3181.328501713,0.018962144646771373,0.00042950726684473124,0.037924289293542746
2649,3182.83944692,0.018718495580789855,0.0008846404711083204,0.03743699116157971
2650,3183.205673347,0.01865082765138084,0.0009909808948962207,0.03730165530276168
2651,3184.45149996,0.01839644060033445,0.0013383922323757745,0.0367928812006689
2652,3185.21434458,0.01822292636792186,0.0015386515506435664,0.03644585273584372
2653,3186.54586943,0.01788994477877202,0.0018617551025551773,0.03577988955754404
2654,3187.646162708,0.017588274349099004,0.002100145115348151,0.03517654869819801
2655,3188.055482329,0.017470476209849813,0.0021816006885187946,0.03494095241969963
2656,3188.877460715,0.017225604383077856,0.002332564873605927,0.03445120876615571
2657,3190.168661963,0.016821113931241017,0.002533656984849271,0.033642227862482034
2658,3191.706256364,0.016314245835644735,0.002711506542922114,0.03262849167128947
2659,3192.681791617,0.015982515087170576,0.002787593959376529,0.03196503017434115
2660,3193.557208472,0.015680649583075856,0.002830659940905002,0.03136129916615171
2661,3194.786707379,0.015253834070984667,0.002849937323090968,0.030507668141969334
2662,3195.326699927,0.015066564813241073,0.002842995806148416,0.030133129626482145
2663,3195.793895634,0.014905157589354174,0.002829359372783231,0.029810315178708347
2664,3197.547165657,0.014309935225173846,0.0027151210666315675,0.028619870450347692
2665,3198.430125768,0.01402008753667807,0.0026202411947106362,0.02804017507335614
2666,3199.248977114,0.01375962251493605,0.002510352867529559,0.0275192450298721
2667,3200.66327023,0.013333466347491277,0.0022724364787086626,0.026666932694982555
2668,3201.424866362,0.013118784744397463,0.0021200513465117455,0.026237569488794927
2669,3202.778286501,0.012767460503627828,0.0018098187503343907,0.025534921007255656
2670,3203.630891153,0.012568383439333147,0.0015901096515518935,0.025136766878666294
2671,3204.557410188,0.012373640621770023,0.0013317954660461277,0.024747281243540045
2672,3205.497580563,0.01220081010012419,0.0010506223997997896,0.02440162020024838
2673,3206.228893304,0.012084735072298259,0.0008199152518583605,0.024169470144596517
2674,3207.270062357,0.011948769034777056,0.0004755022177496306,0.023897538069554112
2675,3208.086133892,0.011867348083400236,0.00019423660176577323,0.023734696166800472
2676,3210.35242054,0.011763712283708394,-0.0006249871527740751,0.02352742456741679
2677,3210.670388301,0.011764077485829388,-0.0007429886478488284,0.023528154971658777
2678,3211.618832521,0.011787498383684305,-0.0010972057382179626,0.02357499676736861
2679,3212.319227342,0.011826440961148606,-0.0013597099863490929,0.02365288192229721
2680,3213.606498798,0.011946258738754028,-0.0018401295242576263,0.023892517477508056
2681,3214.667562488,0.012091915269347829,-0.0022299730911198947,0.024183830538695657
2682,3215.325298905,0.012203286119799683,-0.0024669804163480547,0.024406572239599366
2683,3216.491524692,0.012439753403899474,-0.002875146463952156,0.02487950680779895
2684,3217.430804779,0.012665612024241518,-0.0031897621112386364,0.025331224048483036
2685,3218.659983744,0.013007099573636719,-0.0035778619848851603,0.026014199147273438
2686,3219.639171306,0.0133146731109072,-0.0038644985500005296,0.0266293462218144
2687,3221.198341683,0.013864945160067168,-0.00427271643853402,0.027729890320134336
2688,3221.609476301,0.01402160480550387,-0.004369449200689302,0.02804320961100774
2689,3222.813840823,0.014505898480596984,-0.004624117786385231,0.029011796961193968
2690,3223.372566375,0.014742523347702504,-0.004726939346675123,0.02948504669540501
2691,3224.21370652,0.015111681302521966,-0.004862368235863265,0.030223362605043932
2692,3225.366715965,0.015640194710428407,-0.005008412686169187,0.03128038942085681
2693,3227.044102375,0.01644683270045826,-0.00513461711877547,0.03289366540091652
2694,3227.525149514,0.016684638129927147,-0.005151220449109937,0.033369276259854294
2695,3229.016311632,0.017434355032186207,-0.0051455464485917,0.034868710064372414
2696,3229.981066961,0.017925693795137466,-0.005095156696715944,0.03585138759027493
2697,3230.336636732,0.018107292118195596,-0.0050672525876773265,0.03621458423639119
2698,3231.741347918,0.018823636313945735,-0.004907829030884935,0.03764727262789147
2699,3232.738713126,0.01932752978276343,-0.004747256054239354,0.03865505956552686
2700,3233.913360603,0.019910944873061418,-0.004508507025744217,0.039821889746122836
2701,3234.306591245,0.02010297153606081,-0.004416807032588061,0.04020594307212162
2702,3235.154617184,0.020510150432994558,-0.004199401425917863,0.041020300865989116
2703,3237.087579532,0.021394214691931288,-0.0036074087778397244,0.042788429383862576
2704,3237.998236326,0.021784905393579898,-0.003284656548691211,0.043569810787159796
2705,3239.090434563,0.022227831841988777,-0.0028632876901576883,0.044455663683977555
2706,3239.767314075,0.02248697507767638,-0.002584557650800365,0.04497395015535276
2707,3240.605747278,0.022790421359330203,-0.002221947928972227,0.045580842718660405
2708,3241.595312938,0.023122020172538862,-0.0017711851494139517,0.046244040345077723
2709,3242.568307582,0.02341839020112909,-0.0013063055706515083,0.04683678040225818
2710,3243.501652712,0.023673644066206836,-0.0008426052822939967,0.04734728813241367
2711,3244.884157091,0.02399714794686715,-0.000128966321273659,0.0479942958937343
2712,3246.040157816,0.02421588432957824,0.0004871237464729391,0.04843176865915648
2713,3246.841676162,0.02433924268288597,0.00092192281324226,0.04867848536577194
2714,3247.570503533,0.024431082041079806,0.0013211351750960136,0.04886216408215961
2715,3249.308085745,0.024571677016041744,0.002280272774262811,0.04914335403208349
2716,3249.906446319,0.02459466369240381,0.002610726122559412,0.04918932738480762
2717,3250.613324267,0.02460524251728469,0.0029997632775961886,0.04921048503456938
2718,3251.510637744,0.024593190936255244,0.0034899034815603054,0.04918638187251049
2719,3252.723990907,0.024532708703294187,0.0041425303618429195,0.049065417406588374
2720,3253.369017244,0.024480523921928975,0.004483152256224313,0.04896104784385795
2721,3255.142076593,0.024269221172247665,0.005389869839158933,0.04853844234449533
2722,3256.346612817,0.024072675377413005,0.005975702014376114,0.04814535075482601
2723,3256.941943205,0.023960954674000254,0.006254772608147141,0.04792190934800051
2724,3257.831340011,0.02377737010548771,0.006657566070004718,0.04755474021097542
2725,3258.706714275,0.023578583039602783,0.007036352287660149,0.047157166079205566
2726,3259.539730686,0.023374252592968183,0.007379513593517084,0.046748505185936366
2727,3261.192124421,0.022931124237899406,0.008007065782753571,0.04586224847579881
2728,3261.535312602,0.02283364986221745,0.00812816235173401,0.0456672997244349
2729,3262.718968695,0.0224857471606301,0.008520576661190533,0.0449714943212602
2730,3263.784940489,0.022159810313521384,0.008839839706433712,0.04431962062704277
2731,3265.198771598,0.021715132430057568,0.009212659069355245,0.043430264860115135
2732,3266.15378642,0.021410448192755466,0.009431797080507995,0.04282089638551093
2733,3266.80395448,0.021202504656482657,0.009566038158468316,0.042405009312965314
2734,3268.188517856,0.020762133147335448,0.009812338542823812,0.041524266294670896
2735,3268.909408586,0.02053602651849604,0.009919810284797635,0.04107205303699208
2736,3269.51678536,0.020348151987222386,0.009999686192176135,0.04069630397444477
2737,3270.310803458,0.020107141127833482,0.01008986399040685,0.040214282255666964
2738,3272.019397611,0.01961133708930967,0.010232347116409761,0.03922267417861934
2739,3273.363032965,0.019248931058688412,0.010299310743148726,0.038497862117376824
2740,3274.059953013,0.01907219912723495,0.010320079638100669,0.0381443982544699
2741,3274.863567638,0.018878907182730456,0.010333372080695338,0.03775781436546091
2742,3276.124154987,0.01860009677462075,0.010333887909685445,0.0372001935492415
2743,3276.69455468,0.018484309096093117,0.010327025146831646,0.036968618192186234
2744,3278.059478291,0.018234898451846712,0.010296067256337875,0.036469796903693424
2745,3278.986193734,0.018088564793210398,0.01026589968909833,0.036177129586420796
2746,3279.489509642,0.018017065360597575,0.010247269529162514,0.03603413072119515
2747,3280.976418714,0.01783900949719166,0.010186712874539497,0.03567801899438332
2748,3281.70669082,0.01776972259194357,0.010155849226546564,0.03553944518388714
2749,3283.2391243,0.017662663058702354,0.010094227647000126,0.03532532611740471
2750,3284.499863133,0.017612317882648533,0.01005188584169213,0.035224635765297066
2751,3285.202828752,0.01759835992367922,0.010033492019586428,0.03519671984735844
2752,3285.682259711,0.017594386682656105,0.010023622311844834,0.03518877336531221
2753,3286.718540341,0.017600422508079538,0.010010980467498308,0.035200845016159076
2754,3287.773091993,0.01762571655199562,0.010012284790073166,0.03525143310399124
2755,3288.936972845,0.017673753589010667,0.010033023123165865,0.035347507178021334
2756,3289.724306537,0.017716807713186015,0.010059881898746351,0.03543361542637203
2757,3291.385725928,0.01783064882263342,0.01015425408865728,0.03566129764526684
2758,3292.222642049,0.01789730278104316,0.010222628572506371,0.03579460556208632
2759,3292.856716098,0.017950830352260767,0.010284238572944459,0.03590166070452153
2760,3293.975869246,0.018049635587201334,0.01041428874703043,0.03609927117440267
2761,3295.266663233,0.018166540911242004,0.01059894244636609,0.03633308182248401
2762,3296.021754765,0.018234333077439956,0.010724429325946689,0.03646866615487991
2763,3296.873142162,0.018308558730733927,0.01088142116018179,0.036617117461467855
2764,3297.836842311,0.018387836154573036,0.01107880200886862,0.03677567230914607
2765,3298.357878622,0.018427839360033543,0.011194102721895367,0.036855678720067085
2766,3300.450576192,0.018560211038517474,0.01171568587644438,0.03712042207703495
2767,3301.413776304,0.018601711556241553,0.011985545033171695,0.037203423112483106
2768,3302.017097666,0.018620150388289874,0.012163445991424788,0.03724030077657975
2769,3303.317261842,0.018637580170725667,0.012568284210250531,0.037275160341451334
2770,3303.813719206,0.01863548072774845,0.012730006404333548,0.0372709614554969
2771,3305.076177241,0.018606249758184115,0.013156926755345504,0.03721249951636823
2772,3305.472088699,0.018589619246090976,0.013294969321157176,0.03717923849218195
2773,3307.221711602,0.018470263432838106,0.013924147627724108,0.03694052686567621
2774,3308.045402223,0.01838684856715057,0.014228712488866925,0.03677369713430114
2775,3308.832877515,0.01829005896471181,0.014523148855391702,0.03658011792942362
2776,3310.235706774,0.018075187117412725,0.015051596920518152,0.03615037423482545
2777,3311.155306118,0.01790425851143629,0.015397815758252553,0.03580851702287258
2778,3312.349459451,0.01764640752737511,0.01584317735880177,0.03529281505475022
2779,3313.199876673,0.017438101340169824,0.01615509227841685,0.03487620268033965
2780,3313.842662273,0.017267156771091342,0.01638678404028029,0.034534313542182685
2781,3315.015013827,0.016925970699953486,0.016797788199329894,0.03385194139990697
2782,3315.619742541,0.016735457044635613,0.017002800463775995,0.03347091408927123
2783,3316.752453418,0.016352958674051284,0.01737152325719364,0.03270591734810257
2784,3318.387470172,0.01574509498417203,0.017862298313247583,0.03149018996834406
2785,3319.412648993,0.015333003088721826,0.018140987520445368,0.030666006177443653
2786,3320.476699682,0.014882544607810166,0.01840358437408628,0.029765089215620332
2787,3320.887941461,0.014702752538098624,0.01849729493074264,0.02940550507619725
2788,3321.663572699,0.014355761475132652,0.018661600354015515,0.028711522950265304
2789,3323.49092318,0.013503121953539653,0.018980535708838397,0.027006243907079307
2790,3323.875124914,0.013318627254891833,0.01903480794375965,0.026637254509783666
2791,3324.925684145,0.012807023461693474,0.019159546593913505,0.025614046923386948
2792,3325.691627038,0.012428845502652778,0.019228162310981897,0.024857691005305556
2793,3327.338441751,0.011607430760542704,0.01931030667950412,0.023214861521085407
2794,3327.988269208,0.01128238106014099,0.019317833188246192,0.02256476212028198
2795,3329.465583951,0.010547264050523912,0.019282294625847726,0.021094528101047824
2796,3330.29040036,0.010141905316018055,0.019230817146719356,0.02028381063203611
2797,3331.299404161,0.00965395206173076,0.01913748846346823,0.01930790412346152
2798,3331.892288244,0.009372406824150963,0.01906734739938074,0.018744813648301925
2799,3332.700898578,0.008995876275237348,0.018953855687721104,0.017991752550474697
2800,3333.781382961,0.008508495756521697,0.018771082069171916,0.017016991513043395
2801,3335.045996424,0.007965052925239498,0.01851413619435253,0.015930105850478996
2802,3336.57596843,0.0073533348396292485,0.01814590985392528,0.014706669679258497
2803,3337.044211897,0.0071773050587221054,0.018021646786090466,0.014354610117444211
2804,3338.150407356,0.006784159736879164,0.017708499418074494,0.013568319473758328
2805,3339.256673695,0.006424973383484286,0.01737039495198253,0.012849946766968571
2806,3340.117152697,0.00617055360303054,0.01709234591631965,0.01234110720606108
2807,3340.972263638,0.005940368046209262,0.016804809878745046,0.011880736092418524
2808,3342.211554859,0.0056483776720235674,0.01637180479799484,0.011296755344047135
2809,3343.051722278,0.0054792548285692265,0.016069759885753886,0.010958509657138453
2810,3343.60490851,0.005380865117627497,0.01586814144119692,0.010761730235254993
2811,3344.852255868,0.00519724320143694,0.015408510471398879,0.01039448640287388
2812,3346.848430817,0.0050141600854018,0.01467099943911013,0.0100283201708036
2813,3347.397830991,0.004987548305788654,0.014470295957558265,0.009975096611577307
2814,3347.936001611,0.0049712891880490705,0.014275559151702205,0.009942578376098141
2815,3349.301027927,0.0049727571903383306,0.013793050376790341,0.009945514380676661
2816,3349.856252115,0.0049904513812647966,0.013602748552519986,0.009980902762529593
2817,3350.803704025,0.005042653091530267,0.013287888061887252,0.010085306183060534
2818,3352.153804097,0.00516281020154308,0.01286470632140383,0.01032562040308616
2819,3352.845364543,0.005244001950198672,0.01266134444107375,0.010488003900397344
2820,3354.27823128,0.005451150597427475,0.012273080724192418,0.01090230119485495
2821,3355.483680305,0.005662228557485056,0.011984812670429529,0.011324457114970111
2822,3355.880578183,0.005738326136792137,0.011898202873681981,0.011476652273584274
2823,3357.198154118,0.006011585522506417,0.011642061216976437,0.012023171045012835
2824,3358.402699623,0.006285172308829377,0.011452249600851118,0.012570344617658755
2825,3359.359283068,0.006515239379474467,0.0113331503383023,0.013030478758948935
2826,3359.852404381,0.0066373437891547515,0.011282995910647598,0.013274687578309503
2827,3360.584153298,0.006821958460914614,0.011222900278728127,0.013643916921829228
2828,3361.887588621,0.007157552242122715,0.011158798251523572,0.01431510448424543
2829,3363.233878349,0.007507116972267916,0.011150751513810847,0.015014233944535832
2830,3364.355763554,0.0077953810818079195,0.011188997490686385,0.015590762163615839
2831,3365.600957469,0.008106597778335872,0.011278448323802646,0.016213195556671743
2832,3366.12088381,0.008232522076620463,0.011330098389532606,0.016465044153240925
2833,3367.05554254,0.00845117525185476,0.01144351254258198,0.01690235050370952
2834,3367.769443868,0.008610320143940463,0.011547414919200272,0.017220640287880926
2835,3369.183728555,0.008901387562951377,0.011795188604798659,0.017802775125902753
2836,3370.061651747,0.009063344232035123,0.011975324116154108,0.018126688464070246
2837,3370.997536143,0.009218052887135076,0.01218781213512142,0.018436105774270153
2838,3371.922445601,0.009351067617673858,0.012416878524152889,0.018702135235347715
2839,3373.160140925,0.009495462513561455,0.01274986847501995,0.01899092502712291
2840,3374.42747199,0.009600383394773709,0.013117684527554978,0.019200766789547418
2841,3375.379955756,0.009648903954403081,0.01340877856625133,0.019297807908806162
2842,3376.298386044,0.009670002107250424,0.013698880424261413,0.01934000421450085
2843,3376.820970848,0.009670475711661988,0.013867214424329708,0.019340951423323975
2844,3378.258956963,0.009627728036383803,0.014338688535452379,0.019255456072767605
2845,3378.780608495,0.009596071817948451,0.01451146970015451,0.019192143635896903
2846,3379.460192667,0.009541864512112315,0.014736885656930402,0.01908372902422463
2847,3381.634647447,0.009270317378599423,0.015450222944442083,0.018540634757198846
2848,3382.296714922,0.00915840811830298,0.015661781224340976,0.01831681623660596
2849,3383.348489576,0.00895341486434109,0.015989100324803454,0.01790682972868218
2850,3383.871212415,0.00883942137799726,0.016146918918097913,0.01767884275599452
2851,3385.177310828,0.008520853433873812,0.016524081908962946,0.017041706867747624
2852,3386.166295749,0.00824913825921421,0.016790634265684008,0.01649827651842842
2853,3387.149564459,0.007954727096420923,0.017036830149771146,0.015909454192841847
2854,3387.808777786,0.007744696635831367,0.017190319326397224,0.015489393271662735
2855,3389.091880157,0.007309313917670259,0.0174599555540355,0.014618627835340518
2856,3389.648879041,0.007110340433150594,0.01756423276623403,0.014220680866301188
2857,3391.481233732,0.006419641752492707,0.01784835234129487,0.012839283504985415
2858,3392.147572632,0.006156892943740806,0.017928104133583412,0.012313785887481611
2859,3393.651785893,0.005546890889763668,0.018059555286950132,0.011093781779527336
2860,3394.137666352,0.005346043540222002,0.018087286542844614,0.010692087080444003
2861,3394.991106311,0.0049902837555793845,0.018118278842587293,0.009980567511158769
2862,3395.614850938,0.004728734058137538,0.018126547975518353,0.009457468116275076
2863,3396.890066311,0.0041931376000206326,0.018105527844165834,0.008386275200041265
2864,3398.271677189,0.0036172433159581048,0.018025590377204297,0.0072344866319162095
2865,3398.841197218,0.003382858473517898,0.017975583741834326,0.006765716947035796
2866,3400.322476548,0.0027862143687744697,0.017800151069363574,0.005572428737548939
2867,3401.3874507,0.002372541478407808,0.01763493831022095,0.004745082956815616
2868,3402.000441415,0.0021416013101000783,0.017525682916808318,0.004283202620200157
2869,3403.008864821,0.0017748226204728566,0.017324511115848172,0.003549645240945713
2870,3404.362761573,0.0013116176776108103,0.017015150680908885,0.0026232353552216206
2871,3405.132918695,0.0010648337490834847,0.016820678050702843,0.0021296674981669695
2872,3405.809942805,0.0008587579408066226,0.016639575682977945,0.0017175158816132453
2873,3406.67948281,0.0006098720579245338,0.016394181863402045,0.0012197441158490676
2874,3407.72831429,0.0003345974088526303,0.016081051454157592,0.0006691948177052606
2875,3409.578736852,-8.040315241318613e-05,0.015491108961903505,-0.00016080630482637225
2876,3410.424565212,-0.00023869282076277224,0.015209126666061942,-0.0004773856415255445
2877,3411.223633497,-0.00036961108968299594,0.014937639680351033,-0.0007392221793659919
2878,3411.855830275,-0.0004602282459190179,0.01472025681862498,-0.0009204564918380358
2879,3413.219036005,-0.00061643439355395,0.01424711958285945,-0.0012328687871079
2880,3413.710819477,-0.0006596550848855933,0.014075971040799024,-0.0013193101697711867
2881,3415.006415298,-0.0007405191002304264,0.013627133133840801,-0.0014810382004608528
2882,3415.806623573,-0.0007669429270142435,0.013353280221527609,-0.001533885854028487
2883,3417.201725528,-0.0007714241003853417,0.012886487240504708,-0.0015428482007706834
2884,3418.194842707,-0.0007437089309339373,0.012565487623613078,-0.0014874178618678746
2885,3418.744246677,-0.0007178489953536627,0.01239289728999189,-0.0014356979907073253
2886,3420.540582987,-0.0005844468930119366,0.011858410280124805,-0.0011688937860238732
2887,3421.307537317,-0.0005064212400076215,0.011646122754887729,-0.001012842480015243
2888,3421.882420408,-0.0004404158430080268,0.011493968857026875,-0.0008808316860160536
2889,3423.128594192,-0.00027719598164395795,0.011186196638946844,-0.0005543919632879159
2890,3423.61139467,-0.0002072355983339883,0.011075523944047042,-0.0004144711966679766
2891,3424.728989863,-3.277865186090684e-05,0.01083873552412655,-6.555730372181369e-05
2892,3425.830917736,0.00015376787397270572,0.010632896946584506,0.00030753574794541145
2893,3427.431811006,0.00044384096263726984,0.010384786205976519,0.0008876819252745397
2894,3428.345014649,0.0006159927973844745,0.010270909143878846,0.001231985594768949
2895,3429.077161459,0.0007558888820398873,0.010194238894680371,0.0015117777640797747
2896,3430.158809529,0.0009633926155914271,0.010104715379397356,0.0019267852311828542
2897,3430.61161868,0.0010499014928439735,0.010075573222801065,0.002099802985687947
2898,3432.026366532,0.0013156637327609488,0.010015552718254501,0.0026313274655218977
2899,3433.30633116,0.0015459316950324376,0.010000376611942039,0.003091863390064875
2900,3433.769710163,0.0016259439339673365,0.010003632645449229,0.003251887867934673
2901,3434.432930181,0.0017367143355368566,0.010016030873527627,0.0034734286710737133
2902,3436.18360757,0.0020038019079528613,0.010089680245511483,0.0040076038159057225
2903,3437.219161607,0.002141400345056901,0.010158543557943833,0.004282800690113802
2904,3438.212616155,0.0022570272373397516,0.010240008556806707,0.004514054474679503
2905,3439.112430155,0.0023467029046714705,0.010325168396964051,0.004693405809342941
2906,3440.229299588,0.0024367018060570344,0.010443520289867333,0.004873403612114069
2907,3440.84402577,0.002475678871305005,0.010513603718004291,0.00495135774261001
2908,3441.467977671,0.0025073140563124144,0.010587630222215984,0.005014628112624829
2909,3442.683392445,0.002545416417652208,0.010738027476704094,0.005090832835304416
2910,3444.036570702,0.00255050056241044,0.010910636441457825,0.00510100112482088
2911,3445.277432469,0.0025202977077106578,0.01106869140559553,0.0050405954154213155
2912,3446.015386158,0.002486634744231118,0.011160593186955128,0.004973269488462236
2913,3447.158925421,0.002411808695239587,0.01129719658549889,0.004823617390479174
2914,3447.700517605,0.002366996106723634,0.011358549861291721,0.004733992213447268
2915,3449.497002716,0.0021774013983540523,0.011541045598654284,0.0043548027967081045
2916,3449.685001064,0.0021540984480835526,0.011557927631503314,0.004308196896167105
2917,3450.723487593,0.002014397420480157,0.011642257688146572,0.004028794840960314
2918,3451.940669428,0.0018287142327915913,0.011719651209458561,0.0036574284655831826
2919,3452.56981677,0.0017243970197048162,0.01174954433892364,0.0034487940394096325
2920,3453.677893918,0.0015286278988454018,0.011783841457005732,0.0030572557976908036
2921,3455.488799435,0.0011821011460142496,0.01178494728421061,0.002364202292028499
2922,3456.258614559,0.001027523700813455,0.011763264172951832,0.00205504740162691
2923,3457.184172894,0.0008381058243058671,0.011718804519889157,0.0016762116486117341
2924,3457.573598858,0.000757683887378829,0.01169396439126358,0.001515367774757658
2925,3458.665410625,0.0005315618855616242,0.011604592909247464,0.0010631237711232484
2926,3460.04606402,0.00024845970699086556,0.011449424783899213,0.0004969194139817311
2927,3460.484230469,0.00016028769983182444,0.01139029928489216,0.0003205753996636489
2928,3461.915971198,-0.00011838710174597565,0.011164163806480231,-0.0002367742034919513
2929,3462.896732402,-0.0002980085588005884,0.010980652362541112,-0.0005960171176011769
2930,3464.08383216,-0.0004991869226899602,0.010728512409653123,-0.0009983738453799205
2931,3464.977695252,-0.0006365654488498783,0.010517897485065443,-0.0012731308976997567
2932,3465.827155727,-0.0007541471376632861,0.010302107738223104,-0.0015082942753265722
2933,3467.204403986,-0.0009142737439484788,0.00992222548540806,-0.0018285474878969577
2934,3467.909471077,-0.000980096049259539,0.009714595175625264,-0.001960192098519078
2935,3468.775551367,-0.0010446381296768676,0.009448626206121077,-0.0020892762593537353
2936,3469.551913133,-0.0010862896479028551,0.009201011358151257,-0.0021725792958057102
2937,3470.214108961,-0.0011090890924314058,0.008983748702190139,-0.0022181781848628116
2938,3472.249018221,-0.0011011501670831925,0.00828879994528995,-0.002202300334166385
2939,3473.168763395,-0.0010569339502083334,0.007965352768366234,-0.0021138679004166668
2940,3473.81488202,-0.0010101566308426744,0.007736280903869681,-0.002020313261685349
2941,3475.219106733,-0.0008628332536162447,0.00723715410331896,-0.0017256665072324893
2942,3475.717792819,-0.0007952893560630165,0.007060628278733782,-0.001590578712126033
2943,3476.519931771,-0.0006698045765322077,0.006778852063785706,-0.0013396091530644154
2944,3477.700190285,-0.0004474539287208092,0.006371934971059996,-0.0008949078574416184
2945,3479.049830179,-0.00013874011805866605,0.0059233752103782,-0.0002774802361173321
2946,3479.465965313,-3.2038002457950585e-05,0.005789722583179219,-6.407600491590117e-05
2947,3480.682915951,0.00031032183347961027,0.005414265486495021,0.0006206436669592205
2948,3481.776396694,0.0006552192343647211,0.005099662433408865,0.0013104384687294421
2949,3483.057856801,0.0011018302212441261,0.0047632684821712285,0.0022036604424882523
2950,3484.159388044,0.001519819829539731,0.0045058076125142335,0.003039639659079462
2951,3484.884585353,0.001810912347218262,0.004353935234272381,0.003621824694436524
2952,3485.691497728,0.002148511265356593,0.004202599651642324,0.004297022530713186
2953,3486.534339669,0.002515306945679085,0.004065502914137179,0.00503061389135817
2954,3487.539477843,0.0029696567582913162,0.003931569697602187,0.0059393135165826325
2955,3488.455776622,0.003397798132475699,0.003838856881009956,0.006795596264951398
2956,3489.665123316,0.003979575546513689,0.0037613360273983953,0.007959151093027379
2957,3491.550561368,0.004913289032872639,0.0037467015338813444,0.009826578065745278
2958,3491.811099965,0.005043937985481598,0.0037551270025648507,0.010087875970963197
2959,3492.41443558,0.005347268411557991,0.003784520216130201,0.010694536823115983
2960,3493.720613083,0.0060049022515040506,0.0038957335359410144,0.012009804503008101
2961,3494.816408482,0.006553489914244311,0.004039369440386788,0.013106979828488623
2962,3495.988931968,0.007132382118600938,0.004243617675608144,0.014264764237201875
2963,3496.350361364,0.007308381280150141,0.004317002056304256,0.014616762560300282
2964,3497.372960542,0.0077982565834933204,0.004550811121099268,0.015596513166986641
2965,3498.576136539,0.008355892139930038,0.004874329640612332,0.016711784279860076
2966,3499.686553821,0.008848412554954766,0.005217633115923222,0.017696825109909532
2967,3501.14591959,0.009456914254232061,0.005730556444244066,0.018913828508464122
2968,3501.897095233,0.009750569573282387,0.006020277138211474,0.019501139146564775
2969,3502.775867949,0.010075455820286522,0.006379905172321603,0.020150911640573043
2970,3503.63621579,0.010372664139946499,0.00675224073115442,0.020745328279892998
2971,3504.588927775,0.010676101021730179,0.0071860904546058235,0.021352202043460358
2972,3504.992627195,0.010796156970589027,0.007376252286158521,0.021592313941178054
2973,3506.860778988,0.011281921785106938,0.008299208639437214,0.022563843570213876
2974,3507.545273797,0.011429957092714422,0.00865268087615836,0.022859914185428844
2975,3508.772500867,0.011653465692992176,0.009302696894955883,0.02330693138598435
2976,3509.636408038,0.011777838706905857,0.009770320325323056,0.023555677413811715
2977,3510.845083645,0.011905349190575747,0.010434316064047884,0.023810698381151494
2978,3511.731091113,0.01196411117764169,0.010925477626798935,0.02392822235528338
2979,3512.473586843,0.011990723787362817,0.011338216460715977,0.023981447574725635
2980,3513.877573874,0.011985030058546878,0.012116865964796879,0.023970060117093756
2981,3514.366752244,0.01196603246882356,0.012386392397598684,0.02393206493764712
2982,3515.41680885,0.011896140323635247,0.012959535088021324,0.023792280647270493
2983,3515.901814499,0.011850687114064687,0.013221049810932126,0.023701374228129374
2984,3518.026445241,0.011557561656070118,0.01433348161963792,0.023115123312140235
2985,3518.868409209,0.011401154084959658,0.014755671828512265,0.022802308169919315
2986,3519.87018674,0.011187382017862573,0.015241266668258579,0.022374764035725147
2987,3520.491665964,0.011040447847662097,0.015532467227253521,0.022080895695324194
2988,3521.365040903,0.010816565111919103,0.015927581732262653,0.021633130223838205
2989,3522.382212894,0.010531993904151521,0.016365468660034427,0.021063987808303042
2990,3523.635835723,0.01014952031060873,0.01686971127922387,0.02029904062121746
2991,3524.215220738,0.00996215650130816,0.01708881718775703,0.01992431300261632
2992,3525.386566639,0.009565546663227602,0.017503654703817435,0.019131093326455205
2993,3526.670256711,0.009107756576547778,0.017913592504162024,0.018215513153095556
2994,3527.615207051,0.00875853698669359,0.018184707086147653,0.01751707397338718
2995,3528.351824583,0.008480791628436556,0.01837778160952496,0.016961583256873112
2996,3529.955744346,0.007864928714624499,0.01874262011085359,0.015729857429248997
2997,3530.835046799,0.007524019708510842,0.018910511361093726,0.015048039417021684
2998,3531.201023965,0.007382021137222822,0.018973770927453264,0.014764042274445645
2999,3532.038508847,0.0070577499863533075,0.019104110530150594,0.014115499972706615
3000,3533.328243396,0.006563074512951598,0.019266516664154302,0.013126149025903196
3001,3534.06258828,0.006285692648932567,0.0193389402429177,0.012571385297865134
3002,3535.772576943,0.005657749053427253,0.019454470865203424,0.011315498106854506
3003,3536.633250707,0.005353773561805517,0.01948631194048972,0.010707547123611034
3004,3537.708013056,0.004987974150638293,0.019503465173339098,0.009975948301276585
3005,3538.500568907,0.0047291876797282955,0.01950128305022375,0.009458375359456591
3006,3539.089936525,0.004543294905576499,0.019492159331528258,0.009086589811152998
3007,3540.456758809,0.00413532366943084,0.01944894910346593,0.00827064733886168
3008,3541.357522377,0.0038852434707629816,0.019405762901745095,0.007770486941525963
3009,3542.340883918,0.003630184622806047,0.019347557853648212,0.007260369245612094
3010,3543.322306535,0.0033949233978274197,0.0192801127153779,0.006789846795654839
3011,3543.816796285,0.0032838272427669745,0.019243299336241172,0.006567654485533949
3012,3545.699212171,0.002907012032000883,0.01909177838759705,0.005814024064001766
3013,3546.864134595,0.0027102372691621478,0.018993952118445512,0.0054204745383242955
3014,3547.314781396,0.002641449549412132,0.018956267501155272,0.005282899098824264
3015,3548.351252964,0.00249837096430059,0.018871476879727598,0.00499674192860118
3016,3549.458356776,0.0023680245408336993,0.018786052914729408,0.0047360490816673985
3017,3550.065059226,0.002305983519305028,0.018742497894691457,0.004611967038610056
3018,3550.853298372,0.0022347813624752715,0.01869027289890186,0.004469562724950543
3019,3552.08020975,0.0021436582945671846,0.018620814387778427,0.004287316589134369
3020,3553.840680597,0.0020497721432507447,0.018551933693208015,0.004099544286501489
3021,3554.165034789,0.0020365826653727733,0.018543768151200395,0.0040731653307455465
3022,3555.534145072,0.001992515021254619,0.018526547597210848,0.003985030042509238
3023,3556.065234536,0.001979731520502905,0.01852778375969885,0.00395946304100581
3024,3557.427102353,0.0019550629032351074,0.018552438988882914,0.003910125806470215
3025,3558.349345038,0.001942858807390749,0.018587352021966277,0.003885717614781498
3026,3559.2656647,0.0019323513798062844,0.018637018252027567,0.003864702759612569
3027,3560.019248824,0.0019237005811250773,0.018689172977493243,0.0038474011622501546
3028,3560.776183335,0.0019139609818138034,0.01875184676851757,0.0038279219636276067
3029,3562.162435083,0.001890174536987057,0.018893073286045208,0.003780349073974114
3030,3563.215121486,0.0018639421060860312,0.019022582598341192,0.0037278842121720624
3031,3564.760770714,0.0018069171095303658,0.01924569658193162,0.0036138342190607316
3032,3565.396422887,0.001775539496428432,0.019348114771588962,0.003551078992856864
3033,3566.284910776,0.0017225905556313328,0.01950086817417396,0.0034451811112626656
3034,3566.916683897,0.0016778600055127148,0.019615822306606603,0.0033557200110254297
3035,3567.733251751,0.001610531044626897,0.019771509838068115,0.003221062089253794
3036,3569.343132086,0.0014432334658398141,0.020098587918289994,0.0028864669316796283
3037,3570.008671365,0.0013595732287194524,0.02024018331727323,0.002719146457438905
3038,3570.822916555,0.0012449236623926494,0.0204172672951117,0.002489847324785299
3039,3572.513965628,0.0009613759447129786,0.02079383169625637,0.0019227518894259573
3040,3573.079804301,0.0008522897076462322,0.020921033808485104,0.0017045794152924644
3041,3574.100016307,0.0006371134498790576,0.021149867794711983,0.0012742268997581153
3042,3575.493155747,0.00030438694976943445,0.021457330406142044,0.0006087738995388689
3043,3575.955379645,0.0001840403616720462,0.021557076255918857,0.0003680807233440924
3044,3577.205283986,-0.00016603562983970725,0.02181847595001486,-0.0003320712596794145
3045,3577.98118411,-0.0004011891875366895,0.021973066043181968,-0.000802378375073379
3046,3578.410382621,-0.0005370139950317355,0.02205554963671855,-0.001074027990063471
3047,3579.750102617,-0.0009865044588042065,0.022296794875479503,-0.001973008917608413
3048,3581.585338239,-0.0016612868245752684,0.022579524611524918,-0.003322573649150537
3049,3582.39491662,-0.0019787945197050514,0.02268366612541402,-0.003957589039410103
3050,3582.923042186,-0.0021918887160231218,0.02274406621110139,-0.0043837774320462436
3051,3583.945574775,-0.002616775035111871,0.022842944164945304,-0.005233550070223742
3052,3585.206278713,-0.0031603718054038373,0.02292976686849323,-0.006320743610807675
3053,3585.684448659,-0.0033714663194379384,0.022951969505047836,-0.006742932638875877
3054,3586.840745006,-0.00389108172016076,0.022980033605496743,-0.00778216344032152
3055,3587.968813668,-0.004407703831772204,0.02297110629650887,-0.008815407663544408
3056,3588.85944452,-0.004820011152001381,0.022937824026308076,-0.009640022304002762
3057,3589.745006545,-0.005231897496356519,0.02288123574239806,-0.010463794992713039
3058,3590.983471294,-0.005807665805948161,0.022762187459867262,-0.011615331611896321
3059,3592.40588908,-0.006462578177283591,0.022567605930620783,-0.012925156354567181
3060,3593.02855884,-0.0067452352931309,0.022463012868309318,-0.0134904705862618
3061,3594.227274785,-0.007279272929186567,0.022228791667340944,-0.014558545858373134
3062,3594.469272698,-0.007385148078177377,0.02217632759429452,-0.014770296156354754
3063,3595.779063754,-0.007944430316114146,0.021862911630717602,-0.01588886063222829
3064,3596.42177254,-0.008209185270135437,0.021691389695433605,-0.016418370540270875
3065,3597.802641293,-0.008752557419243056,0.021285276318274742,-0.017505114838486113
3066,3598.948560206,-0.009173445623545624,0.020911558731886874,-0.018346891247091247
3067,3600.166323797,-0.009586844671461427,0.020481006339921715,-0.019173689342922854
3068,3601.104013685,-0.009879091143835905,0.02012819786831959,-0.01975818228767181
3069,3601.791282752,-0.010077887398569215,0.01985898926657452,-0.02015577479713843
3070,3602.418894263,-0.010247515372336684,0.019606012352488635,-0.02049503074467337
3071,3604.248053633,-0.01067349728088346,0.018835639529644906,-0.02134699456176692
3072,3604.754984018,-0.010772772173440949,0.018614933069941515,-0.021545544346881898
3073,3605.494474972,-0.010902463535294291,0.018288637361965558,-0.021804927070588582
3074,3606.359317624,-0.01103095837295914,0.017901862969021073,-0.02206191674591828
3075,3607.574809645,-0.011168559545974304,0.0173522401853588,-0.022337119091948607
3076,3609.283333035,-0.011275979511647289,0.016576935516800322,-0.022551959023294578
3077,3609.700266169,-0.011286909844344967,0.016388699319491995,-0.022573819688689933
3078,3611.101631552,-0.011280083126241649,0.01576317760614588,-0.022560166252483298
3079,3611.910994676,-0.011245972256800567,0.015409212992968154,-0.022491944513601134
3080,3612.324192688,-0.011220203800976592,0.015231202564057912,-0.022440407601953184
3081,3613.549021241,-0.011111445888375667,0.014716531678323996,-0.022222891776751335
3082,3614.327814642,-0.011017860255306672,0.01440110589419802,-0.022035720510613345
3083,3615.606268126,-0.010825075438059028,0.013907001534710571,-0.021650150876118057
3084,3616.840689134,-0.01059558729788973,0.013462055172026222,-0.02119117459577946
3085,3617.802842397,-0.010389505920315841,0.013139958635015736,-0.020779011840631682
3086,3618.452558516,-0.010237906133876913,0.012935751736633345,-0.020475812267753826
3087,3619.885723508,-0.009871525713855127,0.012526092925591403,-0.019743051427710254
3088,3620.70557045,-0.009644341508093745,0.012318504570965633,-0.01928868301618749
3089,3621.886132366,-0.009298214562447822,0.012055779367513387,-0.018596429124895644
3090,3622.179274502,-0.00920924319220258,0.01199737052317825,-0.01841848638440516
3091,3623.558468475,-0.008777565062667811,0.011760137944360531,-0.017555130125335622
3092,3624.437503558,-0.008493603430470896,0.011641934850440107,-0.01698720686094179
3093,3624.881726598,-0.008348260888802698,0.011592127686120657,-0.016696521777605396
3094,3627.060315519,-0.007627433358034167,0.01144524263929923,-0.015254866716068334
3095,3627.949114789,-0.007334259767454247,0.01143173795219723,-0.014668519534908494
3096,3628.610375056,-0.007118356548280862,0.011438949179795732,-0.014236713096561724
3097,3629.407217612,-0.006862013427122676,0.011466929327246023,-0.013724026854245352
3098,3630.363425045,-0.006561840356039832,0.011527787999980272,-0.013123680712079665
3099,3631.308684289,-0.006275312362562129,0.011616376870229003,-0.012550624725124257
3100,3632.478178334,-0.005938223123132198,0.011763506726584055,-0.011876446246264397
3101,3633.440157775,-0.005678034014917637,0.011914077112794356,-0.011356068029835274
3102,3634.056193093,-0.005520576179915777,0.01202375656722892,-0.011041152359831554
3103,3635.673633427,-0.005145442097802482,0.012357319775111727,-0.010290884195604965
3104,3636.439638357,-0.00498896590128315,0.01253642660109973,-0.0099779318025663
3105,3637.540657718,-0.004790057741891535,0.012814964626319494,-0.00958011548378307
3106,3638.553707679,-0.004635733720147375,0.013090739442747275,-0.00927146744029475
3107,3639.679806518,-0.004498182438413109,0.013415904459215155,-0.008996364876826217
3108,3640.362976494,-0.004432809256968249,0.013621188945378254,-0.008865618513936498
3109,3641.010538146,-0.004383752395279258,0.013820406771195184,-0.008767504790558517
3110,3641.707123241,-0.004345220408994467,0.01403886882322008,-0.008690440817988934
3111,3643.479573646,-0.004314698818823176,0.014607857523790685,-0.008629397637646353
3112,3644.403358341,-0.004337456292954418,0.014907927627856398,-0.008674912585908835
3113,3645.632116644,-0.004408559097225587,0.015305975738809425,-0.008817118194451174
3114,3646.450894372,-0.004481460226999778,0.015568249832667276,-0.008962920453999556
3115,3647.28426168,-0.004576179052970306,0.01583099251260209,-0.009152358105940612
3116,3648.158454688,-0.004697221673658182,0.0161004151835816,-0.009394443347316364
3117,3649.166164133,-0.0048633555637672965,0.016400973245074734,-0.009726711127534593
3118,3650.302043571,-0.005083172239768284,0.016723986429985443,-0.010166344479536567
3119,3651.253106164,-0.005292205485048589,0.016979296209070942,-0.010584410970097179
3120,3651.783523375,-0.005418095997715575,0.017114972369233827,-0.01083619199543115
3121,3653.088326196,-0.005754077929669594,0.017426146479274266,-0.011508155859339187
3122,3654.211437503,-0.00607050202617899,0.017665957396756964,-0.01214100405235798
3123,3655.905726441,-0.006588360269195502,0.017973803837826104,-0.013176720538391005
3124,3656.334529766,-0.006726011097362787,0.018040826822585152,-0.013452022194725573
3125,3656.892829633,-0.006908628189736612,0.01812125038049604,-0.013817256379473224
3126,3658.129372194,-0.00732474159311026,0.01827119095914852,-0.01464948318622052
3127,3658.921689553,-0.007598065356202568,0.018346440882498902,-0.015196130712405135
3128,3659.907500749,-0.007943211163655173,0.018417029613803523,-0.015886422327310346
3129,3660.735665815,-0.008235851710863005,0.01845649560738978,-0.01647170342172601
3130,3662.368949297,-0.008814353196084986,0.01848152826500571,-0.01762870639216997
3131,3663.448288853,-0.009193362212010395,0.01846029548125475,-0.01838672442402079
3132,3664.002007105,-0.009385596815650883,0.018438047374456267,-0.018771193631301766
3133,3664.878137729,-0.009685494376786579,0.01838756789421213,-0.019370988753573157
3134,3666.237025973,-0.010137158521292508,0.018273754834359102,-0.020274317042585015
3135,3667.307339233,-0.010478368693780925,0.018155527137953306,-0.02095673738756185
3136,3667.735638946,-0.010610720915192128,0.01810160400065453,-0.021221441830384255
3137,3669.030191157,-0.01099435228951909,0.017917338032747,-0.02198870457903818
3138,3669.423746307,-0.011105705658379955,0.017855393418886395,-0.02221141131675991
3139,3670.731997269,-0.011456539469491711,0.01763171573650961,-0.022913078938983422
3140,3672.349351294,-0.011845914742534642,0.017322753930812843,-0.023691829485069284
3141,3673.159176144,-0.012021192709891887,0.017157194081668367,-0.024042385419783773
3142,3674.087608958,-0.012205281539673032,0.01696048292171914,-0.024410563079346064
3143,3675.26261013,-0.012411823382789452,0.01670370962731168,-0.024823646765578904
3144,3675.662484246,-0.012475293345540529,0.016614941809855222,-0.024950586691081057
3145,3676.368938137,-0.012578922116276318,0.01645709254223297,-0.025157844232552636
3146,3677.893295663,-0.012765669428142008,0.01611550116484913,-0.025531338856284017
3147,3678.847783057,-0.01285733463480493,0.01590380784782659,-0.02571466926960986
3148,3679.81831165,-0.012931165696701948,0.01569270333613428,-0.025862331393403895
3149,3680.583983908,-0.012976087057539679,0.01553040246944237,-0.025952174115079357
3150,3682.418731434,-0.013038776690594221,0.015162571988014378,-0.026077553381188442
3151,3682.571730549,-0.013041306322158604,0.015133515167804989,-0.02608261264431721
3152,3683.971024204,-0.013046883143961073,0.014881535268233537,-0.026093766287922145
3153,3684.859893089,-0.013035293831959397,0.01473572535794139,-0.026070587663918794
3154,3685.974442143,-0.013006329898436055,0.014570438965467171,-0.02601265979687211
3155,3686.271337181,-0.012996203955443094,0.014529915576949607,-0.025992407910886188
3156,3687.53841376,-0.012943329484871435,0.01437457099448955,-0.02588665896974287
3157,3688.177027971,-0.012911667175610446,0.014307524300115417,-0.025823334351220893
3158,3690.184258111,-0.01279771123422033,0.01414849866449359,-0.02559542246844066
3159,3691.039162253,-0.012745700646902988,0.014105295430550335,-0.025491401293805976
3160,3691.756939721,-0.012701956741099594,0.014080507873265726,-0.025403913482199187
3161,3692.647653927,-0.01264892281154048,0.014064322737788857,-0.02529784562308096
3162,3693.370984735,-0.012607908865231257,0.014062969470472857,-0.025215817730462515
3163,3694.791126718,-0.012536214765053639,0.014090428897483364,-0.025072429530107278
3164,3695.672790133,-0.012499854055347316,0.014126911812225272,-0.024999708110694633
3165,3696.121982633,-0.012484319363321112,0.014150999249935662,-0.024968638726642223
3166,3697.585963646,-0.012450387620128326,0.014253905306499831,-0.02490077524025665
3167,3698.547362767,-0.012444191864310228,0.014340413338430641,-0.024888383728620456
3168,3699.430292631,-0.01245138564826946,0.014431802672763068,-0.02490277129653892
3169,3700.83831676,-0.012491287868238823,0.014598338541423195,-0.024982575736477646
3170,3702.050756988,-0.012556389659915339,0.014758852262501487,-0.025112779319830678
3171,3702.460155933,-0.012585232502386199,0.014815970646212845,-0.025170465004772397
3172,3703.347476074,-0.012660166797124537,0.014943820642037767,-0.025320333594249074
3173,3704.209894383,-0.012749795224666426,0.01507221442061245,-0.02549959044933285
3174,3705.129228188,-0.012864131310242064,0.015211925806505424,-0.025728262620484128
3175,3706.294721356,-0.013037620305251232,0.015390491737958398,-0.026075240610502464
3176,3707.579055361,-0.013266303896318516,0.01558493341951185,-0.026532607792637032
3177,3708.658452869,-0.013488986625565018,0.0157428388102178,-0.026977973251130036
3178,3709.582271722,-0.013701473204662352,0.01587153788408453,-0.027402946409324704
3179,3710.371491777,-0.013898715499694316,0.01597526828593597,-0.027797430999388632
3180,3711.404818176,-0.014178273122441687,0.01610039128208841,-0.028356546244883374
3181,3712.170139466,-0.014400378368992776,0.01618388228754223,-0.02880075673798555
3182,3713.583581053,-0.014842441664461,0.016313890562508548,-0.029684883328922
3183,3714.42467684,-0.015123865466432318,0.016374348920477268,-0.030247730932864637
3184,3714.739333587,-0.015232437540882103,0.016393412312105227,-0.030464875081764205
3185,3715.846459035,-0.015627704036575533,0.01644398956606273,-0.03125540807315107
3186,3717.751095917,-0.016350109381051952,0.016465448969802197,-0.032700218762103904
3187,3718.498355476,-0.01664568253672999,0.016449327689184445,-0.03329136507345998
3188,3719.483495399,-0.01704354387948426,0.01640559626475806,-0.03408708775896852
3189,3720.182048933,-0.01733020455923715,0.01635858420739747,-0.0346604091184743
3190,3721.29604,-0.017792867029095744,0.016255313796926508,-0.03558573405819149
3191,3722.058836767,-0.018112055908689795,0.016164119926352697,-0.03622411181737959
3192,3722.627320553,-0.018350411512477252,0.016085178077683854,-0.036700823024954504
3193,3724.388127501,-0.019085794333857025,0.01578066276203416,-0.03817158866771405
3194,3724.88231999,-0.01929003356361589,0.015678882031396613,-0.03858006712723178
3195,3726.517718265,-0.01995328191609559,0.015291647088667499,-0.03990656383219118
3196,3727.105295975,-0.020185316016085565,0.015133919756477458,-0.04037063203217113
3197,3727.938465956,-0.020507128781417364,0.014893856672179007,-0.04101425756283473
3198,3729.472791702,-0.02107325994743826,0.014403216460484081,-0.04214651989487652
3199,3730.187320676,-0.021323226853807373,0.014154255583986851,-0.042646453707614745
3200,3731.075159248,-0.021620038090105466,0.013827851901293384,-0.04324007618021093
3201,3731.652937303,-0.021804333246499535,0.013605786809009274,-0.04360866649299907
3202,3732.847475614,-0.022161328350536715,0.01312422842773365,-0.04432265670107343
3203,3733.671696805,-0.022387431509585293,0.01277572375426952,-0.04477486301917059
3204,3735.007644635,-0.02271614395426285,0.01218611044235645,-0.0454322879085257
3205,3736.462855617,-0.02301753839409772,0.011514670437369654,-0.04603507678819544
3206,3737.426702786,-0.023182908326232852,0.011056754592444719,-0.046365816652465704
3207,3737.847779332,-0.023246323981882373,0.01085410942920336,-0.04649264796376475
3208,3738.588055468,-0.023344570781233826,0.01049482217393083,-0.04668914156246765
3209,3739.83169066,-0.023471094335921854,0.009885201297573377,-0.04694218867184371
3210,3740.875153687,-0.02353960299451039,0.009371140655142766,-0.04707920598902078
3211,3741.925079349,-0.023573783802674584,0.008854884606244031,-0.04714756760534917
3212,3742.485013547,-0.023577832440521918,0.008581058142471594,-0.047155664881043835
3213,3743.859616212,-0.02354651353440468,0.007916838273234004,-0.04709302706880936
3214,3744.846671965,-0.02348862932034691,0.007449928876148468,-0.04697725864069382
3215,3746.135972513,-0.023370125832473252,0.006857318365373742,-0.046740251664946504
3216,3746.840953103,-0.023285611823529558,0.0065432932448130955,-0.046571223647059116
3217,3747.997127045,-0.023118435674002093,0.006046281586402775,-0.04623687134800419
3218,3748.752860723,-0.0229910008896791,0.0057348957587861574,-0.0459820017793582
3219,3749.672707911,-0.022817833021158994,0.005371796513544114,-0.04563566604231799
3220,3750.303158431,-0.022688431763586443,0.005133749700026042,-0.045376863527172885
3221,3751.16464451,-0.022498605460328204,0.004823618760783301,-0.04499721092065641
3222,3753.18644913,-0.02200187193017209,0.0041698566460407135,-0.04400374386034418
3223,3753.946989066,-0.02179951725978797,0.00395254376478392,-0.04359903451957594
3224,3754.507321885,-0.021646053233467022,0.0038028986388113635,-0.043292106466934044
3225,3755.922818842,-0.02124519423006126,0.0034654458120651935,-0.04249038846012252
3226,3756.524972712,-0.02107034514056171,0.003339840291651998,-0.04214069028112342
3227,3757.48143985,-0.02078932376000621,0.003162640136226593,-0.04157864752001242
3228,3758.696426296,-0.020429879509102685,0.002977191445255967,-0.04085975901820537
3229,3759.359216676,-0.02023425108332371,0.0028946775216526738,-0.04046850216664742
3230,3760.582729131,-0.019877213232454873,0.0027765319674242653,-0.039754426464909745
3231,3761.08533495,-0.019733012476931197,0.002740649393542051,-0.039466024953862394
3232,3762.475079096,-0.01934534639983149,0.002678688266282539,-0.03869069279966298
3233,3763.999842699,-0.018945080139093566,0.0026709498289677384,-0.03789016027818713
3234,3764.64428017,-0.018785785407348585,0.0026855504946762983,-0.03757157081469717
3235,3765.746026065,-0.01852940025282751,0.0027334816422335093,-0.03705880050565502
3236,3766.455967532,-0.01837595545823835,0.0027788035649481636,-0.0367519109164767
3237,3766.872421485,-0.018290577963777612,0.0028103269734333766,-0.036581155927555224
3238,3768.338640156,-0.018019400527563057,0.0029479354612920662,-0.036038801055126114
3239,3769.293394313,-0.017869220954437732,0.003057457501970472,-0.035738441908875464
3240,3770.105497899,-0.017758975534389092,0.0031612008488991557,-0.035517951068778184
3241,3771.728992762,-0.017589387571051385,0.003392315305407627,-0.03517877514210277
3242,3772.512331217,-0.01753271295688456,0.0035125735148392604,-0.03506542591376912
3243,3773.467327741,-0.017486384855345292,0.0036644608456955917,-0.034972769710690584
3244,3773.941580305,-0.017472781294597867,0.003741379854708341,-0.03494556258919573
3245,3775.752711841,-0.0174786537147386,0.004038261752392398,-0.0349573074294772
3246,3776.258807342,-0.01749664905586191,0.00412065147186343,-0.03499329811172382
3247,3777.143244332,-0.01754506400091229,0.004262295310569694,-0.03509012800182458
3248,3777.833370602,-0.01759763830895831,0.004369770365562819,-0.03519527661791662
3249,3778.839373785,-0.01769699412136625,0.00451976908073018,-0.0353939882427325
3250,3780.226486451,-0.01787659250306532,0.004709391468211487,-0.03575318500613064
3251,3781.668646123,-0.018112592770437315,0.004879246735704469,-0.03622518554087463
3252,3782.390575662,-0.018248281210185492,0.004951779019559883,-0.036496562420370984
3253,3783.126649464,-0.01839783471751739,0.005016083788276983,-0.03679566943503478
3254,3784.265550344,-0.018649852618508964,0.005094639825586117,-0.03729970523701793
3255,3784.8651051,-0.0187917497676312,0.005125025391383183,-0.0375834995352624
3256,3785.791018601,-0.019022088126833658,0.00515609864183121,-0.038044176253667315
3257,3786.935697906,-0.019323323739337657,0.0051664573792535974,-0.038646647478675314
3258,3788.26366487,-0.019691317443901638,0.005137442289926013,-0.039382634887803275
3259,3788.80005033,-0.01984439187523041,0.005112753704217829,-0.03968878375046082
3260,3790.041776673,-0.02020572163577762,0.005026170466194655,-0.04041144327155524
3261,3791.020914403,-0.02049497764557169,0.004928459634840426,-0.04098995529114338
3262,3792.560247672,-0.02095127274402013,0.004721889170728989,-0.04190254548804026
3263,3792.872479502,-0.021043362133912974,0.004672105715278618,-0.04208672426782595
3264,3793.790990277,-0.021312043440181703,0.00451038180715984,-0.042624086880363406
3265,3795.021653416,-0.02166414424692671,0.004258513934241785,-0.04332828849385342
3266,3795.808588148,-0.021882671534274756,0.004076879312383834,-0.04376534306854951
3267,3796.139177933,-0.02197259330379853,0.0039959130163434746,-0.04394518660759706
3268,3797.854055844,-0.022417456365267912,0.003533464361569346,-0.044834912730535824
3269,3799.298497077,-0.022758448497141065,0.0030921983655225697,-0.04551689699428213
3270,3800.132426403,-0.022938792609750666,0.002817810361668051,-0.04587758521950133
3271,3800.877635579,-0.023088663065641668,0.002561476617622228,-0.046177326131283336
3272,3801.590617176,-0.023221440350745987,0.0023071295681250975,-0.046442880701491975
3273,3802.640239734,-0.02339690291143234,0.0019180304569837395,-0.04679380582286468
3274,3803.829200466,-0.023565216686228657,0.0014589275098004278,-0.047130433372457314
3275,3804.790840394,-0.02367652540701916,0.001075761213927027,-0.04735305081403832
3276,3805.434646755,-0.02373822808098257,0.0008144121690358959,-0.04747645616196514
3277,3806.297896755,-0.023804482953098914,0.0004591569732710578,-0.04760896590619783
3278,3808.093049896,-0.023880750765288745,-0.00029107394670143424,-0.04776150153057749
3279,3808.459507837,-0.023886032873955725,-0.0004451736401908743,-0.04777206574791145
3280,3809.874248313,-0.023873795790270234,-0.00103952702797134,-0.04774759158054047
3281,3811.184712333,-0.02381684857865273,-0.001584956031505326,-0.04763369715730546
3282,3811.428221765,-0.02380153277592408,-0.0016853335496673943,-0.04760306555184816
3283,3812.544754399,-0.023712818330620403,-0.002140165364119108,-0.047425636661240805
3284,3812.978308902,-0.023670371515633035,-0.002313946871032116,-0.04734074303126607
3285,3814.327017462,-0.023510965317497835,-0.002842006587748823,-0.04702193063499567
3286,3815.531819858,-0.023335494043501718,-0.0032946795726353823,-0.046670988087003436
3287,3816.602598128,-0.02315548302412731,-0.0036792519679458824,-0.04631096604825462
3288,3817.768707914,-0.022936151328791014,-0.004076645510640631,-0.04587230265758203
3289,3818.505533966,-0.02278628929969592,-0.004315235021224919,-0.04557257859939184
3290,3819.414498548,-0.022590732689933862,-0.004595338145194705,-0.045181465379867725
3291,3820.438313369,-0.022358113985036693,-0.0048910799588921874,-0.04471622797007339
3292,3821.438059665,-0.02212041201905906,-0.005158812519432004,-0.04424082403811812
3293,3822.371913386,-0.021890887563165973,-0.0053895131504088705,-0.04378177512633195
3294,3823.148110408,-0.021695933595191168,-0.005566740430193499,-0.043391867190382336
3295,3824.418553125,-0.021371549400230845,-0.005828056546961642,-0.04274309880046169
3296,3824.541037159,-0.021340066652927862,-0.005851359058688577,-0.042680133305855725
3297,3826.947627238,-0.020722636136279338,-0.006242488872776518,-0.041445272272558675
3298,3827.576335686,-0.020563893442576742,-0.0063241881298332775,-0.041127786885153485
3299,3828.33952052,-0.020374052492367907,-0.0064123971366483205,-0.040748104984735814
3300,3829.144810487,-0.02017807606369992,-0.006492845730050187,-0.04035615212739984
3301,3830.161823923,-0.019938501575904537,-0.00657675549912137,-0.03987700315180907
3302,3831.03467912,-0.019741315702933304,-0.006633924691362678,-0.03948263140586661
3303,3831.932487128,-0.019547897579484223,-0.0066794353001956375,-0.039095795158968445
3304,3832.941548849,-0.01934331502212776,-0.00671586196571724,-0.03868663004425552
3305,3834.353094561,-0.019082549534443837,-0.00674386649063046,-0.038165099068887674
3306,3835.220398724,-0.018938364245459045,-0.006749778537243926,-0.03787672849091809
3307,3836.022881981,-0.018816541968048356,-0.006748931222954444,-0.03763308393609671
3308,3837.238847223,-0.018654140160245452,-0.006738494957751596,-0.037308280320490904
3309,3838.084058667,-0.018557523137336916,-0.006726505656459697,-0.03711504627467383
3310,3839.426268466,-0.018432164044773942,-0.0067031065525116895,-0.036864328089547885
3311,3839.974002766,-0.018390986386265504,-0.0066930613354414005,-0.03678197277253101
3312,3840.504678748,-0.018356606029073276,-0.006683566154292215,-0.03671321205814655
3313,3841.682344812,-0.01829953769729625,-0.0066650002063788835,-0.0365990753945925
3314,3842.678532636,-0.018271577477066037,-0.006654128026633368,-0.03654315495413207
3315,3844.403553213,-0.018265254614087498,-0.00665228708089623,-0.036530509228174995
3316,3844.897010964,-0.01827275167750133,-0.0066569286738073635,-0.03654550335500266
3317,3846.487475476,-0.01832273837930397,-0.006691628148050722,-0.03664547675860794
3318,3846.747301185,-0.018334402866633855,-0.006700503361029479,-0.03666880573326771
3319,3847.681749671,-0.0183837148295168,-0.0067407566758748184,-0.0367674296590336
3320,3848.415301006,-0.018429859614145793,-0.006782118547240999,-0.036859719228291586
3321,3850.170201815,-0.01856239295697089,-0.006919497944124934,-0.03712478591394178
3322,3850.603920438,-0.018599080982346108,-0.0069623902843872435,-0.037198161964692215
3323,3851.410102462,-0.01867040814093607,-0.007052075439639394,-0.03734081628187214
3324,3852.703102475,-0.018790862558106556,-0.007223961681590535,-0.03758172511621311
3325,3853.860293846,-0.01890157633559233,-0.007408136149004163,-0.03780315267118466
3326,3854.902586333,-0.01900059241074454,-0.007599149213192801,-0.03800118482148908
3327,3855.955254473,-0.019097115391265657,-0.0078164569717798,-0.03819423078253131
3328,3856.703867396,-0.01916211999621094,-0.007985884910645254,-0.03832423999242188
3329,3857.610583015,-0.019235201501040706,-0.00820748934150351,-0.03847040300208141
3330,3858.448586237,-0.019295813603211264,-0.008427987058015604,-0.03859162720642253
3331,3859.285738177,-0.01934832017350757,-0.008662910062693006,-0.03869664034701514
3332,3860.093008505,-0.019390094635670433,-0.00890284837239814,-0.038780189271340866
3333,3861.852719325,-0.019445430990682435,-0.00946869750739929,-0.03889086198136487
3334,3862.983783667,-0.01945098441768795,-0.009860733925495283,-0.0389019688353759
3335,3863.65828602,-0.01944172208859846,-0.01010396024116911,-0.03888344417719692
3336,3864.150190996,-0.01942865154415652,-0.010285407545905454,-0.03885730308831304
3337,3865.565077205,-0.019359463672675395,-0.010824231294915953,-0.03871892734535079
3338,3866.822404111,-0.019256044488226542,-0.011320498624494944,-0.038512088976453085
3339,3866.972328125,-0.019240949798300093,-0.011380554296169534,-0.038481899596600186
3340,3868.412859074,-0.019064724151905004,-0.011964654024682254,-0.03812944830381001
3341,3869.144666921,-0.01895300423241277,-0.01226480759949283,-0.03790600846482554
3342,3870.114034539,-0.018781376139646325,-0.01266381427384144,-0.03756275227929265
3343,3871.291750189,-0.018536040667197086,-0.013147661877955531,-0.03707208133439417
3344,3872.666546573,-0.018198109911122286,-0.013705854406918435,-0.03639621982224457
3345,3873.810208381,-0.017874805515082467,-0.014160114322948019,-0.035749611030164934
3346,3874.229614846,-0.01774674151970358,-0.014323564537427143,-0.03549348303940716
3347,3875.105197585,-0.01746320428955177,-0.01465817188386135,-0.03492640857910354
3348,3876.17374069,-0.01708815263149068,-0.01505229352622426,-0.03417630526298136
3349,3876.657964937,-0.01690796737848559,-0.015224981664773167,-0.03381593475697118
3350,3878.256174941,-0.01627001046789969,-0.01576453209527386,-0.03254002093579938
3351,3879.11033871,-0.01590324744497595,-0.016031369379625213,-0.0318064948899519
3352,3880.082213598,-0.015465681248281526,-0.01631451289697257,-0.03093136249656305
3353,3881.540350514,-0.01477227581659794,-0.016694534666196442,-0.02954455163319588
3354,3882.116845258,-0.014487086737188945,-0.01682885901342823,-0.02897417347437789
3355,3882.89999255,-0.014090725402267123,-0.01699603224671344,-0.028181450804534245
3356,3884.209799208,-0.013407619641594258,-0.017234413672718992,-0.026815239283188515
3357,3885.109963086,-0.012925918106446737,-0.017367037549714356,-0.025851836212893473
3358,3886.225209766,-0.012318473551996088,-0.017494749727961965,-0.024636947103992175
3359,3886.451289791,-0.012194196401540677,-0.017515601962222526,-0.024388392803081353
3360,3887.35201376,-0.011696280968119506,-0.017581557980266567,-0.023392561936239013
3361,3889.155346344,-0.010692593399079162,-0.01763028679396766,-0.021385186798158325
3362,3890.309181969,-0.010051743983419256,-0.017602737230080392,-0.020103487966838512
3363,3891.086883003,-0.00962301086186921,-0.017558401319537207,-0.01924602172373842
3364,3891.929936986,-0.00916292436439034,-0.017487140330309747,-0.01832584872878068
3365,3893.001131077,-0.008587868939600982,-0.01736234480780187,-0.017175737879201965
3366,3893.407062083,-0.008373363450971725,-0.017305223606557882,-0.01674672690194345
3367,3894.783730291,-0.007662917466890393,-0.017072462567241264,-0.015325834933780785
3368,3895.567931274,-0.0072718099990179775,-0.01691380401447625,-0.014543619998035955
3369,3896.642632278,-0.006754448172866557,-0.016667173865448984,-0.013508896345733113
3370,3897.87075029,-0.006192900057044069,-0.016346412963928646,-0.012385800114088137
3371,3898.651961795,-0.005853870347013555,-0.016122258645942335,-0.01170774069402711
3372,3899.623743454,-0.0054535013261805005,-0.0158233045342201,-0.010907002652361001
3373,3901.00776461,-0.004927134092449683,-0.015362769589870411,-0.009854268184899366
3374,3902.077427042,-0.004557887141799296,-0.014982367972365344,-0.009115774283598593
3375,3902.411160511,-0.0044496716747280795,-0.014859851352293736,-0.008899343349456159
3376,3903.351543071,-0.004163142267543434,-0.014506021225772445,-0.008326284535086869
3377,3904.379191304,-0.0038817801703267996,-0.014106863202464952,-0.007763560340653599
3378,3905.344851666,-0.003648285374324452,-0.013722409571586757,-0.007296570748648904
3379,3906.119319112,-0.0034829556819606085,-0.013409201289782808,-0.006965911363921217
3380,3908.188165438,-0.003137771005825633,-0.012561483818926383,-0.006275542011651266
3381,3908.606362666,-0.003085013756277858,-0.012389720308034218,-0.006170027512555716
3382,3909.465847404,-0.0029943613746362713,-0.01203793899548968,-0.005988722749272543
3383,3910.632716857,-0.002908996995260348,-0.01156554606083659,-0.005817993990520696
3384,3910.911438236,-0.0028949172462311976,-0.011453997416230016,-0.005789834492462395
3385,3912.642948599,-0.0028601761723562355,-0.010776772373750347,-0.005720352344712471
3386,3913.259137862,-0.0028689823803237677,-0.010543838923497964,-0.005737964760647535
3387,3914.219923269,-0.002903749696967553,-0.010191004655304531,-0.005807499393935106
3388,3914.949001245,-0.0029465021443345926,-0.009932704873592707,-0.005893004288669185
3389,3916.17653856,-0.0030483971647019352,-0.009518557103164278,-0.0060967943294038705
3390,3917.658165954,-0.0032170304213222007,-0.009057516334295461,-0.006434060842644401
3391,3918.443052988,-0.0033244802110255923,-0.008832155864782395,-0.0066489604220511846
3392,3919.222740961,-0.003442295959600505,-0.008622091633657483,-0.00688459191920101
3393,3920.540431095,-0.0036634724683707086,-0.008299886469253212,-0.007326944936741417
3394,3921.152570242,-0.003774396670757982,-0.008164741972659612,-0.007548793341515964
3395,3921.652560349,-0.003868305157537458,-0.008061375874673276,-0.007736610315074916
3396,3922.665203224,-0.004066282573949913,-0.007871676904560202,-0.008132565147899826
3397,3924.193310525,-0.004379907650096603,-0.00763595525723664,-0.008759815300193206
3398,3925.247119257,-0.004602584485635529,-0.0075090317641038065,-0.009205168971271058
3399,3926.176083584,-0.004800571674122651,-0.007421129642688111,-0.009601143348245302
3400,3927.08051737,-0.004992936803921841,-0.0073568385932495815,-0.009985873607843683
3401,3928.142218295,-0.0052159020080824615,-0.0073075688318221445,-0.010431804016164923
3402,3928.886559207,-0.005369012298934759,-0.007289419849665789,-0.010738024597869518
3403,3930.09928128,-0.0056102302449087494,-0.0072876110759596685,-0.011220460489817499
3404,3930.891086382,-0.005760731304796112,-0.0073041421816762,-0.011521462609592224
3405,3931.74521736,-0.005915599406972187,-0.007336768623048025,-0.011831198813944375
3406,3932.624568087,-0.006065791024749977,-0.00738544279712702,-0.012131582049499955
3407,3933.516881842,-0.006207473649068653,-0.007449356718039825,-0.012414947298137306
3408,3934.93834781,-0.006408322093105694,-0.007578307101391408,-0.012816644186211389
3409,3936.44328612,-0.00658423870912218,-0.007745855914571867,-0.01316847741824436
3410,3936.974234314,-0.006636658846786657,-0.007811339029202168,-0.013273317693573315
3411,3937.905380853,-0.006715917655648623,-0.007932805050898268,-0.013431835311297246
3412,3938.214616538,-0.006738600584190186,-0.007974770532924115,-0.013477201168380372
3413,3939.775186812,-0.006824807779381617,-0.008195994496138444,-0.013649615558763234
3414,3940.434637597,-0.00684691071746337,-0.008292879401482694,-0.01369382143492674
3415,3941.630029648,-0.00686523965005803,-0.0084709284514494,-0.01373047930011606
3416,3942.352722188,-0.006862845563138203,-0.00857881355221585,-0.013725691126276406
3417,3944.030362807,-0.006819151604103162,-0.00882492105858053,-0.013638303208206325
3418,3944.650915652,-0.006789939478945378,-0.008912971200993023,-0.013579878957890756
3419,3945.333063668,-0.006750058012276144,-0.00900704603530057,-0.013500116024552289
3420,3946.878983573,-0.0066312476694452395,-0.009206745312059119,-0.013262495338890479
3421,3947.703864075,-0.006552898236564041,-0.009303942173703152,-0.013105796473128081
3422,3948.4341922,-0.006475635611648214,-0.009383638371929338,-0.012951271223296429
3423,3949.313705822,-0.006373609758540341,-0.009470870746870582,-0.012747219517080683
3424,3950.132375511,-0.006270727521186981,-0.009542760255074702,-0.012541455042373962
3425,3950.85946644,-0.006173728611939401,-0.009598562602146305,-0.012347457223878802
3426,3952.942870157,-0.0058729111067602705,-0.009713234488950857,-0.011745822213520541
3427,3953.356526591,-0.00581020270993807,-0.009727616218821449,-0.01162040541987614
3428,3954.778621167,-0.005590443061917883,-0.00975501226548427,-0.011180886123835766
3429,3955.176546373,-0.00552833480258379,-0.009756488215704556,-0.01105666960516758
3430,3956.420217192,-0.005334599967481825,-0.009743558350577166,-0.01066919993496365
3431,3957.019901777,-0.005242224805053301,-0.00972786846397209,-0.010484449610106602
3432,3957.954717946,-0.0051009141688738244,-0.009691321925400963,-0.010201828337747649
3433,3959.470755507,-0.00488242743980627,-0.009601680040263547,-0.00976485487961254
3434,3960.071028757,-0.004800808179875736,-0.0095562433726567,-0.009601616359751472
3435,3960.770534614,-0.004709982938088733,-0.009496549996573834,-0.009419965876177466
3436,3962.168461927,-0.004544593717962195,-0.009356911344946827,-0.00908918743592439
3437,3963.470348861,-0.0044131280941852,-0.009204960248560686,-0.0088262561883704
3438,3964.312649523,-0.004341246520742868,-0.009096911071373484,-0.008682493041485736
3439,3965.132707099,-0.004282097057545443,-0.00898543378993231,-0.008564194115090885
3440,3966.138714994,-0.004225079769954445,-0.008841621903237866,-0.00845015953990889
3441,3966.753894106,-0.0041990629087075475,-0.008750588384277523,-0.008398125817415095
3442,3967.818761421,-0.004170581483972583,-0.008588997245184452,-0.008341162967945166
3443,3968.484653608,-0.004163743252097197,-0.00848626050856384,-0.008327486504194395
3444,3969.91460022,-0.004178367247101031,-0.008264495074638254,-0.008356734494202062
3445,3971.318070212,-0.004232196401325378,-0.008050213183314593,-0.008464392802650756
3446,3972.115760265,-0.004280245751559365,-0.007932189332915802,-0.00856049150311873
3447,3973.010681504,-0.0043490359972668735,-0.007804709071474965,-0.008698071994533747
3448,3973.457014784,-0.004389138402294592,-0.00774353339281069,-0.008778276804589183
3449,3974.893413368,-0.004543611321934272,-0.007560147988596697,-0.009087222643868544
3450,3976.066183196,-0.004697219553964284,-0.007428874878519391,-0.009394439107928568
3451,3976.731418901,-0.004794663051034301,-0.007363105439767993,-0.009589326102068602
3452,3977.113908695,-0.00485389333032874,-0.007328420019444933,-0.00970778666065748
3453,3978.686119981,-0.00512008536671143,-0.007212247574903538,-0.01024017073342286
3454,3979.497341176,-0.005270375042783707,-0.007170409875141608,-0.010540750085567414
3455,3980.844099782,-0.005536268566673434,-0.007130925550308773,-0.011072537133346869
3456,3982.048502087,-0.005788138876207881,-0.007129589669119519,-0.011576277752415763
3457,3982.764068117,-0.005942566418953501,-0.007144844400082586,-0.011885132837907002
3458,3983.749795369,-0.00615939636874531,-0.0071862137704484476,-0.01231879273749062
3459,3984.227435181,-0.00626560481659811,-0.0072149394098846836,-0.01253120963319622
3460,3985.098725244,-0.006460217772129678,-0.007282214722200228,-0.012920435544259356
3461,3986.516179038,-0.006775708855117153,-0.007433332795797209,-0.013551417710234307
3462,3987.230709155,-0.006932397046290736,-0.007529242614739244,-0.013864794092581472
3463,3988.719449263,-0.0072490062896499105,-0.007771484131657255,-0.014498012579299821
3464,3989.352175809,-0.007377995448910439,-0.007891616256511727,-0.014755990897820878
3465,3990.481409607,-0.007597349469380793,-0.008130932107299723,-0.015194698938761585
3466,3991.570890985,-0.007793081743995098,-0.00839122757987375,-0.015586163487990195
3467,3992.3311051,-0.007918801168888758,-0.008589295261854217,-0.015837602337777517
3468,3993.293163732,-0.008063380334011763,-0.00885841797265414,-0.016126760668023526
3469,3994.395873998,-0.008206869771483601,-0.009190792804517277,-0.016413739542967203
3470,3995.168459723,-0.00829187933698893,-0.009437814649545871,-0.01658375867397786
3471,3995.797813413,-0.00835097814641884,-0.009647028181141808,-0.01670195629283768
3472,3996.689040235,-0.008418163406866946,-0.009954599234914947,-0.01683632681373389
3473,3998.8092923,-0.00849412834906892,-0.010731673327882786,-0.01698825669813784
3474,3999.519248285,-0.008491458296911123,-0.011003406363239073,-0.016982916593822246
3475,4000.017285177,-0.008480780644472755,-0.01119670314559217,-0.01696156128894551
3476,4001.144258635,-0.008429154064126105,-0.011640496272555721,-0.01685830812825221
3477,4002.112349428,-0.008353732194050969,-0.012026593609686661,-0.016707464388101938
3478,4002.695719415,-0.008294186948022688,-0.012260387007060948,-0.016588373896045377
3479,4004.022451396,-0.00811888860098564,-0.01279206495903866,-0.01623777720197128
3480,4004.806731029,-0.007989122165184024,-0.013104365472603184,-0.015978244330368048
3481,4005.876737437,-0.007780862433689389,-0.013525249002218976,-0.015561724867378777
3482,4006.931920818,-0.007540594734698717,-0.013931547124323079,-0.015081189469397434
3483,4008.142030891,-0.007223312420876289,-0.014382811294465263,-0.014446624841752577
3484,4008.689596253,-0.00706546436072288,-0.01458069212680625,-0.01413092872144576
3485,4010.361019024,-0.006530901163937837,-0.015155150692649775,-0.013061802327875674
3486,4010.98331128,-0.006312460498968538,-0.015356049534690504,-0.012624920997937076
3487,4011.663881542,-0.006062154635959466,-0.015566704807690736,-0.012124309271918932
3488,4012.568916001,-0.005711716765962209,-0.015831053366917456,-0.011423433531924418
3489,4013.233688804,-0.005442237882961677,-0.016012954935963577,-0.010884475765923354
3490,4014.657294818,-0.004833681800155529,-0.016364770352876843,-0.009667363600311058
3491,4015.657651052,-0.004383047199799863,-0.016579114095364583,-0.008766094399599725
3492,4016.96893801,-0.0037678964330682204,-0.01681621006070854,-0.007535792866136441
3493,4018.02926846,-0.0032536222728902185,-0.016969811985304322,-0.006507244545780437
3494,4018.7769516,-0.0028837042914857417,-0.017056934363837928,-0.0057674085829714835
3495,4019.106065041,-0.0027192935329588123,-0.017089628419532814,-0.005438587065917625
3496,4020.570773104,-0.0019788162457606774,-0.017192552377043233,-0.003957632491521355
3497,4021.628014218,-0.0014388308931049436,-0.01722316322407211,-0.0028776617862098872
3498,4022.380106439,-0.00105389871370847,-0.017222530598777458,-0.00210779742741694
3499,4023.428504974,-0.0005186282959141935,-0.017190658845001372,-0.001037256591828387
3500,4023.905151399,-0.00027651804026130645,-0.017164318667154174,-0.0005530360805226129
3501,4025.583199027,0.0005645488965503537,-0.01701368291802701,0.0011290977931007074
3502,4026.602759102,0.0010632475373198982,-0.01687924842058007,0.0021264950746397965
3503,4027.866297572,0.0016636575639355138,-0.016669594161805534,0.0033273151278710275
3504,4028.24717292,0.001840161911153657,-0.016597400494455808,0.003680323822307314
3505,4029.195557081,0.0022694238805523116,-0.016400314459692037,0.004538847761104623
3506,4030.383280199,0.0027841840038830643,-0.01612035150999586,0.005568368007766129
3507,4030.916107786,0.003006056007178177,-0.015983497382438618,0.006012112014356354
3508,4031.654311716,0.0033034758696734333,-0.015783098164589376,0.0066069517393468665
3509,4033.374476877,0.003948135085352499,-0.015271791299152246,0.007896270170704997
3510,4034.520820162,0.004337323275036512,-0.014900901457098855,0.008674646550073025
3511,4035.10559903,0.0045227006004981635,-0.014703749814800033,0.009045401200996327
3512,4036.079389602,0.004811007228057859,-0.014365163592495052,0.009622014456115718
3513,4037.126014571,0.005091774764511236,-0.013989178733484363,0.010183549529022472
3514,4038.290698859,0.005368028462434938,-0.013559491077948144,0.010736056924869876
3515,4038.948310434,0.005506990329172867,-0.013313068972063549,0.011013980658345733
3516,4039.857819222,0.005678877162732632,-0.012969364185179036,0.011357754325465264
3517,4040.940563222,0.005852892900741424,-0.01255821011809151,0.011705785801482849
3518,4041.464677645,0.005925284279965436,-0.012359289002021996,0.011850568559930871
3519,4042.702480396,0.006066117720485329,-0.011892277450190428,0.012132235440970657
3520,4044.322287003,0.006188442010675093,-0.011293167653053769,0.012376884021350187
3521,4045.055147387,0.006221707496521028,-0.011028908958052528,0.012443414993042056
3522,4046.214784829,0.006247795275578341,-0.010622128808154519,0.012495590551156682
3523,4046.738210817,0.006249407654834271,-0.010443784172948509,0.012498815309668542
3524,4047.468044326,0.006241666455422293,-0.010201259377331157,0.012483332910844585
3525,4048.380709828,0.006216512933040574,-0.009908986812211657,0.012433025866081148
3526,4049.973704686,0.006135270476150116,-0.00943150311900956,0.012270540952300232
3527,4050.431390624,0.006104034615271557,-0.00930263705116553,0.012208069230543114
3528,4051.384379551,0.006029047232899243,-0.00904703313377636,0.012058094465798487
3529,4052.997625981,0.005875894281104628,-0.008655499775804088,0.011751788562209256
3530,4053.566272078,0.005815468031504569,-0.008530319555851627,0.011630936063009138
3531,4054.690712871,0.0056884372156054495,-0.008303030975432597,0.011376874431210899
3532,4055.477852502,0.0055949541711954424,-0.00816011186130992,0.011189908342390885
3533,4056.996361902,0.0054085303891834285,-0.007922238221977986,0.010817060778366857
3534,4057.428904233,0.005354826953714048,-0.007863552038307527,0.010709653907428096
3535,4057.993493539,0.005284850844152707,-0.007792929026492232,0.010569701688305413
3536,4059.08542829,0.0051512720742747245,-0.007675237761994822,0.010302544148549449
3537,4060.048996007,0.005037149228200859,-0.007591504849200002,0.010074298456401717
3538,4061.74393305,0.004850623128469468,-0.007487543261436195,0.009701246256938936
3539,4062.850288693,0.004742313515418706,-0.007447346467746862,0.009484627030837411
3540,4063.157725455,0.004714496730171711,-0.007439768527141046,0.009428993460343421
3541,4064.358380196,0.004616624106037426,-0.007423993483567103,0.009233248212074852
3542,4065.178475193,0.00456056371678396,-0.007424853764312995,0.00912112743356792
3543,4066.109592651,0.004508593121161348,-0.007435929588308537,0.009017186242322697
3544,4067.074106869,0.004468803678220831,-0.007457240537848597,0.008937607356441663
3545,4068.083223826,0.004443409167492816,-0.007488433469537411,0.008886818334985632
3546,4068.969297626,0.004435426541550045,-0.007521752405969514,0.00887085308310009
3547,4070.28191257,0.00444908338998957,-0.007578173299295236,0.00889816677997914
3548,4070.60367765,0.004457159711059499,-0.0075928348510557716,0.008914319422118998
3549,4072.705128706,0.0045561440455538635,-0.007690020655146367,0.009112288091107727
3550,4073.126450172,0.004585601235992741,-0.007708753829729118,0.009171202471985482
3551,4074.087681133,0.004664609924307032,-0.007748961428179872,0.009329219848614064
3552,4074.817064511,0.004735298310319366,-0.007776245756305981,0.009470596620638733
3553,4075.74134667,0.0048377509515896465,-0.0078055094574279995,0.009675501903179293
3554,4076.719781864,0.004961215014222623,-0.007828464929304998,0.009922430028445246
3555,4077.413345484,0.005057588701199873,-0.007838824113047413,0.010115177402399747
3556,4078.92277136,0.005290670653657757,-0.007841398377798238,0.010581341307315514
3557,4080.108304481,0.00549373478540632,-0.007821399081992898,0.01098746957081264
3558,4081.066083421,0.005668748268834463,-0.007789327888813119,0.011337496537668926
3559,4081.698568432,0.005788920411315646,-0.0077597739564441,0.011577840822631292
3560,4082.588348141,0.005963182827330481,-0.007706312202593674,0.011926365654660962
3561,4083.63004286,0.0061733311957379985,-0.007625273946871235,0.012346662391475997
3562,4084.942883203,0.006444359647154489,-0.007493565080375183,0.012888719294308978
3563,4085.515370585,0.006563648203765638,-0.007425514726055523,0.013127296407531276
3564,4086.379221075,0.006743747128213627,-0.007310423818841029,0.013487494256427254
3565,4086.967478975,0.0068658582655785425,-0.007223455884217647,0.013731716531157085
3566,4088.781881483,0.007234820268374433,-0.006911397358018385,0.014469640536748866
3567,4089.73028564,0.007420020547220572,-0.006722293785481873,0.014840041094441144
3568,4090.59126591,0.007581664929833682,-0.006535601342181872,0.015163329859667365
3569,4091.910846159,0.007814449155782019,-0.006222787586072829,0.015628898311564037
3570,4092.297206465,0.007878636739029755,-0.006125336238362384,0.01575727347805951
3571,4093.248362229,0.008027954582575929,-0.005874702916270346,0.016055909165151858
3572,4093.905911945,0.008123326636334643,-0.005692941638200328,0.016246653272669286
3573,4095.137930751,0.008282904608972146,-0.005335168421014269,0.016565809217944292
3574,4096.510847297,0.008428412261052984,-0.004912969808033875,0.01685682452210597
3575,4097.06368446,0.008476612508897014,-0.0047368893244112194,0.01695322501779403
3576,4098.475186448,0.008570782563571409,-0.0042742893596575335,0.017141565127142818
3577,4099.244845294,0.00860386838298448,-0.004015624637088736,0.01720773676596896
3578,4100.107534131,0.008625037306010238,-0.0037217453425382454,0.017250074612020477
3579,4101.578447922,0.008621249266315769,-0.0032147704939240107,0.017242498532631538
3580,4102.037362535,0.008609600429324547,-0.0030559623575277086,0.017219200858649093
3581,4102.825941826,0.008577848854607925,-0.002783342904282995,0.01715569770921585
3582,4104.141331202,0.008491839690453548,-0.0023319729006653256,0.016983679380907096
3583,4104.61309858,0.008450973581321847,-0.002171916859855483,0.016901947162643694
3584,4105.512852569,0.008358546944589203,-0.0018705523356388515,0.016717093889178407
3585,4107.327219356,0.008115818454968329,-0.0012840440352687617,0.016231636909936658
3586,4108.62423343,0.007898258417825238,-0.000887807438482032,0.015796516835650476
3587,4108.852443161,0.007856374412453683,-0.0008204671043243131,0.015712748824907367
3588,4109.710931286,0.007689600572825828,-0.0005742262695071917,0.015379201145651656
3589,4110.634319887,0.007494719228381863,-0.0003228652490407191,0.014989438456763727
3590,4111.859845445,0.007213241969118651,-1.3122202190689254e-05,0.014426483938237302
3591,4112.667206019,0.007014918016223937,0.00017478393590884977,0.014029836032447875
3592,4113.485989227,0.0068044670777907025,0.0003513443280493995,0.013608934155581405
3593,4114.687567837,0.006480841076229607,0.0005834813297510497,0.012961682152459214
3594,4115.615773798,0.006220786409244615,0.0007397933932439382,0.01244157281848923
3595,4116.813980891,0.005875154271741101,0.0009106748262249833,0.011750308543482201
3596,4117.600710742,0.005643818027425306,0.0010034281966673354,0.011287636054850612
3597,4118.974352669,0.005235350525556996,0.0011276898576936208,0.010470701051113992
3598,4119.596332883,0.0050498359278113684,0.001168061676945537,0.010099671855622737
3599,4120.634210584,0.004741539546838757,0.001213356160363214,0.009483079093677514
3600,4121.348656802,0.004531400042086819,0.00122858979417156,0.009062800084173638
3601,4121.794658787,0.004401521937288829,0.0012315732752289454,0.008803043874577659
3602,4123.24008667,0.003990229123296712,0.0012074174931580404,0.007980458246593424
3603,4124.64882938,0.003608495655845117,0.0011358148826695268,0.007216991311690234
3604,4125.592128453,0.0033664764003912824,0.0010627321444687027,0.006732952800782565
3605,4126.37806388,0.003174616898801094,0.0009873066382709054,0.006349233797602188
3606,4127.593370807,0.0028977514037977752,0.000846360826565641,0.0057955028075955504
3607,4128.2981667,0.002749310952674027,0.0007520597848978398,0.005498621905348054
3608,4128.777675203,0.002653788754958238,0.000683020529855715,0.005307577509916476
3609,4130.46676378,0.002355243684916021,0.00041162724971105036,0.004710487369832042
3610,4131.1369799,0.002254175326004984,0.0002932604229908285,0.004508350652009968
3611,4131.928002433,0.0021483224578358506,0.00014702985142123394,0.004296644915671701
3612,4132.724451309,0.002056908136461471,-6.291661576569085e-06,0.004113816272922942
3613,4134.050648827,0.00193955296970221,-0.0002720155245287112,0.00387910593940442
3614,4135.44176002,0.0018645311251192633,-0.0005595086017434296,0.0037290622502385265
3615,4136.396688873,0.0018419692567589172,-0.0007587406940316885,0.0036839385135178345
3616,4136.974853483,0.001839794255866018,-0.0008790566885093665,0.003679588511732036
3617,4137.96294138,0.001856039963197675,-0.0010825481656483043,0.00371207992639535
3618,4138.838339556,0.001891255697621774,-0.0012589753660069542,0.003782511395243548
3619,4139.464099155,0.0019282233934488002,-0.0013819341575120583,0.0038564467868976004
3620,4140.892830116,0.0020484510879736815,-0.0016494440316689014,0.004096902175947363
3621,4141.37377532,0.002099780570174615,-0.001734467423908828,0.00419956114034923
3622,4143.347062502,0.0023640657219932844,-0.0020499692007042805,0.004728131443986569
3623,4143.897624856,0.0024522607938248227,-0.0021269983590149113,0.004904521587649645
3624,4144.603298798,0.002573795820740388,-0.0022177892854767533,0.005147591641480776
3625,4145.564792569,0.0027537295254091245,-0.002326081582063105,0.005507459050818249
3626,4147.07192228,0.003065390501196167,-0.0024568546180283144,0.006130781002392334
3627,4147.595069547,0.003180970397406809,-0.0024903468627762784,0.006361940794813618
3628,4148.652520779,0.003424407201864117,-0.0025382242742823867,0.006848814403728234
3629,4149.069451051,0.003523542489648618,-0.0025495869673728875,0.007047084979297236
3630,4150.445097953,0.003860587067904378,-0.0025558558164627786,0.007721174135808756
3631,4151.14685151,0.004036967136939224,-0.0025401542258958955,0.008073934273878447
3632,4152.768725266,0.004450453559114212,-0.0024538452393401363,0.008900907118228423
3633,4153.839146745,0.004723787137726861,-0.002358255770444342,0.009447574275453723
3634,4154.630899006,0.0049240586769209935,-0.0022677978689725083,0.009848117353841987
3635,4155.334787262,0.0050996322463962174,-0.0021733852698358393,0.010199264492792435
3636,4156.296304964,0.005334101691394393,-0.0020234263564855655,0.010668203382788786
3637,4156.913907992,0.005480544765174618,-0.0019145507236274881,0.010961089530349235
3638,4158.129334414,0.005756795763863821,-0.0016724506375619798,0.011513591527727641
3639,4159.480461699,0.006041137319714126,-0.0013618922607609124,0.012082274639428252
3640,4159.92166584,0.006127940458104829,-0.0012515156710279868,0.012255880916209659
3641,4161.096281182,0.006342608243564542,-0.000937474166302561,0.012685216487129084
3642,4162.377914596,0.006546714045591409,-0.0005637852041095958,0.013093428091182817
3643,4163.278853051,0.006669463321425291,-0.00028365392474875823,0.013338926642850583
3644,4164.135351441,0.006769099806295407,-5.456389586502746e-06,0.013538199612590814
3645,4165.139162956,0.006863530029375261,0.0003335622817956919,0.013727060058750523
3646,4166.078428062,0.006929035624640786,0.000661614262582413,0.013858071249281572
3647,4166.984173408,0.006970482572284011,0.0009860855752316473,0.013940965144568022
3648,4167.509875344,0.006984512437696715,0.0011773786600603503,0.01396902487539343
3649,4168.303453626,0.006991488728884557,0.001469351447186422,0.013982977457769113
3650,4170.482806111,0.006921213991350154,0.002281840161983054,0.013842427982700307
3651,4170.875114381,0.006894530809164462,0.0024283719293969183,0.013789061618328925
3652,4172.130758052,0.006780440180780862,0.002894698410159735,0.013560880361561724
3653,4172.876966852,0.0066921244007479945,0.0031684543770092114,0.013384248801495989
3654,4173.416864023,0.006618835120609467,0.003364249534303747,0.013237670241218934
3655,4174.873181875,0.006382766381042409,0.003879770383373194,0.012765532762084818
3656,4175.512052253,0.00626205476731713,0.00409878178608988,0.01252410953463426
3657,4176.643071922,0.006023862033214334,0.004473484414547704,0.012047724066428667
3658,4177.322188622,0.0058664336495730315,0.004689439452420419,0.011732867299146063
3659,4178.530304183,0.0055612955010066285,0.005054625200529238,0.011122591002013257
3660,4179.574699432,0.005273469833834619,0.005348662991466796,0.010546939667669238
3661,4180.503181765,0.005000569054278702,0.005591605752133674,0.010001138108557404
3662,4181.922493184,0.004556032998023701,0.005926675306855726,0.009112065996047402
3663,4182.850792879,0.004249803605184635,0.006120610026396882,0.00849960721036927
3664,4183.377504372,0.004071388139339491,0.006221392708572283,0.008142776278678982
3665,4183.846344459,0.003910064774311991,0.0063053334472896036,0.007820129548623982
3666,4185.312727675,0.0033928529104552923,0.006531980775199661,0.006785705820910585
3667,4185.957936687,0.0031605510512489046,0.006614158178448035,0.006321102102497809
3668,4187.200718848,0.002707996397526108,0.006741791269732477,0.005415992795052216
3669,4188.41997724,0.0022611022836324414,0.006827663081582246,0.004522204567264883
3670,4189.615279793,0.0018242663757447207,0.006874286584377812,0.0036485327514894413
3671,4190.233269291,0.0016002015291975318,0.00688402367401394,0.0032004030583950636
3672,4190.985912226,0.0013299412757067743,0.006882911182551664,0.0026598825514135486
3673,4192.109712346,0.0009336647633044513,0.006855407251651683,0.0018673295266089026
3674,4193.175851164,0.0005681357014067295,0.0068017787099693364,0.001136271402813459
3675,4194.092245882,0.00026390615163808274,0.006735309480615658,0.0005278123032761655
3676,4194.899013889,4.888435119066854e-06,0.006662037338296501,9.776870238133709e-06
3677,4195.541351655,-0.00019479817323620822,0.006594345610449084,-0.00038959634647241643
3678,4196.604548356,-0.0005113614447937215,0.0064652665143221984,-0.001022722889587443
3679,4198.425989113,-0.001008844685428372,0.006200041949605129,-0.002017689370856744
3680,4199.33519263,-0.00123405312792832,0.0060497007134062185,-0.00246810625585664
3681,4199.63300283,-0.001304284683893515,0.005998209290559467,-0.00260856936778703
3682,4200.997463467,-0.0016029515237397244,0.005750085684195992,-0.0032059030474794487
3683,4201.827002236,-0.0017654930109751682,0.005591010200716128,-0.0035309860219503364
3684,4202.416698746,-0.001872094035134512,0.005474964873148194,-0.003744188070269024
3685,4203.28081366,-0.0020147297535938642,0.005301491350875408,-0.0040294595071877284
3686,4204.736011073,-0.0022182911121384143,0.0050036604492130704,-0.0044365822242768286
3687,4205.627365267,-0.002320371018569005,0.004820087318150241,-0.00464074203713801
3688,4206.870191888,-0.0024345379126118503,0.004566009747183046,-0.004869075825223701
3689,4207.354542106,-0.002470338785466237,0.004468331870125722,-0.004940677570932474
3690,4208.734782098,-0.002546576422805607,0.004196737773047013,-0.005093152845611214
3691,4209.64290276,-0.0025767858594463503,0.004025309690192588,-0.005153571718892701
3692,4210.549793194,-0.002592087128300071,0.0038614351724613285,-0.005184174256600142
3693,4211.5279807,-0.0025930004603540893,0.0036943038104442173,-0.005186000920708179
3694,4212.17022813,-0.0025854019369975717,0.0035906797744099167,-0.0051708038739951435
3695,4212.967293233,-0.0025676228016876476,0.0034694666836200608,-0.005135245603375295
3696,4214.117686584,-0.0025272081227927902,0.00331018679773708,-0.0050544162455855805
3697,4215.179293282,-0.0024764559271035947,0.0031809388818445005,-0.004952911854207189
3698,4216.832135764,-0.002376973330973905,0.0030162274519866254,-0.00475394666194781
3699,4217.495524249,-0.0023316786580401716,0.002963225816770345,-0.004663357316080343
3700,4218.230788627,-0.002278907650324821,0.0029135117489167616,-0.004557815300649642
3701,4219.086410356,-0.002215115746065213,0.0028677644405101237,-0.004430231492130426
3702,4219.672061531,-0.0021705872956674583,0.0028440047010626353,-0.0043411745913349165
3703,4221.30673971,-0.002046305718458381,0.002810090386912158,-0.004092611436916762
3704,4222.126671441,-0.001985994211165661,0.002810807027398226,-0.003971988422331322
3705,4222.507243705,-0.0019588821588645217,0.002815076136481119,-0.003917764317729043
3706,4223.901179993,-0.0018663782545833493,0.002851369343737606,-0.0037327565091666987
3707,4225.282365846,-0.0017889286447755675,0.0029177276005291288,-0.003577857289551135
3708,4225.722307331,-0.0017679753518489117,0.0029448051806340676,-0.0035359507036978235
3709,4227.210630502,-0.0017129520304088098,0.003055849309108914,-0.0034259040608176196
3710,4227.984705072,-0.001695182370241386,0.0031244225550588296,-0.003390364740482772
3711,4228.980834107,-0.0016845316023340062,0.003222165949971811,-0.0033690632046680124
3712,4229.533411498,-0.0016849513212521723,0.0032804722367404835,-0.0033699026425043446
3713,4230.657847975,-0.0017006414835206698,0.003406707661277984,-0.0034012829670413396
3714,4231.008079755,-0.0017097545005471469,0.0034477974715398005,-0.0034195090010942938
3715,4232.660327381,-0.0017811336506402017,0.0036498084862644354,-0.0035622673012804034
3716,4234.137260751,-0.001886049864785253,0.003836639668049506,-0.003772099729570506
3717,4234.672186486,-0.0019338500003553442,0.0039044678139874525,-0.0038677000007106884
3718,4235.502814785,-0.002018468357801823,0.004008881503717222,-0.004036936715603646
3719,4236.708778083,-0.0021637416375006133,0.004156386526022552,-0.004327483275001227
3720,4237.343105088,-0.0022506807222485927,0.004230986339799598,-0.004501361444497185
3721,4238.581562429,-0.002440804874774777,0.004368345267494806,-0.004881609749549554
3722,4239.083355091,-0.002525297831570787,0.004420208864836739,-0.005050595663141574
3723,4240.609223279,-0.0028072864043012166,0.004561328628048862,-0.005614572808602433
3724,4241.10402429,-0.0029064104363424855,0.004600973678750267,-0.005812820872684971
3725,4241.783753083,-0.0030483079080366056,0.004649933749353403,-0.006096615816073211
3726,4243.573652494,-0.003450772478931985,0.004744920796858186,-0.00690154495786397
3727,4244.575822635,-0.0036919525843709666,0.004774259856959257,-0.007383905168741933
3728,4245.621059998,-0.003953359718583,0.0047848551315389,-0.007906719437166
3729,4246.010961504,-0.004053045312657878,0.00478332183558984,-0.008106090625315756
3730,4247.05066637,-0.004323486493588805,0.004764066973462743,-0.00864697298717761
3731,4247.882863618,-0.004543643378241556,0.004732279482437645,-0.009087286756483112
3732,4248.79822992,-0.0047880858656114,0.004680004164288823,-0.0095761717312228
3733,4249.842360551,-0.005067842009655223,0.0045977802572291695,-0.010135684019310446
3734,4251.024571917,-0.0053828375297064815,0.004475237206754285,-0.010765675059412963
3735,4252.063770375,-0.005655459278219597,0.004341620429309773,-0.011310918556439195
3736,4253.452157043,-0.0060090373991817225,0.004125675729223196,-0.012018074798363445
3737,4253.641943496,-0.006056140702537814,0.004092881441398943,-0.012112281405075628
3738,4254.606741243,-0.0062900143134783535,0.003914257929317462,-0.012580028626956707
3739,4256.253977916,-0.00666358054604965,0.0035648712022871235,-0.0133271610920993
3740,4256.903916382,-0.006800407729339207,0.00341238616683512,-0.013600815458678413
3741,4257.398426071,-0.006899997823722814,0.0032911233543217,-0.013799995647445627
3742,4258.412309499,-0.007090972632469432,0.003029059339185395,-0.014181945264938864
3743,4259.219971503,-0.00722940160179593,0.0028081949068690013,-0.01445880320359186
3744,4260.8287804,-0.007465352011292288,0.0023398619630323344,-0.014930704022584576
3745,4261.801316154,-0.0075802413659096825,0.0020409561794289084,-0.015160482731819365
3746,4262.83491776,-0.007677854203724501,0.00171265835186487,-0.015355708407449003
3747,4263.85107009,-0.007748115889267179,0.0013814116487640051,-0.015496231778534358
3748,4264.326484097,-0.007771974083275938,0.0012241915294540716,-0.015543948166551877
3749,4265.19775353,-0.007800453175929259,0.0009333836554382978,-0.015600906351858517
3750,4266.175526298,-0.007808545232155596,0.0006045115616330989,-0.015617090464311192
3751,4267.375018116,-0.007783526476018246,0.0002005408981988963,-0.015567052952036493
3752,4268.223032064,-0.007742481731851971,-8.332398255806109e-05,-0.015484963463703942
3753,4269.311963383,-0.007661496522011842,-0.00044309084642834635,-0.015322993044023684
3754,4270.228945852,-0.007568906598420688,-0.0007398254900881773,-0.015137813196841376
3755,4271.219357725,-0.007444339562566212,-0.0010517058122378681,-0.014888679125132424
3756,4272.626546683,-0.007224894735292596,-0.0014751461389640626,-0.014449789470585192
3757,4273.266070376,-0.007109330970451138,-0.0016584690429850446,-0.014218661940902277
3758,4274.006198485,-0.00696378516023268,-0.0018624966964102443,-0.01392757032046536
3759,4275.106732634,-0.006725080447426275,-0.0021480226168520433,-0.01345016089485255
3760,4275.86364807,-0.0065463516790373166,-0.0023308207354839293,-0.013092703358074633
3761,4276.73317634,-0.006327453177835988,-0.0025259789922720656,-0.012654906355671977
3762,4277.420042959,-0.006145013632534568,-0.002668223069548125,-0.012290027265069135
3763,4279.548867188,-0.0055333820734544655,-0.00303666997260786,-0.011066764146908931
3764,4280.161625525,-0.005346403948175803,-0.0031211556326968064,-0.010692807896351606
3765,4280.973787693,-0.005092578239256478,-0.003217507883295623,-0.010185156478512956
3766,4281.587159761,-0.0048970381708516204,-0.0032781985713666102,-0.009794076341703241
3767,4282.943479139,-0.004455876678333961,-0.0033745920575318127,-0.008911753356667922
3768,4283.493728633,-0.0042745331887146226,-0.0033986077446053393,-0.008549066377429245
3769,4284.844965402,-0.0038268849431821552,-0.003420152281956669,-0.0076537698863643104
3770,4285.629053649,-0.003567492680488095,-0.0034081794660226396,-0.00713498536097619
3771,4286.158107287,-0.003393399405915653,-0.0033899670158310004,-0.006786798811831306
3772,4287.680518179,-0.002900291219099798,-0.0032924512093642053,-0.005800582438199596
3773,4288.504766274,-0.002640476499572907,-0.003212191298462007,-0.005280952999145814
3774,4289.812145761,-0.0022427765358013253,-0.003046568766038305,-0.004485553071602651
3775,4290.683826358,-0.0019896420713078457,-0.002910954506511688,-0.003979284142615691
3776,4291.674919392,-0.0017156932270176214,-0.0027334332520249256,-0.003431386454035243
3777,4292.726444975,-0.0014433646496819189,-0.0025193914082561612,-0.0028867292993638377
3778,4292.817263391,-0.0014208032623976444,-0.0024997200130653274,-0.002841606524795289
3779,4293.81381496,-0.0011839871707398544,-0.0022721294198421622,-0.0023679743414797088
3780,4295.348211448,-0.0008608563102794031,-0.0018827121614535343,-0.0017217126205588062
3781,4296.247687554,-0.000696829008861352,-0.0016348725241231072,-0.001393658017722704
3782,4297.269668493,-0.0005348207318786433,-0.0013380873695312615,-0.0010696414637572866
3783,4298.66317909,-0.0003578290637842249,-0.0009114911650827889,-0.0007156581275684498
3784,4299.054947283,-0.00031751246950242136,-0.0007877574443098022,-0.0006350249390048427
3785,4300.089148378,-0.00023152561441020935,-0.0004547488522405749,-0.0004630512288204187
3786,4301.012050609,-0.00018022922833065637,-0.00015148500124128548,-0.00036045845666131274
3787,4302.145194882,-0.0001505060115470848,0.0002257820982195396,-0.0003010120230941696
3788,4303.183384179,-0.00015562208296270087,0.0005733254124739621,-0.00031124416592540174
3789,4303.534636903,-0.0001643468762974503,0.000690813947347104,-0.0003286937525949006
3790,4304.617528,-0.0002133430078543923,0.0010511518929539135,-0.0004266860157087846
3791,4305.613823712,-0.0002875318775001586,0.00137815453438203,-0.0005750637550003172
3792,4307.449077599,-0.0004949823784020944,0.0019612259519398625,-0.0009899647568041888
3793,4307.998991754,-0.0005743523625369722,0.0021293990516075547,-0.0011487047250739444
3794,4309.172964977,-0.0007690127114264727,0.0024757597244722254,-0.0015380254228529453
3795,4309.358615069,-0.0008028380961700933,0.002528790225234768,-0.0016056761923401866
3796,4310.632176097,-0.0010561176226285037,0.0028781798661028095,-0.0021122352452570075
3797,4311.662007244,-0.0012864871860626182,0.003140559243920154,-0.0025729743721252364
3798,4312.226430124,-0.0014217186003835367,0.0032760010982653288,-0.0028434372007670734
3799,4313.40137026,-0.0017218835197753703,0.0035375396939811713,-0.0034437670395507406
3800,4314.79928316,-0.0021081920746612195,0.0038103291809445075,-0.004216384149322439
3801,4315.573741806,-0.0023339443697019506,0.003942445780766211,-0.004667888739403901
3802,4316.464656307,-0.002602378086376471,0.004076968329389174,-0.005204756172752942
3803,4317.35619074,-0.0028788707795923477,0.004192399811927444,-0.005757741559184695
3804,4318.867542854,-0.0033611294774988005,0.004343239495239915,-0.006722258954997601
3805,4319.406828393,-0.0035361122907593364,0.004383245032995352,-0.007072224581518673
3806,4320.162243602,-0.003782757109962368,0.004427015985252784,-0.007565514219924736
3807,4321.074891627,-0.004081870406402193,0.004460853952078353,-0.008163740812804385
3808,4322.07616519,-0.004409564866376248,0.004474226124939408,-0.008819129732752496
3809,4322.664566486,-0.004601059046443018,0.004470656928256848,-0.009202118092886036
3810,4324.546748008,-0.005202600688377409,0.004404155421108651,-0.010405201376754818
3811,4325.293085726,-0.005434366540220658,0.00435543146998988,-0.010868733080441315
3812,4326.350118585,-0.005753817819646625,0.004265911310050974,-0.01150763563929325
3813,4327.394690704,-0.006057540693411283,0.004155104110484732,-0.012115081386822567
3814,4327.700362559,-0.006143896436124835,0.004118701819975541,-0.01228779287224967
3815,4328.615769054,-0.006395033356744018,0.003999535964263066,-0.012790066713488035
3816,4330.027835915,-0.00675845454668798,0.0037881582535363775,-0.01351690909337596
3817,4330.890065792,-0.006964776946616352,0.003644401394400389,-0.013929553893232704
3818,4331.851915622,-0.007179998684904535,0.003472585219399642,-0.01435999736980907
3819,4332.303902287,-0.007275480658861883,0.0033881270309869815,-0.014550961317723767
3820,4334.020581084,-0.007603859121958463,0.003049412625172089,-0.015207718243916927
3821,4335.063147369,-0.0077760686273047105,0.002832872335957727,-0.015552137254609421
3822,4335.606667165,-0.007857549707492681,0.0027176800840529054,-0.015715099414985362
3823,4337.133662606,-0.008055951153308202,0.0023888696852800706,-0.016111902306616403
3824,4337.451842981,-0.008091652700916843,0.002319854888268068,-0.016183305401833686
3825,4338.71912216,-0.008214855871000527,0.002045289608118824,-0.016429711742001054
3826,4339.027061505,-0.00824027831562125,0.0019789390264853607,-0.0164805566312425
3827,4340.087832539,-0.00831471804890022,0.0017526576979483306,-0.01662943609780044
3828,4341.41305096,-0.008380209691946961,0.001477443724120016,-0.016760419383893922
3829,4342.901618175,-0.00841990737514462,0.0011827219937931238,-0.01683981475028924
3830,4343.563201207,-0.008426979337875463,0.0010578966988350846,-0.016853958675750926
3831,4344.334641491,-0.00842770078981915,0.0009178845691285091,-0.0168554015796383
3832,4345.249657155,-0.00841890329785382,0.0007603083587979158,-0.01683780659570764
3833,4346.24289621,-0.00839877148705412,0.0006006487096211738,-0.01679754297410824
3834,4347.628030072,-0.008355210570771609,0.00039952047658990523,-0.016710421141543218
3835,4347.788735323,-0.008349165678474033,0.00037789366248532687,-0.016698331356948065
3836,4348.975430852,-0.008299423371224884,0.00022965700039972797,-0.01659884674244977
3837,4350.013922106,-0.008250167085515675,0.00011692578068612322,-0.01650033417103135
3838,4350.871384355,-0.008206993863652368,3.605952677814889e-05,-0.016413987727304735
3839,4351.952516633,-0.008151251049948087,-5.0040167073825385e-05,-0.016302502099896175
3840,4353.700189732,-0.008063649262802397,-0.00015216782305870014,-0.016127298525604794
3841,4354.220757625,-0.008039351940786919,-0.00017394852893689946,-0.016078703881573838
3842,4354.724596591,-0.008017044048065799,-0.00019137238540071008,-0.016034088096131598
3843,4355.893110782,-0.007971109251240914,-0.00021842375676030718,-0.015942218502481828
3844,4356.482766408,-0.007951657946347673,-0.00022530248709750042,-0.015903315892695346
3845,4357.587591693,-0.007923363461648856,-0.0002268107091648156,-0.01584672692329771
3846,4358.755643133,-0.007906885809331375,-0.00021367728112110863,-0.01581377161866275
3847,4359.500185597,-0.00790457324309552,-0.0001983015787808054,-0.01580914648619104
3848,4361.191076818,-0.00792601129254918,-0.00014662441054293638,-0.01585202258509836
3849,4361.486734505,-0.007933852414415635,-0.0001356088858868126,-0.01586770482883127
3850,4362.761583186,-0.007982602449472319,-8.315295148871169e-05,-0.015965204898944638
3851,4363.525581319,-0.008023887262370856,-4.89136788237702e-05,-0.016047774524741713
3852,4364.546908846,-0.008093751192071633,-1.5377312479561323e-06,-0.016187502384143265
3853,4365.671997009,-0.008190605135220535,5.058933693250728e-05,-0.01638121027044107
3854,4366.527307543,-0.008278366941371726,8.855849422879674e-05,-0.016556733882743452
3855,4367.000511849,-0.008332177306784856,0.00010845371182708858,-0.01666435461356971
3856,4367.71104843,-0.008419975259192221,0.00013628684918105604,-0.016839950518384442
3857,4369.537964927,-0.008683590510709958,0.0001921225647441366,-0.017367181021419917
3858,4370.73462751,-0.008884674796574604,0.00021214915628083885,-0.017769349593149207
3859,4371.362633022,-0.008998699878199118,0.00021613198091767404,-0.017997399756398236
3860,4372.227906507,-0.00916484647327559,0.0002132348368329462,-0.01832969294655118
3861,4373.433178291,-0.009412500601293373,0.00019111485718417,-0.018825001202586747
3862,4373.863804411,-0.009505199087387565,0.00017763584340790964,-0.01901039817477513
3863,4374.695096161,-0.009689829985731776,0.00014266244512494875,-0.019379659971463552
3864,4376.083223911,-0.010012752619199943,5.608890752770607e-05,-0.020025505238399886
3865,4376.982953296,-0.01023006069598233,-2.0189012867252758e-05,-0.02046012139196466
3866,4377.768463362,-0.010423724944661216,-0.0001004969502105952,-0.020847449889322432
3867,4379.103315875,-0.010758553307467857,-0.00026759010677310046,-0.021517106614935715
3868,4379.759864529,-0.010924681790647737,-0.0003643733420759137,-0.021849363581295474
3869,4381.09102831,-0.011261400531515316,-0.0005909584547223438,-0.02252280106303063
3870,4382.125949499,-0.011520452007375363,-0.0007956304679184504,-0.023040904014750726
3871,4382.875748523,-0.011705132366777475,-0.0009596004410682662,-0.02341026473355495
3872,4383.466427318,-0.011848156561540401,-0.0010980413264212645,-0.023696313123080803
3873,4384.419601139,-0.012073138175427956,-0.0013385473579231597,-0.02414627635085591
3874,4385.579886329,-0.012334896886095525,-0.001659381896537486,-0.02466979377219105
3875,4386.083678707,-0.012443620482978653,-0.0018080794092536112,-0.024887240965957305
3876,4387.756260026,-0.012778887962186992,-0.0023409599701894193,-0.025557775924373985
3877,4389.029478392,-0.01300324009107264,-0.002784832476213415,-0.02600648018214528
3878,4389.719630869,-0.013112103489785809,-0.00303825726392547,-0.026224206979571618
3879,4390.351108275,-0.013203198669889515,-0.0032775286032704037,-0.02640639733977903
3880,4391.021213067,-0.013290467667936309,-0.0035387151480628146,-0.026580935335872618
3881,4392.574337675,-0.013452879119302043,-0.004170124625749057,-0.026905758238604086
3882,4393.358662553,-0.013512381155304549,-0.00450114077986402,-0.027024762310609098
3883,4394.028511126,-0.013550588975419437,-0.004789349990200563,-0.027101177950838874
3884,4395.060893844,-0.013585890055938063,-0.0052419665846683,-0.027171780111876126
3885,4395.951097931,-0.013592626429334188,-0.005638851106219818,-0.027185252858668376
3886,4397.223222686,-0.013562980650244253,-0.006213318027822049,-0.027125961300488506
3887,4398.451719633,-0.01348948862956247,-0.006772192006961165,-0.02697897725912494
3888,4399.177467304,-0.013425083431548348,-0.007102427118238291,-0.026850166863096697
3889,4400.27018004,-0.013298573957805657,-0.00759729848764639,-0.026597147915611314
3890,4401.175471549,-0.013166943042292245,-0.008003156253363312,-0.02633388608458449
3891,4401.53357408,-0.013108210384862807,-0.008162233642315614,-0.026216420769725614
3892,4402.808234517,-0.012868891227976895,-0.008719599311295515,-0.02573778245595379
3893,4403.239569923,-0.012777361640103927,-0.008904469008849362,-0.025554723280207855
3894,4405.21860464,-0.012291447495973386,-0.009721637364124515,-0.024582894991946772
3895,4405.832303994,-0.012119596852303752,-0.00996288946547827,-0.024239193704607503
3896,4406.706876416,-0.01185830567206132,-0.01029513757413125,-0.02371661134412264
3897,4407.97318094,-0.011447650471870154,-0.010749629784436398,-0.02289530094374031
3898,4408.623707863,-0.011222748099754544,-0.010969786836827537,-0.02244549619950909
3899,4409.666097134,-0.010844172601694011,-0.01130217264234891,-0.021688345203388023
3900,4410.491141982,-0.010529874271259104,-0.011546413179465071,-0.021059748542518207
3901,4411.715201531,-0.010042331048619053,-0.011876234532328276,-0.020084662097238106
3902,4412.237247491,-0.009827515530247664,-0.01200457305388421,-0.019655031060495327
3903,4413.216561164,-0.009414925912526956,-0.012224702875505233,-0.018829851825053912
3904,4413.934044512,-0.009105725796580033,-0.01236848166903607,-0.018211451593160066
3905,4415.850961826,-0.008258163243962361,-0.012677849490405173,-0.016516326487924723
3906,4416.593999029,-0.00792394014570953,-0.012767960994485161,-0.01584788029141906
3907,4417.580116976,-0.007478026868160471,-0.012861577933812748,-0.014956053736320942
3908,4418.241556471,-0.007178504072609042,-0.012907765423830046,-0.014357008145218083
3909,4418.971524791,-0.0068485461744638996,-0.012943323950748804,-0.013697092348927799
3910,4419.922457573,-0.006421175652400461,-0.012965598984019546,-0.012842351304800922
3911,4421.141217995,-0.0058805947289316965,-0.01295504103676802,-0.011761189457863393
3912,4421.904701206,-0.005547786839089339,-0.012926578707067997,-0.011095573678178677
3913,4422.790749621,-0.00516877574862177,-0.01287308657502452,-0.01033755149724354
3914,4424.339666554,-0.0045292126477584965,-0.012729048426011786,-0.009058425295516993
3915,4425.244909575,-0.004171500544507544,-0.012616733862844485,-0.008343001089015088
3916,4425.495648733,-0.004074767964030996,-0.012582146286479936,-0.008149535928061991
3917,4427.164720657,-0.0034594814842425553,-0.012315944605275873,-0.0069189629684851105
3918,4428.073175843,-0.003147286383554364,-0.012146737570396011,-0.006294572767108728
3919,4428.881802432,-0.0028839974041440413,-0.01198319272601007,-0.0057679948082880825
3920,4429.488009567,-0.0026960574328547806,-0.01185326764951181,-0.005392114865709561
3921,4430.247448793,-0.0024724510207259774,-0.011682435122999038,-0.004944902041451955
3922,4431.424340483,-0.002152872574571679,-0.01140205879037412,-0.004305745149143358
3923,4432.575627455,-0.0018729986623595557,-0.011112446463663557,-0.0037459973247191115
3924,4434.029253196,-0.0015671697519817286,-0.010730531631131909,-0.003134339503963457
3925,4434.779104837,-0.001430425503015687,-0.01052855416236435,-0.002860851006031374
3926,4435.529083293,-0.0013080086983682589,-0.010324435354368345,-0.0026160173967365178
3927,4436.423737984,-0.0011806741149974862,-0.010079526426761088,-0.0023613482299949724
3928,4437.394173678,-0.0010653152608811917,-0.009813913038269586,-0.0021306305217623834
3929,4437.976869629,-0.0010072575379904474,-0.009655264441058646,-0.002014515075980895
3930,4439.557560714,-0.0008909296936465786,-0.009231898446729545,-0.0017818593872931572
3931,4440.107585509,-0.000864113671182028,-0.009088078778877294,-0.001728227342364056
3932,4441.064996265,-0.0008335104064305865,-0.008843510934059207,-0.001667020812861173
3933,4441.984948578,-0.0008225140352351058,-0.008616721819966502,-0.0016450280704702117
3934,4443.365941871,-0.0008375744366415156,-0.008294373584756133,-0.0016751488732830312
3935,4444.56442411,-0.000878657038175831,-0.008035066603779121,-0.001757314076351662
3936,4445.238338541,-0.0009120744956461138,-0.007898560626134876,-0.0018241489912922276
3937,4445.772758249,-0.0009434030418726769,-0.007795393877903787,-0.0018868060837453537
3938,4447.263096017,-0.0010508375468211862,-0.0075328978159101955,-0.0021016750936423724
3939,4447.732962462,-0.0010901060452286828,-0.00745818499263174,-0.0021802120904573655
3940,4448.301901069,-0.0011406308095496325,-0.007373074288572999,-0.002281261619099265
3941,4449.635268127,-0.0012698054193938171,-0.007197177917121054,-0.0025396108387876343
3942,4451.0981208,-0.0014242182849834965,-0.007043109291878057,-0.002848436569966993
3943,4452.188083705,-0.0015442157080194638,-0.006955084667034108,-0.0030884314160389277
3944,4452.680702067,-0.0015990281137703295,-0.006922781734021962,-0.003198056227540659
3945,4453.734551271,-0.0017160563974175926,-0.00686913240860639,-0.0034321127948351853
3946,4454.46290544,-0.0017957843308170959,-0.006844158127729873,-0.0035915686616341917
3947,4455.762657973,-0.001933120026622382,-0.006823378801019887,-0.003866240053244764
3948,4456.703250192,-0.0020266422856137388,-0.006826554906007089,-0.0040532845712274775
3949,4457.24582634,-0.00207769637662317,-0.006834998372852499,-0.00415539275324634
3950,4458.188749333,-0.0021604486608118936,-0.0068605705532152166,-0.004320897321623787
3951,4459.171279017,-0.002237405923083653,-0.006900997883429296,-0.004474811846167306
3952,4460.548529288,-0.00232681951876368,-0.006978940494930416,-0.00465363903752736
3953,4461.404140478,-0.0023702237118270234,-0.007038357710426151,-0.004740447423654047
3954,4462.734622195,-0.00241736515653993,-0.007144727080020968,-0.00483473031307986
3955,4463.647648067,-0.0024344425543809177,-0.007225760193209278,-0.004868885108761835
3956,4464.038523257,-0.002437789715688182,-0.0072620549963934335,-0.004875579431376364
3957,4464.812716128,-0.002437224645521898,-0.007336211595719519,-0.004874449291043796
3958,4465.805997569,-0.0024222245700319077,-0.007434596555420449,-0.004844449140063815
3959,4467.228532885,-0.002372325723409994,-0.007578407648998293,-0.004744651446819988
3960,4467.739817015,-0.0023461767231632265,-0.007630019028600594,-0.004692353446326453
3961,4469.170662737,-0.002250111828624814,-0.007771299220444328,-0.004500223657249628
3962,4469.978032832,-0.002181295254034171,-0.007847426152593666,-0.004362590508068342
3963,4471.361757252,-0.0020397912413694986,-0.007968556483516295,-0.004079582482738997
3964,4471.55019559,-0.002018300100443799,-0.007983933688999295,-0.004036600200887598
3965,4472.959272018,-0.0018416820429913835,-0.008088545914739127,-0.003683364085982767
3966,4474.186277577,-0.0016665883497051723,-0.008162339808260892,-0.0033331766994103445
3967,4474.317091779,-0.0016468455971089316,-0.008169134885576027,-0.003293691194217863
3968,4475.801110932,-0.0014098408642460012,-0.008230210586107211,-0.0028196817284920025
3969,4476.246519158,-0.001334449865097714,-0.008242431732569496,-0.002668899730195428
3970,4477.015857063,-0.0012002299849276335,-0.008256415647928513,-0.002400459969855267
3971,4479.269423276,-0.0007843374070969773,-0.00824170424420429,-0.0015686748141939546
3972,4479.730664772,-0.0006962876568664705,-0.008227890561188162,-0.001392575313732941
3973,4480.533629739,-0.0005417001769882964,-0.008194731562246252,-0.0010834003539765928
3974,4481.410040221,-0.00037205900737256246,-0.008145122791542307,-0.0007441180147451249
3975,4482.366885689,-0.00018721382272355233,-0.008074779544946552,-0.00037442764544710466
3976,4483.238277467,-2.0577195774492568e-05,-0.007995964025271297,-4.1154391548985135e-05
3977,4484.123623369,0.00014572394750977553,-0.007901545377041352,0.00029144789501955106
3978,4485.052226104,0.0003154649897062295,-0.007787181155223803,0.000630929979412459
3979,4486.327219163,0.0005380041231973352,-0.007605235519724989,0.0010760082463946703
3980,4487.084191428,0.0006629839785766628,-0.007484047833612187,0.0013259679571533255
3981,4488.070667249,0.0008163462422771055,-0.007312096027382539,0.001632692484554211
3982,4489.240895548,0.0009822696532035568,-0.007088750881527423,0.0019645393064071136
3983,4490.295506996,0.0011149432623104134,-0.006870917127041233,0.0022298865246208267
3984,4491.218481252,0.001216550259649946,-0.0066686511077584075,0.002433100519299892
3985,4492.00827788,0.0012919174284279867,-0.006487862593123808,0.0025838348568559735
3986,4492.638034669,0.001343939686990167,-0.0063391596470100805,0.002687879373980334
3987,4493.533634735,0.0014050153095616028,-0.0061216075669457345,0.0028100306191232056
3988,4494.493755902,0.0014529561813418895,-0.005881745918557458,0.002905912362683779
3989,4495.81001803,0.0014879448545570195,-0.005544652462765658,0.002975889709114039
3990,4496.893451767,0.0014892072213037867,-0.005262802034542983,0.0029784144426075734
3991,4498.107112046,0.001460449272092587,-0.004945687479113886,0.002920898544185174
3992,4498.778394073,0.0014307373663921153,-0.0047709207316449405,0.0028614747327842306
3993,4499.585223107,0.001382016687916795,-0.00456254516181825,0.00276403337583359
3994,4500.164602396,0.0013383150890972724,-0.004414602729725205,0.0026766301781945448
3995,4501.627186644,0.0011960631092560313,-0.004050282249347434,0.0023921262185120627
3996,4502.673855554,0.0010668926849693589,-0.0038002854616923185,0.0021337853699387177
3997,4503.329854346,0.0009747090998341557,-0.0036492997409538217,0.0019494181996683115
3998,4503.715555681,0.0009165919014953716,-0.003562838631567563,0.0018331838029907433
3999,4505.458867094,0.0006195172284492734,-0.0031965012420611645,0.0012390344568985467
4000,4506.311496729,0.0004550238254365136,-0.0030337869007510767,0.0009100476508730272
4001,4507.745182883,0.00015301440604768865,-0.0027880208672410433,0.0003060288120953773
4002,4508.2114369,4.855273347627146e-05,-0.0027161969997551,9.710546695254292e-05
4003,4509.371444647,-0.00022303328099634802,-0.002555993000013242,-0.00044606656199269604
4004,4509.943668937,-0.00036250290339241047,-0.002487093740896864,-0.0007250058067848209
4005,4511.040014029,-0.0006382555058121509,-0.0023746413152698534,-0.0012765110116243017
4006,4511.462718597,-0.0007471361991968936,-0.002338339692004838,-0.0014942723983937872
4007,4512.809991107,-0.0011013930350725776,-0.0022496334243202807,-0.0022027860701451553
4008,4514.077139589,-0.0014411403922573863,-0.00220454728390254,-0.0028822807845147727
4009,4515.191306765,-0.0017416295775417381,-0.002196102842279761,-0.0034832591550834763
4010,4516.089845214,-0.0019830410966790277,-0.002210623213217089,-0.003966082193358055
4011,4516.365671041,-0.0020567165158071467,-0.0022188869846094935,-0.004113433031614293
4012,4518.275389222,-0.002556684602220744,-0.00232445009167154,-0.005113369204441488
4013,4518.584679214,-0.0026353898215216646,-0.0023493553705839043,-0.005270779643043329
4014,4519.57480002,-0.0028816758606492023,-0.00244326324524223,-0.005763351721298405
4015,4520.538555009,-0.0031116872098389055,-0.002554807511574128,-0.006223374419677811
4016,4521.475485153,-0.0033244543156202956,-0.0026814191595269763,-0.006648908631240591
4017,4522.144077728,-0.0034689034964979666,-0.002782182807859316,-0.006937806992995933
4018,4523.237464379,-0.0036903774386960824,-0.0029645037239907266,-0.007380754877392165
4019,4524.973397158,-0.003999837495971315,-0.0032943655085936542,-0.00799967499194263
4020,4525.790882297,-0.004125826990253937,-0.003464765134852977,-0.008251653980507874
4021,4526.348586359,-0.00420402148714324,-0.0035858336746157227,-0.00840804297428648
4022,4527.353633124,-0.004328368234270075,-0.0038126872087544212,-0.00865673646854015
4023,4527.943893545,-0.004391139044179825,-0.003950445485268167,-0.00878227808835965
4024,4529.069234592,-0.00448907657642597,-0.004220564297386345,-0.00897815315285194
4025,4530.025233174,-0.004549319109302387,-0.00445586288519973,-0.009098638218604774
4026,4531.318968338,-0.004596560685664526,-0.004779250788829521,-0.009193121371329053
4027,4531.643575987,-0.004602171879242279,-0.004860789179651103,-0.009204343758484558
4028,4533.297976471,-0.004591826522266511,-0.005274867835952543,-0.009183653044533021
4029,4534.135598245,-0.004561946940611034,-0.005481390456592879,-0.009123893881222069
4030,4534.935556005,-0.004518216900632408,-0.0056750860315282325,-0.009036433801264817
4031,4535.907562518,-0.004445549366387669,-0.005904171936104274,-0.008891098732775339
4032,4537.252568547,-0.0043109325176393315,-0.006206440424633786,-0.008621865035278663
4033,4537.806098344,-0.0042445303497218685,-0.00632485619668912,-0.008489060699443737
4034,4538.508935088,-0.004151406214795695,-0.006469446871950572,-0.00830281242959139
4035,4539.188862923,-0.004052323512092085,-0.006602625686640458,-0.00810464702418417
4036,4540.347726623,-0.0038643324771018487,-0.006812853136936184,-0.0077286649542036975
4037,4542.129666251,-0.003533237197804868,-0.007089835352905843,-0.007066474395609736
4038,4542.620486098,-0.003434191353114933,-0.007155356272894627,-0.006868382706229866
4039,4543.746922274,-0.003195988975003213,-0.007286841874690909,-0.006391977950006426
4040,4544.720271321,-0.0029796928051261176,-0.0073783343879754845,-0.005959385610252235
4041,4545.263343636,-0.002855541600586538,-0.007420135999838451,-0.005711083201173076
4042,4546.141207421,-0.002650656568078256,-0.00747333250306715,-0.005301313136156512
4043,4547.593415369,-0.002303880674655054,-0.007521445492344144,-0.004607761349310108
4044,4547.938636006,-0.0022206208936396727,-0.007525461343691566,-0.004441241787279345
4045,4549.281071828,-0.0018965127617970067,-0.007513767765110948,-0.0037930255235940134
4046,4550.068688879,-0.0017076653411789541,-0.007486701947565734,-0.0034153306823579083
4047,4550.979693585,-0.0014922040193105733,-0.007436917933645641,-0.0029844080386211467
4048,4552.321926161,-0.0011839567587552506,-0.007328112154064987,-0.002367913517510501
4049,4553.536850281,-0.0009182847093161494,-0.007194361695916802,-0.0018365694186322989
4050,4554.197951051,-0.0007804359027956121,-0.007108067468605303,-0.0015608718055912243
4051,4554.959391487,-0.000628486166859856,-0.006997366901044808,-0.001256972333719712
4052,4555.595473599,-0.0005077368408062268,-0.006895971995522131,-0.0010154736816124536
4053,4556.891310536,-0.0002812110524088247,-0.0066657845714101025,-0.0005624221048176494
4054,4557.533974071,-0.0001794713376509804,-0.006540651887318087,-0.0003589426753019608
4055,4558.396623828,-5.492555629066603e-05,-0.006362216803724087,-0.00010985111258133206
4056,4560.215941098,0.00015875372666265055,-0.005951308521323743,0.0003175074533253011
4057,4560.999833506,0.00022887364403209576,-0.005762008809509298,0.0004577472880641915
4058,4561.629346602,0.0002751076490027771,-0.005605600808600938,0.0005502152980055542
4059,4562.596817089,0.00032813813187285797,-0.005358878340887489,0.0006562762637457159
4060,4563.41604627,0.0003555526157803794,-0.005145206946442412,0.0007111052315607588
4061,4564.815955842,0.0003644320269497824,-0.004773601204533221,0.0007288640538995648
4062,4565.416958272,0.00035336667089654614,-0.004612811251606398,0.0007067333417930923
4063,4566.253326081,0.00032302050211614156,-0.004389070593337541,0.0006460410042322831
4064,4567.121450991,0.0002731577995060347,-0.004158128978457419,0.0005463155990120693
4065,4567.941686478,0.00020898709741253634,-0.003942435007124981,0.0004179741948250727
4066,4569.615770295,2.7593173090436452e-05,-0.003514890291102758,5.5186346180872905e-05
4067,4570.433329175,-8.48710363100263e-05,-0.003314677756676895,-0.0001697420726200526
4068,4571.457898784,-0.0002469977193946122,-0.0030739945383317425,-0.0004939954387892244
4069,4572.249860419,-0.0003878048632402179,-0.0028969820380083085,-0.0007756097264804358
4070,4573.246173187,-0.0005831212575596237,-0.0026870275660589387,-0.0011662425151192474
4071,4573.924130512,-0.0007269795425192644,-0.002553089625791464,-0.0014539590850385288
4072,4574.297621384,-0.0008098259666458277,-0.0024826136345397656,-0.0016196519332916555
4073,4576.189954392,-0.001265461637947037,-0.0021648755427941123,-0.002530923275894074
4074,4576.7939178,-0.0014222697076583324,-0.0020782875445201307,-0.002844539415316665
4075,4577.859111431,-0.0017103330140856867,-0.0019443305485207358,-0.0034206660281713734
4076,4578.927025832,-0.002011863109697565,-0.0018351054906090862,-0.00402372621939513
4077,4579.956917854,-0.0023124456121684147,-0.00175449501882111,-0.004624891224336829
4078,4580.717084505,-0.0025391310101923873,-0.00171098480404148,-0.005078262020384775
4079,4581.894187213,-0.0028958529255255602,-0.0016709046610608976,-0.0057917058510511205
4080,4582.568249086,-0.0031020901727482567,-0.001663031118319367,-0.0062041803454965135
4081,4583.673687922,-0.003441330460730987,-0.0016739641275024476,-0.006882660921461974
4082,4584.380768499,-0.003657852156944961,-0.0016964368925683206,-0.007315704313889922
4083,4584.977258165,-0.003839564485453188,-0.0017247062352407536,-0.007679128970906376
4084,4586.207762605,-0.004209720122970211,-0.0018095328694330644,-0.008419440245940423
4085,4587.674877079,-0.004638397733313769,-0.0019559863747583787,-0.009276795466627538
4086,4588.977914221,-0.005002958001817415,-0.0021253914189141255,-0.01000591600363483
4087,4589.643449489,-0.005181927787346007,-0.0022254179918950127,-0.010363855574692014
4088,4589.748811534,-0.005209764286377298,-0.0022420574313873013,-0.010419528572754596
4089,4591.204146513,-0.005579024058530988,-0.002493275748880067,-0.011158048117061977
4090,4592.049309089,-0.005779252730091707,-0.002656367625402828,-0.011558505460183414
4091,4593.159791573,-0.006024771292559741,-0.0028879862007029707,-0.012049542585119482
4092,4593.836891986,-0.006164038945526867,-0.0030379961967834154,-0.012328077891053734
4093,4594.78719056,-0.006345418758406268,-0.0032585328770141815,-0.012690837516812535
4094,4596.263664401,-0.006592982021420023,-0.0036209754893112346,-0.013185964042840045
4095,4596.829908459,-0.006676460588951464,-0.003765281860084942,-0.013352921177902929
4096,4597.820812342,-0.00680684177548358,-0.004023384739338656,-0.01361368355096716
4097,4599.37367244,-0.006970335191925753,-0.004438110249200143,-0.013940670383851507
4098,4599.907579439,-0.007014955881177154,-0.004582465948657571,-0.014029911762354307
4099,4600.630054114,-0.00706591238679993,-0.00477840771318578,-0.01413182477359986
4100,4601.602961817,-0.007117547143860362,-0.005042172010071173,-0.014235094287720724
4101,4602.256123514,-0.007141425660140048,-0.005218391645433327,-0.014282851320280097
4102,4603.209690546,-0.007161063346501388,-0.005473188309330258,-0.014322126693002776
4103,4604.641681401,-0.0071578020005496285,-0.005847196868054946,-0.014315604001099257
4104,4605.883451694,-0.007124883028635537,-0.006159712523395122,-0.014249766057271074
4105,4606.462472402,-0.007100569486291909,-0.006300769112641665,-0.014201138972583818
4106,4607.753032587,-0.007027364669026073,-0.006602653813923055,-0.014054729338052145
4107,4608.216380946,-0.006995095070009192,-0.006706398776994919,-0.013990190140018384
4108,4609.224160777,-0.006914956374486244,-0.006922738808889388,-0.013829912748972488
4109,4610.084231646,-0.006836727667372781,-0.007096606262455317,-0.013673455334745562
4110,4611.484674459,-0.006692737139875782,-0.007356878138167132,-0.013385474279751564
4111,4612.028597459,-0.006632094294558616,-0.007449951835221517,-0.013264188589117232
4112,4612.788854014,-0.00654368644587782,-0.00757225079560902,-0.01308737289175564
4113,4613.684307641,-0.00643507480880568,-0.007704393926894153,-0.01287014961761136
4114,4615.536616092,-0.006200410662518507,-0.007936048571105239,-0.012400821325037014
4115,4616.222300662,-0.00611194341913829,-0.008007463355427263,-0.01222388683827658
4116,4616.95858278,-0.006017024670178903,-0.008075583941156386,-0.012034049340357806
4117,4618.10767891,-0.005870708178106448,-0.008164466154697032,-0.011741416356212895
4118,4618.767170619,-0.0057886243031651,-0.008206111869462731,-0.0115772486063302
4119,4619.465593895,-0.0057038751372301315,-0.00824300661585104,-0.011407750274460263
4120,4620.544365613,-0.005578661104765849,-0.008286005453749546,-0.011157322209531698
4121,4621.348279218,-0.005490865673093282,-0.008307581836980837,-0.010981731346186564
4122,4622.819323121,-0.0053451626426961685,-0.008325867722354182,-0.010690325285392337
4123,4623.805611945,-0.005260074416876711,-0.008324354713881573,-0.010520148833753422
4124,4624.726278754,-0.005190972594165029,-0.008314284080140578,-0.010381945188330058
4125,4625.409262502,-0.005146656036246119,-0.008302099413771939,-0.010293312072492239
4126,4626.342985701,-0.005096237731532615,-0.008279931194788695,-0.01019247546306523
4127,4627.790229823,-0.005042656351849332,-0.008235867436498609,-0.010085312703698664
4128,4628.463443403,-0.005028353164002606,-0.008212587085668879,-0.010056706328005212
4129,4628.974234757,-0.0050221212682918836,-0.0081942095981955,-0.010044242536583767
4130,4629.888782939,-0.0050210568692118105,-0.008160584248722938,-0.010042113738423621
4131,4631.226406989,-0.005043017336896816,-0.008112254217654763,-0.010086034673793633
4132,4631.762401044,-0.005059649345637729,-0.00809402294451368,-0.010119298691275458
4133,4633.564438992,-0.005147836393610073,-0.008042176959919259,-0.010295672787220145
4134,4634.307105419,-0.005198235772342896,-0.00802678179344279,-0.010396471544685792
4135,4635.357160887,-0.0052827974977485,-0.008012924467882732,-0.010565594995497
4136,4636.028343961,-0.005344629205008738,-0.008009714513092035,-0.010689258410017477
4137,4636.392280749,-0.005380572225569078,-0.008010027143970772,-0.010761144451138157
4138,4637.792071979,-0.005533579792021887,-0.008026223586556486,-0.011067159584043773
4139,4638.748153748,-0.005650328742228834,-0.0080524409412743,-0.011300657484457669
4140,4639.715380823,-0.005777174652086789,-0.00809285576517998,-0.011554349304173577
4141,4640.561739731,-0.005894332681316515,-0.008140530801661024,-0.01178866536263303
4142,4641.75827238,-0.0060678235871958145,-0.008228826174027181,-0.012135647174391629
4143,4642.685758177,-0.006206981385009681,-0.008314983603748154,-0.012413962770019361
4144,4643.751735864,-0.006369940021759068,-0.00843393972947713,-0.012739880043518136
4145,4644.753105528,-0.006524034436458044,-0.008565669357179204,-0.013048068872916088
4146,4645.362987352,-0.006617523394433343,-0.008655551926699085,-0.013235046788866686
4147,4646.739486074,-0.006824848203404803,-0.008885536004965923,-0.013649696406809606
4148,4647.117263732,-0.006880338520136807,-0.00895523614387522,-0.013760677040273613
4149,4648.112608175,-0.007022387217492657,-0.009152368562099392,-0.014044774434985315
4150,4648.564886817,-0.007084547945425633,-0.009248350377153861,-0.014169095890851266
4151,4650.614330328,-0.007341679861329564,-0.009732036679468198,-0.014683359722659129
4152,4651.664121146,-0.007454134211171404,-0.010009414324954469,-0.014908268422342809
4153,4652.088399129,-0.007495201316049528,-0.010126891574277814,-0.014990402632099055
4154,4653.119156055,-0.007583359758995791,-0.010424509565148602,-0.015166719517991582
4155,4654.0689496,-0.007648764229637861,-0.010713149864458277,-0.015297528459275723
4156,4654.947323958,-0.007694523404527673,-0.010991342254306653,-0.015389046809055345
4157,4655.721560896,-0.007722304273137831,-0.011244693288080372,-0.015444608546275662
4158,4656.922418573,-0.0077406069692418575,-0.01165089914837734,-0.015481213938483715
4159,4657.820890195,-0.0077335024179922265,-0.01196377819992464,-0.015467004835984453
4160,4658.394949958,-0.007719240711120265,-0.012167004064688569,-0.01543848142224053
4161,4659.918687611,-0.007643207235945566,-0.012715854123418633,-0.015286414471891132
4162,4660.563963934,-0.007593829717875723,-0.012951106487251523,-0.015187659435751446
4163,4662.080004603,-0.0074365530660465305,-0.01350618756348803,-0.014873106132093061
4164,4662.945890919,-0.007320436232268851,-0.013822460182453573,-0.014640872464537703
4165,4663.505025594,-0.007235251734372511,-0.014025538225482508,-0.014470503468745023
4166,4664.322897244,-0.007096254121232971,-0.014320033888769365,-0.014192508242465943
4167,4665.141375953,-0.006940143605090589,-0.0146106280167054,-0.013880287210181178
4168,4666.090798753,-0.006738015213274827,-0.014940964091113557,-0.013476030426549653
4169,4667.424428268,-0.006416825725652673,-0.015389340604256336,-0.012833651451305345
4170,4668.055177752,-0.006250208961659219,-0.015593770188061766,-0.012500417923318439
4171,4669.829513522,-0.005733461981492986,-0.01613716441584112,-0.011466923962985973
4172,4670.350631746,-0.005568914346695583,-0.016286751797383172,-0.011137828693391166
4173,4671.032106499,-0.005345519637472294,-0.01647476805023573,-0.010691039274944587
4174,4671.877847965,-0.005055990736757565,-0.016695365965462748,-0.01011198147351513
4175,4673.282690521,-0.004547498498354486,-0.017028137652697964,-0.009094996996708972
4176,4674.126716049,-0.004227173937414707,-0.017206427500525506,-0.008454347874829415
4177,4674.741639863,-0.0039875966345580315,-0.01732553198151708,-0.007975193269116063
4178,4675.727566686,-0.003593845510341093,-0.01749677225551163,-0.007187691020682186
4179,4676.334095816,-0.003346457423787724,-0.01758968649132008,-0.006692914847575448
4180,4677.930219147,-0.00268068251952538,-0.017787388811155307,-0.00536136503905076
4181,4679.087491041,-0.0021885560504027357,-0.017887195138328326,-0.0043771121008054715
4182,4680.088468859,-0.0017595948463737705,-0.017943455384720818,-0.003519189692747541
4183,4680.606397111,-0.0015372501149156462,-0.017961551152775784,-0.0030745002298312924
4184,4681.604890747,-0.0011093219418791417,-0.01797523876359505,-0.0022186438837582833
4185,4682.648662425,-0.0006651080802736999,-0.017959872120589367,-0.0013302161605473998
4186,4683.021291067,-0.0005077828921794463,-0.017947110299823703,-0.0010155657843588927
4187,4684.18691479,-2.1678473447203305e-05,-0.01788287223825086,-4.335694689440661e-05
4188,4685.40778964,0.00047471523500157496,-0.0177770220978058,0.0009494304700031499
4189,4686.708155146,0.000984780679729116,-0.01762270282151701,0.001969561359458232
4190,4687.072177975,0.0011235263468666974,-0.017572137497757656,0.0022470526937333948
4191,4688.252603006,0.0015596071200336967,-0.01738710447265498,0.0031192142400673934
4192,4689.505062437,0.001996611968162497,-0.01715762068166088,0.003993223936324994
4193,4690.178840007,0.0022196292128335068,-0.01702110058624836,0.0044392584256670135
4194,4691.296768789,0.0025694677568313612,-0.016776172409411712,0.0051389355136627225
4195,4691.862100093,0.0027362698795557025,-0.016644251696759337,0.005472539759111405
4196,4692.866432862,0.0030149771647924296,-0.016397898558285228,0.006029954329584859
4197,4693.939417293,0.0032867685095951758,-0.01611973975313265,0.0065735370191903515
4198,4694.173942795,0.0033424918402423995,-0.016057129186338063,0.006684983680484799
4199,4696.095849873,0.0037477302781367904,-0.015524357863679892,0.007495460556273581
4200,4697.354147472,0.003962252318901368,-0.015161572562582696,0.007924504637802737
4201,4697.774403761,0.004024812988003736,-0.015038891035870102,0.008049625976007472
4202,4698.924504209,0.004172692687128904,-0.014701189255860657,0.008345385374257807
4203,4699.497252231,0.004233626147965435,-0.014532732075630553,0.00846725229593087
4204,4700.158603281,0.004293550782382183,-0.014338703221265825,0.008587101564764365
4205,4701.842587035,0.004396488035290207,-0.013851209135888828,0.008792976070580414
4206,4702.437645696,0.0044162209896765605,-0.013682615336700853,0.008832441979353121
4207,4703.015173841,0.0044273131819527545,-0.01352148735568856,0.008854626363905509
4208,4704.338118406,0.0044238092557376055,-0.013163735253354228,0.008847618511475211
4209,4705.482138783,0.00438992733414275,-0.012869792887659416,0.0087798546682855
4210,4706.468570903,0.0043392881017712045,-0.012629953482886555,0.008678576203542409
4211,4707.187171952,0.004290742045669732,-0.012464112422701032,0.008581484091339464
4212,4708.595427452,0.004169560949400579,-0.012163086608029216,0.008339121898801158
4213,4709.332678157,0.004093641635628128,-0.012019143895112865,0.008187283271256255
4214,4709.944940346,0.004024750966269287,-0.01190717657065376,0.008049501932538575
4215,4710.552242005,0.0039516300156727255,-0.011803149625545175,0.007903260031345451
4216,4711.691980185,0.003803027934717145,-0.011627513921176006,0.00760605586943429
4217,4712.777797476,0.0036498963775947776,-0.011484784431388728,0.007299792755189555
4218,4714.247723107,0.003429281741320558,-0.011330985496413091,0.006858563482641116
4219,4714.997962825,0.0033126516405146424,-0.011270238722098553,0.006625303281029285
4220,4715.952621729,0.0031620667760757877,-0.011210364112505743,0.006324133552151575
4221,4716.660239219,0.003049837758865824,-0.011178530471934378,0.006099675517731648
4222,4717.733401081,0.0028803858641961483,-0.01115040973961207,0.005760771728392297
4223,4718.529894767,0.0027564625210985305,-0.01114497439033295,0.005512925042197061
4224,4719.595704167,0.0025949449984463647,-0.011157702501027078,0.0051898899968927294
4225,4720.386694376,0.0024794537626452195,-0.011181460705124028,0.004958907525290439
4226,4721.537540938,0.0023200395483803553,-0.011236786481946159,0.004640079096760711
4227,4721.954561819,0.002265221538760152,-0.011262639770514017,0.004530443077520304
4228,4723.234934939,0.002108307932241529,-0.011360100362237984,0.004216615864483058
4229,4724.996421878,0.0019248295057032554,-0.011534663380815047,0.003849659011406511
4230,4725.487196575,0.0018812076585566627,-0.011590709153903943,0.0037624153171133255
4231,4726.271143853,0.001818854731999345,-0.011686146177006519,0.00363770946399869
4232,4726.949295827,0.0017724877366324507,-0.011774039681977728,0.0035449754732649013
4233,4728.211604352,0.0017057701838115995,-0.011948936916172527,0.003411540367623199
4234,4728.75050723,0.0016853124894906147,-0.012027378136263742,0.0033706249789812294
4235,4729.661501548,0.001661949824298666,-0.012164050003286951,0.003323899648597332
4236,4730.962714324,0.0016534552731328608,-0.012365740302168056,0.0033069105462657216
4237,4732.021907045,0.001668345224051418,-0.012533055612099426,0.003336690448102836
4238,4733.19376494,0.001707534481120083,-0.012718655697935085,0.003415068962240166
4239,4733.8440987,0.0017394398239193884,-0.012820859134424186,0.003478879647838777
4240,4734.527817833,0.0017806477648061624,-0.012927028552882731,0.003561295529612325
4241,4736.044923936,0.001899231466436058,-0.013155236164520972,0.003798462932872116
4242,4736.596840064,0.0019512824375564504,-0.013234882703768807,0.003902564875112901
4243,4737.784035549,0.0020783849546225142,-0.013398378338012598,0.0041567699092450285
4244,4738.432582515,0.00215606906507178,-0.013482497157279342,0.00431213813014356
4245,4738.793733317,0.0022017073179019537,-0.013527566183270353,0.004403414635803907
4246,4740.33256597,0.0024137183379040975,-0.013703834786512737,0.004827436675808195
4247,4741.721885804,0.0026265615441033708,-0.013838562613776409,0.0052531230882067416
4248,4742.41403731,0.002738935888506585,-0.013896198812491553,0.00547787177701317
4249,4743.717920628,0.0029598054624405353,-0.013986507532155665,0.005919610924881071
4250,4744.421811485,0.0030829965521912564,-0.014024956873375124,0.006165993104382513
4251,4744.99685327,0.003185171319030073,-0.01405085941817123,0.006370342638060146
4252,4745.842419031,0.0033372003516877885,-0.014079816249076522,0.006674400703375577
4253,4746.839593745,0.003517957149001437,-0.014099864947895982,0.007035914298002874
4254,4748.335806689,0.0037885989370966193,-0.014101312083845019,0.0075771978741932386
4255,4748.700881129,0.0038539783429151707,-0.01409650135087287,0.0077079566858303415
4256,4749.728100218,0.0040353979254851855,-0.01407232441993031,0.008070795850970371
4257,4751.21594906,0.004288590812759955,-0.01401039649947379,0.00857718162551991
4258,4751.682732579,0.004364971708104788,-0.013984705338824534,0.008729943416209576
4259,4753.084026102,0.004583311816962433,-0.013890834371861886,0.009166623633924866
4260,4753.91883584,0.0047043922047576,-0.013823805943602151,0.0094087844095152
4261,4754.589564976,0.00479616600345717,-0.013764489491783428,0.00959233200691434
4262,4755.588948859,0.0049229683357151,-0.01366794682961837,0.0098459366714302
4263,4756.356140489,0.005011636865472119,-0.013587947455542315,0.010023273730944238
4264,4757.222671632,0.005102119984630427,-0.013492332280706669,0.010204239969260854
4265,4757.970669573,0.005171571200967181,-0.013406040408537526,0.010343142401934362
4266,4760.158590209,0.005325953612629162,-0.013140229342166692,0.010651907225258325
4267,4760.44104806,0.005340399337124172,-0.013105087553721351,0.010680798674248345
4268,4761.516430763,0.0053836467825841864,-0.012971065806045994,0.010767293565168373
4269,4761.983993808,0.005396614140793335,-0.01291307070765548,0.01079322828158667
4270,4763.158188507,0.00541358069944402,-0.012769721894765764,0.01082716139888804
4271,4764.275424407,0.005409208375309846,-0.012638476189625063,0.010818416750619692
4272,4764.998476803,0.005395933546843576,-0.012557398326603329,0.010791867093687152
4273,4765.803255385,0.005371776072915019,-0.012471670294921987,0.010743552145830037
4274,4766.884818058,0.0053243294106741805,-0.01236545738480299,0.010648658821348361
4275,4767.868858831,0.005267028573629719,-0.012279386314122127,0.010534057147259438
4276,4768.72647093,0.0052068548402607814,-0.012213792457055655,0.010413709680521563
4277,4770.256497158,0.00507817987913333,-0.01212156623029688,0.01015635975826666
4278,4770.891284039,0.00501766914914554,-0.012093569794489886,0.01003533829829108
4279,4772.057494829,0.004897285224490072,-0.012059257952547064,0.009794570448980144
4280,4772.644938936,0.0048327646202348555,-0.012050820473939211,0.009665529240469711
4281,4773.439797772,0.004742093253964461,-0.012049293435985922,0.009484186507928921
4282,4774.056619725,0.004669561858201477,-0.012056192721424722,0.009339123716402954
4283,4775.395711249,0.004507738906540507,-0.012096343280689332,0.009015477813081013
4284,4776.429201253,0.004381050902144899,-0.012151568803746158,0.008762101804289798
4285,4777.635676984,0.004234293460546934,-0.012243334406156879,0.008468586921093868
4286,4778.374124696,0.004146479643290145,-0.01231412405809058,0.00829295928658029
4287,4779.596151378,0.0040070422081334095,-0.01245561852545282,0.008014084416266819
4288,4780.479123091,0.003912617047412712,-0.012576543650819763,0.007825234094825424
4289,4780.708587502,0.003889144371478195,-0.012610498917794854,0.00777828874295639
4290,4782.356874432,0.003736255611212271,-0.012884276738821043,0.007472511222424542
4291,4783.343224125,0.0036603400941286257,-0.013072274726665582,0.007320680188257251
4292,4783.714516795,0.003635255158771474,-0.013147507774438585,0.007270510317542948
4293,4784.640967679,0.0035818110443567343,-0.013345394613372443,0.0071636220887134686
4294,4785.525415336,0.0035439760520796257,-0.013547156788038505,0.007087952104159251
4295,4787.252675346,0.0035115101126328772,-0.013973777764641782,0.0070230202252657544
4296,4788.152570124,0.003518344387923008,-0.014211028355317127,0.007036688775846016
4297,4788.99901574,0.0035407553232833376,-0.014442128004117542,0.007081510646566675
4298,4789.698347934,0.003571474107849287,-0.014638076555051283,0.007142948215698574
4299,4790.733815869,0.0036380290899555067,-0.014935076081723888,0.007276058179911013
4300,4791.291170821,0.0036845696625327135,-0.01509766546084704,0.007369139325065427
4301,4792.408824019,0.003801121499647626,-0.015427720817250351,0.007602242999295252
4302,4793.347319652,0.003923411057292434,-0.015707238536980125,0.007846822114584867
4303,4794.286764715,0.004068506224761243,-0.015987306104550455,0.008137012449522486
4304,4795.780117832,0.004346235813022835,-0.01642857036324607,0.00869247162604567
4305,4796.352903432,0.004468092096925578,-0.016595225884332057,0.008936184193851155
4306,4797.097933598,0.004639220301702098,-0.0168088259602587,0.009278440603404195
4307,4798.420841863,0.004977783965720066,-0.017176624119705573,0.009955567931440132
4308,4799.673211404,0.005338144499967481,-0.017507424605019882,0.010676288999934962
4309,4800.097767615,0.005468828339872453,-0.0176149782859112,0.010937656679744907
4310,4800.671002186,0.005651920444801979,-0.017756071621628317,0.011303840889603957
4311,4802.18836951,0.006171933000840773,-0.018104056398037797,0.012343866001681546
4312,4802.37785087,0.00624032355585652,-0.01814467866346767,0.01248064711171304
4313,4803.704592678,0.006739269373859644,-0.01840966978120565,0.013478538747719288
4314,4805.07221648,0.007287615321772801,-0.018644273931644657,0.014575230643545602
4315,4806.37197358,0.007836835193784027,-0.018827485418645335,0.015673670387568055
4316,4806.921270593,0.008076165045204422,-0.018892543031422245,0.016152330090408843
4317,4807.541012033,0.00835075512488035,-0.018956770711228612,0.0167015102497607
4318,4808.604499169,0.008831879968875593,-0.019043644696782436,0.017663759937751187
4319,4809.34688032,0.009174025437503787,-0.019086330276331196,0.018348050875007575
4320,4810.531881343,0.009728408725163373,-0.019123065308933797,0.019456817450326746
4321,4811.632288845,0.01024947192410984,-0.019121955819684126,0.02049894384821968
4322,4812.160772204,0.010500948630736882,-0.019109231897509463,0.021001897261473765
4323,4813.045552124,0.010922562365704208,-0.019070143921108014,0.021845124731408417
4324,4814.681559818,0.011699341069989846,-0.01893933713493584,0.02339868213997969
4325,4815.324276549,0.012001761245945854,-0.018867352767457535,0.024003522491891707
4326,4816.451758257,0.01252602429718268,-0.018713526869519513,0.02505204859436536
4327,4817.232875408,0.012883186566087685,-0.018586798717851138,0.02576637313217537
4328,4818.240133484,0.013334604354853235,-0.018399750264042225,0.02666920870970647
4329,4819.028426196,0.013679473037417596,-0.018235400841696576,0.027358946074835192
4330,4819.754628169,0.013989741108658978,-0.018070565202827075,0.027979482217317955
4331,4820.210030016,0.014180344031939044,-0.01796084816152522,0.02836068806387809
4332,4822.221164873,0.014980948309544637,-0.01742153148552916,0.029961896619089275
4333,4822.905726969,0.01523661533612088,-0.01721908018824991,0.03047323067224176
4334,4824.137537481,0.015672906935633953,-0.016833259129284902,0.031345813871267905
4335,4824.678397755,0.015854333163702182,-0.016655825581825365,0.031708666327404364
4336,4825.736295502,0.01619043379037569,-0.016296132436976026,0.03238086758075138
4337,4826.494341215,0.01641549524922765,-0.016029173009713966,0.0328309904984553
4338,4827.767321264,0.016762793537427625,-0.015566271013277051,0.03352558707485525
4339,4828.337946621,0.01690573407005303,-0.015353781842384527,0.03381146814010606
4340,4829.386309919,0.017147454525240278,-0.01495707510339556,0.034294909050480556
4341,4830.136823558,0.01730375490585359,-0.014669187980823936,0.03460750981170718
4342,4831.185693209,0.017498718906840138,-0.014263330282052967,0.034997437813680275
4343,4832.224866731,0.01766501719017861,-0.013859345505115259,0.03533003438035722
4344,4833.663263959,0.01785175820056952,-0.013301431832038357,0.03570351640113904
4345,4834.66534119,0.017952796342055818,-0.01291649211881499,0.035905592684111635
4346,4835.14402661,0.017992884641985857,-0.012734365074985711,0.035985769283971715
4347,4835.951966776,0.018048900452880066,-0.01243028235271718,0.03609780090576013
4348,4836.608965379,0.018083977272176796,-0.012186640609904832,0.03616795454435359
4349,4838.026709907,0.018129245049198973,-0.011674388022970167,0.03625849009839795
4350,4838.660483731,0.018136766012500125,-0.011452301069045687,0.03627353202500025
4351,4839.647158112,0.01813395109066161,-0.011116231872180754,0.03626790218132322
4352,4841.064723647,0.018101548259574184,-0.010656288667854114,0.03620309651914837
4353,4842.043504688,0.01806178961823633,-0.010355985329775844,0.03612357923647266
4354,4842.5854124,0.01803435435267134,-0.01019618680490191,0.03606870870534268
4355,4843.621336001,0.017972386735316606,-0.009904104510390404,0.03594477347063321
4356,4844.699612969,0.017896444751869005,-0.009619417312613524,0.03579288950373801
4357,4845.696734419,0.01781782782739931,-0.009374231593172069,0.03563565565479862
4358,4846.657760144,0.017736220141262943,-0.009154642163415244,0.035472440282525886
4359,4846.916049335,0.01771352998858168,-0.00909843971173873,0.03542705997716336
4360,4848.107405391,0.017606027846816398,-0.008854637409743446,0.035212055693632796
4361,4848.885041904,0.01753439655949096,-0.008709091436007546,0.03506879311898192
4362,4850.871518792,0.01735277309682926,-0.008384784809051332,0.03470554619365852
4363,4851.468722998,0.017300072884680433,-0.008300163253952515,0.034600145769360865
4364,4852.001065083,0.017254364670043865,-0.008229530089154074,0.03450872934008773
4365,4853.425815432,0.017139795670955464,-0.00806168640201735,0.03427959134191093
4366,4854.027006706,0.017095623767240147,-0.007999601864596622,0.034191247534480294
4367,4854.574296103,0.01705794646654095,-0.007947294509400005,0.0341158929330819
4368,4855.718462364,0.01698794055691427,-0.007849995692180688,0.03397588111382854
4369,4856.921830079,0.016928708415457096,-0.007763443741695932,0.03385741683091419
4370,4857.81538026,0.016895326872709837,-0.00770819447133342,0.033790653745419674
4371,4858.604172218,0.016873931076548828,-0.0076648387957902065,0.033747862153097656
4372,4859.680531624,0.016857614879208324,-0.007612398025488092,0.03371522975841665
4373,4860.809330726,0.01685716878106346,-0.007563683549747055,0.03371433756212692
4374,4862.076654388,0.01687765850335727,-0.0075136740333835985,0.03375531700671454
4375,4862.359349646,0.016885299164897154,-0.007502858163757145,0.03377059832979431
4376,4863.76015392,0.01693971831420541,-0.00744908872568674,0.03387943662841082
4377,4864.191948668,0.01696201582220758,-0.007431976163337376,0.03392403164441516
4378,4865.055351274,0.017014280919404486,-0.007396142663803724,0.03402856183880897
4379,4866.071578272,0.01708861356039212,-0.007349979424516099,0.03417722712078424
4380,4866.954021269,0.01716398302031258,-0.0073051419209276495,0.03432796604062516
4381,4868.588327039,0.017328388484843454,-0.00720667865347716,0.03465677696968691
4382,4869.466636286,0.01742894568781715,-0.007143665172017478,0.0348578913756343
4383,4870.517253832,0.017559169136320347,-0.007057394554360606,0.035118338272640694
4384,4870.696564723,0.01758238488286997,-0.007041388624426511,0.03516476976573994
4385,4871.70553953,0.01771783218460613,-0.006943842030694352,0.03543566436921226
4386,4873.193181376,0.017930163931137107,-0.006775151967528087,0.035860327862274215
4387,4873.818446227,0.01802289567753048,-0.006694786085579046,0.03604579135506096
4388,4874.789996783,0.018169843562013507,-0.006558203375118167,0.03633968712402701
4389,4875.237660837,0.01823837454848108,-0.0064903439838350455,0.03647674909696216
4390,4876.743142327,0.018470257109445335,-0.006238681335316867,0.03694051421889067
4391,4877.725299568,0.018620670293515343,-0.006054663398140364,0.037241340587030686
4392,4878.629005583,0.018756798458841376,-0.00587138691928008,0.03751359691768275
4393,4880.058127359,0.018964423284840812,-0.005554408262152412,0.037928846569681623
4394,4880.609661002,0.01904113585427299,-0.005423317919197998,0.03808227170854598
4395,4881.311012342,0.019135268897804113,-0.005249733097026047,0.038270537795608225
4396,4882.304462235,0.019261005895817397,-0.004991018872434659,0.038522011791634794
4397,4882.890785936,0.01933045942145505,-0.0048315092729128845,0.0386609188429101
4398,4883.927414232,0.01944346341904994,-0.004537710574982923,0.03888692683809988
4399,4885.362074724,0.019576534895486736,-0.004108038149152502,0.03915306979097347
4400,4886.27047888,0.019645124175630125,-0.0038234780275573244,0.03929024835126025
4401,4887.198480647,0.019701465970810454,-0.0035239534834410335,0.03940293194162091
4402,4888.175610835,0.019744802112385742,-0.0032001579534754613,0.039489604224771484
4403,4888.908079345,0.019765972790826227,-0.0029526051937317803,0.039531945581652454
4404,4890.214451318,0.01977849841521496,-0.002502958430994531,0.03955699683042992
4405,4890.627756889,0.019775513492398266,-0.0023590178893679657,0.03955102698479653
4406,4891.783056076,0.019748941835343044,-0.001953888073388271,0.03949788367068609
4407,4892.934979043,0.01969520782177237,-0.0015480380051123717,0.03939041564354474
4408,4893.388337636,0.019666506013830222,-0.0013884016251172748,0.039333012027660444
4409,4893.96316953,0.019623950001434354,-0.0011864666908974104,0.03924790000286871
4410,4895.963739546,0.019422245616801188,-0.0004926826847707945,0.038844491233602375
4411,4896.957746691,0.019291472566279076,-0.00015647245905808,0.03858294513255815
4412,4897.650781298,0.019188598634454882,7.327418012856029e-05,0.038377197268909764
4413,4898.457291766,0.01905709266874692,0.0003349123080920282,0.03811418533749384
4414,4899.161200689,0.018932249701325045,0.0005575479346183965,0.03786449940265009
4415,4900.429563378,0.018684657054220018,0.000943303323525102,0.037369314108440035
4416,4900.742881746,0.018619204069910654,0.0010352361078938025,0.03723840813982131
4417,4902.307209903,0.018268786929841383,0.0014719751696431345,0.036537573859682766
4418,4902.821632069,0.018145509980630383,0.0016068823732892387,0.036291019961260766
4419,4904.228632937,0.01779025040143987,0.0019517882254789874,0.03558050080287974
4420,4905.142489081,0.017546891570356667,0.002155754928367326,0.03509378314071333
4421,4906.098238142,0.017283378180506598,0.002351185916966697,0.034566756361013196
4422,4906.699541974,0.017113554968451256,0.0024644352639865133,0.03422710993690251
4423,4908.330089351,0.01664092576154282,0.0027324698902952502,0.03328185152308564
4424,4908.913521445,0.016468663024401056,0.0028141902784215053,0.03293732604880211
4425,4909.624111715,0.01625748564343229,0.00290345611566158,0.03251497128686458
4426,4910.245081667,0.016072231353804096,0.002972177101467718,0.03214446270760819
4427,4911.291910102,0.015759806222133552,0.0030683670966044725,0.031519612444267105
4428,4912.451308936,0.01541600395556678,0.003146207067101146,0.03083200791113356
4429,4913.660637618,0.015063109041295146,0.0031957187650491427,0.030126218082590292
4430,4914.792645832,0.014741069574638617,0.0032135062531932173,0.029482139149277234
4431,4915.70024069,0.014490557650821044,0.003208508595571809,0.028981115301642088
4432,4916.332164479,0.014320964834154367,0.0031952780133372278,0.028641929668308735
4433,4917.230780505,0.014087603694128033,0.003163240638409357,0.028175207388256067
4434,4917.807535043,0.013943157205293946,0.003134834321880256,0.027886314410587892
4435,4919.487036337,0.013549406141879695,0.0030197202223263475,0.02709881228375939
4436,4919.889325052,0.013461575085125028,0.0029855072233550294,0.026923150170250057
4437,4920.840430544,0.01326476261066049,0.0028954035769873407,0.02652952522132098
4438,4921.970590628,0.013051871014015035,0.002773099714275643,0.02610374202803007
4439,4922.718991374,0.012924136611699036,0.002684150925581867,0.025848273223398072
4440,4924.317098251,0.012688627398094393,0.0024769757891132857,0.025377254796188787
4441,4925.077606689,0.012595022963839419,0.002371920465923585,0.025190045927678838
4442,4925.795026681,0.012517927393177138,0.002270069164054536,0.025035854786354277
4443,4926.72764221,0.012434182052288911,0.0021349259192894356,0.024868364104577823
4444,4927.597951291,0.012372955919544099,0.002007361077910919,0.024745911839088197
4445,4928.526064803,0.012325685856856367,0.0018713382481354666,0.024651371713712733
4446,4928.957136246,0.012310029845336605,0.0018086121592296466,0.02462005969067321
4447,4930.240318443,0.012286791825410325,0.0016255558486339664,0.02457358365082065
4448,4932.036812774,0.012311407247182451,0.0013849290145974053,0.024622814494364903
4449,4932.600670526,0.01233232571163821,0.0013147358044974483,0.02466465142327642
4450,4933.068125844,0.012354248860929081,0.0012588982597584802,0.024708497721858163
4451,4934.352289122,0.01243494237401705,0.0011180323853122545,0.0248698847480341
4452,4935.20099425,0.01250382413474876,0.0010363437565031398,0.02500764826949752
4453,4936.133949524,0.01259271277532417,0.0009583749549746092,0.02518542555064834
4454,4937.207162986,0.012710530901405673,0.0008855015577236983,0.025421061802811347
4455,4937.770365698,0.01277840407593854,0.0008549864140022449,0.02555680815187708
4456,4938.753815526,0.012905786198639439,0.0008152561609366195,0.025811572397278878
4457,4939.641724785,0.013029284526249242,0.0007949113469372059,0.026058569052498485
4458,4940.852294862,0.01320822772330908,0.0007921008576594415,0.02641645544661816
4459,4942.135528578,0.013407733941562994,0.0008218224616345619,0.026815467883125988
4460,4942.976896464,0.013542045905154216,0.0008601001902992702,0.027084091810308433
4461,4943.977866732,0.013703490564381606,0.0009253350219656033,0.027406981128763212
4462,4944.641603022,0.013810583350316501,0.0009804589940465873,0.027621166700633002
4463,4945.186898518,0.013898087823090167,0.0010328264284237619,0.027796175646180334
4464,4946.119253477,0.014045691705825333,0.0011370846742435599,0.028091383411650666
4465,4947.500490322,0.014256583117902778,0.0013251907384977878,0.028513166235805555
4466,4948.389808797,0.014385292323271471,0.001467031942998404,0.028770584646542943
4467,4949.085915385,0.014481106596396509,0.0015890163174781154,0.028962213192793018
4468,4950.61581259,0.014673160623904365,0.0018893807649576781,0.02934632124780873
4469,4951.502384929,0.014770822546742265,0.002082578308849007,0.02954164509348453
4470,4951.878797918,0.014808887708543023,0.0021685884188777224,0.029617775417086045
4471,4953.200555668,0.014924984998108683,0.0024881215682421845,0.029849969996217366
4472,4954.25506768,0.014996330366513821,0.0027609106600343034,0.029992660733027643
4473,4954.976576379,0.015033386840704521,0.0029556452269407,0.030066773681409042
4474,4955.822259816,0.015063977473732748,0.0031912801203549013,0.030127954947465497
4475,4956.466055279,0.015077603469294366,0.0033753780816790538,0.03015520693858873
4476,4957.33188963,0.015082289326648738,0.003628450090546931,0.030164578653297476
4477,4959.028989321,0.015044371149103312,0.004138260486683647,0.030088742298206624
4478,4960.163928407,0.014983134991692354,0.0044854453104845446,0.029966269983384707
4479,4960.758090265,0.014939408677645998,0.004668011972134821,0.029878817355291996
4480,4961.688462945,0.014854745294983339,0.004953714258773882,0.029709490589966678
4481,4962.261952448,0.014792716515860465,0.005129100870184873,0.02958543303172093
4482,4963.526118618,0.014629663909132642,0.005511578522093516,0.029259327818265284
4483,4964.307031405,0.014511086573642909,0.005743598138597488,0.029022173147285817
4484,4964.92523509,0.014407734541415234,0.005924212268733932,0.028815469082830468
4485,4966.63321627,0.014080056460756893,0.006405196907337037,0.028160112921513786
4486,4966.868645587,0.014030199536129924,0.006469058016298591,0.028060399072259847
4487,4968.394640927,0.013681047442748043,0.006865917750510572,0.027362094885496086
4488,4968.836094655,0.013572011823732516,0.006974676336295616,0.027144023647465033
4489,4970.479982679,0.01313696698079481,0.007352590038171602,0.02627393396158962
4490,4971.339245556,0.012892889411843432,0.007531645889455341,0.025785778823686864
4491,4971.82499615,0.012750348211379516,0.007626835332419496,0.025500696422759032
4492,4972.713491617,0.012481851798593164,0.007789154645393342,0.02496370359718633
4493,4973.711578032,0.012169543793763227,0.00795255412069874,0.024339087587526453
4494,4974.430478147,0.01193854843775974,0.008057357088225253,0.02387709687551948
4495,4975.310997141,0.01164985635058214,0.00817056667218686,0.02329971270116428
4496,4976.964034078,0.011095082588834439,0.008336794434777991,0.022190165177668877
4497,4977.755154087,0.01082575613244353,0.008394580938444245,0.02165151226488706
4498,4978.847855754,0.010452084487532034,0.008451028581685113,0.02090416897506407
4499,4979.580892327,0.010201468053319016,0.008473724499875842,0.02040293610663803
4500,4980.118762529,0.010018134396986515,0.008482676827021312,0.02003626879397303
4501,4981.192703747,0.009654798006397049,0.008481277396614027,0.019309596012794097
4502,4982.512361526,0.009216200854712189,0.008445151945703068,0.018432401709424378
4503,4983.225027315,0.00898432247885822,0.008410355911022351,0.01796864495771644
4504,4983.97997583,0.008743401280098134,0.008362219064420973,0.017486802560196267
4505,4984.568543575,0.008559396448253343,0.008316899228146688,0.017118792896506686
4506,4986.252566836,0.008054468494810074,0.008151611175196864,0.016108936989620147
4507,4987.187900983,0.007789744399032277,0.008038604671487308,0.015579488798064554
4508,4988.191597307,0.007519728865968599,0.007902085822172087,0.015039457731937197
4509,4988.905166591,0.007337255463508193,0.007796224673994212,0.014674510927016386
4510,4990.345480286,0.006994650487226803,0.00756282934635589,0.013989300974453606
4511,4990.449701819,0.006971248200455143,0.0075450171803381465,0.013942496400910286
4512,4991.214774409,0.006805392656500542,0.007410879743835699,0.013610785313001084
4513,4992.379462341,0.0065734508405948106,0.007196584109922996,0.013146901681189621
4514,4993.495748984,0.006375063195739311,0.00698206116664316,0.012750126391478623
4515,4994.632742172,0.0061975165174909305,0.006757014248169923,0.012395033034981861
4516,4995.879247705,0.006031493077769892,0.006505862727702172,0.012062986155539784
4517,4996.220820877,0.005991209756704188,0.006436680247372416,0.011982419513408376
4518,4997.396150709,0.005869536210574688,0.006198915747073789,0.011739072421149375
4519,4998.370030196,0.005788264621315939,0.006003768371121786,0.011576529242631878
4520,4999.329681373,0.0057249968294420745,0.005814768712680148,0.011449993658884149
4521,5000.234316933,0.0056800873465348255,0.005640909419850359,0.011360174693069651
4522,5000.834381432,0.0056578785872843556,0.005528471820853388,0.011315757174568711
4523,5001.889773627,0.0056327759586551705,0.005337410838596171,0.011265551917310341
4524,5002.85400289,0.005624486879774834,0.00517149713838737,0.011248973759549669
4525,5003.484944378,0.0056261090729330075,0.005067974950824811,0.011252218145866015
4526,5005.495907488,0.005664295122103316,0.0047682969795416474,0.011328590244206632
4527,5006.208381106,0.00568834671849995,0.004674254458541463,0.0113766934369999
4528,5006.788558806,0.005711380064417776,0.004602711960843613,0.011422760128835552
4529,5007.48598292,0.005742700186999979,0.00452290023645385,0.011485400373999958
4530,5008.626199656,0.005801083527840887,0.004407442592244286,0.011602167055681773
4531,5009.229044117,0.005834847502372821,0.004354120737045773,0.011669695004745642
4532,5010.811172546,0.005929778323397793,0.004240092946932641,0.011859556646795586
4533,5010.933198106,0.0059373453677936195,0.004232866516453826,0.011874690735587239
4534,5012.39683374,0.0060287814954035875,0.004163639769825929,0.012057562990807175
4535,5013.533605873,0.00609842284819658,0.004131798749602201,0.01219684569639316
4536,5014.238442054,0.006139830472108131,0.004121421205478341,0.012279660944216262
4537,5015.357927938,0.0062012179144534585,0.004119121254263418,0.012402435828906917
4538,5016.192546914,0.0062423912127502115,0.00412822908423099,0.012484782425500423
4539,5017.347756568,0.0062911925234034214,0.004155089439846381,0.012582385046806843
4540,5018.084913546,0.0063165104392244025,0.004180261410236338,0.012633020878448805
4541,5018.93983185,0.006339411255391195,0.004216609970840809,0.01267882251078239
4542,5019.395831473,0.006348552026250212,0.004238896944141267,0.012697104052500423
4543,5020.352759395,0.006360237988328725,0.004291571400222956,0.01272047597665745
4544,5022.203022984,0.006351433601367555,0.004412200398443998,0.01270286720273511
4545,5022.834526019,0.006338254179724453,0.004457721008233952,0.012676508359448906
4546,5023.904889142,0.006303436585995662,0.004538260859245736,0.012606873171991323
4547,5024.725752596,0.006265819010676849,0.00460186035814628,0.012531638021353698
4548,5025.730993594,0.006206593234871704,0.004680454897353758,0.012413186469743409
4549,5026.185476882,0.006175024971859489,0.004715824584302405,0.012350049943718978
4550,5027.221563709,0.006091904335699948,0.004794997826802901,0.012183808671399897
4551,5028.537886821,0.00596417176922498,0.004890235702688074,0.01192834353844996
4552,5029.216956939,0.0058888056609228395,0.004935892005582292,0.011777611321845679
4553,5030.02693694,0.005790747069603923,0.004986339961489199,0.011581494139207846
4554,5030.967858187,0.005666103821452829,0.005038412347433651,0.011332207642905658
4555,5032.399063541,0.00545580192835006,0.005101429386616592,0.01091160385670012
4556,5033.16656608,0.005333553173655831,0.005125907035581006,0.010667106347311661
4557,5034.550361163,0.005098378084253699,0.0051512416561497985,0.010196756168507399
4558,5035.013416409,0.005015900087545117,0.005153864718426478,0.010031800175090234
4559,5035.523058437,0.00492319054996677,0.005153138930649149,0.00984638109993354
4560,5036.841667107,0.004675237335052605,0.005132767569816245,0.00935047467010521
4561,5037.500692757,0.00454775840837934,0.00511210170916835,0.00909551681675868
4562,5038.324319635,0.004386013343796518,0.005076007398273069,0.008772026687593037
4563,5039.621887453,0.004127852124003682,0.004995215110665089,0.008255704248007364
4564,5041.041398994,0.003844687477914458,0.004872286932476853,0.007689374955828916
4565,5041.798034522,0.0036951356011227644,0.004791766239764325,0.007390271202245529
4566,5042.492149716,0.003559659709714062,0.004708688184347094,0.007119319419428124
4567,5043.015445394,0.0034589937852591104,0.00464024266892686,0.006917987570518221
4568,5044.656791091,0.003154531321163936,0.004393530374283313,0.006309062642327872
4569,5045.46713048,0.0030123039612645736,0.004254203720238162,0.006024607922529147
4570,5045.941675502,0.0029320244734380484,0.00416739565803635,0.005864048946876097
4571,5046.997617429,0.0027624601438155268,0.003960857586242868,0.0055249202876310535
4572,5047.863086182,0.0026339314486563898,0.0037783766758300503,0.0052678628973127795
4573,5048.79022882,0.002507962566439282,0.0035704782250764967,0.005015925132878564
4574,5050.308459699,0.0023309685474169634,0.0032046731042295025,0.004661937094833927
4575,5051.106699534,0.0022539023831022117,0.0030010164953846153,0.0045078047662044235
4576,5052.279310473,0.0021623909046615125,0.0026896440449903484,0.004324781809323025
4577,5052.772155289,0.002132019913296305,0.002554973427480117,0.00426403982659261
4578,5053.71236532,0.002087957249958379,0.0022927979741404468,0.004175914499916758
4579,5054.434547343,0.0020668605396896374,0.0020874882824563493,0.004133721079379275
4580,5055.192672473,0.002056980196223764,0.0018691099494697403,0.004113960392447528
4581,5056.605813079,0.0020730040944648056,0.0014570607298155305,0.004146008188929611
4582,5057.589996236,0.0021111956552545626,0.0011686681715158288,0.004222391310509125
4583,5058.345409417,0.0021557492969308816,0.0009478963523425471,0.004311498593861763
4584,5059.439905819,0.0022438504710642613,0.00063086101641112,0.004487700942128523
4585,5060.559080915,0.0023626153666644095,0.0003126345834279018,0.004725230733328819
4586,5061.326249329,0.002460571195487928,9.94319869668737e-05,0.004921142390975856
4587,5062.168472727,0.002583322137971304,-0.00012877442612369147,0.005166644275942608
4588,5063.182715937,0.002751753247818819,-0.0003938423137385653,0.005503506495637638
4589,5064.333813617,0.0029691896486550447,-0.0006793871164019515,0.0059383792973100894
4590,5064.628972967,0.0030292785696343777,-0.0007496628054550944,0.006058557139268755
4591,5065.480124961,0.0032120593768004335,-0.0009449263049406285,0.006424118753600867
4592,5066.576539185,0.0034673290630997562,-0.0011789250828003297,0.0069346581261995124
4593,5068.384815239,0.003932564226516532,-0.0015165210156485194,0.007865128453033063
4594,5069.095935944,0.004128952256589733,-0.0016312400079974635,0.008257904513179466
4595,5069.675544138,0.004293984070727435,-0.0017167071408000342,0.00858796814145487
4596,5070.868551266,0.00464613007351117,-0.0018689136222668128,0.00929226014702234
4597,5071.249797277,0.004761799268614595,-0.0019106047034809978,0.00952359853722919
4598,5072.410372661,0.005121680789888187,-0.0020160815864703908,0.010243361579776374
4599,5073.482256177,0.005462349404670753,-0.00208408393197132,0.010924698809341505
4600,5074.356062044,0.005744138804342384,-0.0021181305532080256,0.011488277608684767
4601,5074.911470243,0.00592445548629589,-0.0021296560418728417,0.01184891097259178
4602,5076.598637948,0.006473758144295779,-0.002116077546107508,0.012947516288591558
4603,5077.152989531,0.006653510004589527,-0.00209564898968848,0.013307020009179054
4604,5078.001109183,0.006926505954049189,-0.0020492066545415547,0.013853011908098378
4605,5079.612726167,0.0074343446190896275,-0.0019110948171130837,0.014868689238179255
4606,5080.123622144,0.007591232547550584,-0.001853965046440934,0.015182465095101167
4607,5081.130097771,0.007892919017115817,-0.0017231984407618571,0.015785838034231635
4608,5081.69434443,0.008057161720930026,-0.0016395884229637716,0.016114323441860052
4609,5082.317781512,0.008234036357743446,-0.0015388742041879827,0.016468072715486892
4610,5083.769848919,0.008624889967231934,-0.0012719084067374328,0.017249779934463867
4611,5084.387439341,0.008781187359565337,-0.0011453605884672578,0.017562374719130674
4612,5085.944230788,0.009145602698381751,-0.0007948643405408196,0.018291205396763502
4613,5086.999761578,0.009366475715637968,-0.0005339197051178771,0.018732951431275936
4614,5087.532668938,0.009469371821167106,-0.0003957766424637377,0.01893874364233421
4615,5088.598901322,0.00965704396537987,-0.0001078564649481989,0.01931408793075974
4616,5089.178093913,0.009748476244411297,5.4337084391074354e-05,0.019496952488822595
4617,5090.345876812,0.009909514235822505,0.00039189264411838625,0.01981902847164501
4618,5091.262957882,0.010013562269305625,0.0006651564204880818,0.02002712453861125
4619,5092.401941911,0.010114700589151787,0.0010119802720246639,0.020229401178303574
4620,5092.837760452,0.010145074926336012,0.0011462774514600595,0.020290149852672024
4621,5093.668880111,0.010190154187835093,0.0014039436612118485,0.020380308375670186
4622,5095.086913061,0.010228168020172656,0.0018453073230344837,0.020456336040345312
4623,5096.637933186,0.010214174372980634,0.0023245565259831873,0.020428348745961267
4624,5096.959423854,0.010204138619368081,0.002422765987493414,0.020408277238736162
4625,5097.814429759,0.010165789988518366,0.0026811674519963006,0.02033157997703673
4626,5098.956789006,0.010088764631459652,0.003018410226206714,0.020177529262919304
4627,5099.610743038,0.010031844383914659,0.003206390098502362,0.020063688767829317
4628,5100.491462416,0.009941036329104725,0.003452649425102383,0.01988207265820945
4629,5101.034063049,0.009877307408833027,0.0035999737501758605,0.019754614817666053
4630,5102.645948615,0.00965520295863272,0.004015120642950146,0.01931040591726544
4631,5103.728341253,0.009480714278083635,0.004272745473984498,0.01896142855616727
4632,5104.418093047,0.00935993674179502,0.004427160818707164,0.01871987348359004
4633,5105.638635527,0.009129819161097634,0.004680496468823692,0.01825963832219527
4634,5106.05222595,0.009047532873598586,0.004760313416645879,0.018095065747197173
4635,5107.385740123,0.008769397699276102,0.0049959274455972985,0.017538795398552205
4636,5108.447770149,0.008536048064593724,0.005159056755781569,0.017072096129187447
4637,5108.959096698,0.008420677669479511,0.0052296451040837605,0.016841355338959023
4638,5109.83898209,0.008218492183846852,0.005338840957568845,0.016436984367693704
4639,5110.806041672,0.00799226432566305,0.005440815175898059,0.0159845286513261
4640,5111.503124654,0.007827515714375637,0.005502577154349446,0.015655031428751274
4641,5113.010157222,0.007469819503850228,0.005602691499595831,0.014939639007700456
4642,5113.94604288,0.007248828942833105,0.005642229474283694,0.01449765788566621
4643,5115.372842952,0.00691745770319385,0.005670207400759599,0.0138349154063877
4644,5115.726762098,0.006836781554241239,0.005671298643580054,0.013673563108482478
4645,5116.560557464,0.00664980915324012,0.0056650251258875675,0.01329961830648024
4646,5117.025993416,0.006547585635277292,0.005656274991131215,0.013095171270554583
4647,5118.533838769,0.006229029467146328,0.005603529431079309,0.012458058934292656
4648,5119.365669162,0.006062783078314945,0.005559510140736943,0.01212556615662989
4649,5120.240023466,0.005896310662620703,0.005502800884174424,0.011792621325241406
4650,5121.083490156,0.0057444377331425855,0.005438790171428451,0.011488875466285171
4651,5122.45478141,0.005517314260366613,0.005317477925618002,0.011034628520733227
4652,5123.302893479,0.005389893477974631,0.005233221470583377,0.010779786955949262
4653,5124.061784987,0.005284735301456087,0.0051528060364831865,0.010569470602912174
4654,5125.253686757,0.005137001774772531,0.00501869568844226,0.010274003549545063
4655,5126.279118015,0.005027321653272253,0.004897544520136689,0.010054643306544505
4656,5126.729993292,0.004984252531595478,0.004843079289053349,0.009968505063190957
4657,5127.74171696,0.004899095438190013,0.004719229672282519,0.009798190876380026
4658,5128.681624974,0.004834143881804689,0.004603361707943249,0.009668287763609378
4659,5128.964483859,0.004817239222666756,0.004568550432208027,0.009634478445333512
4660,5131.043898974,0.0047294306587581224,0.004317775246156827,0.009458861317516245
4661,5132.007167839,0.004709605068250921,0.004207159187016841,0.009419210136501842
4662,5132.683137054,0.004703089711768577,0.004132636100574598,0.009406179423537154
4663,5133.30657599,0.004702225521589011,0.0040665886692050615,0.009404451043178021
4664,5134.66304388,0.004716236740558791,0.003933297667004867,0.009432473481117582
4665,5135.171964074,0.004726686859779037,0.003887437599919641,0.009453373719558074
4666,5136.129936082,0.004753269189848773,0.0038079680197991546,0.009506538379697546
4667,5137.206291398,0.004792725107956135,0.0037302470015690915,0.00958545021591227
4668,5138.042957957,0.00482937208105062,0.0036789318143760482,0.00965874416210124
4669,5139.121530962,0.004882864867590808,0.0036252374678359357,0.009765729735181616
4670,5139.67912565,0.004912724116555981,0.003603191071897394,0.009825448233111963
4671,5141.096623937,0.004993227111863235,0.0035652543228627417,0.00998645422372647
4672,5142.447907865,0.005072882045412062,0.0035537656101702207,0.010145764090824124
4673,5142.902032221,0.005099597911855604,0.0035553451754736266,0.010199195823711208
4674,5143.933700534,0.005159051786016828,0.003569033627053378,0.010318103572033655
4675,5144.587752602,0.005195241360850216,0.0035848817601966745,0.010390482721700432
4676,5145.480449174,0.005241844049523499,0.0036152763198609855,0.010483688099046998
4677,5146.14964592,0.005274087626269444,0.0036445054399612993,0.010548175252538887
4678,5147.56279184,0.005332488026751052,0.003723450892405932,0.010664976053502103
4679,5148.253527357,0.005355320164197155,0.003770028798409079,0.01071064032839431
4680,5149.768260281,0.005389651188469962,0.0038886891414667735,0.010779302376939925
4681,5150.709614962,0.005398663917939688,0.00397257048494997,0.010797327835879377
4682,5151.141849588,0.005399329116804864,0.00401335301705544,0.010798658233609728
4683,5152.186214623,0.005391318641417382,0.00411698298643964,0.010782637282834764
4684,5152.953127295,0.005376328783991566,0.00419696014899432,0.010752657567983132
4685,5154.656845439,0.005313665645397235,0.004382813719508454,0.01062733129079447
4686,5154.899143798,0.005301341696568308,0.004409838427000044,0.010602683393136615
4687,5155.493362582,0.005267426425083682,0.00447640983701045,0.010534852850167364
4688,5156.509447328,0.005197125463138194,0.004590402128175222,0.010394250926276388
4689,5157.819065556,0.005083339650873531,0.004735194837300797,0.010166679301747063
4690,5158.954824001,0.0049635083358453794,0.004856170141944595,0.009927016671690759
4691,5160.057736252,0.004828601158801108,0.004967140804783764,0.009657202317602216
4692,5160.852779928,0.004720295769662733,0.005041906629605737,0.009440591539325466
4693,5161.60539292,0.0046095018653488145,0.005107817535199561,0.009219003730697629
4694,5162.587186685,0.004453358074043987,0.0051855616823797785,0.008906716148087974
4695,5163.060164467,0.004373642062322869,0.005219300734291901,0.008747284124645737
4696,5164.102312022,0.0041882809313131385,0.005284155588667157,0.008376561862626277
4697,5165.306771507,0.00395867684725234,0.0053411586649443135,0.00791735369450468
4698,5166.191972909,0.003780550565298334,0.005369528923941481,0.007561101130596668
4699,5167.483594402,0.003508457928384156,0.0053885119928077305,0.007016915856768312
4700,5167.990828057,0.0033982322699328575,0.0053882640595472675,0.006796464539865715
4701,5169.070194564,0.003158602746181812,0.00537251969564739,0.006317205492363624
4702,5170.291516087,0.002881263125005758,0.005328716670639749,0.005762526250011516
4703,5171.2359275,0.002664171549005818,0.0052752293068853776,0.005328343098011636
4704,5171.58548117,0.002583570456250396,0.005251001734562227,0.005167140912500792
4705,5172.801688877,0.0023035222071036204,0.005147788684004552,0.004607044414207241
4706,5173.675024556,0.0021041596969119335,0.0050554047926796315,0.004208319393823867
4707,5174.359901137,0.0019497483744338752,0.004972247043278846,0.0038994967488677505
4708,5175.093122775,0.0017870589391662645,0.004872824617078382,0.003574117878332529
4709,5177.237132249,0.0013336978158961972,0.004521518349344108,0.0026673956317923944
4710,5177.609630023,0.0012592604646197083,0.004451514070020453,0.0025185209292394165
4711,5178.75219462,0.0010408232970338612,0.00422092159008846,0.0020816465940677225
4712,5179.202606392,0.000959217473049633,0.004123637796225123,0.001918434946099266
4713,5180.106626203,0.000803970893527422,0.003917972595833787,0.001607941787054844
4714,5181.189792409,0.0006343844781956587,0.003654209332431966,0.0012687689563913175
4715,5182.130914017,0.0005029919418458623,0.0034108178814412846,0.0010059838836917246
4716,5182.998826329,0.0003960443736149452,0.003175665858879772,0.0007920887472298904
4717,5183.950307013,0.0002955201484367333,0.0029072599884891327,0.0005910402968734666
4718,5184.685795032,0.00023042713335856384,0.002693016629613138,0.0004608542667171277
4719,5186.35574681,0.00012578553400588774,0.002188484550818919,0.0002515710680117755
4720,5186.709472601,0.0001116041326052412,0.0020789825697312978,0.0002232082652104824
4721,5187.887847767,8.520148318434628e-05,0.0017093593469661695,0.00017040296636869256
4722,5189.076719614,9.174624384578358e-05,0.0013313869583320963,0.00018349248769156717
4723,5189.859588664,0.0001145727312278336,0.0010813318517579854,0.0002291454624556672
4724,5190.355291128,0.00013668819907421947,0.0009230506841672376,0.00027337639814843895
4725,5191.126801598,0.000182954543278175,0.0006774617318753411,0.00036590908655635
4726,5192.046486957,0.0002569201114301096,0.0003870741741406341,0.0005138402228602192
4727,5193.404415344,0.00040319614422384297,-3.376929368709001e-05,0.0008063922884476859
4728,5194.707488902,0.0005842513140237462,-0.00042456475524541785,0.0011685026280474924
4729,5195.159163854,0.0006560624718272062,-0.0005562286713401196,0.0013121249436544124
4730,5196.707324199,0.000936195374106389,-0.00098944427564509,0.001872390748212778
4731,5197.117498332,0.001018923359160008,-0.0010989386996841175,0.002037846718320016
4732,5197.718324177,0.0011462570391679984,-0.0012548723791503816,0.002292514078335997
4733,5199.223858199,0.0014957956374418175,-0.0016201296881301066,0.002991591274883635
4734,5199.776329229,0.0016343032996490921,-0.0017442323895002594,0.0032686065992981843
4735,5200.961311213,0.0019482731780035001,-0.001990804346728875,0.0038965463560070002
4736,5201.555843874,0.002113815414704194,-0.002103888824572165,0.004227630829408388
4737,5202.457989722,0.00237421318568728,-0.002261189576080664,0.00474842637137456
4738,5203.52121695,0.0026937462661664304,-0.002423502810243735,0.005387492532332861
4739,5205.099606997,0.0031886745201897817,-0.0026162097012818013,0.0063773490403795634
4740,5205.900595705,0.0034470912489329114,-0.0026911696483340524,0.006894182497865823
4741,5206.63316168,0.0036865309588931653,-0.0027459604486756053,0.007373061917786331
4742,5207.215066682,0.0038782808338237436,-0.002780013725655764,0.007756561667647487
4743,5208.288522939,0.004234147706787297,-0.0028206856113568855,0.008468295413574594
4744,5209.138239302,0.0045163874947448225,-0.0028324717565288127,0.009032774989489645
4745,5210.010911049,0.00480529689971315,-0.0028258722237543485,0.0096105937994263
4746,5210.8082187,0.0050672559123238975,-0.0028034204865206875,0.010134511824647795
4747,5212.41940447,0.005586489698274341,-0.0027111443003902612,0.011172979396548682
4748,5213.316674242,0.005867333046088099,-0.0026333374430370757,0.011734666092176198
4749,5213.896943192,0.006044947068797911,-0.002573310153104168,0.012089894137595822
4750,5214.775252558,0.006306882024422119,-0.002468429810965418,0.012613764048844237
4751,5216.054491352,0.006671325616299674,-0.0022868603818600626,0.013342651232599348
4752,5216.932009339,0.006908063623893259,-0.00214373926094704,0.013816127247786518
4753,5217.650795322,0.007093106782625862,-0.0020160017613442016,0.014186213565251724
4754,5218.691413008,0.007345731057364236,-0.001815508928793606,0.014691462114728472
4755,5219.057877219,0.00743016113193466,-0.0017408089447548379,0.01486032226386932
4756,5220.220855174,0.007681582324138326,-0.0014908916331732827,0.015363164648276651
4757,5221.422951323,0.007913760299376089,-0.001214281615690402,0.015827520598752177
4758,5222.858787673,0.00815219239259424,-0.000863903229139651,0.01630438478518848
4759,5223.434428938,0.008235495967988697,-0.0007184956423995695,0.016470991935977394
4760,5224.457463497,0.008365814924800992,-0.00045470061050172816,0.016731629849601984
4761,5225.256065097,0.008451611521195343,-0.00024513218551823517,0.016903223042390687
4762,5226.148424105,0.008530863786523867,-8.519090006487705e-06,0.017061727573047733
4763,5226.351540381,0.00854645253679351,4.556039803446137e-05,0.01709290507358702
4764,5228.183098672,0.008646280996886892,0.0005334034076696974,0.017292561993773783
4765,5229.198557199,0.008670520775651553,0.0008012215331099429,0.017341041551303105
4766,5229.241811259,0.00867107095156284,0.000812546127063509,0.01734214190312568
4767,5230.897209709,0.008663350754389195,0.0012385544402955194,0.01732670150877839
4768,5231.815083588,0.008635728910799039,0.0014667701446250212,0.017271457821598078
4769,5232.884620193,0.008583756475196701,0.0017233832152379837,0.017167512950393402
4770,5233.658115095,0.00853362210895565,0.0019017225748290314,0.0170672442179113
4771,5234.640289889,0.00845577784940201,0.0021182652237521447,0.01691155569880402
4772,5235.574735166,0.008368056511008236,0.0023129542548733653,0.016736113022016472
4773,5236.300461229,0.008291496357869991,0.0024559123304744605,0.016582992715739982
4774,5236.957439365,0.008216359203378808,0.00257874222152381,0.016432718406757616
4775,5237.801695402,0.00811240953396141,0.0027269588213553976,0.01622481906792282
4776,5239.192789208,0.007925440878203944,0.002946375958416887,0.01585088175640789
4777,5240.607636041,0.00771934102153174,0.003136398445429034,0.01543868204306348
4778,5241.50282546,0.007582852653121713,0.0032388284987152167,0.015165705306243426
4779,5241.822720416,0.007533234262306432,0.003272043654882644,0.015066468524612865
4780,5242.792985389,0.007380822758875553,0.003361833074957063,0.014761645517751106
4781,5243.882548869,0.007207800515514527,0.0034430621985561574,0.014415601031029054
4782,5244.845451001,0.007054972714511493,0.003497773636868448,0.014109945429022986
4783,5245.755732518,0.006911996910123611,0.003535057170920245,0.013823993820247222
4784,5246.279250857,0.006830925626931426,0.0035502905444291456,0.013661851253862852
4785,5247.610320392,0.00663041398703975,0.003569324334745013,0.0132608279740795
4786,5248.441539016,0.006510513073401896,0.003567487139838437,0.013021026146803793
4787,5249.366336132,0.006383117471547504,0.003553792035281012,0.012766234943095008
4788,5250.675238104,0.006215597384921673,0.0035149859311777694,0.012431194769843347
4789,5251.798558626,0.006085617394397462,0.0034653115365013997,0.012171234788794925
4790,5252.522037867,0.006009399778536291,0.003426207896735432,0.012018799557072583
4791,5252.890575148,0.0059729743650602535,0.003404348634041419,0.011945948730120507
4792,5253.944070492,0.005878228566133733,0.0033354038516709363,0.011756457132267466
4793,5254.912630871,0.005803943490249606,0.00326472961884755,0.011607886980499213
4794,5255.613164306,0.005758187951186393,0.0032100712878390635,0.011516375902372786
4795,5257.081180064,0.005684731632616899,0.0030885063330982248,0.011369463265233798
4796,5257.924941007,0.005656519653529939,0.003015899599323439,0.011313039307059878
4797,5259.10832096,0.005634319418074347,0.0029129603338620357,0.011268638836148695
4798,5259.771904521,0.005630705138105157,0.0028555566651515905,0.011261410276210315
4799,5260.959190246,0.005639825888376288,0.0027551926659977123,0.011279651776752575
4800,5261.180476047,0.005643698237410329,0.0027369876770887546,0.011287396474820658
4801,5262.848835686,0.005694052150396879,0.00260725633763894,0.011388104300793758
4802,5263.396965102,0.005718433531609378,0.002568256181230555,0.011436867063218756
4803,5264.411378018,0.005773128431533446,0.0025020006221829413,0.011546256863066892
4804,5265.088374535,0.005816161423977077,0.002462623565714455,0.011632322847954154
4805,5265.605936327,0.005852360924471176,0.0024354178014533217,0.011704721848942352
4806,5267.885364151,0.006041680399224965,0.0023496403045370337,0.01208336079844993
4807,5268.198270778,0.006070956375097901,0.002342621983780438,0.012141912750195803
4808,5269.201393021,0.006169110801909056,0.002328559111034805,0.012338221603818112
4809,5270.259454505,0.00627851838774472,0.0023282819207510116,0.01255703677548944
4810,5270.886227526,0.0063454777758099,0.0023354529141620434,0.0126909555516198
4811,5271.696969114,0.0064337236097402545,0.0023530538704269405,0.012867447219480509
4812,5272.517960359,0.006524175068060423,0.0023806205120368074,0.013048350136120846
4813,5273.578737968,0.00664124858912622,0.00243094669987054,0.01328249717825244
4814,5274.691509015,0.006762374834488651,0.0025016322985995246,0.013524749668977301
4815,5275.64387888,0.006863028681003509,0.0025765751660201323,0.013726057362007018
4816,5276.683503025,0.006968031182370512,0.002673306894291727,0.013936062364741025
4817,5277.475759503,0.007043585168297722,0.002757194268864237,0.014087170336595444
4818,5278.379390382,0.007123987151074773,0.0028632177215080113,0.014247974302149547
4819,5279.775667718,0.007233718751167069,0.0030475189992152326,0.014467437502334137
4820,5280.315445981,0.007270733242979197,0.003125006533040705,0.014541466485958394
4821,5281.239950686,0.007326284587420208,0.003265169447897776,0.014652569174840415
4822,5281.633380066,0.007346723190698197,0.003327493413852902,0.014693446381396394
4823,5283.16386856,0.007406466985935735,0.0035834706128906064,0.01481293397187147
4824,5283.478719186,0.007414632207628006,0.003638521041445904,0.014829264415256012
4825,5284.926926631,0.007432770041818455,0.0039003095924693087,0.01486554008363691
4826,5286.437161558,0.007415861528748657,0.004184695109395172,0.014831723057497314
4827,5287.137482205,0.007395033022951182,0.004319042475759737,0.014790066045902365
4828,5287.711380226,0.007371677643638926,0.004429754844373933,0.014743355287277852
4829,5288.515549598,0.007329306634371763,0.00458518679246935,0.014658613268743527
4830,5289.35324522,0.0072731045295639195,0.004746611022008522,0.014546209059127839
4831,5290.674974348,0.007159333540017186,0.004997895850453092,0.014318667080034372
4832,5291.399590509,0.007084002873728906,0.005132668744761153,0.014168005747457812
4833,5292.275016391,0.006980936430799777,0.005291508600668517,0.013961872861599554
4834,5293.024355515,0.006882433684629616,0.00542321057608884,0.013764867369259233
4835,5294.464760714,0.006667376130912461,0.005662697570105337,0.013334752261824921
4836,5295.126355475,0.006557736509934238,0.005765618781179952,0.013115473019868476
4837,5296.581056719,0.006294231370813215,0.005973493230612896,0.01258846274162643
4838,5297.12539492,0.0061881991973336565,0.006044077513651204,0.012376398394667313
4839,5297.981183439,0.006013974548663922,0.006146354895771141,0.012027949097327843
4840,5299.274679238,0.00573478530766155,0.006279246020876847,0.0114695706153231
4841,5299.62730032,0.0056556979360680056,0.006310669082946273,0.011311395872136011
4842,5300.144736871,0.0055375725858201755,0.006352884822447272,0.011075145171640351
4843,5301.458131811,0.005228020342724246,0.00643843718581632,0.010456040685448491
4844,5302.98145422,0.004855449245800095,0.006496958936455692,0.00971089849160019
4845,5303.885255546,0.004629851195186735,0.006510174994688619,0.00925970239037347
4846,5304.508457855,0.004473173908811911,0.006509745421878217,0.008946347817623821
4847,5305.526333012,0.004216587534938893,0.0064921012785156395,0.008433175069877785
4848,5306.498769767,0.0039722022863440745,0.006455510817369258,0.007944404572688149
4849,5307.300388636,0.0037725109021393985,0.0064108637455693035,0.007545021804278797
4850,5308.0727905,0.0035825543067185468,0.0063555529620288615,0.0071651086134370936
4851,5309.361753482,0.0032732345519240684,0.0062368239664824954,0.006546469103848137
4852,5310.032764727,0.003117078942445074,0.006162229153653407,0.006234157884890148
4853,5310.606801112,0.0029866667837157436,0.00609165628759034,0.005973333567431487
4854,5311.859049892,0.0027139508998807508,0.005916822629032496,0.0054279017997615015
4855,5312.980209159,0.0024856122201763462,0.0057372059290959395,0.0049712244403526925
4856,5314.439426792,0.0022144968693359798,0.005473385032649111,0.0044289937386719595
4857,5314.95479405,0.002126534309811307,0.005372740695757765,0.004253068619622614
4858,5315.726296859,0.002003046954586699,0.00521541218886475,0.004006093909173398
4859,5316.639253906,0.0018702763681012786,0.005019747602183074,0.003740552736202557
4860,5317.139734906,0.001803918069694206,0.00490851871679253,0.003607836139388412
4861,5318.445240959,0.0016532731623558903,0.004606907611346223,0.0033065463247117805
4862,5319.364734298,0.0015674210992538472,0.004386117435425342,0.0031348421985076943
4863,5320.10975301,0.001510556661014492,0.004203246898343965,0.003021113322028984
4864,5321.536694998,0.0014341845772600612,0.003845999935355041,0.0028683691545201223
4865,5322.633280585,0.001405041089532438,0.0035680591655322005,0.002810082179064876
4866,5323.137231112,0.0014003260765795983,0.0034401138192614736,0.0028006521531591965
4867,5323.796327876,0.001402406891446333,0.003273130377749353,0.002804813782892666
4868,5325.466411141,0.0014492107627301766,0.002855310216415037,0.002898421525460353
4869,5326.038512791,0.0014787383945163773,0.002715105964176266,0.0029574767890327546
4870,5326.86776379,0.0015334740016926902,0.0025156398513877017,0.0030669480033853804
4871,5327.480222283,0.0015827787249937835,0.0023717145304586896,0.003165557449987567
4872,5328.463844665,0.0016772626692398364,0.0021477255302308367,0.003354525338479673
4873,5329.377158593,0.001781223495057421,0.0019488839974982012,0.003562446990114842
4874,5331.01505185,0.002004198870866827,0.0016183017940501984,0.004008397741733654
4875,5331.855033783,0.0021353173154061364,0.0014634855970930096,0.004270634630812273
4876,5332.582449339,0.0022572241750923516,0.0013383200582486694,0.004514448350184703
4877,5333.746349451,0.0024669308436705392,0.0011564789601559884,0.0049338616873410785
4878,5334.061217957,0.002526492335986656,0.0011113774152075185,0.005052984671973312
4879,5335.195388352,0.002749840693633566,0.0009640817682582965,0.005499681387267132
4880,5335.947926227,0.002904743384494575,0.000879903775084102,0.00580948676898915
4881,5337.059672761,0.0031415272964303346,0.0007760988915130726,0.006283054592860669
4882,5338.214274772,0.0033950314587198873,0.0006949877754040972,0.006790062917439775
4883,5338.933125465,0.003555503638738089,0.0006584987153821214,0.007111007277476178
4884,5339.674564988,0.0037222373497772256,0.0006322407159144871,0.007444474699554451
4885,5341.264957859,0.004080418239099339,0.0006149910087319294,0.008160836478198678
4886,5341.907714557,0.004224013624650109,0.000623064867067597,0.008448027249300218
4887,5342.986689834,0.004461602373164968,0.0006557940942054124,0.008923204746329936
4888,5343.623359433,0.004598958045479421,0.0006861837384242996,0.009197916090958842
4889,5344.507532612,0.004785150229573287,0.0007416747920845586,0.009570300459146574
4890,5345.528297342,0.00499205248187274,0.0008243356710692302,0.00998410496374548
4891,5346.069965615,0.005097748588767388,0.0008759926784086072,0.010195497177534776
4892,5346.890937422,0.005251801432309592,0.0009641431195775723,0.010503602864619184
4893,5348.769669282,0.00557228702269328,0.0012074009638935112,0.01114457404538656
4894,5349.48905784,0.005681683615865899,0.0013144820878378436,0.011363367231731798
4895,5350.395904771,0.005807973298171267,0.0014592384558358136,0.011615946596342535
4896,5351.225419928,0.005911484727441137,0.0016002872275565402,0.011822969454882273
4897,5351.771637384,0.005973088064958973,0.0016972096311956074,0.011946176129917946
4898,5352.900178207,0.006083175373296952,0.0019063052625979263,0.012166350746593904
4899,5354.185202829,0.006179192332464985,0.0021562246102069748,0.01235838466492997
4900,5354.773479714,0.0062124011891303175,0.002273844750991434,0.012424802378260635
4901,5355.347063677,0.0062381632078132646,0.0023899660027985946,0.012476326415626529
4902,5356.538865829,0.006270570888095636,0.002634242025168048,0.012541141776191271
4903,5357.711619892,0.006274455976887846,0.0028760055300548573,0.012548911953775692
4904,5358.669106442,0.006257083225494206,0.00307228802218444,0.012514166450988412
4905,5359.633917927,0.006221120690317075,0.003267283767897129,0.01244224138063415
4906,5360.877126531,0.006148071960603132,0.003511771278335355,0.012296143921206265
4907,5361.630997292,0.006089560713439595,0.0036549892076735107,0.01217912142687919
4908,5361.916637019,0.006064668225568813,0.0037080656399414574,0.012129336451137626
4909,5362.990405327,0.005958143416091551,0.0039008917707267,0.011916286832183102
4910,5363.717280477,0.005874854864159416,0.0040246901000098026,0.011749709728318831
4911,5365.296267419,0.005665053707355556,0.004271794049494745,0.011330107414711112
4912,5365.742257681,0.0055991338160435375,0.004335595652947534,0.011198267632087075
4913,5367.380123854,0.005334672980641762,0.004544611540899955,0.010669345961283523
4914,5367.905543115,0.005243103909920497,0.004602683570808332,0.010486207819840995
4915,5368.813641601,0.005078159288283816,0.004692100811675835,0.010156318576567631
4916,5369.807596453,0.004889156657909492,0.004773420761139598,0.009778313315818984
4917,5370.713539813,0.004710538308724367,0.004831894744191372,0.009421076617448733
4918,5371.538329751,0.004543774908369181,0.004871786348199706,0.009087549816738361
4919,5372.680867258,0.004308143878972132,0.004905594320853199,0.008616287757944263
4920,5373.219972947,0.0041957757824779805,0.004912794226821238,0.008391551564955961
4921,5374.114835212,0.004008570825444552,0.004912290688987206,0.008017141650889103
4922,5374.869738245,0.003850799100443604,0.0048997876164710175,0.007701598200887208
4923,5376.722663659,0.003469174104775125,0.004822775298081341,0.00693834820955025
4924,5377.719730869,0.003270111542433853,0.004754737622257387,0.006540223084867706
4925,5378.20703813,0.0031751054789094218,0.004714932722388527,0.0063502109578188436
4926,5378.76871372,0.0030677892073472557,0.004663855783619795,0.006135578414694511
4927,5380.103731883,0.0028236993047814018,0.004520942159466881,0.0056473986095628035
4928,5380.877056511,0.002690467461042542,0.004424982705911053,0.005380934922085084
4929,5381.348150697,0.0026125972920076823,0.004362050419885017,0.0052251945840153646
4930,5382.809993371,0.002388496525778836,0.0041466781613132605,0.004776993051557672
4931,5383.528600989,0.002288893496628257,0.004030541088855742,0.004577786993256514
4932,5384.819764524,0.002129037447372751,0.0038069191180130266,0.004258074894745502
4933,5385.689781134,0.002036003820069789,0.0036467231462246424,0.004072007640139578
4934,5386.311049248,0.001977147089621635,0.003528298248403932,0.00395429417924327
4935,5387.705534129,0.0018688933770704935,0.0032524103698851137,0.003737786754140987
4936,5388.449137495,0.0018250234477119422,0.0031007938933110333,0.0036500468954238845
4937,5389.608146494,0.001776275458166595,0.002860260203057267,0.00355255091633319
4938,5389.909513561,0.0017675488822442857,0.0027971472235716415,0.0035350977644885715
4939,5390.992260085,0.0017496804908775038,0.002569532671063383,0.0034993609817550076
4940,5391.505965625,0.0017485649304808577,0.002461506676331316,0.0034971298609617154
4941,5392.981959683,0.0017714196260907426,0.002153506650391859,0.003542839252181485
4942,5394.083717253,0.0018131437961556056,0.0019282923806993265,0.003626287592311211
4943,5395.116663428,0.0018707136165144235,0.0017228834342653005,0.003741427233028847
4944,5396.115859472,0.0019426551845169162,0.0015310660555045187,0.0038853103690338325
4945,5397.003429726,0.0020192822111129074,0.0013675113789760975,0.004038564422225815
4946,5397.261960158,0.0020437533070219133,0.0013212234752944304,0.0040875066140438265
4947,5398.277621995,0.002148801441042434,0.0011458741863957676,0.004297602882084868
4948,5399.71250464,0.002319605969569853,0.0009176551241933944,0.004639211939139706
4949,5400.418887868,0.0024123457719034003,0.000814541910682853,0.004824691543806801
4950,5401.194496185,0.0025200102952574357,0.0007088667480057942,0.0050400205905148715
4951,5401.947143075,0.002629728289531259,0.0006142153539892126,0.005259456579062518
4952,5403.389590115,0.0028521383106963204,0.0004556113506200903,0.005704276621392641
4953,5404.287687737,0.002997031469788383,0.00037257115319988955,0.005994062939576766
4954,5405.354453323,0.003173683362340261,0.0002900433482700378,0.006347366724680522
4955,5406.184132744,0.003313329745325506,0.00023809939897233905,0.006626659490651012
4956,5407.075537997,0.0034644319289414824,0.0001942700568007933,0.006928863857882965
4957,5407.735014382,0.003576288091495833,0.0001697988954520762,0.007152576182991666
4958,5408.588715766,0.0037203614112253343,0.00014806152917779097,0.007440722822450669
4959,5409.577739475,0.0038850755866462264,0.00013664754016854888,0.007770151173292453
4960,5410.101872019,0.003970937580276899,0.00013644918704358726,0.007941875160553799
4961,5412.119660739,0.004287884897224513,0.000171670620907888,0.008575769794449026
4962,5412.756931862,0.004382269168917527,0.00019398415596571622,0.008764538337835054
4963,5413.448942336,0.004480991809639192,0.00022384173300999747,0.008961983619278384
4964,5414.391884655,0.004608504618449571,0.0002733604121630372,0.009217009236899143
4965,5415.225062961,0.004713778160246001,0.00032491853301815906,0.009427556320492003
4966,5416.511814309,0.0048613524744688,0.00041724580281433054,0.0097227049489376
4967,5417.190777294,0.004931336762647291,0.00047137019247524655,0.009862673525294583
4968,5417.730775966,0.004982900964714248,0.0005167083316706139,0.009965801929428496
4969,5419.145769366,0.005100053861439419,0.000643399589977266,0.010200107722878838
4970,5419.647914017,0.00513517931582834,0.0006905213976428,0.01027035863165668
4971,5420.595118618,0.005191996726269953,0.000781497370802183,0.010383993452539906
4972,5422.107201544,0.005256756424201529,0.0009295414476120026,0.010513512848403059
4973,5423.36428503,0.005286235640557671,0.001051879762695514,0.010572471281115343
4974,5423.582839997,0.00528912355793724,0.0010728297183698935,0.01057824711587448
4975,5424.990137502,0.005292170905139874,0.001203762657259181,0.010584341810279748
4976,5425.205579332,0.005290306360402134,0.00122303795870533,0.010580612720804268
4977,5426.077473621,0.005276644380715182,0.001298371981553087,0.010553288761430364
4978,5427.327787267,0.005240617546134314,0.0013974328857085149,0.010481235092268629
4979,5428.200793508,0.005204699501076826,0.0014590535458200288,0.010409399002153652
4980,5429.307069477,0.0051475527365762,0.0015266916767057513,0.0102951054731524
4981,5430.093232395,0.0050997584652285105,0.0015668315514542734,0.010199516930457021
4982,5431.518550462,0.004999935354786683,0.0016209041563190099,0.009999870709573366
4983,5432.081300563,0.004956510398944055,0.0016351085786619293,0.00991302079788811
4984,5432.867061874,0.004892747240122265,0.0016477508340322926,0.00978549448024453
4985,5433.939314658,0.004801019876899473,0.0016508908059301177,0.009602039753798947
4986,5435.224510669,0.004686318262458052,0.0016322397714991202,0.009372636524916104
4987,5435.614214161,0.004650983762139901,0.0016216155940233167,0.009301967524279801
4988,5436.658400672,0.004556136250788043,0.001581533643075774,0.009112272501576086
4989,5436.82064493,0.004541462428997075,0.001573776598552155,0.00908292485799415
4990,5438.486077903,0.004394249964956462,0.001470263922204627,0.008788499929912924
4991,5439.874947382,0.004280048979120035,0.0013508815203270037,0.00856009795824007
4992,5440.645160132,0.004221841496451323,0.001271997848765563,0.008443682992902646
4993,5441.565050361,0.004158419849072955,0.0011662969004947637,0.00831683969814591
4994,5442.197196541,0.0041192923893358,0.0010866409019974748,0.0082385847786716
4995,5443.283539712,0.004061805833553712,0.0009370056200341049,0.008123611667107424
4996,5443.795137321,0.004039460790730629,0.0008612171089307087,0.008078921581461259
4997,5444.96695957,0.004000992193226059,0.0006756832717891388,0.008001984386452119
4998,5445.9250271,0.003983902855831342,0.0005126463329290529,0.007967805711662683
4999,5446.765247873,0.003980491246816949,0.0003621831992954555,0.007960982493633898
5000,5447.861998301,0.003993483126064614,0.00015665492618447045,0.007986966252129229
5001,5448.908413286,0.004025428638837526,-4.74405212369491e-05,0.008050857277675051
5002,5449.427630168,0.004048689666832803,-0.0001510489933521282,0.008097379333665606
5003,5451.30940766,0.004176078876832006,-0.0005352636901372856,0.008352157753664012
5004,5451.666775613,0.004208117470502286,-0.0006091390916863263,0.008416234941004573
5005,5452.330950202,0.004274461800267748,-0.0007466266733888057,0.008548923600535496
5006,5453.276425897,0.004384303218473031,-0.0009418616667704184,0.008768606436946063
5007,5454.232766091,0.004513938882621502,-0.001137330445916639,0.009027877765243005
5008,5454.948555511,0.0046231767043630615,-0.0012813400154892455,0.009246353408726123
5009,5455.867963983,0.004778744846157773,-0.0014622261656759635,0.009557489692315546
5010,5457.25433583,0.005045286488098369,-0.0017233033236348828,0.010090572976196739
5011,5458.715645087,0.005366568103256734,-0.001978521527556321,0.010733136206513469
5012,5459.062182609,0.005448609217202299,-0.0020354438982157904,0.010897218434404598
5013,5459.714513943,0.005608913305432953,-0.0021383901198590255,0.011217826610865907
5014,5460.815544165,0.005896217248038858,-0.0022985629012168855,0.011792434496077716
5015,5461.682968831,0.006136567153886366,-0.00241154493615528,0.012273134307772732
5016,5462.74500055,0.006446396095761878,-0.002532462314366898,0.012892792191523755
5017,5463.764554543,0.00675854139048902,-0.002629049656624921,0.01351708278097804
5018,5464.243875228,0.006909822656527604,-0.002667461391588622,0.013819645313055209
5019,5465.08324151,0.007181053217686265,-0.00272343548237333,0.01436210643537253
5020,5466.418306246,0.007626898507534971,-0.0027814951203376883,0.015253797015069941
5021,5467.790444991,0.008099763662770208,-0.0027995463589397633,0.016199527325540416
5022,5468.244535553,0.008258722167911356,-0.0027959010179306226,0.016517444335822713
5023,5469.480888388,0.008695720520368213,-0.002761125716222168,0.017391441040736425
5024,5470.22006867,0.008958776004556147,-0.0027227304756308355,0.017917552009112294
5025,5471.082873142,0.009266228007652517,-0.0026610775893913655,0.018532456015305034
5026,5471.76086692,0.009507338013174781,-0.002599861994434437,0.019014676026349563
5027,5472.264037693,0.009685596003160372,-0.0025471691749536104,0.019371192006320745
5028,5473.925204186,0.010266586342910543,-0.002329579544506622,0.020533172685821086
5029,5474.871452902,0.010589861038641424,-0.0021761321579293925,0.02117972207728285
5030,5475.749436824,0.010883032278756614,-0.0020150831794369353,0.021766064557513228
5031,5476.748893801,0.011207163353119413,-0.0018105004621846372,0.022414326706238826
5032,5477.671940619,0.011495932885906628,-0.0016021713383473659,0.022991865771813256
5033,5478.463436459,0.011734388835958549,-0.0014093206855551514,0.023468777671917098
5034,5479.39681476,0.012003550949997688,-0.0011658461847386598,0.024007101899995376
5035,5480.654805801,0.012343588941319173,-0.0008119516672102571,0.024687177882638345
5036,5480.956733202,0.012421032890553678,-0.000722886323144392,0.024842065781107356
5037,5481.993734078,0.01267393247792861,-0.00040570737201744804,0.02534786495585722
5038,5483.06685169,0.012913191493177094,-6.054117509975291e-05,0.025826382986354188
5039,5483.473148968,0.012997540312631605,7.422192820361813e-05,0.02599508062526321
5040,5485.379530335,0.013345226179161796,0.0007320888702640349,0.026690452358323593
5041,5486.250958079,0.013476772155896486,0.0010444816619372167,0.026953544311792973
5042,5487.158642326,0.013594931778230037,0.0013757882447710866,0.027189863556460074
5043,5487.814448203,0.013668157473842795,0.0016181118318933166,0.02733631494768559
5044,5488.239469785,0.01371012956398707,0.0017761858124593975,0.02742025912797414
5045,5489.53988631,0.013811632488973288,0.002263105810422496,0.027623264977946576
5046,5490.606477202,0.013864607898213576,0.002663853699398527,0.02772921579642715
5047,5491.198488462,0.013882311387106818,0.0028858845641948445,0.027764622774213637
5048,5492.137050601,0.013893460397554798,0.0032361055185190176,0.027786920795109596
5049,5493.792469128,0.013863692813219511,0.003844238361190218,0.027727385626439022
5050,5494.038480583,0.013854025644950852,0.003933167664298865,0.027708051289901704
5051,5495.280875462,0.013785249783754063,0.004374876465707476,0.027570499567508126
5052,5496.089727275,0.013723169041645032,0.004654760853949425,0.027446338083290063
5053,5497.373490397,0.013598214035141174,0.005084199606652752,0.027196428070282348
5054,5498.174123945,0.013504836747488496,0.005341680393896792,0.02700967349497699
5055,5498.633565305,0.013446213071487616,0.005485517019595041,0.026892426142975233
5056,5499.612797509,0.013309736911286047,0.005781903837258442,0.026619473822572095
5057,5500.353983645,0.01319668362984053,0.005996505430005085,0.02639336725968106
5058,5501.331224223,0.013035941124645574,0.006265870549700242,0.026071882249291148
5059,5503.211694479,0.012694466177191839,0.006738040860588097,0.025388932354383678
5060,5503.522536239,0.012634546841859974,0.00680999462733167,0.025269093683719948
5061,5504.579491041,0.012424778795115544,0.0070413210355216235,0.024849557590231088
5062,5505.571935829,0.012220738331912014,0.007239495176174125,0.024441476663824027
5063,5506.330011486,0.012061358201578838,0.007378323065587414,0.024122716403157676
5064,5506.908179898,0.011938277385868851,0.007476879715002394,0.023876554771737703
5065,5508.017009501,0.011699866706375347,0.007648217419237555,0.023399733412750694
5066,5509.291230677,0.01142463321455058,0.007816753523709091,0.02284926642910116
5067,5509.945930302,0.011283765478364629,0.00789178958650149,0.022567530956729257
5068,5510.544264814,0.011155865097054306,0.007953664006121982,0.022311730194108613
5069,5511.757773878,0.010900340079182485,0.008060084885620869,0.02180068015836497
5070,5513.109958055,0.010624445790254393,0.00815000278213098,0.021248891580508786
5071,5514.001848704,0.010449164469944315,0.008193826666819053,0.02089832893988863
5072,5514.844462098,0.01028941588525502,0.008224704753564474,0.02057883177051004
5073,5515.501482956,0.010169253700370145,0.008242135984828558,0.02033850740074029
5074,5516.629656666,0.009972847732536743,0.00825956857279414,0.019945695465073486
5075,5517.161633411,0.009884910976039883,0.008262751335522634,0.019769821952079766
5076,5517.948299556,0.009760722087738026,0.00826211640249048,0.019521444175476053
5077,5519.095837607,0.009592727002689977,0.008251055035472977,0.019185454005379955
5078,5520.215397939,0.009444628091981436,0.008230565271233671,0.018889256183962873
5079,5521.614204753,0.009282397870290069,0.008194744534779658,0.018564795740580137
5080,5522.249630993,0.00921723594682848,0.008175760492218279,0.01843447189365696
5081,5522.970046465,0.009149847315399121,0.008152875730648984,0.018299694630798242
5082,5523.60135098,0.009096451468701505,0.008132063717334234,0.01819290293740301
5083,5525.23978235,0.008982191879659304,0.00807753828489477,0.01796438375931861
5084,5525.717122329,0.008955364171776703,0.008062196170462273,0.017910728343553405
5085,5526.662765224,0.00891051797623028,0.00803350891518849,0.01782103595246056
5086,5527.355332469,0.008884440912057227,0.00801448770034179,0.017768881824114454
5087,5528.166412502,0.008860837713271806,0.007995006967028035,0.017721675426543612
5088,5529.66093402,0.008835555753705877,0.007969141191544106,0.017671111507411755
5089,5530.203159249,0.008831741449491948,0.00796357645687938,0.017663482898983895
5090,5531.929612603,0.00883605176718123,0.007961940112216783,0.01767210353436246
5091,5532.461117365,0.008841780778394436,0.007966871570355371,0.017683561556788872
5092,5533.275825278,0.008853900266557625,0.00797984289686951,0.01770780053311525
5093,5533.953358477,0.008866616388688232,0.00799584711785192,0.017733232777376463
5094,5534.810789007,0.008885454254750243,0.008023184432442593,0.017770908509500485
5095,5535.656868325,0.00890626264151838,0.008058176540987168,0.01781252528303676
5096,5536.899525057,0.008939024799068402,0.008124415280705418,0.017878049598136804
5097,5537.790908369,0.00896278303800734,0.008182976105187744,0.01792556607601468
5098,5538.740727318,0.008987036204234897,0.00825555636817851,0.017974072408469793
5099,5539.814585079,0.009011614809704884,0.0083501285867985,0.018023229619409768
5100,5540.694583143,0.009028323990689665,0.00843730188080475,0.01805664798137933
5101,5541.576351544,0.009040944105192643,0.008533087779525775,0.018081888210385286
5102,5542.764646058,0.009049798243790501,0.008674856536417874,0.018099596487581002
5103,5543.113256672,0.009050340447844378,0.00871906488877151,0.018100680895688757
5104,5544.515208609,0.00904163404873648,0.008907878067781838,0.01808326809747296
5105,5545.192999163,0.009030516534200138,0.009004973728439341,0.018061033068400276
5106,5545.667895222,0.009019792626845883,0.00907502737784798,0.018039585253691766
5107,5546.535304578,0.008993575088987427,0.009206855010003703,0.017987150177974854
5108,5548.523919662,0.008898364780053531,0.009524191942809276,0.017796729560107062
5109,5549.358839816,0.008842736386454757,0.009661823050438056,0.017685472772909515
5110,5549.834823141,0.008806670330965697,0.00974097821123944,0.017613340661931393
5111,5550.807899779,0.008722855362855076,0.009903589507479629,0.01744571072571015
5112,5551.92991175,0.008609063124099123,0.010090911624692006,0.017218126248198247
5113,5552.207947117,0.008577990193537924,0.01013706788920364,0.01715598038707585
5114,5553.659789786,0.00839708318786107,0.010374558814099684,0.01679416637572214
5115,5554.238599944,0.008316254076564972,0.010466888901194281,0.016632508153129943
5116,5555.402430795,0.008138903285355433,0.010646811861589887,0.016277806570710866
5117,5556.199245744,0.008006284070019931,0.010764569626383452,0.016012568140039863
5118,5557.363922456,0.007796638411503707,0.010926965046041168,0.015593276823007414
5119,5558.202004498,0.0076346647136459386,0.011035529309767695,0.015269329427291877
5120,5559.248178603,0.007420189832034361,0.011159899906451623,0.014840379664068723
5121,5560.367211777,0.007176791061950056,0.011277610708529557,0.014353582123900113
5122,5561.310135214,0.006961528814819553,0.011363244240929993,0.013923057629639106
5123,5561.791548798,0.006848376748363489,0.011401847501960043,0.013696753496726978
5124,5562.261884446,0.006735884002460575,0.011436068851054386,0.01347176800492115
5125,5563.637870901,0.006397065510257955,0.011515385546965311,0.01279413102051591
5126,5564.430162551,0.00619647385887991,0.011546320177900532,0.01239294771775982
5127,5565.566217327,0.005903644947552398,0.01157096510887465,0.011807289895104796
5128,5566.912177257,0.005551672984807794,0.011569014055027384,0.011103345969615588
5129,5567.644318652,0.005359267100991072,0.011553400709615497,0.010718534201982145
5130,5568.798580122,0.005056566537701831,0.011507632433837874,0.010113133075403662
5131,5568.91293377,0.005026703917021408,0.011501681754058687,0.010053407834042816
5132,5570.006356173,0.004743220470565995,0.011431878575747095,0.00948644094113199
5133,5571.437867776,0.004380493366316333,0.011305387792704586,0.008760986732632666
5134,5572.17558121,0.004198806958888599,0.011224897792567141,0.008397613917777198
5135,5572.586024228,0.004099614728955171,0.011175694228057228,0.008199229457910342
5136,5573.899529404,0.0037928455358103345,0.010997526867996281,0.007585691071620669
5137,5574.441283883,0.0036716814616156125,0.010915116598919455,0.007343362923231225
5138,5576.064762433,0.003330592039885258,0.01063867092163985,0.006661184079770516
5139,5577.183679281,0.003117245763789235,0.010424111902045232,0.00623449152757847
5140,5577.672276828,0.003030247805110076,0.010324755861574728,0.006060495610220152
5141,5578.644644374,0.0028690610213033966,0.010117566907137398,0.005738122042606793
5142,5579.495916493,0.002741731273953847,0.009926677463047552,0.005483462547907694
5143,5580.333270376,0.0026297356964677734,0.009731182134313562,0.005259471392935547
5144,5581.025573784,0.002547486626163713,0.009564423216941774,0.005094973252327426
5145,5581.822277194,0.0024648332810724228,0.009367527162739978,0.0049296665621448455
5146,5583.389191418,0.0023411393952615725,0.008967948146012221,0.004682278790523145
5147,5584.323740892,0.0022926530936259264,0.008724138136424869,0.004585306187251853
5148,5585.244570956,0.002263767234009002,0.00848168887441719,0.004527534468018004
5149,5585.708717008,0.0022563780664527247,0.008359113897288524,0.004512756132905449
5150,5587.160081275,0.002264412255379114,0.007976730657054499,0.004528824510758228
5151,5587.886525282,0.00228611576566183,0.007787179291958302,0.00457223153132366
5152,5588.751061185,0.0023271751151675408,0.00756452050376455,0.0046543502303350815
5153,5589.691727171,0.002390384412893887,0.007327211408798961,0.004780768825787774
5154,5590.385173138,0.002449109092915872,0.007156451000460764,0.004898218185831744
5155,5591.400963624,0.0025532113675451836,0.006914104532741773,0.005106422735090367
5156,5591.925240793,0.0026151140780450366,0.006793174643143123,0.005230228156090073
5157,5593.555617029,0.0028414434278587726,0.006438304964799866,0.005682886855717545
5158,5594.574594283,0.0030073415112205847,0.006235075319106196,0.006014683022441169
5159,5595.711374712,0.0032126959894548585,0.006027493338065849,0.006425391978909717
5160,5596.227736683,0.0033125149633712343,0.00594038770665732,0.0066250299267424685
5161,5596.856616829,0.003439200091566345,0.005840707021666322,0.00687840018313269
5162,5597.841768955,0.0036480665423432594,0.005699344050480513,0.007296133084686519
5163,5598.606006813,0.003817986311221206,0.0056026672169736565,0.007635972622442412
5164,5600.16215031,0.00418187693004616,0.0054426649655092765,0.00836375386009232
5165,5600.549747048,0.004275641751697218,0.005410755975270249,0.008551283503394435
5166,5601.300750967,0.00446016635989557,0.005358179256219889,0.00892033271979114
5167,5603.081362652,0.004908546419671896,0.005283209822597656,0.009817092839343792
5168,5603.564840051,0.005031883876735771,0.005275072348849523,0.010063767753471542
5169,5604.347254349,0.005231955238636209,0.00527301640044398,0.010463910477272418
5170,5605.644654187,0.005562789081873812,0.005299798767764789,0.011125578163747624
5171,5606.542579546,0.005789217484783927,0.005340174081419429,0.011578434969567853
5172,5607.273178719,0.005970828593322148,0.005385987722681678,0.011941657186644297
5173,5608.005403502,0.006149708197948219,0.00544334891210632,0.012299416395896438
5174,5608.695582164,0.006314810460887598,0.005507676143917704,0.012629620921775195
5175,5609.563895925,0.00651679357719515,0.005602349831853589,0.0130335871543903
5176,5611.146743754,0.006865178914709059,0.005812467383785443,0.013730357829418118
5177,5612.157114644,0.007071821593729733,0.005970328262103128,0.014143643187459465
5178,5613.121400282,0.007255970055113913,0.0061368706077091495,0.014511940110227826
5179,5613.727896997,0.007364712888947241,0.006249016134528376,0.014729425777894482
5180,5614.492287917,0.00749348543794619,0.006397910164505636,0.01498697087589238
5181,5615.741026438,0.0076827975759831465,0.006657600527437251,0.015365595151966293
5182,5616.254524797,0.007752695734465055,0.006769705656641598,0.01550539146893011
5183,5617.320271438,0.007882318184917364,0.007010951524803627,0.015764636369834727
5184,5618.289089574,0.00798148466223546,0.007238864662740184,0.01596296932447092
5185,5619.268082017,0.008063113250461237,0.007475816504715657,0.016126226500922474
5186,5619.90239452,0.008105858437731615,0.007632121606677201,0.01621171687546323
5187,5621.023391661,0.008161681139484416,0.007912075208369205,0.01632336227896883
5188,5622.488604142,0.008196541175591135,0.008281472914841994,0.01639308235118227
5189,5623.413625843,0.008196457742369682,0.00851438466280216,0.016392915484739364
5190,5623.777120107,0.008191803039759294,0.008605464653146442,0.016383606079518588
5191,5624.755579135,0.008166524088908425,0.008848527577165614,0.01633304817781685
5192,5625.592184743,0.008130463955468688,0.009052980618818573,0.016260927910937376
5193,5626.502242712,0.00807659070799356,0.009270668225096626,0.01615318141598712
5194,5627.213187208,0.008024255249881087,0.00943656337493724,0.016048510499762175
5195,5628.348462444,0.00792291740472717,0.009692457271804998,0.01584583480945434
5196,5629.890648798,0.007752700749137094,0.010019064701071098,0.015505401498274188
5197,5630.38050223,0.007691396592347689,0.010117069638557338,0.015382793184695378
5198,5631.52028804,0.007536505669439651,0.010333271392635332,0.015073011338879302
5199,5632.197465154,0.007437015277917115,0.01045339865844656,0.01487403055583423
5200,5632.847100006,0.00733684911244617,0.010562482599346406,0.01467369822489234
5201,5634.370016212,0.007086269388159894,0.010793348950467015,0.014172538776319788
5202,5635.016250808,0.00697428329243824,0.01088035973333568,0.01394856658487648
5203,5635.929470275,0.006811454152994603,0.01099182209230645,0.013622908305989206
5204,5636.236694481,0.006755659751086735,0.01102625052126477,0.01351131950217347
5205,5637.490237063,0.006524029088309463,0.011150512268717216,0.013048058176618926
5206,5638.788714458,0.006279955450302796,0.01125161901347131,0.012559910900605592
5207,5640.134252592,0.006026366103049813,0.011326917877016424,0.012052732206099625
5208,5640.385710966,0.005979210717566546,0.011337708839853267,0.011958421435133091
5209,5641.872250768,0.005704040493273238,0.01138092681050617,0.011408080986546476
5210,5642.463399098,0.005597046344201302,0.011388588922764344,0.011194092688402603
5211,5643.093319441,0.005485066377259085,0.01139101246118143,0.01097013275451817
5212,5643.663127488,0.005385864437049415,0.01138825654655807,0.01077172887409883
5213,5645.328117415,0.005109737874788047,0.01135481226151219,0.010219475749576094
5214,5645.769016095,0.005040563305334638,0.011340020976140777,0.010081126610669277
5215,5647.161576573,0.004834618637227478,0.011278593649400674,0.009669237274454956
5216,5647.857206977,0.004739497260233285,0.011240267372112455,0.00947899452046657
5217,5648.974462995,0.00459850600085018,0.011169429646698578,0.00919701200170036
5218,5649.800756925,0.004504113867315193,0.011110631681670905,0.009008227734630387
5219,5650.839075233,0.004398022529824039,0.011030372159893533,0.008796045059648079
5220,5651.883418463,0.004305895523062138,0.010944019882817367,0.008611791046124277
5221,5652.345479579,0.004269907122124357,0.010904451835008128,0.008539814244248715
5222,5653.407356205,0.00419845192015078,0.010811396369041838,0.00839690384030156
5223,5654.192151375,0.004155771807157983,0.010741566649940039,0.008311543614315966
5224,5655.000372764,0.004120804208609875,0.010669577638307422,0.00824160841721975
5225,5655.819252624,0.0040945926363761985,0.010597366953123223,0.008189185272752397
5226,5657.866738716,0.004068500746477275,0.010425304809572227,0.00813700149295455
5227,5658.41124746,0.004070667714720399,0.010382730670691362,0.008141335429440798
5228,5658.921215889,0.00407599660249432,0.010344450631514264,0.00815199320498864
5229,5659.894412873,0.004094656911279734,0.010276308374091212,0.008189313822559469
5230,5660.630422803,0.004115780413910104,0.010229628929787061,0.008231560827820209
5231,5661.929696761,0.0041665586632528675,0.010158967134096492,0.008333117326505735
5232,5662.457451148,0.004191674156769678,0.01013498596666532,0.008383348313539356
5233,5663.557248249,0.004251356971100055,0.010094618964597646,0.00850271394220011
5234,5664.336708256,0.0042989491345390325,0.010074374663850704,0.008597898269078065
5235,5665.460459802,0.0043739094960288044,0.010058196803899879,0.008747818992057609
5236,5666.472615778,0.004446412472473052,0.01005741295636925,0.008892824944946105
5237,5667.316170463,0.00450935126901274,0.010067112917519681,0.00901870253802548
5238,5668.525315609,0.004601706353492431,0.010097843102576451,0.009203412706984862
5239,5669.4727679,0.004674319403113691,0.010135953234653756,0.009348638806227383
5240,5669.978563814,0.0047126848740640555,0.01016135982871591,0.009425369748128111
5241,5671.149659068,0.004799165213897845,0.010233620679838115,0.00959833042779569
5242,5671.479959153,0.004822716860030147,0.010257358974628216,0.009645433720060295
5243,5672.290954891,0.004878453102807994,0.010321797619846454,0.009756906205615989
5244,5673.937158396,0.004979760886216513,0.010478619923176941,0.009959521772433026
5245,5674.814995126,0.005025597079547574,0.0105757671964368,0.010051194159095148
5246,5675.70752874,0.0050651755758591415,0.010683518783423974,0.010130351151718283
5247,5676.972536523,0.0051074399388799175,0.010850513414026253,0.010214879877759835
5248,5677.385026083,0.0051173736047618575,0.010908290239163931,0.010234747209523715
5249,5678.347908882,0.005132578513320616,0.011048881350737175,0.010265157026641231
5250,5679.113903985,0.005136232955671295,0.011165884843963803,0.01027246591134259
5251,5680.339045053,0.0051254849755447375,0.011361003800437811,0.010250969951089475
5252,5681.241565137,0.005103814042356307,0.011509774651631369,0.010207628084712614
5253,5682.099169925,0.00507194380785157,0.011654032868784775,0.01014388761570314
5254,5682.288150146,0.005063410452602595,0.011686105813660662,0.01012682090520519
5255,5683.970509043,0.004962858115153157,0.011973989721272673,0.009925716230306313
5256,5685.123793485,0.0048680033445097064,0.01217123863134692,0.009736006689019413
5257,5686.093541224,0.0047718163307178115,0.012334983557698726,0.009543632661435623
5258,5687.024519731,0.004665445444090391,0.012488943955999381,0.009330890888180782
5259,5687.481856548,0.004608216390459589,0.012563021933991905,0.009216432780919178
5260,5688.36384447,0.004488753173231555,0.012702297742814566,0.00897750634646311
5261,5689.508631787,0.004316299183091158,0.012874564642981156,0.008632598366182315
5262,5689.952695062,0.004244288181967639,0.012938366554949137,0.008488576363935277
5263,5691.140945771,0.004038187698823359,0.013099496189191035,0.008076375397646718
5264,5692.205217959,0.003837947851812329,0.013230476793418202,0.007675895703624658
5265,5693.589608697,0.0035574080597496373,0.013379353000357124,0.0071148161194992746
5266,5694.311966528,0.0034029263117579386,0.013446432086412705,0.006805852623515877
5267,5694.609217468,0.003337893431564012,0.013471791444979422,0.006675786863128024
5268,5696.031917371,0.0030161443527818095,0.013574078623731138,0.006032288705563619
5269,5697.172049668,0.0027477448137912994,0.013632056506865753,0.005495489627582599
5270,5697.902079625,0.0025720722801375632,0.013657413480453549,0.0051441445602751264
5271,5698.374747827,0.0024570874993887094,0.013668796732436945,0.004914174998777419
5272,5699.372993197,0.002211901205275506,0.013679572083967174,0.004423802410551012
5273,5700.481014346,0.0019376736175206965,0.013670086981377172,0.003875347235041393
5274,5700.983872396,0.0018130872432393867,0.013658253999150598,0.0036261744864787733
5275,5702.732811445,0.0013828697129434882,0.013580346971957579,0.0027657394258869764
5276,5703.616227812,0.0011694530172332057,0.013519416255251816,0.0023389060344664115
5277,5704.50584061,0.0009587445072887886,0.013443664169739345,0.0019174890145775773
5278,5705.177927108,0.0008030680687004043,0.013377039618759218,0.0016061361374008086
5279,5706.077414327,0.0006003915122026657,0.013275542779548274,0.0012007830244053315
5280,5706.596075746,0.0004868843268177558,0.013210774463090472,0.0009737686536355116
5281,5707.768652251,0.00024064880100524297,0.01304819448281312,0.00048129760201048595
5282,5709.039424444,-7.707200971081225e-06,0.012848135548937016,-1.541440194216245e-05
5283,5709.520369132,-9.610990054474129e-05,0.012766375400961623,-0.00019221980108948257
5284,5710.601740935,-0.00028263184631617224,0.012571361208888165,-0.0005652636926323445
5285,5711.559224969,-0.0004326598426700671,0.012386825855760406,-0.0008653196853401342
5286,5712.815871228,-0.0006063640437867258,0.012129853200816793,-0.0012127280875734517
5287,5713.793844101,-0.0007222390412837828,0.011919997615547745,-0.0014444780825675655
5288,5714.099754696,-0.0007548795002382375,0.011852842288767543,-0.001509759000476475
5289,5715.633644359,-0.000891759611203512,0.01150742682727251,-0.001783519222407024
5290,5716.333560486,-0.0009390285192468976,0.01134612339785935,-0.0018780570384937952
5291,5716.750279152,-0.0009625659486216974,0.011249343777976246,-0.0019251318972433949
5292,5717.771496603,-0.0010055733944244571,0.011010755239228792,-0.0020111467888489143
5293,5718.472339581,-0.0010229637094853862,0.010846616205763458,-0.0020459274189707725
5294,5720.363389999,-0.0010206901159371432,0.01040738302504691,-0.0020413802318742865
5295,5721.050534732,-0.0010022676588235162,0.01025082669903238,-0.0020045353176470324
5296,5721.964323486,-0.000963547590451183,0.01004664539956457,-0.001927095180902366
5297,5722.591357948,-0.0009277757621146314,0.009909805064477292,-0.0018555515242292629
5298,5723.779045994,-0.0008401392031499031,0.009659541329472466,-0.0016802784062998062
5299,5724.163357935,-0.0008063824016910909,0.009581424061852114,-0.0016127648033821818
5300,5725.671140913,-0.0006497891044256792,0.00929073958552581,-0.0012995782088513583
5301,5726.233386879,-0.0005820393723595922,0.009189490019597507,-0.0011640787447191844
5302,5726.988743536,-0.0004835581786451809,0.009060228393822305,-0.0009671163572903618
5303,5728.120700254,-0.0003210703664623845,0.008882158828051335,-0.000642140732924769
5304,5729.152376853,-0.00015889216955280463,0.008737484699165637,-0.00031778433910560925
5305,5729.883193187,-3.679223593275104e-05,0.008645827625430848,-7.358447186550208e-05
5306,5731.347862115,0.0002232240840626478,0.008490734745413144,0.0004464481681252956
5307,5732.341189147,0.00040905354007112854,0.0084082472486282,0.0008181070801422571
5308,5732.88209318,0.0005127627029142089,0.008371296862497116,0.0010255254058284178
5309,5733.59996791,0.0006525509298018437,0.00833108984708515,0.0013051018596036874
5310,5734.289092687,0.0007884857824007148,0.008302078769840402,0.0015769715648014295
5311,5735.448992419,0.0010194951484274657,0.008274650537699282,0.0020389902968549313
5312,5736.325416947,0.0011944208701605574,0.008271795092696316,0.002388841740321115
5313,5737.255261081,0.001378860829254201,0.008285517946302664,0.002757721658508402
5314,5738.609819841,0.0016425154925424218,0.008335955875615877,0.0032850309850848435
5315,5739.569634432,0.0018236180643717767,0.00839304406215775,0.0036472361287435535
5316,5740.311894799,0.001959320575774609,0.008448960113495533,0.003918641151549218
5317,5740.865372181,0.002057593925048347,0.008497140339129884,0.004115187850096694
5318,5742.146698513,0.002273942815796335,0.0086290808362316,0.00454788563159267
5319,5743.006062922,0.002409063705899943,0.008732731096865181,0.004818127411799886
5320,5743.891993556,0.0025388613212071957,0.008851475224356363,0.0050777226424143914
5321,5744.857530427,0.002668274298763488,0.008993652254813697,0.005336548597526976
5322,5745.316395043,0.0027250640659149733,0.009065557915278147,0.0054501281318299465
5323,5746.105037294,0.0028151651641630713,0.009195164266014707,0.0056303303283261425
5324,5747.944351267,0.0029859856832476026,0.00952333556428971,0.005971971366495205
5325,5748.737621329,0.003041659091886578,0.009674195348413498,0.006083318183773156
5326,5749.840045598,0.0031001324999654096,0.009891043103440505,0.006200264999930819
5327,5750.072418941,0.003109595181161038,0.009937632416181723,0.006219190362322076
5328,5751.510678658,0.0031455617280740987,0.010230900380828384,0.006291123456148197
5329,5752.022580454,0.0031488811502808213,0.010336682356683315,0.006297762300561643
5330,5752.725353415,0.0031452800612960124,0.010482442001656309,0.006290560122592025
5331,5753.688438232,0.0031250205894552885,0.010682171661137885,0.006250041178910577
5332,5755.267001496,0.003053852950181802,0.011005697905639244,0.006107705900363604
5333,5755.666768504,0.0030284686256126154,0.011086203690768057,0.006056937251225231
5334,5756.764768472,0.0029438392024903363,0.011302935634116374,0.005887678404980673
5335,5757.942007977,0.0028295777901306586,0.011526227343178918,0.005659155580261317
5336,5758.475340727,0.002770121852430591,0.011623624005065846,0.005540243704861182
5337,5759.896683465,0.0025895529799824465,0.011869580676674261,0.005179105959964893
5338,5760.646107948,0.0024821473786893196,0.011990277762340379,0.004964294757378639
5339,5761.131645053,0.00240836419145706,0.01206481545041093,0.00481672838291412
5340,5762.45190674,0.0021923028760126827,0.012251734386475024,0.004384605752025365
5341,5762.733907454,0.002143434920707147,0.012288498051754993,0.004286869841414294
5342,5763.832280946,0.0019449218277741893,0.012420398128718908,0.0038898436555483786
5343,5764.963556718,0.0017284084744064628,0.012536543433716872,0.0034568169488129255
5344,5766.30538909,0.0014587656486584834,0.012646932524475612,0.0029175312973169667
5345,5767.382918923,0.0012346178027478347,0.012713211294107579,0.0024692356054956694
5346,5767.985095808,0.001107231998963307,0.012741369361979865,0.002214463997926614
5347,5768.708111306,0.0009529124120734547,0.012766667466561049,0.0019058248241469093
5348,5769.21737949,0.000843637329026564,0.012778885924626513,0.001687274658053128
5349,5770.681886992,0.0005289054227295294,0.012788215383205383,0.0010578108454590588
5350,5771.717742973,0.00030801104502156353,0.012771871035601307,0.0006160220900431271
5351,5772.110310913,0.00022511121903249023,0.012760782813734365,0.00045022243806498046
5352,5773.085986223,2.1869997777932634e-05,0.012721797209938223,4.373999555586527e-05
5353,5774.269143739,-0.00021755608605206092,0.012653254893868522,-0.00043511217210412184
5354,5775.404901666,-0.0004379768215941218,0.012566516075808174,-0.0008759536431882436
5355,5776.052509871,-0.0005587232712609657,0.012508339684610835,-0.0011174465425219315
5356,5777.400076384,-0.0007966303597170178,0.012368324793967439,-0.0015932607194340356
5357,5778.091121756,-0.0009108664381858364,0.012287260942621062,-0.0018217328763716729
5358,5779.005201101,-0.0010530736981742706,0.012171225303121742,-0.0021061473963485413
5359,5779.661555489,-0.0011485395723380034,0.01208220322610775,-0.002297079144676007
5360,5780.378597204,-0.0012461369133293092,0.01197999543024698,-0.0024922738266586184
5361,5781.253921951,-0.0013553753951347257,0.01184893226288063,-0.0027107507902694515
5362,5782.400466795,-0.0014812520693930607,0.011668308287227225,-0.0029625041387861214
5363,5784.048432518,-0.0016264666778893551,0.011395108725643434,-0.0032529333557787103
5364,5784.468467316,-0.0016565617225047008,0.011323625655687475,-0.0033131234450094016
5365,5785.212894536,-0.0017028979484478312,0.0111957222234059,-0.0034057958968956624
5366,5786.493575401,-0.0017615756277665733,0.0109737044253406,-0.0035231512555331467
5367,5787.1348788,-0.0017809778209939321,0.010862443928305342,-0.0035619556419878642
5368,5787.969440944,-0.0017963456706183427,0.010718446139510361,-0.0035926913412366855
5369,5788.985799825,-0.001800206463274991,0.010545477791659314,-0.003600412926549982
5370,5789.954351321,-0.00178909236073416,0.010384436386240339,-0.00357818472146832
5371,5790.692267029,-0.0017712518374280682,0.010265046907555746,-0.0035425036748561365
5372,5791.546976217,-0.001740847779591688,0.01013113357303221,-0.003481695559183376
5373,5792.289593635,-0.001706304700277108,0.010019199868331337,-0.003412609400554216
5374,5794.301907789,-0.0015777671008047713,0.009740594581468925,-0.0031555342016095426
5375,5794.668781596,-0.0015492975171679778,0.00969419937504668,-0.0030985950343359555
5376,5795.563939738,-0.0014740098198395505,0.009587311930726716,-0.002948019639679101
5377,5796.419040669,-0.0013950207503828557,0.009494042148629762,-0.0027900415007657115
5378,5797.217839236,-0.001315707833124514,0.009415158060168724,-0.002631415666249028
5379,5797.884282192,-0.0012459562048722946,0.009355698538420647,-0.002491912409744589
5380,5798.939664255,-0.0011298893011703868,0.009273800222162941,-0.0022597786023407737
5381,5800.041030273,-0.0010030256565015249,0.00920486028258891,-0.0020060513130030497
5382,5800.719277323,-0.0009228122865559272,0.009170985485981904,-0.0018456245731118543
5383,5802.371718407,-0.0007239725357919101,0.009116172789514728,-0.0014479450715838202
5384,5802.781136073,-0.0006745293874718929,0.00910867242017699,-0.0013490587749437858
5385,5803.871206258,-0.0005438068461029323,0.009100365717010537,-0.0010876136922058645
5386,5804.409409032,-0.0004801896393679048,0.009102438992676043,-0.0009603792787358096
5387,5805.820188754,-0.0003183099778765306,0.009126708104267961,-0.0006366199557530612
5388,5806.79866101,-0.00021174765458728211,0.009158953404939364,-0.00042349530917456423
5389,5807.373949622,-0.00015186102499712504,0.009183520378684331,-0.0003037220499942501
5390,5807.786383388,-0.00011035599682978638,0.009203588237904587,-0.00022071199365957276
5391,5808.950049547,-4.6856130658817664e-07,0.009270704766449655,-9.371226131763533e-07
5392,5810.033203191,9.103108449308527e-05,0.009346087563472985,0.00018206216898617055
5393,5811.356821179,0.00018679593704740957,0.009453115657216038,0.00037359187409481914
5394,5812.204788292,0.00023797614607700112,0.009529146423485962,0.00047595229215400224
5395,5813.345051567,0.00029332241859032223,0.009639012571062141,0.0005866448371806445
5396,5813.946414929,0.00031599845861155493,0.00969988263625464,0.0006319969172231099
5397,5814.499327316,0.0003327493956011271,0.009757299250001966,0.0006654987912022541
5398,5815.62471425,0.0003544211948983152,0.009877447386158835,0.0007088423897966304
5399,5816.295670203,0.00035927060660581405,0.009950497872307592,0.0007185412132116281
5400,5817.687141956,0.0003498522322492345,0.010103147521070168,0.000699704464498469
5401,5818.292158757,0.00033754445453194215,0.010169215658389756,0.0006750889090638843
5402,5819.263873661,0.00030744047792037474,0.01027382736296546,0.0006148809558407495
5403,5820.323072484,0.00026035463148833853,0.010384376388865649,0.0005207092629766771
5404,5821.199580318,0.00021044881543524755,0.01047193714773654,0.0004208976308704951
5405,5822.554932362,0.00011465986052837809,0.010598046413086277,0.00022931972105675618
5406,5823.160120589,6.496115140456039e-05,0.010649967900692319,0.00012992230280912078
5407,5824.034446196,-1.3907211686804588e-05,0.010719421583668757,-2.7814423373609176e-05
5408,5824.644070748,-7.355693793765094e-05,0.010763584131101487,-0.00014711387587530188
5409,5826.022417685,-0.0002212204399125303,0.010849057912422614,-0.0004424408798250606
5410,5826.437166474,-0.0002687993746399628,0.010870566910551082,-0.0005375987492799256
5411,5826.894313622,-0.0003227534569541519,0.010891874923576357,-0.0006455069139083038
5412,5828.890322957,-0.0005739206429088401,0.010953480567452979,-0.0011478412858176802
5413,5829.884397342,-0.0007061688670524565,0.010963870149518523,-0.001412337734104913
5414,5830.591034346,-0.0008020184898956904,0.010962628395950285,-0.0016040369797913807
5415,5831.348619827,-0.0009058025291438106,0.010953145653292322,-0.0018116050582876212
5416,5832.010437995,-0.0009968278609095089,0.01093785850665381,-0.0019936557218190177
5417,5833.320748988,-0.00117621942934017,0.010888125011244993,-0.00235243885868034
5418,5834.000771326,-0.0012679516687132888,0.010852092550277366,-0.0025359033374265775
5419,5834.935242019,-0.0013913293477171556,0.010791252797328319,-0.002782658695434311
5420,5835.952597526,-0.0015207646967513669,0.010710325289445008,-0.0030415293935027337
5421,5836.409775793,-0.0015768532470856517,0.010669068955243161,-0.0031537064941713033
5422,5837.694816939,-0.0017260494339721103,0.010537385486714334,-0.0034520988679442206
5423,5838.887811771,-0.0018512663388741972,0.01039531478167109,-0.0037025326777483944
5424,5839.65714889,-0.0019240736738624174,0.010294213032745105,-0.0038481473477248347
5425,5840.87074578,-0.002024569113920478,0.010120801798752362,-0.004049138227840956
5426,5841.773244697,-0.0020867711735085208,0.009981769015298667,-0.0041735423470170415
5427,5842.257347261,-0.0021153948435998003,0.009903990130508621,-0.004230789687199601
5428,5843.004016164,-0.0021527030519925576,0.009780055481656166,-0.004305406103985115
5429,5843.745504057,-0.0021811823268071432,0.00965269898615179,-0.0043623646536142865
5430,5845.043540779,-0.0022093935068731494,0.009421219429220447,-0.004418787013746299
5431,5846.122346478,-0.002210873320481256,0.009222570082655335,-0.004421746640962512
5432,5846.858967154,-0.0021999989897490955,0.009084752039071855,-0.004399997979498191
5433,5848.182987414,-0.002155557184153975,0.008834927000914674,-0.00431111436830795
5434,5848.996958343,-0.002112102716802108,0.008681398859635278,-0.004224205433604216
5435,5849.661517376,-0.0020674402076205204,0.008556869052117921,-0.004134880415241041
5436,5850.489268139,-0.0020002538247022522,0.008403605790710441,-0.0040005076494045045
5437,5851.71105976,-0.0018777938612317218,0.008183086639126244,-0.0037555877224634436
5438,5852.668145588,-0.001762749684092611,0.008016892673446274,-0.003525499368185222
5439,5853.095554595,-0.0017060538819556534,0.007944971052462496,-0.0034121077639113068
5440,5854.191539972,-0.001546040836108652,0.007768177888622552,-0.003092081672217304
5441,5854.715491773,-0.0014622998414190083,0.00768801292185612,-0.0029245996828380165
5442,5856.094228894,-0.0012205953041119788,0.00749259798710659,-0.0024411906082239575
5443,5857.843809341,-0.0008725634977226744,0.007282013403633005,-0.0017451269954453488
5444,5858.083358309,-0.0008216092098679531,0.007256813248044844,-0.0016432184197359063
5445,5858.83395306,-0.0006572184410046417,0.007183962008904161,-0.0013144368820092833
5446,5859.861397252,-0.0004213883308179003,0.007099999016532703,-0.0008427766616358006
5447,5860.649383001,-0.0002329306367686381,0.007048629333614545,-0.0004658612735372762
5448,5861.434868986,-3.932075360993693e-05,0.0070092174868351155,-7.864150721987386e-05
5449,5862.557428298,0.0002458043320234827,0.0069741847256116355,0.0004916086640469654
5450,5863.094038513,0.0003850047090679787,0.006966567418236484,0.0007700094181359574
5451,5864.656763606,0.0007980487163311185,0.006979112500422965,0.001596097432662237
5452,5865.522792511,0.0010300127736803497,0.0070088077059541325,0.0020600255473606994
5453,5866.040235325,0.0011690142310574535,0.007034403208587828,0.002338028462114907
5454,5867.201546981,0.0014805622551136584,0.007113360820952541,0.002961124510227317
5455,5868.543660975,0.0018367685435296637,0.007241675177876688,0.0036735370870593274
5456,5868.986917037,0.0019527885560407623,0.007292724980842955,0.0039055771120815245
5457,5870.008991854,0.0022159582034538368,0.00742662980458391,0.0044319164069076735
5458,5870.718884648,0.0023943689832665927,0.00753272517748813,0.0047887379665331855
5459,5871.419724498,0.0025662760224024555,0.007647765807145653,0.005132552044804911
5460,5872.402794856,0.0027991931993723994,0.007825912501210942,0.005598386398744799
5461,5873.387593706,0.0030214646026935506,0.008023300156482732,0.006042929205387101
5462,5874.881588208,0.0033341581640793008,0.008356825478254141,0.0066683163281586015
5463,5875.798358154,0.0035095648876895605,0.008580415571404019,0.007019129775379121
5464,5876.374963621,0.003612880303580866,0.008727880028671897,0.007225760607161732
5465,5877.609748609,0.003814655061197722,0.009060030729608183,0.007629310122395444
5466,5877.93329392,0.0038629288373987916,0.009150489285076462,0.007725857674797583
5467,5878.676214478,0.003966230254093065,0.009363120146682221,0.00793246050818613
5468,5880.463284727,0.00416970345848545,0.009899213607027467,0.0083394069169709
5469,5880.709560928,0.004192573193457038,0.009975432716903052,0.008385146386914077
5470,5881.825024121,0.004279953508991088,0.010326374419380354,0.008559907017982177
5471,5882.270516172,0.004307326113834699,0.010468781208330884,0.008614652227669398
5472,5884.032826245,0.004372711658655236,0.011040823507873134,0.008745423317310472
5473,5884.684250048,0.004379390475980145,0.011254425705174717,0.00875878095196029
5474,5885.744730541,0.00437001931446407,0.011602722643179464,0.00874003862892814
5475,5886.621191165,0.004343438612261473,0.011889779967267472,0.008686877224522946
5476,5887.486300389,0.004300674186697488,0.01217114596741101,0.008601348373394976
5477,5888.387576534,0.00423894773605618,0.01246095588737002,0.00847789547211236
5478,5888.845470522,0.004200996677352943,0.012606499570835223,0.008401993354705886
5479,5889.698291836,0.00411874257040576,0.012873839428552216,0.00823748514081152
5480,5890.84268936,0.003985426034729312,0.013223439019461498,0.007970852069458623
5481,5892.225848294,0.0037909791106989386,0.013628973570235002,0.007581958221397877
5482,5893.121091671,0.003646893126999675,0.013879868375882084,0.00729378625399935
5483,5894.085613219,0.003476755285098869,0.014138716847717232,0.006953510570197738
5484,5894.544410864,0.003390719772391047,0.014257367722327519,0.006781439544782094
5485,5895.557133652,0.003189973841278481,0.014508389281180204,0.006379947682556962
5486,5896.814625874,0.0029218009340292645,0.014797968302175085,0.005843601868058529
5487,5897.528508397,0.0027612791369581017,0.014950862521034676,0.005522558273916203
5488,5898.045615593,0.0026416664968580052,0.01505621802072477,0.0052833329937160105
5489,5899.335294403,0.002332689964749263,0.015298651569473645,0.004665379929498526
5490,5900.026130768,0.0021618455053449633,0.015416313530330024,0.0043236910106899265
5491,5900.832883795,0.0019585431914535,0.015542752571834082,0.003917086382907
5492,5902.160660216,0.001617253305917638,0.015724883531370467,0.003234506611835276
5493,5903.459104336,0.0012786690571534212,0.015871705685415273,0.0025573381143068423
5494,5904.35922485,0.0010430391641823387,0.015955497275078872,0.0020860783283646774
5495,5904.786649649,0.0009312838209650644,0.01599020004124929,0.0018625676419301287
5496,5905.377904297,0.0007771357320509213,0.01603288443389709,0.0015542714641018425
5497,5906.654294834,0.0004474937298854735,0.01610445102547067,0.000894987459770947
5498,5907.305604479,0.00028170524658930273,0.016130458329787493,0.0005634104931786055
5499,5908.304130378,3.1828951622831324e-05,0.01615712967114323,6.365790324566265e-05
5500,5909.432316005,-0.0002427895525945906,0.01616899424058431,-0.0004855791051891812
5501,5910.29742864,-0.0004467902474445552,0.016165789473554803,-0.0008935804948891104
5502,5911.489176577,-0.0007170262215666002,0.016145279929621663,-0.0014340524431332004
5503,5912.332412221,-0.0008998683450173756,0.016120465930466607,-0.0017997366900347513
5504,5912.935296613,-0.001026008818875105,0.016097963291496032,-0.00205201763775021
5505,5914.115666541,-0.0012612167293486758,0.01604360723165708,-0.0025224334586973515
5506,5915.019576754,-0.0014302820243015761,0.015993901943060846,-0.0028605640486031522
5507,5916.088332581,-0.001617262301922973,0.015927628962258633,-0.003234524603845946
5508,5916.441169128,-0.0016758466074900098,0.015904240249564584,-0.0033516932149800197
5509,5917.380890968,-0.0018241407474584262,0.01583897797599065,-0.0036482814949168525
5510,5917.975417962,-0.0019121109157591454,0.015795871331676845,-0.003824221831518291
5511,5920.055550869,-0.002184223883735776,0.01563876762337751,-0.004368447767471552
5512,5920.538476511,-0.0022395574829274225,0.015601818145052649,-0.004479114965854845
5513,5921.438418563,-0.002334999234147118,0.015533475775964794,-0.004669998468294236
5514,5922.552080088,-0.002439697451929194,0.015451068827376154,-0.004879394903858388
5515,5923.106480528,-0.0024865050426170657,0.015411446029066335,-0.004973010085234131
5516,5924.023918206,-0.0025565880299381204,0.015348633757338064,-0.005113176059876241
5517,5924.612567997,-0.00259694137713842,0.015310494752131637,-0.00519388275427684
5518,5925.982652112,-0.002677988708166291,0.015229665464739122,-0.005355977416332582
5519,5926.867806896,-0.002721666410998905,0.015184287135547734,-0.00544333282199781
5520,5927.479356434,-0.002748310194927283,0.01515646507606505,-0.005496620389854566
5521,5928.899161985,-0.0028005988404804162,0.01510407829442332,-0.0056011976809608325
5522,5929.345382898,-0.002814673912158902,0.015091368616843116,-0.005629347824317804
5523,5930.860362894,-0.002856113580791577,0.015062522763497897,-0.005712227161583154
5524,5931.570134864,-0.0028730574160460995,0.015056896123093182,-0.005746114832092199
5525,5932.736065547,-0.0028990949862726517,0.01505891541455436,-0.0057981899725453034
5526,5933.03353656,-0.002905591281342405,0.015061695148012996,-0.00581118256268481
5527,5933.987898043,-0.00292667651129546,0.015076844418895945,-0.00585335302259092
5528,5934.829981307,-0.0029462973428045183,0.015098058496531204,-0.005892594685609037
5529,5935.948347327,-0.002975244273494883,0.01513739872499235,-0.005950488546989766
5530,5936.465147329,-0.002990190368893445,0.015159772065399221,-0.00598038073778689
5531,5938.287679988,-0.0030539273173986682,0.015258703011206107,-0.0061078546347973365
5532,5939.265303267,-0.003097023051321332,0.015323714670369743,-0.006194046102642664
5533,5939.695838711,-0.0031183481415316917,0.015354754320996615,-0.006236696283063383
5534,5940.379099853,-0.0031554198814984814,0.015406815664774006,-0.006310839762996963
5535,5941.441894804,-0.0032216303624834127,0.015494002038569961,-0.006443260724966825
5536,5942.467736154,-0.003296319186855995,0.01558432208928904,-0.00659263837371199
5537,5943.543979175,-0.003387039644766595,0.015684273576353568,-0.00677407928953319
5538,5944.130246624,-0.003442095769414887,0.015740441574611626,-0.006884191538829774
5539,5944.725413371,-0.0035022171439085233,0.015798374130460282,-0.007004434287817047
5540,5946.143331991,-0.003663233440044079,0.01593848047997387,-0.007326466880088158
5541,5946.820062653,-0.0037491597703676995,0.016005529267902757,-0.007498319540735399
5542,5948.301613869,-0.003958219690655725,0.016150072735002102,-0.00791643938131145
5543,5949.142426313,-0.004089741003550622,0.016229346310893716,-0.008179482007101243
5544,5949.777706352,-0.004195275928927038,0.01628725500337582,-0.008390551857854076
5545,5950.989084393,-0.004411023109948401,0.016391502790357348,-0.008822046219896802
5546,5951.430121674,-0.004494213608902511,0.01642705052539706,-0.008988427217805023
5547,5952.261902584,-0.004657667208893902,0.016489981434788404,-0.009315334417787804
5548,5952.902618768,-0.004789260499679339,0.016534379826244183,-0.009578520999358677
5549,5954.465995762,-0.005129988789933451,0.016625500203681278,-0.010259977579866903
5550,5955.342138477,-0.005332261193958135,0.016664490486584135,-0.01066452238791627
5551,5956.365914061,-0.005577897500779616,0.016697715393765612,-0.011155795001559232
5552,5957.027692949,-0.005741507665205148,0.01671158856163079,-0.011483015330410296
5553,5958.332640101,-0.00607377149176443,0.01672014721707516,-0.01214754298352886
5554,5958.866457495,-0.00621287418123273,0.016716080867166826,-0.01242574836246546
5555,5959.876516606,-0.006480156224652011,0.01669575488647794,-0.012960312449304023
5556,5960.740693076,-0.006712163614800091,0.016664783937988363,-0.013424327229600182
5557,5961.788662548,-0.006996206842750918,0.01660984295263414,-0.013992413685501836
5558,5962.574245886,-0.007210084135766938,0.016555859276606803,-0.014420168271533876
5559,5962.943559513,-0.007310668485771804,0.0165266347016416,-0.014621336971543608
5560,5964.146533459,-0.007637287088905381,0.016414210222758425,-0.015274574177810762
5561,5965.736509168,-0.008062802562273248,0.016224959105915773,-0.016125605124546496
5562,5966.619515143,-0.008293895131670817,0.016099951841094768,-0.016587790263341635
5563,5967.433133231,-0.008502295095212505,0.015972364510983286,-0.01700459019042501
5564,5968.178918742,-0.008688737652879171,0.015845149996055262,-0.017377475305758342
5565,5968.735878785,-0.008824708498577727,0.015743870288130284,-0.017649416997155453
5566,5969.779680207,-0.009070992240520156,0.015540018876604,-0.01814198448104031
5567,5970.844216767,-0.009309189275767843,0.015313999431524518,-0.018618378551535687
5568,5971.604971542,-0.009470415525602759,0.015141844184428394,-0.018940831051205517
5569,5972.485368405,-0.009646732374168824,0.014932197751692376,-0.01929346474833765
5570,5973.620902248,-0.009856504123766244,0.014646477116029476,-0.019713008247532488
5571,5974.886211179,-0.010064847082831624,0.014309832397716495,-0.020129694165663247
5572,5975.35616323,-0.010134981752629526,0.014180417856033734,-0.020269963505259052
5573,5976.141901893,-0.010243067719154137,0.01395933844456541,-0.020486135438308274
5574,5978.026590421,-0.010453299329961195,0.013409099867152725,-0.02090659865992239
5575,5978.139309726,-0.010463603448762526,0.013375465556661676,-0.02092720689752505
5576,5978.832670353,-0.010521200931232027,0.013167187617025285,-0.021042401862464054
5577,5979.862288577,-0.01058811445039143,0.012854429603052081,-0.02117622890078286
5578,5980.592613333,-0.010621894766672278,0.012630982530186609,-0.021243789533344555
5579,5981.5062608,-0.010648006118791756,0.012350755084288435,-0.02129601223758351
5580,5982.914976764,-0.01065296634975991,0.011920147982859626,-0.02130593269951982
5581,5984.01261564,-0.010627287846322928,0.011588665975671692,-0.021254575692645855
5582,5984.792817507,-0.010593508648175105,0.011356625710457388,-0.02118701729635021
5583,5985.669034668,-0.010540472102280268,0.011100740438118258,-0.021080944204560536
5584,5986.419145205,-0.010482649781111778,0.010886482582509748,-0.020965299562223556
5585,5987.055919518,-0.01042479838405952,0.010708631356641725,-0.02084959676811904
5586,5988.313841463,-0.010287704447115475,0.010369884269858595,-0.02057540889423095
5587,5988.973948251,-0.010204142959863967,0.010199653272532154,-0.020408285919727934
5588,5990.294284874,-0.01001449398184538,0.00987679462277651,-0.02002898796369076
5589,5990.809755141,-0.00993276965677684,0.009757675255756814,-0.01986553931355368
5590,5991.47298543,-0.00982168492046518,0.00961055621603792,-0.01964336984093036
5591,5993.084653615,-0.009526274756349434,0.009283887521707768,-0.019052549512698868
5592,5994.057233176,-0.009332554077584859,0.009109333745094997,-0.018665108155169717
5593,5995.024532494,-0.009130091578963755,0.008953601079658056,-0.01826018315792751
5594,5995.409540651,-0.009047120843317094,0.008896731422060659,-0.018094241686634187
5595,5996.609465538,-0.008781191068797458,0.008738696982684261,-0.017562382137594916
5596,5997.392505689,-0.008602724114864594,0.008651565120077535,-0.01720544822972919
5597,5998.052919753,-0.008449922756770756,0.008588066144793485,-0.01689984551354151
5598,5998.734794942,-0.008290544851564208,0.008532178976339502,-0.016581089703128417
5599,6000.121020998,-0.007963840313686176,0.008449028251741441,-0.01592768062737235
5600,6001.49551909,-0.007640255902566246,0.008406813756585795,-0.015280511805132492
5601,6002.154589633,-0.007486588132057836,0.008400624334658807,-0.014973176264115672
5602,6002.914838346,-0.007311412231967487,0.008404611265294118,-0.014622824463934973
5603,6003.878519365,-0.007093699009500099,0.008426454526718887,-0.014187398019000198
5604,6004.591820725,-0.0069364858980134406,0.008454403590433899,-0.013872971796026881
5605,6005.855784942,-0.006668095044114944,0.00852760260080519,-0.013336190088229888
5606,6006.678028615,-0.0065017188948236,0.008590750576909906,-0.0130034377896472
5607,6007.325565907,-0.006375883981959978,0.00864865914856074,-0.012751767963919957
5608,6007.978287458,-0.006254080711514117,0.008713988899420445,-0.012508161423028234
5609,6009.20454038,-0.006040168680016833,0.008854434958706607,-0.012080337360033666
5610,6010.19082041,-0.0058834649233445325,0.008982812196561066,-0.011766929846689065
5611,6011.253025428,-0.005731240542309608,0.009134784410875065,-0.011462481084619216
5612,6012.651122637,-0.005558779812195518,0.009353542403854552,-0.011117559624391036
5613,6013.047245644,-0.005515934478058184,0.009418866089048957,-0.011031868956116369
5614,6014.042373169,-0.005420412273575471,0.009588446070322564,-0.010840824547150942
5615,6014.66386938,-0.005369705512984324,0.009697774774476453,-0.010739411025968648
5616,6015.1614673,-0.005334142601148325,0.009786876759872028,-0.01066828520229665
5617,6016.736803704,-0.005251428039386678,0.01007569449788991,-0.010502856078773356
5618,6017.530542899,-0.00522704340908463,0.010223576884137523,-0.01045408681816926
5619,6018.18047453,-0.005215686886838759,0.010345050349915681,-0.010431373773677519
5620,6019.650285836,-0.005218275788880189,0.010618527795367972,-0.010436551577760378
5621,6020.485477165,-0.005236881694393344,0.010771624226988949,-0.010473763388786687
5622,6021.078533685,-0.0052574351176734565,0.010878675918692403,-0.010514870235346913
5623,6022.496991536,-0.005330464680417355,0.01112707769734043,-0.01066092936083471
5624,6022.866086751,-0.005354792547787325,0.011189565834332645,-0.01070958509557465
5625,6024.235928622,-0.005463223861940401,0.011411999959402487,-0.010926447723880801
5626,6024.765822155,-0.005512463798589722,0.011493546213480359,-0.011024927597179443
5627,6025.65298906,-0.005603393565056999,0.011623752319436586,-0.011206787130113999
5628,6026.328429366,-0.0056793264460584525,0.011717168254185504,-0.011358652892116905
5629,6027.149989355,-0.005778901384705395,0.011823632658463132,-0.01155780276941079
5630,6029.083879336,-0.006040566308193216,0.012040518878347138,-0.012081132616386433
5631,6029.871336491,-0.006156332388859571,0.012114329045431638,-0.012312664777719142
5632,6030.366565545,-0.006231380069891464,0.01215624331392689,-0.012462760139782928
5633,6031.190552493,-0.006359520269752711,0.012218098818422587,-0.012719040539505422
5634,6032.274114807,-0.00653300326509789,0.01228416718363554,-0.01306600653019578
5635,6033.146731331,-0.006675619933504865,0.012324586091499435,-0.01335123986700973
5636,6033.644977208,-0.006757788121788073,0.012342520322514774,-0.013515576243576147
5637,6034.94213263,-0.006972648293514153,0.012371713425626499,-0.013945296587028306
5638,6035.782357605,-0.007111362539962179,0.012377263900694012,-0.014222725079924357
5639,6036.735104464,-0.007266919152255259,0.01237111316209063,-0.014533838304510518
5640,6037.621814971,-0.007408996715739802,0.01235382575581613,-0.014817993431479604
5641,6038.62081901,-0.0075647246113647575,0.012321495521288575,-0.015129449222729515
5642,6039.780188462,-0.007738021644296407,0.012267779807993108,-0.015476043288592815
5643,6040.747929474,-0.007875248209346097,0.012210491696853707,-0.015750496418692195
5644,6041.398240993,-0.007963111345844723,0.012166078275290837,-0.015926222691689446
5645,6042.397652239,-0.008090571373733712,0.012089284732972288,-0.016181142747467424
5646,6042.668644064,-0.008123445326774724,0.012066799050444884,-0.016246890653549447
5647,6043.995010269,-0.00827316541903544,0.011947569796167498,-0.01654633083807088
5648,6044.552572124,-0.008330267191390659,0.011893361126862114,-0.016660534382781318
5649,6046.181521954,-0.008475942629706384,0.011723792663406432,-0.01695188525941277
5650,6046.796932396,-0.008522443248438448,0.011656250600005968,-0.017044886496876896
5651,6048.263607361,-0.008613698803207745,0.011490188668939099,-0.01722739760641549
5652,6048.952645864,-0.00864690599981678,0.011410660321086943,-0.01729381199963356
5653,6049.241142989,-0.00865896272932218,0.01137723743967468,-0.01731792545864436
5654,6050.246128122,-0.00869245689020981,0.011260841305063867,-0.01738491378041962
5655,6051.626971034,-0.008717123264353737,0.011103061346786283,-0.017434246528707474
5656,6052.439739294,-0.008720332263269645,0.011012669842672821,-0.01744066452653929
5657,6053.067413924,-0.008717241634505473,0.010944694582790323,-0.017434483269010946
5658,6053.778846036,-0.008708044909430581,0.010870025615545007,-0.017416089818861162
5659,6054.804164558,-0.00868457792787427,0.010767741626167648,-0.01736915585574854
5660,6056.260886232,-0.008631906146148156,0.01063554366161652,-0.017263812292296312
5661,6057.072842114,-0.008593554967602142,0.010569671205321544,-0.017187109935204285
5662,6058.000876271,-0.00854266393961473,0.010502106223885407,-0.01708532787922946
5663,6059.134493786,-0.008471477815483708,0.010431769644927175,-0.016942955630967416
5664,6059.466828728,-0.008448948866291977,0.010413850909195376,-0.016897897732583954
5665,6060.341627593,-0.008386542983499922,0.010372836658985505,-0.016773085966999845
5666,6061.493619822,-0.008298657249285366,0.010332994487511758,-0.016597314498570732
5667,6061.793911747,-0.008274901793445616,0.010325344530058017,-0.016549803586891232
5668,6063.253687208,-0.008156112771618852,0.01030477670439496,-0.016312225543237704
5669,6064.593399933,-0.008044937620937439,0.01031066015653103,-0.016089875241874878
5670,6065.104446594,-0.008002715455073557,0.010319217033254273,-0.016005430910147115
5671,6066.142573933,-0.007918355059723933,0.010347315923334707,-0.015836710119447865
5672,6066.829934378,-0.007864158512296167,0.010373758334768338,-0.015728317024592334
5673,6068.165352787,-0.0077645570730113436,0.010442605116422917,-0.015529114146022687
5674,6068.884377848,-0.007714959487666094,0.010488956972609384,-0.015429918975332187
5675,6069.569709881,-0.007670893324577296,0.010538956484089966,-0.015341786649154593
5676,6070.456730949,-0.0076191850984113066,0.010611763664533392,-0.015238370196822613
5677,6071.60712438,-0.007562369528433321,0.010718994526098525,-0.015124739056866641
5678,6071.987031737,-0.007546419579157384,0.010757386099810225,-0.015092839158314768
5679,6072.986930282,-0.007511747752638381,0.010864955743617122,-0.015023495505276763
5680,6074.835751881,-0.007478318733762349,0.011085775275765559,-0.014956637467524698
5681,6075.45620988,-0.007476804293630034,0.011165244035395703,-0.014953608587260067
5682,6076.319580411,-0.0074833496431940955,0.01127942837051041,-0.014966699286388191
5683,6076.896595429,-0.007493519492124631,0.011357704455687736,-0.014987038984249261
5684,6077.923525598,-0.007523468635051298,0.011499985533507341,-0.015046937270102596
5685,6078.464257,-0.007545469196713746,0.01157600891287504,-0.015090938393427492
5686,6079.725372515,-0.007613825732628931,0.011754739059518711,-0.015227651465257862
5687,6080.81759464,-0.007692535827163135,0.011909330067445018,-0.01538507165432627
5688,6081.177170653,-0.007722426097888022,0.011959833440909893,-0.015444852195776043
5689,6082.501083708,-0.007849379528255845,0.012142583102807683,-0.01569875905651169
5690,6083.644016757,-0.007980065901513591,0.012294345634221642,-0.015960131803027182
5691,6084.383007366,-0.008074707452244468,0.01238842681606961,-0.016149414904488936
5692,6085.230905162,-0.008192809564178043,0.012491589297446249,-0.016385619128356087
5693,6086.325556913,-0.008359724293606907,0.012615905748574125,-0.016719448587213814
5694,6087.278392366,-0.008517566172790906,0.012714735915984154,-0.01703513234558181
5695,6088.144768072,-0.008670565891139688,0.012796059780226889,-0.017341131782279376
5696,6088.537541405,-0.00874272794596569,0.012830032538281922,-0.01748545589193138
5697,6089.12861602,-0.008854427298932838,0.012877551119043987,-0.017708854597865677
5698,6090.717153106,-0.009171422981128299,0.01298224931801009,-0.018342845962256597
5699,6091.689881768,-0.009376020897563732,0.013028572940450126,-0.018752041795127464
5700,6093.192335325,-0.009704357498001102,0.01307155179133277,-0.019408714996002205
5701,6093.283426818,-0.009724657755141676,0.013073000617124655,-0.019449315510283352
5702,6094.550261331,-0.010010443567096941,0.013078993765653416,-0.020020887134193883
5703,6095.33119338,-0.010188973302269281,0.01306929117372146,-0.020377946604538563
5704,6095.911728318,-0.010322323039848572,0.013055346411276394,-0.020644646079697144
5705,6097.096728489,-0.010594803279539485,0.013008902177232799,-0.02118960655907897
5706,6098.07149801,-0.01081770784844027,0.012952557056833345,-0.02163541569688054
5707,6098.78688808,-0.01097967122589681,0.01290083219409402,-0.02195934245179362
5708,6099.667065247,-0.01117610227925634,0.0128252768807032,-0.02235220455851268
5709,6100.713939635,-0.011404271605812775,0.01271860929462791,-0.02280854321162555
5710,6101.542636011,-0.0115795875433015,0.012621569636727848,-0.023159175086603
5711,6103.111062056,-0.01189538853563173,0.01240879319961537,-0.02379077707126346
5712,6103.890836008,-0.012043229588066329,0.012289583709178282,-0.024086459176132658
5713,6104.369986546,-0.012130672420029243,0.012212166436019738,-0.024261344840058485
5714,6105.080112319,-0.012255152882072856,0.012091877498129995,-0.02451030576414571
5715,6106.427937948,-0.012473224884860993,0.011846632007847841,-0.024946449769721987
5716,6106.698870787,-0.012513993759413422,0.01179485823954032,-0.025027987518826844
5717,6107.888398279,-0.012680012491078045,0.011558777652315914,-0.02536002498215609
5718,6108.683780717,-0.012778688394225912,0.011393761106146484,-0.025557376788451824
5719,6110.531011476,-0.01296729735464924,0.010992883749973214,-0.02593459470929848
5720,6110.830996155,-0.0129923732528998,0.010925934576513743,-0.0259847465057996
5721,6111.844532848,-0.013065268054193991,0.010697022081659178,-0.026130536108387982
5722,6112.464435385,-0.013100739293785196,0.010555474963708301,-0.026201478587570392
5723,6113.552617474,-0.013146070822230934,0.010305558292833633,-0.026292141644461867
5724,6114.761891752,-0.013171004144021324,0.01002791124547767,-0.02634200828804265
5725,6115.274791544,-0.013173505041566216,0.009910863579379056,-0.026347010083132432
5726,6116.167495931,-0.013166485227682967,0.009709060355368147,-0.026332970455365933
5727,6117.090753292,-0.013144233358563014,0.009503980659214132,-0.02628846671712603
5728,6117.552359428,-0.01312749342309842,0.009403222420934903,-0.02625498684619684
5729,6119.215997842,-0.013037123440437946,0.009052741762383604,-0.026074246880875892
5730,6120.281534698,-0.012955637106000248,0.008841015534271099,-0.025911274212000495
5731,6120.933301686,-0.01289724055578144,0.00871732851848833,-0.02579448111156288
5732,6122.094398759,-0.012778127399810772,0.008509301099890624,-0.025556254799621543
5733,6122.85742492,-0.012690027483241415,0.008381983639957803,-0.02538005496648283
5734,6123.356607973,-0.012628478756636958,0.008303022713539963,-0.025256957513273916
5735,6124.13888322,-0.012526236845475103,0.008186549577790376,-0.025052473690950205
5736,6125.17261988,-0.012381270034818646,0.008046974045880274,-0.024762540069637292
5737,6126.56858652,-0.01217029602933309,0.007886004195958867,-0.02434059205866618
5738,6127.130221394,-0.012081311054247973,0.007830576602072821,-0.024162622108495947
5739,6128.04686313,-0.011932039399168317,0.007752021806505576,-0.023864078798336633
5740,6129.268751548,-0.011727176766757162,0.007670825670522754,-0.023454353533514324
5741,6130.291606465,-0.011552518784386269,0.007623920578536679,-0.023105037568772538
5742,6130.686768648,-0.011484684015478048,0.007610988462345756,-0.022969368030956096
5743,6132.121687397,-0.011238789898051322,0.007588392190984048,-0.022477579796102643
5744,6132.762353486,-0.011130143187030312,0.007590586127809938,-0.022260286374060623
5745,6133.489892704,-0.011008396975847854,0.0076021687180873815,-0.022016793951695708
5746,6134.455051668,-0.010850615272352137,0.00763222221036606,-0.021701230544704273
5747,6135.143074922,-0.010741465211461118,0.007663655633100359,-0.021482930422922236
5748,6135.892613201,-0.010626389098583775,0.007707125034937644,-0.02125277819716755
5749,6137.78138932,-0.010358310249404023,0.007857268094069158,-0.020716620498808045
5750,6138.44560139,-0.01027283099641653,0.007923062527435399,-0.02054566199283306
5751,6139.589346959,-0.010138067340348288,0.00805090210367424,-0.020276134680696577
5752,6139.813239834,-0.010113655743620572,0.00807796290138372,-0.020227311487241145
5753,6140.675863383,-0.010026032905318297,0.008188030695885338,-0.020052065810636593
5754,6141.872358756,-0.009922395676949292,0.008354741715535045,-0.019844791353898585
5755,6142.91145164,-0.009850416175682188,0.008511108066996018,-0.019700832351364377
5756,6143.356666103,-0.009824950949656398,0.00858097339185718,-0.019649901899312795
5757,6144.405867208,-0.009778164499749614,0.008751420686872628,-0.019556328999499228
5758,6145.505364044,-0.009749656768936927,0.008937179399771672,-0.019499313537873854
5759,6146.604329605,-0.009742732430271104,0.009128048604634911,-0.019485464860542208
5760,6147.070023448,-0.009746402496986668,0.009209969206155794,-0.019492804993973337
5761,6148.593113946,-0.009786089534023988,0.009479633439398597,-0.019572179068047976
5762,6149.39892523,-0.009824235804607333,0.009621928432770047,-0.019648471609214666
5763,6150.275374104,-0.00987908745510083,0.009775103744892393,-0.01975817491020166
5764,6150.87988787,-0.009924935737318442,0.00987923063245293,-0.019849871474636883
5765,6151.572502081,-0.009985380289106673,0.009996483328672692,-0.019970760578213346
5766,6152.585599028,-0.010088675519399262,0.010163007563412672,-0.020177351038798523
5767,6153.326365653,-0.010175064268787736,0.010280216125127216,-0.020350128537575472
5768,6154.805638424,-0.010373696999599592,0.010500194831690898,-0.020747393999199185
5769,6155.704809902,-0.010510459123399207,0.010623213709352186,-0.021020918246798415
5770,6156.737464496,-0.010681324452499114,0.010753071943833284,-0.021362648904998227
5771,6157.381128649,-0.010794770708729496,0.010827292648507464,-0.02158954141745899
5772,6158.397686173,-0.010983882246644365,0.01093318683086255,-0.02196776449328873
5773,6159.096947189,-0.01112042593720551,0.01099751999615962,-0.02224085187441102
5774,6159.829468996,-0.011268531474216368,0.011057102249757617,-0.022537062948432735
5775,6161.429368946,-0.011607351922256324,0.011158053130668711,-0.023214703844512647
5776,6161.827253697,-0.011694349559308051,0.011176718462575617,-0.023388699118616102
5777,6162.415562412,-0.011824601435012586,0.011199490304921372,-0.02364920287002517
5778,6163.378477444,-0.012041207146121292,0.011224154615483943,-0.024082414292242584
5779,6164.773220517,-0.01235994708565046,0.011231719149570897,-0.02471989417130092
5780,6166.200513435,-0.012688247769097905,0.011204738768817276,-0.02537649553819581
5781,6166.483048994,-0.012753098016672834,0.011195248784510349,-0.02550619603334567
5782,6167.464531359,-0.012977161623176175,0.011151743738411437,-0.02595432324635235
5783,6168.37980968,-0.013183451628396571,0.011096640504206196,-0.026366903256793143
5784,6169.394736468,-0.013407787831570084,0.011019568263306063,-0.02681557566314017
5785,6169.538152647,-0.013439030944492798,0.01100735509723028,-0.026878061888985595
5786,6170.820008109,-0.013712221701391778,0.010884146162470269,-0.027424443402783556
5787,6171.920474772,-0.01393659698655436,0.010759071754041423,-0.02787319397310872
5788,6172.839930458,-0.014115591934711798,0.010641795847349254,-0.028231183869423596
5789,6174.235069962,-0.014370364779298584,0.010443486844775958,-0.028740729558597168
5790,6174.747542413,-0.014458379325000527,0.010364987560618155,-0.028916758650001054
5791,6175.309013705,-0.014551140441764174,0.010275787556227415,-0.02910228088352835
5792,6176.744162203,-0.014769825356187294,0.010034110034857605,-0.029539650712374587
5793,6177.63040445,-0.014890942060607235,0.009876345724352163,-0.02978188412121447
5794,6178.410285632,-0.014988329807495041,0.009733049554832252,-0.029976659614990082
5795,6179.094486918,-0.01506650059832616,0.009604443237376399,-0.03013300119665232
5796,6179.764681614,-0.01513636897140253,0.009476312983513853,-0.03027273794280506
5797,6181.012825756,-0.01524856254555125,0.00923350574672814,-0.0304971250911025
5798,6181.678420747,-0.015298787932663838,0.009102599743309337,-0.030597575865327676
5799,6183.062480335,-0.015381868223411348,0.00882948756030495,-0.030763736446822697
5800,6184.336316582,-0.015433175429386025,0.008579744474814317,-0.03086635085877205
5801,6185.079974864,-0.01545225206971506,0.008435859094771972,-0.03090450413943012
5802,6185.4601037,-0.015458982739125828,0.008363088373291042,-0.030917965478251656
5803,6186.457283968,-0.015467197934285224,0.008175332201979234,-0.030934395868570448
5804,6187.126750723,-0.015465288235948095,0.008052316743689163,-0.03093057647189619
5805,6188.45868336,-0.015444740298266653,0.007816439702340545,-0.030889480596533306
5806,6189.118029682,-0.015426812396908544,0.007704701428905337,-0.030853624793817088
5807,6190.169795887,-0.015388444152930385,0.007534308669994372,-0.03077688830586077
5808,6190.926665972,-0.015353984442206961,0.007418196072171201,-0.030707968884413923
5809,6192.097286028,-0.015290642971182445,0.007250284882936379,-0.03058128594236489
5810,6193.133431145,-0.015225739595346162,0.007114321542652614,-0.030451479190692323
5811,6193.902824192,-0.015173033980863997,0.007021477734570136,-0.030346067961727993
5812,6194.965274093,-0.015095139463830468,0.006905094291202972,-0.030190278927660935
5813,6195.67207899,-0.015040738554666297,0.0068354611119383546,-0.030081477109332594
5814,6196.664752127,-0.014961906412947052,0.006748369314109233,-0.029923812825894104
5815,6197.387063257,-0.014903446202285564,0.006692922015431237,-0.029806892404571128
5816,6198.065389562,-0.014848223586395815,0.006646936995874199,-0.02969644717279163
5817,6198.652216561,-0.014800534648513271,0.006611890445527295,-0.029601069297026543
5818,6200.674034464,-0.014640730798993437,0.0065241527308807406,-0.029281461597986874
5819,6201.593088506,-0.014572485999374177,0.006500614417366593,-0.029144971998748354
5820,6201.832569639,-0.01455534196247173,0.006496087726177009,-0.02911068392494346
5821,6203.190910737,-0.014464199024954038,0.006482412163535409,-0.028928398049908075
5822,6203.867876242,-0.014423250098591425,0.006482838081756448,-0.02884650019718285
5823,6204.585656187,-0.014383587069609936,0.006488181230504586,-0.02876717413921987
5824,6205.731342331,-0.014329200064537978,0.006506318891232909,-0.028658400129075955
5825,6206.513025685,-0.014299006563350132,0.006524816423996839,-0.028598013126700263
5826,6207.353677367,-0.01427332254330571,0.006549578377552596,-0.02854664508661142
5827,6208.562086127,-0.014249576221024286,0.00659266957857401,-0.02849915244204857
5828,6208.813972411,-0.014246673245897788,0.006602595463142408,-0.028493346491795576
5829,6210.470030163,-0.014246012586929604,0.0066738882904342186,-0.02849202517385921
5830,6211.207816547,-0.01425632010271375,0.006708002896396263,-0.0285126402054275
5831,6212.549686058,-0.01429226205347886,0.006771433555690219,-0.02858452410695772
5832,6213.1879769,-0.014317206967654412,0.006801449486712256,-0.028634413935308824
5833,6213.799999959,-0.014345873774449455,0.006829680990727701,-0.02869174754889891
5834,6214.50130473,-0.014384400725975847,0.00686095855070984,-0.028768801451951695
5835,6215.400957017,-0.014442585316746744,0.0068986810866590404,-0.02888517063349349
5836,6216.668292163,-0.014540806158214122,0.006945480633582548,-0.029081612316428244
5837,6217.188858909,-0.014586470237555318,0.0069620083685980995,-0.029172940475110636
5838,6218.517119863,-0.01471627018454361,0.00699545587603105,-0.02943254036908722
5839,6219.844220203,-0.014863663401224721,0.007014124451443744,-0.029727326802449442
5840,6220.276866168,-0.01491521300615939,0.0070165810846746805,-0.02983042601231878
5841,6221.350127563,-0.015049790748605749,0.007014174471142783,-0.030099581497211498
5842,6221.641300961,-0.015087824926249285,0.007011316564940579,-0.03017564985249857
5843,6223.447708927,-0.015336069504480703,0.006970800448517139,-0.030672139008961406
5844,6223.85478696,-0.015394481852052184,0.006955958801683345,-0.030788963704104368
5845,6224.732447311,-0.015522773938386355,0.006916419320705277,-0.03104554787677271
5846,6225.470678081,-0.01563264056083165,0.006874958461918333,-0.0312652811216633
5847,6226.232883568,-0.015747328016415613,0.006824074546011943,-0.03149465603283123
5848,6227.450045327,-0.015931566758153683,0.006725424356792563,-0.03186313351630737
5849,6228.832840927,-0.01613958885108151,0.0065869783564734335,-0.03227917770216302
5850,6229.761584418,-0.01627667612420514,0.006478176958547044,-0.03255335224841028
5851,6230.323749795,-0.016358033694570433,0.006406182684063276,-0.03271606738914087
5852,6231.186984215,-0.016479870600608678,0.0062867315972753,-0.032959741201217356
5853,6232.234236964,-0.016621449204585203,0.006127632700445944,-0.033242898409170406
5854,6232.811490701,-0.01669600970898868,0.006033465873365322,-0.03339201941797736
5855,6233.436150635,-0.0167735128128529,0.005926544649927046,-0.0335470256257058
5856,6234.905356028,-0.016940910572458622,0.0056554390484907496,-0.033881821144917244
5857,6235.691811529,-0.017020822601511908,0.005499686458080895,-0.034041645203023815
5858,6236.871797214,-0.017126412799155277,0.005253330432808657,-0.034252825598310555
5859,6237.401188052,-0.017167775734183183,0.005138259977928363,-0.034335551468366365
5860,6238.50779015,-0.01724132216028828,0.004889608711672325,-0.03448264432057656
5861,6239.720298749,-0.017300586264692375,0.0046062246918614,-0.03460117252938475
5862,6240.518432489,-0.01732673067694601,0.004414558401763958,-0.03465346135389202
5863,6240.987478338,-0.017337151281038427,0.0043003664488608755,-0.034674302562076854
5864,6242.26374265,-0.01734640703426813,0.003985220663614536,-0.03469281406853626
5865,6242.91612811,-0.017340101288709733,0.003822389737933299,-0.03468020257741947
5866,6243.536571205,-0.01732704650323814,0.0036669632029289754,-0.03465409300647628
5867,6244.467501007,-0.0172944119450041,0.003433562725857174,-0.0345888238900082
5868,6245.846353793,-0.017217099851357404,0.003089945113880402,-0.03443419970271481
5869,6247.220803895,-0.017105675624710586,0.0027536873196739356,-0.03421135124942117
5870,6247.765900413,-0.017052094265981546,0.0026229976634089772,-0.03410418853196309
5871,6248.617590057,-0.016957887723299828,0.002422718808696106,-0.033915775446599655
5872,6249.223567203,-0.01688321093141869,0.0022835973010363613,-0.03376642186283738
5873,6250.125998033,-0.016760522265541093,0.00208245266830125,-0.033521044531082185
5874,6251.16083004,-0.01660352045580551,0.0018619735520901837,-0.03320704091161102
5875,6252.337721682,-0.016404900767846023,0.0016264042066683358,-0.032809801535692046
5876,6252.960641624,-0.016291633497431846,0.0015089886619283734,-0.03258326699486369
5877,6253.372699435,-0.01621377720308321,0.0014342908802085796,-0.03242755440616642
5878,6255.212382592,-0.015840037880839784,0.0011320747622245062,-0.03168007576167957
5879,6255.709995716,-0.01573228054155442,0.001059711912523609,-0.03146456108310884
5880,6256.737988104,-0.015501879466250312,0.0009237690312557795,-0.031003758932500625
5881,6257.821913768,-0.01524902451432908,0.000801080046091334,-0.03049804902865816
5882,6258.863142202,-0.014998323723649945,0.0007040675603845592,-0.02999664744729989
5883,6259.511130503,-0.0148392501873456,0.0006543216065405972,-0.0296785003746912
5884,6259.96913448,-0.014725699102898452,0.0006241716394372803,-0.029451398205796904
5885,6260.9418656,-0.014482273456630794,0.0005740957782788361,-0.02896454691326159
5886,6261.776846422,-0.014271836314180894,0.0005464127193214296,-0.02854367262836179
5887,6263.065904932,-0.013946695854551753,0.0005316439292691412,-0.027893391709103505
5888,6264.199277451,-0.013663132946883998,0.0005466855986598134,-0.027326265893767996
5889,6265.060898277,-0.013450624409541721,0.0005755065971558944,-0.026901248819083443
5890,6265.972125305,-0.013230089589509914,0.0006220666799926836,-0.026460179179019827
5891,6266.645735922,-0.01307056986548259,0.0006669084786177173,-0.02614113973096518
5892,6267.560486576,-0.012859704531804834,0.0007416310019798259,-0.025719409063609668
5893,6268.625266755,-0.012624079967876926,0.0008479998426987377,-0.025248159935753852
5894,6269.267355567,-0.012487829155077292,0.0009218271605982961,-0.024975658310154584
5895,6270.349148875,-0.012269458276543205,0.0010618634712327032,-0.02453891655308641
5896,6271.148771757,-0.012117932810397431,0.0011773252602984574,-0.024235865620794862
5897,6271.964363396,-0.01197279685712628,0.0013048695332647635,-0.02394559371425256
5898,6272.586182981,-0.0118689280534081,0.0014083265521798425,-0.0237378561068162
5899,6274.619334058,-0.011573608471585598,0.0017798904117200475,-0.023147216943171196
5900,6275.133981984,-0.01151026453882168,0.0018810293956209026,-0.02302052907764336
5901,6275.846693888,-0.01143053818205888,0.002025097016434825,-0.02286107636411776
5902,6276.916164708,-0.011328804029475344,0.002248848143143977,-0.022657608058950687
5903,6277.229194883,-0.011303176081755883,0.0023158127997273082,-0.022606352163511766
5904,6278.607595709,-0.011213144195436587,0.002616848636900687,-0.022426288390873173
5905,6279.122462096,-0.011189166652155769,0.0027312678409540042,-0.022378333304311538
5906,6279.993148665,-0.011160670705310011,0.0029262652190170718,-0.022321341410620022
5907,6281.406047966,-0.011146714974935197,0.0032441646029041475,-0.022293429949870394
5908,6282.27581291,-0.011157881503797389,0.0034390027051335826,-0.022315763007594778
5909,6283.220407902,-0.011186825725171693,0.003648329110337617,-0.022373651450343385
5910,6284.054280278,-0.011226662338762733,0.003830085001571497,-0.022453324677525466
5911,6284.788411119,-0.011272567302329941,0.003986980840330731,-0.022545134604659883
5912,6285.899070663,-0.011360701169061538,0.004217392797031926,-0.022721402338123076
5913,6287.173743025,-0.011488337866341729,0.0044692023396755995,-0.022976675732683458
5914,6287.425952941,-0.011516796628572213,0.0045171912977759795,-0.023033593257144425
5915,6288.211245409,-0.011611875296355165,0.004662318387217164,-0.02322375059271033
5916,6289.114831894,-0.011732858608147616,0.004820657398750303,-0.023465717216295232
5917,6290.037006599,-0.011868265178002827,0.004971866125619081,-0.023736530356005654
5918,6291.549652025,-0.012113923508805795,0.005195055093719797,-0.02422784701761159
5919,6292.32991487,-0.012250805044250806,0.00529724835049066,-0.024501610088501612
5920,6293.29733572,-0.012428837269994183,0.005411025487557583,-0.024857674539988366
5921,6294.349329654,-0.01263143536102307,0.005517888221462679,-0.02526287072204614
5922,6295.006181306,-0.012761941416071912,0.005575452904166942,-0.025523882832143824
5923,6295.221568857,-0.012805314431503883,0.00559277198546773,-0.025610628863007766
5924,6296.546591928,-0.01307727686575358,0.0056821920129292705,-0.02615455373150716
5925,6297.771255865,-0.013334280422252936,0.005738419206302863,-0.026668560844505872
5926,6298.45869016,-0.013479823227264069,0.005758837650467713,-0.026959646454528138
5927,6299.172745575,-0.013631307597856168,0.005771611803129291,-0.027262615195712336
5928,6300.374887381,-0.013885540137988811,0.005773948141812633,-0.027771080275977623
5929,6301.383220878,-0.01409642299968066,0.005757762251889263,-0.02819284599936132
5930,6302.23025974,-0.014270773829216054,0.005731768527500042,-0.028541547658432108
5931,6303.490771613,-0.01452364518506993,0.005673003715471099,-0.02904729037013986
5932,6303.949179387,-0.014613222143444897,0.0056459256673557535,-0.029226444286889794
5933,6304.900391852,-0.01479432290178589,0.005580526954979321,-0.02958864580357178
5934,6305.747858387,-0.014949601715595685,0.005512324085950679,-0.02989920343119137
5935,6306.557291346,-0.015091964513152156,0.00543902525295153,-0.03018392902630431
5936,6307.144720876,-0.015191349874954088,0.005381169767722396,-0.030382699749908176
5937,6308.253824516,-0.015369306319580903,0.00526214602239111,-0.030738612639161805
5938,6309.939810023,-0.01561361865420098,0.005059919558232617,-0.03122723730840196
5939,6310.837756045,-0.015729988167602762,0.0049435456705897995,-0.031459976335205524
5940,6311.20106575,-0.015774252321146945,0.00489504446232511,-0.03154850464229389
5941,6311.879397195,-0.015852473218097633,0.004802611135637042,-0.031704946436195265
5942,6313.321021468,-0.015999293944146203,0.0045997631054709364,-0.03199858788829241
5943,6313.825911946,-0.016044417708489803,0.0045272469472869515,-0.03208883541697961
5944,6315.031008723,-0.016138929907849153,0.004352539933119084,-0.03227785981569831
5945,6315.483979857,-0.01616968301117297,0.004286643501855947,-0.03233936602234594
5946,6316.769600866,-0.016243034749313812,0.004100384069895848,-0.032486069498627625
5947,6317.255760099,-0.016265518298767434,0.004030655868610299,-0.03253103659753487
5948,6318.603143129,-0.0163133642321603,0.0038410216632080137,-0.0326267284643206
5949,6319.382478612,-0.01633175676626468,0.0037346136133219335,-0.03266351353252936
5950,6320.918880337,-0.016349621106280462,0.0035342709404553654,-0.032699242212560924
5951,6321.415499802,-0.016350560574245745,0.0034726711170123,-0.03270112114849149
5952,6322.118186693,-0.01634819958640944,0.0033885064135005544,-0.03269639917281888
5953,6323.182594445,-0.016337083991901327,0.003268297396652264,-0.032674167983802654
5954,6323.689061224,-0.016328918595613553,0.0032144097400654864,-0.032657837191227106
5955,6324.348503494,-0.01631581850679703,0.00314763937466612,-0.03263163701359406
5956,6325.991157332,-0.016273077926288612,0.0029990111321804794,-0.032546155852577224
5957,6326.550698605,-0.01625592456230388,0.002954421338849842,-0.03251184912460776
5958,6327.709329596,-0.016217584037500097,0.002872217762650873,-0.032435168075000194
5959,6328.768971502,-0.01618055582857281,0.00280920293762988,-0.03236111165714562
5960,6329.665095499,-0.016148931112090988,0.0027650456216272434,-0.032297862224181975
5961,6330.240406355,-0.01612893103436604,0.0027410890471595587,-0.03225786206873208
5962,6331.108424755,-0.01609981846932938,0.002711363191949048,-0.03219963693865876
5963,6332.346151109,-0.0160619592096766,0.002682001252697231,-0.0321239184193532
5964,6333.196346147,-0.016039496858788995,0.002670356958962987,-0.03207899371757799
5965,6333.916050927,-0.01602335305204162,0.0026656554429211185,-0.03204670610408324
5966,6334.410684882,-0.016014015256405098,0.0026650387918837923,-0.032028030512810196
5967,6335.356899772,-0.016000666129130876,0.0026694511452438016,-0.03200133225826175
5968,6337.04424881,-0.01599387937402223,0.0026936865031142415,-0.03198775874804446
5969,6337.822038198,-0.01599908739080291,0.0027109365029662513,-0.03199817478160582
5970,6339.041957468,-0.016019049387678334,0.0027442078764818166,-0.03203809877535667
5971,6339.248808947,-0.01602393810961876,0.002750483954161051,-0.03204787621923752
5972,6340.441439654,-0.016061069057190343,0.002789418985697652,-0.03212213811438069
5973,6341.029239095,-0.016085153674573763,0.0028099156755456755,-0.032170307349147526
5974,6341.95415917,-0.016131048435070308,0.002843132290508279,-0.032262096870140616
5975,6343.025918904,-0.01619673509353365,0.0028819149529770113,-0.0323934701870673
5976,6343.639577677,-0.016240476533691022,0.002903673151422566,-0.032480953067382044
5977,6345.124572354,-0.0163648943268015,0.0029527863401311604,-0.032729788653603
5978,6345.812781596,-0.016431414278326156,0.0029729192303413303,-0.03286282855665231
5979,6346.708588292,-0.016526261093695604,0.002995663393012919,-0.03305252218739121
5980,6347.512774839,-0.016619187193689017,0.0030120288173252937,-0.033238374387378034
5981,6348.864774975,-0.016791330780259434,0.003028988208143222,-0.03358266156051887
5982,6349.694650325,-0.0169063573880459,0.0030317169683187276,-0.0338127147760918
5983,6350.349366018,-0.01700181181794143,0.0030291948688378955,-0.03400362363588286
5984,6350.797904043,-0.01706947558683887,0.0030249038738346997,-0.03413895117367774
5985,6352.124095647,-0.017279480060840537,0.0029989893206200653,-0.034558960121681075
5986,6352.824041916,-0.017395737124023983,0.0029767437405652025,-0.03479147424804797
5987,6353.48723619,-0.017508915266661755,0.002949819159605375,-0.03501783053332351
5988,6355.408107878,-0.01785015807142831,0.0028374661358121066,-0.03570031614285662
5989,6355.9301309,-0.017945521510447714,0.002797621953483082,-0.03589104302089543
5990,6356.98410693,-0.018140197316555674,0.0027044624623816437,-0.03628039463311135
5991,6357.606857658,-0.018256031945130227,0.00264124454943952,-0.03651206389026045
5992,6358.315701848,-0.018388074222349206,0.0025617554734278848,-0.03677614844469841
5993,6359.169623808,-0.018546702765532705,0.0024552178331903865,-0.03709340553106541
5994,6360.503448522,-0.018791417799498614,0.002265024891198949,-0.03758283559899723
5995,6361.108114372,-0.01890030085345026,0.0021692378938032823,-0.03780060170690052
5996,6362.082499058,-0.019071929482375287,0.0020024067146961425,-0.038143858964750574
5997,6362.685361831,-0.01917522730406916,0.0018915574713087074,-0.03835045460813832
5998,6363.900839548,-0.019375231717191417,0.0016506999363618256,-0.038750463434382834
5999,6365.283583744,-0.019586513545929603,0.0013494333382665941,-0.03917302709185921
6000,6365.852321021,-0.019667560107951062,0.0012174679811592256,-0.039335120215902124
6001,6366.671353345,-0.019777555921462246,0.0010195838765871628,-0.03955511184292449
6002,6367.958813533,-0.019932851962631996,0.0006908991198165043,-0.03986570392526399
6003,6368.43809422,-0.01998471172200607,0.0005634005285882756,-0.03996942344401214
6004,6369.245882999,-0.020064287432193587,0.0003426899126767778,-0.04012857486438717
6005,6369.770229024,-0.020110449899989256,0.00019576134231401204,-0.04022089979997851
6006,6370.898050448,-0.02019431563544593,-0.00012907918360032043,-0.04038863127089186
6007,6372.415682394,-0.02027201339157417,-0.0005823143370987262,-0.04054402678314834
6008,6373.173152452,-0.02029493650241824,-0.0008140491895820948,-0.04058987300483648
6009,6374.053534359,-0.02030782114051274,-0.0010868595845135406,-0.04061564228102548
6010,6375.032404909,-0.020304380347906475,-0.0013933247323911317,-0.04060876069581295
6011,6375.599195636,-0.020293696193827496,-0.00157171457348553,-0.04058739238765499
6012,6376.76454917,-0.020251461169528973,-0.0019391584921616373,-0.040502922339057945
6013,6377.511439945,-0.02020997109006568,-0.0021741460164792733,-0.04041994218013136
6014,6378.55014573,-0.020133538597534778,-0.0024987509953129892,-0.040267077195069556
6015,6379.246624189,-0.02007014882379122,-0.0027141393724552576,-0.04014029764758244
6016,6379.959409796,-0.019995287382919974,-0.002932002799560307,-0.03999057476583995
6017,6381.143665232,-0.01984894713673699,-0.0032866295495055362,-0.03969789427347398
6018,6381.848039062,-0.019749194445434295,-0.003492275191701549,-0.03949838889086859
6019,6383.410238912,-0.019495457257107753,-0.003931123815714212,-0.038990914514215505
6020,6384.459219016,-0.019301165017730562,-0.004210195334307936,-0.038602330035461124
6021,6384.920488511,-0.01920998019683511,-0.004328434100864799,-0.03841996039367022
6022,6385.578203508,-0.01907416827463138,-0.004491939472538612,-0.03814833654926276
6023,6386.357077119,-0.018904933608092204,-0.004677375478887718,-0.03780986721618441
6024,6387.528294108,-0.01863450895535809,-0.0049383171612365434,-0.03726901791071618
6025,6388.197850517,-0.018472015363627522,-0.0050772341383778655,-0.036944030727255044
6026,6389.36085337,-0.018177600229820973,-0.005299732647275541,-0.03635520045964195
6027,6390.006152211,-0.01800829013329184,-0.005412472649452474,-0.03601658026658368
6028,6391.686645484,-0.017550949640120928,-0.0056685047748823185,-0.035101899280241856
6029,6392.187328679,-0.01741092803697949,-0.0057339817969320975,-0.03482185607395898
6030,6392.718575156,-0.017260878152969505,-0.005797913446112937,-0.03452175630593901
6031,6394.065073886,-0.01687541539752377,-0.0059340644558259215,-0.03375083079504754
6032,6395.031740701,-0.016595936049434063,-0.006008697261166211,-0.033191872098868126
6033,6395.668869606,-0.01641133161465289,-0.006047290694756077,-0.03282266322930578
6034,6396.729259797,-0.016104746525021935,-0.006092920139820684,-0.03220949305004387
6035,6397.361130693,-0.015923148856912508,-0.0061091445657578125,-0.031846297713825016
6036,6397.78608117,-0.015801743033236997,-0.006115499276785062,-0.03160348606647399
6037,6399.176640347,-0.0154102243135802,-0.006111128022224277,-0.0308204486271604
6038,6400.746238658,-0.01498305277757809,-0.006061396613506186,-0.02996610555515618
6039,6401.323625925,-0.014830967496312549,-0.00603167292103992,-0.029661934992625098
6040,6402.175290622,-0.014612476167597673,-0.005977130056203823,-0.029224952335195346
6041,6403.110886587,-0.014381371027961689,-0.005903157042032386,-0.028762742055923378
6042,6403.861397515,-0.014203420716502352,-0.005833753123977474,-0.028406841433004704
6043,6404.767039731,-0.013998274864520151,-0.005738825737270472,-0.027996549729040303
6044,6405.178961948,-0.013908642815131794,-0.0056918352775596585,-0.02781728563026359
6045,6406.748283859,-0.013589724023502277,-0.005492933067903892,-0.027179448047004555
6046,6407.612952819,-0.013430153308818695,-0.005371271117305289,-0.02686030661763739
6047,6408.077160918,-0.013349448756854124,-0.005302848121115445,-0.02669889751370825
6048,6409.27902119,-0.013157142615394397,-0.005116880541698048,-0.026314285230788794
6049,6410.353801336,-0.013006069193134379,-0.0049415262143474754,-0.026012138386268757
6050,6411.384469329,-0.012880169186108924,-0.00476722178223383,-0.025760338372217848
6051,6412.247558438,-0.012789203486188266,-0.00461791330231566,-0.02557840697237653
6052,6413.040420059,-0.012717302752587822,-0.004479003933478124,-0.025434605505175643
6053,6413.833451375,-0.012656532638905456,-0.004339203164921758,-0.025313065277810912
6054,6414.570290069,-0.012609986265663922,-0.004209221584039834,-0.025219972531327843
6055,6415.462076136,-0.012566265028664725,-0.004052701166248952,-0.02513253005732945
6056,6416.175908959,-0.012541047067573731,-0.003928718487986929,-0.025082094135147462
6057,6417.378052854,-0.012517679171984106,-0.0037241270094869913,-0.025035358343968212
6058,6418.792599643,-0.012519547571072855,-0.00349301969213441,-0.02503909514214571
6059,6419.692022861,-0.012536299298723528,-0.003353098616406552,-0.025072598597447055
6060,6420.182578627,-0.012550250642682462,-0.0032794788603805244,-0.025100501285364923
6061,6421.255935828,-0.012591944680220285,-0.003125814885055352,-0.02518388936044057
6062,6421.491228644,-0.012603035176082217,-0.0030935894808558004,-0.025206070352164434
6063,6423.414486177,-0.012717434037910242,-0.0028520170926788747,-0.025434868075820485
6064,6423.764508954,-0.012742402207844327,-0.002812522596150562,-0.025484804415688653
6065,6424.401461603,-0.012790729232947058,-0.002744416438581709,-0.025581458465894116
6066,6425.399747335,-0.012873264549589898,-0.0026477910635721294,-0.025746529099179797
6067,6426.480014182,-0.012970541386296516,-0.002557686710027268,-0.025941082772593032
6068,6427.401528361,-0.013058782568818051,-0.002493077213700808,-0.026117565137636103
6069,6428.587583739,-0.013177604747190883,-0.002426875706279993,-0.026355209494381766
6070,6429.468848693,-0.01326842630095265,-0.002390155688272248,-0.0265368526019053
6071,6430.694571981,-0.013396329212752635,-0.002356725084062754,-0.02679265842550527
6072,6430.918186134,-0.013419684988977177,-0.0023528218971536085,-0.026839369977954355
6073,6431.981683246,-0.013530065766576805,-0.002343383523231825,-0.02706013153315361
6074,6432.43330308,-0.013576322890247069,-0.0023438659148646065,-0.027152645780494138
6075,6433.622387486,-0.013695200906034707,-0.002357541608073068,-0.027390401812069413
6076,6434.514944025,-0.013780668828865432,-0.002379179101324974,-0.027561337657730865
6077,6435.774652679,-0.013893994293907731,-0.0024252914577200836,-0.027787988587815463
6078,6436.905185938,-0.013986787779313368,-0.0024810162188580944,-0.027973575558626736
6079,6437.123406603,-0.0140035970855529,-0.0024932207039830554,-0.0280071941711058
6080,6438.740481005,-0.014115691318843986,-0.002596814250887893,-0.02823138263768797
6081,6439.140618634,-0.014139787197766315,-0.002625707818534906,-0.02827957439553263
6082,6440.125226421,-0.014192422350225086,-0.0027015499636541024,-0.028384844700450173
6083,6441.140573843,-0.014236280362809533,-0.0027858666821954287,-0.028472560725619066
6084,6441.894099406,-0.014261668031115365,-0.0028517014907181813,-0.02852333606223073
6085,6442.897533673,-0.014285673940755578,-0.002942654350772089,-0.028571347881511156
6086,6443.565266181,-0.01429531258274938,-0.0030046755827138954,-0.02859062516549876
6087,6443.978372086,-0.014298709647709162,-0.003043442827889457,-0.028597419295418324
6088,6445.971515285,-0.014287382549801707,-0.0032315183109896976,-0.028574765099603414
6089,6447.022174123,-0.014263067518199099,-0.0033289368479641067,-0.028526135036398198
6090,6447.474618172,-0.014248776677910958,-0.0033700095505581414,-0.028497553355821915
6091,6448.246132866,-0.014219226120783685,-0.0034383758006358684,-0.02843845224156737
6092,6449.332054724,-0.014166913844735856,-0.003530079876772517,-0.02833382768947171
6093,6449.896208786,-0.01413499135621313,-0.003575187514791919,-0.02826998271242626
6094,6450.770449031,-0.014079448050312889,-0.003641062489247597,-0.028158896100625778
6095,6451.965072774,-0.013992411926304299,-0.0037220014798889263,-0.027984823852608597
6096,6452.616809388,-0.013939956477796741,-0.0037611888296059854,-0.027879912955593483
6097,6453.681785667,-0.013847502261662576,-0.0038168531123942127,-0.027695004523325153
6098,6454.861307375,-0.013736637195419872,-0.0038653307118135523,-0.027473274390839745
6099,6455.690820622,-0.013654266481768321,-0.003890511038366258,-0.027308532963536643
6100,6456.243758468,-0.013597714823483119,-0.0039030042927665548,-0.027195429646966238
6101,6457.653867884,-0.013449094778959168,-0.003918672372900065,-0.026898189557918336
6102,6458.658611073,-0.01334084347302803,-0.003915177132117341,-0.02668168694605606
6103,6459.06782743,-0.013296542127878064,-0.003910181177355349,-0.026593084255756128
6104,6459.952831321,-0.013200885988509102,-0.0038922343968544847,-0.026401771977018203
6105,6460.534639478,-0.013138466959500664,-0.0038750971166342904,-0.02627693391900133
6106,6461.614784191,-0.013024571419549954,-0.003832075404110363,-0.02604914283909991
6107,6462.852814106,-0.012899029908121787,-0.0037650690587921307,-0.025798059816243574
6108,6463.724097146,-0.012815149839400464,-0.003706855836091146,-0.025630299678800927
6109,6465.143720813,-0.012688807739417383,-0.0035932642200918606,-0.025377615478834766
6110,6465.743873967,-0.012639955792101056,-0.0035385843556280006,-0.025279911584202112
6111,6466.2957337,-0.01259774471862117,-0.00348499333428912,-0.02519548943724234
6112,6467.193447824,-0.012535120303396338,-0.0033913788673406446,-0.025070240606792676
6113,6468.092790956,-0.012480552191079313,-0.0032901345149751243,-0.024961104382158626
6114,6469.131125191,-0.012428657071698294,-0.0031648441970891774,-0.024857314143396588
6115,6470.197357328,-0.01238875849813184,-0.0030279750240396427,-0.02477751699626368
6116,6470.701077817,-0.012374905176303663,-0.0029607995613406633,-0.024749810352607326
6117,6471.560457479,-0.01235900828773305,-0.0028430264054925256,-0.0247180165754661
6118,6472.78020159,-0.012353858555941321,-0.0026703609884309626,-0.024707717111882643
6119,6473.798648697,-0.012365795576984164,-0.002522760078990187,-0.02473159115396833
6120,6475.021493493,-0.012400221242876864,-0.0023435319904550715,-0.024800442485753728
6121,6475.727754608,-0.01243024284356355,-0.00223994350987857,-0.0248604856871271
6122,6476.113123924,-0.01244977304149401,-0.0021836245453093666,-0.02489954608298802
6123,6477.481705763,-0.012537089383825025,-0.001986164102190828,-0.02507417876765005
6124,6478.027176625,-0.01257965627328348,-0.0019091343386929435,-0.02515931254656696
6125,6478.831342933,-0.012650376195087862,-0.001797997989077499,-0.025300752390175724
6126,6479.431139218,-0.012709213210772731,-0.0017173661917231123,-0.025418426421545463
6127,6481.273679157,-0.012921391232296419,-0.0014850419746066529,-0.025842782464592838
6128,6482.002790372,-0.013017870554520425,-0.0014008101926906245,-0.02603574110904085
6129,6483.00670461,-0.013161588058219736,-0.001293271877072695,-0.026323176116439473
6130,6483.450189796,-0.013228894147192935,-0.0012491552394647922,-0.02645778829438587
6131,6484.519323277,-0.013400143578705396,-0.0011520965396752802,-0.026800287157410792
6132,6485.713209327,-0.013605148559867865,-0.0010605029124772089,-0.02721029711973573
6133,6486.163374262,-0.013685851625843463,-0.0010308866601353144,-0.027371703251686925
6134,6487.445215264,-0.013924574894492248,-0.0009622368368084825,-0.027849149788984496
6135,6487.830216813,-0.01399856942517988,-0.0009463228025770137,-0.02799713885035976
6136,6488.926620779,-0.014214111612224455,-0.0009134078129979521,-0.02842822322444891
6137,6489.622575931,-0.01435401192389953,-0.0009022934908071369,-0.02870802384779906
6138,6490.906097872,-0.014616460147878305,-0.0009022919611826739,-0.02923292029575661
6139,6492.190210433,-0.014882171627818267,-0.0009294236326518731,-0.029764343255636535
6140,6492.813486515,-0.01501133660341584,-0.0009524800744315579,-0.03002267320683168
6141,6494.004710693,-0.0152568837707644,-0.001014536225226468,-0.0305137675415288
6142,6494.622125319,-0.015382793308218389,-0.0010559404520010477,-0.030765586616436778
6143,6494.866454096,-0.015432255871031825,-0.0010740522298558072,-0.03086451174206365
6144,6496.007974725,-0.01565983878909412,-0.00117147590117013,-0.03131967757818824
6145,6497.279308278,-0.01590453083904621,-0.0013042133671856595,-0.03180906167809242
6146,6498.03876946,-0.01604514297304475,-0.0013952421512214435,-0.0320902859460895
6147,6498.834863258,-0.016187280870237786,-0.0014996862190579268,-0.03237456174047557
6148,6500.031689481,-0.016389430211884482,-0.0016732023513907383,-0.032778860423768964
6149,6501.207453992,-0.01657274075188334,-0.0018615980431124853,-0.03314548150376668
6150,6501.665184352,-0.016639608531488752,-0.001939386113124805,-0.033279217062977505
6151,6502.566972222,-0.016763434572452544,-0.0020993449675964135,-0.03352686914490509
6152,6503.701543494,-0.01690340641767734,-0.002312070815429033,-0.03380681283535468
6153,6504.732509796,-0.017014347905656958,-0.002514994007024663,-0.034028695811313917
6154,6505.408729994,-0.0170783142546426,-0.0026523273497620365,-0.0341566285092852
6155,6505.667900632,-0.017100931818388024,-0.002705739526834115,-0.03420186363677605
6156,6507.137020078,-0.01720872990039517,-0.003015168440166977,-0.03441745980079034
6157,6507.477752628,-0.01722868394268013,-0.003088235407875867,-0.03445736788536026
6158,6509.6182528,-0.017309593760936704,-0.0035531278323909605,-0.03461918752187341
6159,6510.058208139,-0.01731665679451357,-0.0036490839165510508,-0.03463331358902714
6160,6510.892054061,-0.01732110086792681,-0.003830387471505713,-0.03464220173585362
6161,6511.726223192,-0.01731391375005793,-0.004010269141120852,-0.03462782750011586
6162,6512.566938401,-0.01729505822059194,-0.004189149646816008,-0.03459011644118388
6163,6513.360945148,-0.017266754442289436,-0.004355061706897906,-0.03453350888457887
6164,6514.38262427,-0.01721575402623336,-0.0045630057970291425,-0.03443150805246672
6165,6515.052647859,-0.017173691198592234,-0.004695318681801834,-0.03434738239718447
6166,6516.171290291,-0.017088949728393775,-0.004907769787636778,-0.03417789945678755
6167,6517.240330845,-0.016991960827807948,-0.00509946778413448,-0.033983921655615895
6168,6517.861387847,-0.016928906689380976,-0.005205143018278183,-0.03385781337876195
6169,6518.808197452,-0.016823990360100495,-0.005357451131473119,-0.03364798072020099
6170,6520.320492652,-0.01663663746185261,-0.005576714421340452,-0.03327327492370522
6171,6520.90996494,-0.016557815088727723,-0.005653593842295373,-0.033115630177455446
6172,6521.788872386,-0.016435113659362174,-0.005758754814453901,-0.03287022731872435
6173,6522.371597082,-0.016350753895628203,-0.005822025420346732,-0.032701507791256405
6174,6523.377319126,-0.016200470146102305,-0.00591872697879078,-0.03240094029220461
6175,6524.089123053,-0.01609121817772458,-0.005977373438871806,-0.03218243635544916
6176,6524.898764044,-0.015964830244296,-0.0060340126334656186,-0.031929660488592
6177,6526.082562691,-0.01577762551906415,-0.006097270396965143,-0.0315552510381283
6178,6527.431766364,-0.015563759374508317,-0.006140844902271484,-0.031127518749016633
6179,6528.187904465,-0.015445037699746304,-0.006152017768642963,-0.03089007539949261
6180,6529.103609832,-0.01530355707806183,-0.006152959723602894,-0.03060711415612366
6181,6529.761023942,-0.015204151381186132,-0.006145263649640039,-0.030408302762372264
6182,6530.427671756,-0.015105697792494772,-0.006130456725253706,-0.030211395584989545
6183,6531.5987075,-0.014939796843262246,-0.006087867842792864,-0.029879593686524493
6184,6532.693567138,-0.014794529854639346,-0.006029751447481651,-0.029589059709278692
6185,6533.491429405,-0.014695706462273025,-0.005976872025029191,-0.02939141292454605
6186,6533.871387071,-0.014650949154065757,-0.0059487219536261335,-0.029301898308131513
6187,6534.762937011,-0.014552243096208681,-0.005875538159830827,-0.029104486192417362
6188,6536.470053698,-0.014390440846913845,-0.00570990235155503,-0.02878088169382769
6189,6537.054650214,-0.014343981266150361,-0.00564631619603352,-0.028687962532300722
6190,6538.142600402,-0.014270609387984115,-0.0055199629105655715,-0.02854121877596823
6191,6539.169984549,-0.014217718008102289,-0.005392397826068064,-0.028435436016204577
6192,6539.724960985,-0.014196035489790478,-0.005320709719048106,-0.028392070979580956
6193,6540.63890676,-0.01417116875460521,-0.005199220713372956,-0.02834233750921042
6194,6541.354659155,-0.014161301829010962,-0.0051017324469161225,-0.028322603658021923
6195,6541.862394583,-0.014159496313821887,-0.005031665307753812,-0.028318992627643775
6196,6543.51765705,-0.014183913379881823,-0.004800641474696678,-0.028367826759763647
6197,6544.117508866,-0.014204267104125852,-0.004716907936395911,-0.028408534208251703
6198,6545.406761306,-0.01426864719626957,-0.004539155191197762,-0.02853729439253914
6199,6546.203853146,-0.014322382867712759,-0.004431916460520742,-0.028644765735425518
6200,6546.926187187,-0.014380103451986313,-0.004337269053850773,-0.028760206903972626
6201,6547.849360758,-0.01446607952544485,-0.004220727804675877,-0.0289321590508897
6202,6549.1298631,-0.014607205208156337,-0.00406926299994474,-0.029214410416312675
6203,6549.691789354,-0.014676827974443645,-0.004007190110836823,-0.02935365594888729
6204,6550.283449196,-0.014754984380883157,-0.003945095063726233,-0.029509968761766314
6205,6551.606750605,-0.014946842681160347,-0.0038196248083947485,-0.029893685362320694
6206,6552.137913651,-0.015030084163349826,-0.0037749461212549314,-0.03006016832669965
6207,6552.822686786,-0.015142288096485317,-0.003722537643908191,-0.030284576192970633
6208,6554.188696831,-0.01538116399468207,-0.003636653152108874,-0.03076232798936414
6209,6555.776866674,-0.01568053603275272,-0.0035705385984843964,-0.03136107206550544
6210,6556.290164156,-0.015781445062168272,-0.003557392266228505,-0.031562890124336544
6211,6556.932787603,-0.015910166741132502,-0.003546804791091725,-0.031820333482265005
6212,6557.550866184,-0.016036148885933153,-0.0035428966826424654,-0.03207229777186631
6213,6558.710265696,-0.01627701733208676,-0.0035524983508373855,-0.03255403466417352
6214,6559.459473094,-0.016434935918975418,-0.003570630570055514,-0.032869871837950836
6215,6560.485236248,-0.016652709498148077,-0.003610797161353858,-0.03330541899629615
6216,6561.246375942,-0.016814610564584925,-0.00365208723264049,-0.03362922112916985
6217,6562.260958256,-0.0170295778157626,-0.0037222736458516043,-0.0340591556315252
6218,6563.369421996,-0.017261673709943158,-0.0038184993578278268,-0.034523347419886316
6219,6564.166004197,-0.017425621836346324,-0.0039000047075648516,-0.03485124367269265
6220,6565.225896725,-0.017638717555382235,-0.0040240151133151235,-0.03527743511076447
6221,6565.916463679,-0.017773768645128574,-0.004114075062171224,-0.03554753729025715
6222,6567.222123704,-0.018019236719582814,-0.004303392797877022,-0.03603847343916563
6223,6567.810942959,-0.01812512791562314,-0.004396533156809601,-0.03625025583124628
6224,6568.585110674,-0.018259267628670087,-0.004525915878732738,-0.036518535257340175
6225,6569.319354207,-0.018380742668557087,-0.0046555145993013025,-0.03676148533711417
6226,6569.866289056,-0.018467354048911543,-0.004756160646448688,-0.03693470809782309
6227,6571.34939708,-0.0186843180949841,-0.00504518725812393,-0.0373686361899682
6228,6572.768540539,-0.0188655924683982,-0.005340964094998295,-0.0377311849367964
6229,6573.166263739,-0.018911511331098564,-0.005426731311614234,-0.03782302266219713
6230,6574.230084645,-0.019023429627481016,-0.0056613479047982135,-0.03804685925496203
6231,6575.279364268,-0.01911789499140537,-0.005898937913760571,-0.03823578998281074
6232,6575.921041737,-0.019167723605550562,-0.006046578604963202,-0.038335447211101124
6233,6576.290007733,-0.019193621331333094,-0.006132101700042728,-0.03838724266266619
6234,6577.842444727,-0.019280464808843482,-0.006495215713428776,-0.038560929617686965
6235,6578.668340545,-0.019312133451227075,-0.006689308651424458,-0.03862426690245415
6236,6579.281726766,-0.019329188424893697,-0.006833271715591303,-0.038658376849787394
6237,6580.253132475,-0.01934509728237626,-0.007060108210867736,-0.03869019456475252
6238,6581.106726792,-0.01934808634667992,-0.007257440522855114,-0.03869617269335984
6239,6582.366235017,-0.019334399194138943,-0.007543485142927994,-0.038668798388277886
6240,6583.647989893,-0.019299470889605045,-0.007826115812171425,-0.03859894177921009
6241,6584.025065237,-0.019285384311927004,-0.007907294923844654,-0.03857076862385401
6242,6585.152149259,-0.01923360472318124,-0.00814379147012806,-0.03846720944636248
6243,6585.766065749,-0.019199645474068414,-0.00826837036543937,-0.03839929094813683
6244,6586.365117608,-0.019162871250610586,-0.008386797116408422,-0.03832574250122117
6245,6587.679935019,-0.01907066891679662,-0.008635016863943216,-0.03814133783359324
6246,6588.133534515,-0.019035544678020756,-0.00871669143722754,-0.03807108935604151
6247,6589.210210195,-0.018946261372653584,-0.008901941987405081,-0.03789252274530717
6248,6590.863205277,-0.018795882984889364,-0.009161606504732904,-0.03759176596977873
6249,6591.491048593,-0.018735538046650187,-0.009252087570396484,-0.03747107609330037
6250,6592.144011229,-0.018671411669423103,-0.00934133527591327,-0.037342823338846205
6251,6592.845950012,-0.018601323007964434,-0.009431720548154705,-0.03720264601592887
6252,6594.035062428,-0.018481087038187655,-0.009571684026010604,-0.03696217407637531
6253,6595.182141382,-0.01836503769487987,-0.009691166213049482,-0.03673007538975974
6254,6595.672779584,-0.018315856490412237,-0.009737696427238578,-0.036631712980824474
6255,6596.500204524,-0.018234085763401908,-0.009810104371730483,-0.036468171526803816
6256,6597.265170319,-0.01816029938040416,-0.009870458086475834,-0.03632059876080832
6257,6598.340695484,-0.01806051745342087,-0.009945069437130109,-0.03612103490684174
6258,6599.176046768,-0.01798699497786485,-0.009995202972658447,-0.0359739899557297
6259,6600.753780455,-0.017859887746216104,-0.010072883942435709,-0.03571977549243221
6260,6601.347457984,-0.01781664789467124,-0.010096899404505267,-0.03563329578934248
6261,6602.390527991,-0.017747530970894047,-0.010133042245272061,-0.03549506194178809
6262,6602.977753482,-0.017712731001877986,-0.01015035602983739,-0.03542546200375597
6263,6603.897138837,-0.017664590352877756,-0.010173704116617907,-0.03532918070575551
6264,6604.427167139,-0.01764050805707044,-0.010185371963633,-0.03528101611414088
6265,6605.39955434,-0.017603601126114095,-0.010204055658275177,-0.03520720225222819
6266,6606.694580788,-0.017569596472790428,-0.010225120462597248,-0.035139192945580856
6267,6607.765474189,-0.017554920107272044,-0.010240994812165354,-0.03510984021454409
6268,6607.967781789,-0.01755353087601761,-0.010243975958056834,-0.03510706175203522
6269,6609.741917966,-0.017560199151597757,-0.010272149659085928,-0.035120398303195514
6270,6610.094415677,-0.017565525068747156,-0.010278552658982709,-0.03513105013749431
6271,6611.386797396,-0.017596134429247876,-0.010305843449395618,-0.03519226885849575
6272,6612.007975269,-0.017616887718288836,-0.010321651014815188,-0.03523377543657767
6273,6612.907977502,-0.017653627321675608,-0.010348431370704994,-0.035307254643351216
6274,6614.10382939,-0.017714009488763324,-0.010392437275699442,-0.03542801897752665
6275,6614.525354352,-0.017738249946360876,-0.01041056087060883,-0.03547649989272175
6276,6615.245604673,-0.01778299319266753,-0.010445021436268798,-0.03556598638533506
6277,6616.001321093,-0.017834152230549554,-0.010486273691741294,-0.03566830446109911
6278,6617.823120342,-0.017972805510718164,-0.010609576354168149,-0.03594561102143633
6279,6618.582598754,-0.018035883964598855,-0.010671853120573956,-0.03607176792919771
6280,6619.598203883,-0.018123875783064333,-0.010765917493726618,-0.036247751566128666
6281,6620.243653082,-0.018181443756960354,-0.01083237644732205,-0.03636288751392071
6282,6620.801846218,-0.01823195113055579,-0.010894165951054354,-0.03646390226111158
6283,6621.897593444,-0.018332147767682425,-0.011027392514585076,-0.03666429553536485
6284,6622.896150264,-0.018423439309267462,-0.011162865002997993,-0.036846878618534924
6285,6623.574968354,-0.018484774810727175,-0.011262726226622133,-0.03696954962145435
6286,6624.663719463,-0.018580700898354317,-0.01143609302308208,-0.03716140179670863
6287,6625.250125791,-0.01863058069052514,-0.011536195262543304,-0.03726116138105028
6288,6626.6362873,-0.018741574486383892,-0.011791321988343829,-0.037483148972767784
6289,6627.460241762,-0.018801775660924187,-0.011955050776113156,-0.03760355132184837
6290,6628.061836653,-0.018842464241303408,-0.012080120490742155,-0.037684928482606815
6291,6629.891281103,-0.01894608245515655,-0.012487776158043432,-0.0378921649103131
6292,6630.11041843,-0.018956211107327668,-0.012539232211611608,-0.037912422214655336
6293,6631.038268217,-0.01899303985673211,-0.012762916946010882,-0.03798607971346422
6294,6631.547698185,-0.019008858636037743,-0.012889552175717285,-0.03801771727207549
6295,6632.548656712,-0.01903017086647302,-0.013145678836550403,-0.03806034173294604
6296,6633.484002021,-0.019037619105357895,-0.013392996920765508,-0.03807523821071579
6297,6634.352598133,-0.019033050345134316,-0.013628743378109615,-0.03806610069026863
6298,6635.696775491,-0.019002856211877233,-0.014003195087240811,-0.038005712423754466
6299,6636.654287339,-0.018963362735420406,-0.014275543226539658,-0.03792672547084081
6300,6637.625363681,-0.01890740770217969,-0.014555107576125206,-0.03781481540435938
6301,6638.090473849,-0.01887480546562336,-0.014689823650278405,-0.03774961093124672
6302,6639.075753371,-0.018793112649962328,-0.01497609467611612,-0.037586225299924655
6303,6639.859562436,-0.01871573217083382,-0.01520391507730727,-0.03743146434166764
6304,6641.055120834,-0.01857637951773334,-0.015549770433129146,-0.03715275903546668
6305,6641.786228642,-0.018478458434130547,-0.015759305865273122,-0.036956916868261094
6306,6642.644283634,-0.01835130450187691,-0.016002344176883555,-0.03670260900375382
6307,6643.292547542,-0.018246564462748388,-0.016183335870374103,-0.036493128925496776
6308,6644.119902868,-0.018102203250019176,-0.01641032095653335,-0.03620440650003835
6309,6645.918402374,-0.017748298378004467,-0.016884376475992096,-0.035496596756008934
6310,6646.611795536,-0.017597773967342367,-0.017058669119154664,-0.03519554793468473
6311,6647.322423863,-0.017435776715097964,-0.017231655577692188,-0.03487155343019593
6312,6648.077919597,-0.017255316992725013,-0.01740877323139626,-0.034510633985450026
6313,6649.384089934,-0.01692452030261391,-0.017696908580831863,-0.03384904060522782
6314,6649.647351977,-0.016855133236953125,-0.017752016993644322,-0.03371026647390625
6315,6650.38313498,-0.016656700982908158,-0.017900443360078552,-0.033313401965816315
6316,6651.545139434,-0.016330789414519774,-0.018117244517491415,-0.03266157882903955
6317,6652.58366101,-0.01602798772657638,-0.018291705614806267,-0.03205597545315276
6318,6653.941240679,-0.015618448913325882,-0.018490715264837025,-0.031236897826651764
6319,6654.366268487,-0.015487561051218188,-0.018546008029284473,-0.030975122102436376
6320,6655.334573449,-0.015185557570842126,-0.01865913876335758,-0.030371115141684252
6321,6656.446114677,-0.014833861903387167,-0.01876658688599425,-0.029667723806774335
6322,6657.053755493,-0.0146400819633098,-0.01881504334133134,-0.0292801639266196
6323,6658.335707229,-0.014229700483531059,-0.018893209950262523,-0.028459400967062117
6324,6659.055077833,-0.013999508783235658,-0.018922741931536192,-0.027999017566471315
6325,6659.521842321,-0.013850557137993103,-0.01893640706640314,-0.027701114275986205
6326,6660.503555598,-0.013539161502981047,-0.01895112722916988,-0.027078323005962093
6327,6661.461648933,-0.013238918801381016,-0.018947392984339048,-0.026477837602762032
6328,6662.346720632,-0.012965986858754306,-0.018928376738936537,-0.025931973717508612
6329,6663.719022678,-0.012553761393720438,-0.018870267203533825,-0.025107522787440877
6330,6664.87291695,-0.012219890071772458,-0.018795645450638113,-0.024439780143544917
6331,6665.432916954,-0.01206274709524562,-0.01875136103303197,-0.02412549419049124
6332,6666.236097926,-0.011843549876710975,-0.018679078332794787,-0.02368709975342195
6333,6666.808353083,-0.011692139947034061,-0.018621539150917115,-0.023384279894068122
6334,6667.616350899,-0.01148558930620817,-0.01853219231539367,-0.02297117861241634
6335,6669.09736227,-0.011130743019544033,-0.018345737884606052,-0.022261486039088067
6336,6669.810009518,-0.010971719136489236,-0.018246560911429687,-0.021943438272978472
6337,6670.175702316,-0.010893223275306183,-0.018193510690261382,-0.021786446550612366
6338,6671.713778808,-0.010587112602815963,-0.017956182399222868,-0.021174225205631926
6339,6672.526465395,-0.010441610843389099,-0.01782279260811368,-0.020883221686778197
6340,6673.539418182,-0.010276511670501004,-0.017650372449938573,-0.020553023341002008
6341,6674.254359554,-0.010171041890822092,-0.017525377380039776,-0.020342083781644184
6342,6675.608127236,-0.009996739811924324,-0.01728347906291263,-0.019993479623848648
6343,6676.021079515,-0.009950224156830651,-0.01720881035136582,-0.019900448313661303
6344,6677.034062071,-0.009849284610635221,-0.017024963394814314,-0.019698569221270442
6345,6677.773602311,-0.009787340457741829,-0.01689086675866205,-0.019574680915483658
6346,6678.438197869,-0.00974004344482718,-0.01677103287158559,-0.01948008688965436
6347,6679.147300423,-0.009698197371841601,-0.0166444017236825,-0.019396394743683203
6348,6680.890098038,-0.009632103967180077,-0.016341858732122034,-0.019264207934360154
6349,6681.885127242,-0.009616848946400422,-0.016176896180847198,-0.019233697892800845
6350,6682.565640307,-0.009615347437744498,-0.01606821017032357,-0.019230694875488997
6351,6683.184617812,-0.009620019971388599,-0.01597266131751072,-0.019240039942777197
6352,6684.323087145,-0.009642864935459556,-0.015806128443786024,-0.019285729870919113
6353,6685.084637365,-0.009667829023799432,-0.01570207148875105,-0.019335658047598864
6354,6685.936244319,-0.009704242034090985,-0.01559333095135604,-0.01940848406818197
6355,6686.656349752,-0.009741514048944364,-0.01550807382890941,-0.019483028097888728
6356,6688.040741921,-0.009828065143701433,-0.015362584820521571,-0.019656130287402866
6357,6688.503502135,-0.009860891173455991,-0.015319620291279161,-0.019721782346911982
6358,6689.259935462,-0.009918212367678762,-0.015255752570118757,-0.019836424735357523
6359,6690.508707529,-0.010021360406336348,-0.015168097589730764,-0.020042720812672696
6360,6691.704920009,-0.010127909402552315,-0.015105477584778761,-0.02025581880510463
6361,6692.647541253,-0.010215576509924197,-0.015071107277483817,-0.020431153019848394
6362,6693.499651871,-0.010296540448877789,-0.01505146032808604,-0.020593080897755578
6363,6693.981516036,-0.010342696524747466,-0.01504514321458841,-0.020685393049494932
6364,6694.823702885,-0.010423437400016127,-0.015042361389254126,-0.020846874800032254
6365,6695.938981836,-0.010529260719908106,-0.01505462770110116,-0.02105852143981621
6366,6696.272310647,-0.01056039333402089,-0.01506175959391872,-0.02112078666804178
6367,6697.779004687,-0.010696467395720664,-0.015113273330078683,-0.021392934791441328
6368,6698.507679623,-0.010758659577365654,-0.01514911721196487,-0.021517319154731308
6369,6699.761639218,-0.010858426062264198,-0.015226506893478415,-0.021716852124528396
6370,6700.871368181,-0.010937557124668781,-0.015310488326204566,-0.021875114249337562
6371,6701.375798237,-0.01097028170176768,-0.01535312679146406,-0.02194056340353536
6372,6701.78467833,-0.010995199583080236,-0.015389615321791767,-0.02199039916616047
6373,6703.336806678,-0.011075608927637842,-0.015542540676264656,-0.022151217855275684
6374,6704.270589494,-0.011112312860490593,-0.015644311286820888,-0.022224625720981186
6375,6704.873686013,-0.011131041065008184,-0.015713394397048604,-0.022262082130016368
6376,6705.640106166,-0.011148982963822347,-0.01580450043190159,-0.022297965927644693
6377,6706.214075998,-0.011158010985488047,-0.015874853059407334,-0.022316021970976093
6378,6707.535168633,-0.011164046679313679,-0.01604230043784382,-0.022328093358627357
6379,6708.72104869,-0.011151597222808325,-0.016197219201587638,-0.02230319444561665
6380,6709.7269917,-0.011127651836523318,-0.0163303956628434,-0.022255303673046636
6381,6710.545176388,-0.011099142044704928,-0.01643895252335574,-0.022198284089409857
6382,6711.503024658,-0.011055596018409875,-0.01656531680882688,-0.02211119203681975
6383,6712.089903868,-0.011023590802302186,-0.01664191416838768,-0.022047181604604373
6384,6712.731759929,-0.010984058492706646,-0.01672462053595388,-0.021968116985413292
6385,6713.825345385,-0.010906139765890213,-0.01686210992921912,-0.021812279531780426
6386,6714.552463891,-0.010847257421803187,-0.016950525468046956,-0.021694514843606374
6387,6715.865576388,-0.010727505886628602,-0.017102637045521035,-0.021455011773257204
6388,6716.558365973,-0.010657836632660766,-0.01717834170329265,-0.021315673265321532
6389,6717.809675011,-0.010521744194612775,-0.01730591921721015,-0.02104348838922555
6390,6718.186519713,-0.010478388400984766,-0.01734183511887717,-0.020956776801969532
6391,6719.559687205,-0.01031230577895535,-0.01746201754280614,-0.0206246115579107
6392,6720.626196173,-0.010175826285202501,-0.01754302728092476,-0.020351652570405002
6393,6721.04342932,-0.010120975693330637,-0.01757162866847188,-0.020241951386661274
6394,6722.047668249,-0.009986270191027572,-0.01763309507335688,-0.019972540382055145
6395,6722.914170255,-0.009867715482452266,-0.017677561134774086,-0.019735430964904533
6396,6723.649784948,-0.009765988863414177,-0.017708965003716826,-0.019531977726828353
6397,6724.573284419,-0.00963765431838249,-0.01774006635643407,-0.01927530863676498
6398,6725.06280124,-0.009569645972998536,-0.017752789642195507,-0.01913929194599707
6399,6727.203484213,-0.009276402175789348,-0.01777818264858071,-0.018552804351578696
6400,6727.861353027,-0.009188839259827733,-0.017776342763220692,-0.018377678519655466
6401,6728.191087299,-0.009145600075332409,-0.017773775047568587,-0.018291200150664818
6402,6729.486019096,-0.008980872708676977,-0.017753448682301155,-0.017961745417353955
6403,6729.895237293,-0.008930755347665478,-0.01774376300592045,-0.017861510695330957
6404,6730.934946662,-0.008808319555847297,-0.01771255269548566,-0.017616639111694594
6405,6731.96124888,-0.008695201062908059,-0.017673104679796558,-0.017390402125816117
6406,6733.013197273,-0.008588251315320742,-0.01762470661510314,-0.017176502630641483
6407,6733.352651969,-0.008555839029239997,-0.01760754154666868,-0.017111678058479993
6408,6734.491411333,-0.008455111250134288,-0.017545141907933274,-0.016910222500268576
6409,6735.744523773,-0.008359393730179493,-0.017469338289222626,-0.016718787460358986
6410,6736.409605358,-0.008315385706922704,-0.017426788739025353,-0.01663077141384541
6411,6737.651227898,-0.008246364095192577,-0.017344510139269357,-0.016492728190385154
6412,6738.297181094,-0.008217382360053753,-0.017300867304916735,-0.016434764720107506
6413,6739.552413812,-0.008174863935298803,-0.01721596946895747,-0.016349727870597606
6414,6740.261721735,-0.008158939542600658,-0.017168706134393908,-0.016317879085201315
6415,6740.457697493,-0.008155570250577416,-0.01715581908155155,-0.01631114050115483
6416,6741.366527616,-0.008145742587758993,-0.01709741071672489,-0.016291485175517987
6417,6742.674048333,-0.008148085890659658,-0.017018757662824742,-0.016296171781319316
6418,6743.672183245,-0.008162566368647846,-0.01696451892642698,-0.016325132737295692
6419,6744.725146506,-0.00818920201359674,-0.016914209671554208,-0.01637840402719348
6420,6745.670849832,-0.008222512627153957,-0.01687616944631879,-0.016445025254307914
6421,6746.59308088,-0.008262965094489146,-0.016846513906853527,-0.016525930188978293
6422,6747.242437891,-0.008295826197691012,-0.01683048995092351,-0.016591652395382024
6423,6748.02917242,-0.008340091727081004,-0.016816891234103095,-0.016680183454162008
6424,6749.031010236,-0.008402813644086985,-0.016809463873362983,-0.01680562728817397
6425,6750.213685342,-0.00848466785030073,-0.016816018398607316,-0.01696933570060146
6426,6750.601759542,-0.008513075244163832,-0.016821979649869968,-0.017026150488327663
6427,6751.786325714,-0.008603493542516764,-0.01685237396366363,-0.01720698708503353
6428,6752.178020361,-0.008634367373891502,-0.016866579611072532,-0.017268734747783003
6429,6753.436904756,-0.008735603389993091,-0.016926672715392707,-0.017471206779986183
6430,6754.800870277,-0.008846327199147123,-0.017017231644466467,-0.017692654398294247
6431,6755.929060722,-0.008936295436099998,-0.017112484432460915,-0.017872590872199997
6432,6756.349056165,-0.008968970385018482,-0.01715266911533707,-0.017937940770036964
6433,6756.987912269,-0.009017472055593995,-0.017218694696852156,-0.01803494411118799
6434,6757.968818186,-0.009088357514793727,-0.017331491787288506,-0.018176715029587454
6435,6759.040586962,-0.009159456293653095,-0.01747028442263955,-0.01831891258730619
6436,6759.501932128,-0.00918760593587987,-0.017534914938301536,-0.01837521187175974
6437,6760.462459401,-0.009240698574065759,-0.017678634458694862,-0.018481397148131518
6438,6761.720180325,-0.009297300668268576,-0.01788476690868873,-0.01859460133653715
6439,6762.871493913,-0.009334289508000604,-0.018090159834649993,-0.01866857901600121
6440,6763.550805102,-0.009348694782269228,-0.0182182894187511,-0.018697389564538456
6441,6764.315430967,-0.009357780784564835,-0.01836821326100364,-0.01871556156912967
6442,6765.177507003,-0.009358399732341389,-0.018543918154649498,-0.018716799464682778
6443,6766.626418343,-0.009334794578787201,-0.01885319040588162,-0.018669589157574402
6444,6767.055387842,-0.00932155372562774,-0.01894766067807271,-0.01864310745125548
6445,6767.826497444,-0.009290250739036379,-0.01912028499668313,-0.018580501478072758
6446,6768.762729473,-0.009238902764096293,-0.019333941442975667,-0.018477805528192587
6447,6769.585676838,-0.009181327899490622,-0.019524563357636485,-0.018362655798981244
6448,6770.093879397,-0.0091398356816244,-0.01964322344604505,-0.0182796713632488
6449,6771.955148425,-0.008948343911653086,-0.02008042735137956,-0.01789668782330617
6450,6772.495692993,-0.008880954897931944,-0.020207201472039395,-0.017761909795863888
6451,6773.740383049,-0.008705519674184677,-0.020496677447074126,-0.017411039348369354
6452,6774.572946801,-0.008572462852055535,-0.020687223806343684,-0.01714492570411107
6453,6774.993840108,-0.008500446225725006,-0.020782269200645256,-0.017000892451450013
6454,6776.146685002,-0.008287079523293037,-0.021037064493972857,-0.016574159046586073
6455,6776.359235997,-0.00824519898495134,-0.021083023295593608,-0.01649039796990268
6456,6778.094859515,-0.007874519492916574,-0.021443832763404613,-0.015749038985833148
6457,6778.684172079,-0.007737407624908854,-0.021559635091058547,-0.015474815249817708
6458,6779.586018071,-0.007517086805864679,-0.021729255633814212,-0.015034173611729358
6459,6780.217537108,-0.007355552299612558,-0.021842105948760484,-0.014711104599225117
6460,6781.893987625,-0.006899803666408207,-0.022115398414820974,-0.013799607332816414
6461,6782.353593658,-0.006768519061232072,-0.022183121852036716,-0.013537038122464144
6462,6783.353036592,-0.0064745224402394394,-0.02231887144314993,-0.012949044880478879
6463,6784.369341123,-0.006164697411184347,-0.022439909638165733,-0.012329394822368694
6464,6785.226455747,-0.005895924875401299,-0.022527992685240757,-0.011791849750802597
6465,6785.783415366,-0.005718059470928782,-0.022578120199796388,-0.011436118941857564
6466,6786.860012201,-0.005368144964386917,-0.02265866243387612,-0.010736289928773833
6467,6787.190723306,-0.005259273106758387,-0.02267899017994573,-0.010518546213516774
6468,6788.359287918,-0.004870528354090248,-0.022733861849373056,-0.009741056708180497
6469,6789.795642994,-0.004386950759042328,-0.022764517606435924,-0.008773901518084656
6470,6791.028915457,-0.003970062341343037,-0.022758110445886773,-0.007940124682686074
6471,6791.376409716,-0.003852761517041507,-0.022750839223869973,-0.007705523034083014
6472,6792.196698982,-0.00357676489371187,-0.022724188034628452,-0.00715352978742374
6473,6793.061593445,-0.0032879181569684243,-0.02268176805740292,-0.006575836313936849
6474,6794.096623844,-0.0029465621118993815,-0.02261198655830524,-0.005893124223798763
6475,6795.007815668,-0.002651210400896476,-0.02253379048503472,-0.005302420801792952
6476,6795.89691925,-0.0023688030113524087,-0.022442803527923872,-0.004737606022704817
6477,6796.295555004,-0.002244309713451821,-0.022397429015431652,-0.004488619426903642
6478,6797.774135881,-0.0017958055793408192,-0.022205397122480864,-0.0035916111586816383
6479,6798.366625615,-0.0016226030995613605,-0.02211841091517182,-0.003245206199122721
6480,6799.273322355,-0.0013656021497752146,-0.021974849030100226,-0.0027312042995504293
6481,6800.772051417,-0.0009641717271173828,-0.021711843745636072,-0.0019283434542347656
6482,6801.656988283,-0.0007420013273985992,-0.02154289629355693,-0.0014840026547971983
6483,6802.224132416,-0.0006057832553428147,-0.021429806671545062,-0.0012115665106856295
6484,6802.95713034,-0.00043714370969034336,-0.021278541383736128,-0.0008742874193806867
6485,6803.905959481,-0.00023167886549519672,-0.021075021112225173,-0.00046335773099039345
6486,6804.369622405,-0.00013668296717737793,-0.020972734793505268,-0.00027336593435475586
6487,6805.731785578,0.0001212954712838927,-0.02066316126431503,0.0002425909425677854
6488,6806.401467743,0.00023636802289376212,-0.020506844139169155,0.00047273604578752424
6489,6807.689586082,0.00043557506524976864,-0.020200638391439454,0.0008711501304995373
6490,6808.690301597,0.0005701270132536511,-0.01995943905083212,0.0011402540265073023
6491,6809.403080164,0.0006552082592870763,-0.019786796028525077,0.0013104165185741526
6492,6810.366331181,0.0007560904411214219,-0.01955344470823028,0.0015121808822428438
6493,6811.15703639,0.0008269541270341983,-0.019362694155285853,0.0016539082540683967
6494,6811.850764838,0.0008804181791245703,-0.019196535750015835,0.0017608363582491406
6495,6813.242160314,0.0009638245357642235,-0.018868575643085733,0.001927649071528447
6496,6813.937310609,0.0009939993308165152,-0.01870826864648356,0.0019879986616330304
6497,6814.462465953,0.0010119154444744184,-0.018589084498034942,0.0020238308889488368
6498,6815.081096307,0.0010278072203849754,-0.01845106895125953,0.002055614440769951
6499,6816.335338647,0.0010435497220188206,-0.018180230552389483,0.002087099444037641
6500,6817.957478322,0.0010338422465895722,-0.017850626132680625,0.0020676844931791444
6501,6818.595648109,0.0010216297916438874,-0.017728139444138532,0.002043259583287775
6502,6819.200378866,0.0010060948004339538,-0.017616109361113165,0.0020121896008679077
6503,6820.389495636,0.0009653483684346352,-0.017407887925763386,0.0019306967368692704
6504,6821.029054303,0.0009384344660738039,-0.017302804329990536,0.0018768689321476079
6505,6821.700640049,0.0009068808162812665,-0.017197846736063692,0.001813761632562533
6506,6822.503719519,0.000865269723589057,-0.017079755453982087,0.001730539447178114
6507,6823.687203033,0.0007976348581033913,-0.0169207621185279,0.0015952697162067825
6508,6824.619085023,0.0007403740041317035,-0.01680835087930764,0.001480748008263407
6509,6825.43083343,0.0006885485544867784,-0.016719648994908503,0.0013770971089735568
6510,6826.694558729,0.000606013878699357,-0.016598538123997118,0.001212027757398714
6511,6827.21519584,0.0005718825436668883,-0.01655457968156189,0.0011437650873337766
6512,6828.196024118,0.0005082506379232747,-0.016480972915688664,0.0010165012758465493
6513,6829.60039988,0.00042066642888951585,-0.016395824477297576,0.0008413328577790317
6514,6830.083027379,0.0003920433897645361,-0.016371836100038485,0.0007840867795290722
6515,6830.870213621,0.0003474813813546587,-0.016338217431871367,0.0006949627627093174
6516,6831.545028253,0.00031171780059131263,-0.01631460384714493,0.0006234356011826253
6517,6832.556238234,0.0002630452124018546,-0.01628765923359084,0.0005260904248037092
6518,6833.389260422,0.00022798362756227438,-0.016272508602953397,0.00045596725512454876
6519,6834.177858652,0.00019946127365532234,-0.016263505144718915,0.0003989225473106447
6520,6835.801628119,0.00015661017833537208,-0.016259167402978742,0.00031322035667074417
6521,6836.654339309,0.00014339184531834043,-0.016263302075916967,0.00028678369063668086
6522,6837.608007663,0.00013668387052863046,-0.01627203770710192,0.0002733677410572609
6523,6837.961927128,0.0001364297671228874,-0.016276188058199782,0.0002728595342457748
6524,6838.573655317,0.00013890259398468874,-0.016284294812549113,0.0002778051879693775
6525,6840.160959158,0.0001628261319237817,-0.01630903707641939,0.0003256522638475634
6526,6840.629444019,0.0001747634601596332,-0.016316837965804992,0.0003495269203192664
6527,6841.652128808,0.00020853663595316155,-0.016333696885936107,0.0004170732719063231
6528,6842.568406741,0.0002476877688640785,-0.016347736925548924,0.000495375537728157
6529,6843.097716812,0.00027406327370005747,-0.016355011197498256,0.0005481265474001149
6530,6844.542069427,0.00035956826157591305,-0.016370140280661218,0.0007191365231518261
6531,6845.395596547,0.0004189888502555967,-0.016374789793450754,0.0008379777005111934
6532,6846.43760065,0.0004998676881869186,-0.0163749610592747,0.0009997353763738371
6533,6847.230869123,0.0005671459958750462,-0.016370374330094657,0.0011342919917500924
6534,6848.211314779,0.0006564905264156787,-0.01635830136176711,0.0013129810528313573
6535,6848.775908203,0.0007107586123549101,-0.016347839922056556,0.0014215172247098202
6536,6849.879668262,0.0008220544758747796,-0.016319333493248985,0.0016441089517495592
6537,6850.113716574,0.000846442315590058,-0.016311847121470723,0.001692884631180116
6538,6851.11591127,0.0009534923380243601,-0.01627377061994054,0.0019069846760487203
6539,6852.988639447,0.001161871276116658,-0.016174957760596208,0.002323742552233316
6540,6853.366485079,0.0012047072565026953,-0.016150449192206814,0.0024094145130053907
6541,6854.363467097,0.0013181351758999621,-0.016078177903955992,0.0026362703517999243
6542,6855.292491817,0.0014235215561291083,-0.01600077793737156,0.0028470431122582167
6543,6856.262283256,0.0015321227047197076,-0.015909555665839563,0.0030642454094394153
6544,6856.760131672,0.0015869542434583685,-0.01585859453938417,0.003173908486916737
6545,6858.049411801,0.0017247488205482185,-0.015713732186592264,0.003449497641096437
6546,6858.558429214,0.0017770541622944538,-0.015651501416413582,0.0035541083245889077
6547,6859.922463959,0.0019097541252584315,-0.015471143784910758,0.003819508250516863
6548,6860.187858899,0.0019341295940576504,-0.01543382046651775,0.003868259188115301
6549,6861.108305661,0.002014499780102068,-0.015298992043154111,0.004028999560204136
6550,6862.251552326,0.0021043196626831925,-0.01512048140311416,0.004208639325366385
6551,6863.661560662,0.002197699587713392,-0.014885013214001586,0.004395399175426784
6552,6864.468078714,0.002241528714563713,-0.014743580452391405,0.004483057429127426
6553,6865.32019623,0.0022796409650602816,-0.014589505241715591,0.004559281930120563
6554,6865.94753333,0.0023020462293946906,-0.014473386867747328,0.004604092458789381
6555,6866.605957422,0.0023201953316686476,-0.014349391575193049,0.004640390663337295
6556,6867.507291743,0.002335813125413395,-0.014176710082014448,0.00467162625082679
6557,6868.582153642,0.0023400071468439782,-0.013967449645682705,0.0046800142936879565
6558,6869.569127748,0.002329611478670394,-0.013773348989388404,0.004659222957340788
6559,6870.024934551,0.0023201189011334035,-0.013683429944879763,0.004640237802266807
6560,6871.789073857,0.0022550522477920954,-0.01333648281170584,0.004510104495584191
6561,6872.372448382,0.0022235881948151092,-0.013222974770671952,0.0044471763896302184
6562,6873.072723614,0.0021793108965813004,-0.013088131107970443,0.004358621793162601
6563,6873.934694036,0.0021151427571977567,-0.012924903361073733,0.0042302855143955135
6564,6875.1533241,0.002006549308664482,-0.012700862595004945,0.004013098617328964
6565,6876.145315862,0.0019031389195296078,-0.012525754640239292,0.0038062778390592156
6566,6876.69811741,0.0018398660864683667,-0.012431497157599452,0.0036797321729367333
6567,6877.237646576,0.0017743406697917834,-0.01234204610751002,0.0035486813395835667
6568,6878.258863122,0.0016405069108115203,-0.01218027177365935,0.0032810138216230406
6569,6879.112421813,0.0015193021914588307,-0.012053349830907787,0.0030386043829176614
6570,6880.37794241,0.0013251776270976675,-0.01188055295425526,0.002650355254195335
6571,6881.688038384,0.0011079804615098086,-0.011722884273243857,0.0022159609230196172
6572,6882.445197358,0.0009758661556933964,-0.011642354605862174,0.0019517323113867927
6573,6882.838577211,0.0009055375717339678,-0.011603721983122811,0.0018110751434679355
6574,6884.181301467,0.0006579781216969717,-0.011489017667947818,0.0013159562433939433
6575,6884.701384279,0.0005594357834918978,-0.011451932141897806,0.0011188715669837956
6576,6885.26328275,0.000451628499487602,-0.011416594990664242,0.000903256998975204
6577,6886.623661121,0.00018629866322008955,-0.01135179166458342,0.0003725973264401791
6578,6887.549968308,3.525101042263682e-06,-0.011324746316906416,7.050202084527364e-06
6579,6888.250992867,-0.0001351294342014013,-0.011313566679072806,-0.0002702588684028026
6580,6889.289681088,-0.00033995295316703567,-0.011311733785450676,-0.0006799059063340713
6581,6889.977275509,-0.00047445300952176945,-0.01132015538147969,-0.0009489060190435389
6582,6891.537372836,-0.0007736871177650229,-0.011367305956190624,-0.0015473742355300458
6583,6892.182738261,-0.0008941064855167203,-0.011397954170881972,-0.0017882129710334407
6584,6892.9509765,-0.0010341530582496671,-0.011442688923201967,-0.0020683061164993343
6585,6893.749941561,-0.0011753876348514001,-0.01149845660696914,-0.0023507752697028003
6586,6894.72579629,-0.001340851853758454,-0.011578856564905333,-0.002681703707516908
6587,6895.615387172,-0.0014840473394788956,-0.011663344097364584,-0.002968094678957791
6588,6895.840311976,-0.001518996904096873,-0.011686321667903522,-0.003037993808193746
6589,6897.082003227,-0.0017020264597004291,-0.011824224975415236,-0.0034040529194008583
6590,6898.502343014,-0.0018889802826735894,-0.012003022648070885,-0.0037779605653471787
6591,6899.560414679,-0.002011227162790606,-0.012148974206481315,-0.004022454325581212
6592,6900.31874299,-0.0020893137206532486,-0.012259369641269799,-0.004178627441306497
6593,6900.858109755,-0.002139824132574475,-0.012340476787199182,-0.00427964826514895
6594,6901.834315321,-0.0022202872749836657,-0.012491990513950264,-0.004440574549967331
6595,6902.578676873,-0.002271922458614161,-0.012610937854317023,-0.004543844917228322
6596,6903.937998227,-0.0023439766305853554,-0.012833704786879606,-0.004687953261170711
6597,6904.535186363,-0.002366415271043679,-0.012933080625095893,-0.004732830542087358
6598,6905.140661439,-0.0023833789859058446,-0.013034321176037627,-0.004766757971811689
6599,6906.094062894,-0.002398272033774856,-0.01319394522237437,-0.004796544067549712
6600,6907.14003263,-0.002398065417473091,-0.013368028512593196,-0.004796130834946182
6601,6908.442281898,-0.002373993187605567,-0.013580803187522406,-0.004747986375211134
6602,6908.903089541,-0.0023592815642120117,-0.013654499100137238,-0.004718563128424023
6603,6910.472255699,-0.0022857756066397973,-0.01389674654600217,-0.004571551213279595
6604,6911.048924562,-0.0022500005712655447,-0.01398167273338883,-0.004500001142531089
6605,6911.819906831,-0.0021951783904518717,-0.014091124999719061,-0.004390356780903743
6606,6912.192144576,-0.0021659455447491016,-0.014142144790729125,-0.004331891089498203
6607,6913.303555547,-0.0020685081047586993,-0.01428668214347217,-0.0041370162095173985
6608,6914.187543371,-0.0019808270856544914,-0.014392538668345839,-0.003961654171308983
6609,6915.329117316,-0.001855537136486801,-0.014516075989120657,-0.003711074272973602
6610,6916.245063931,-0.001746250117831325,-0.01460362432287508,-0.00349250023566265
6611,6917.216468424,-0.0016229667294546857,-0.01468447191165331,-0.0032459334589093713
6612,6918.357587014,-0.0014700316637735423,-0.014762836582213971,-0.0029400633275470846
6613,6918.817356663,-0.001406363779387619,-0.01478915924874915,-0.002812727558775238
6614,6919.750351056,-0.001274316419269568,-0.014833051751821811,-0.002548632838539136
6615,6920.967473415,-0.0010979528932846191,-0.014870750170561883,-0.0021959057865692383
6616,6921.483827935,-0.0010223073428017042,-0.014879961305348207,-0.0020446146856034084
6617,6922.480973999,-0.0008758447897311585,-0.014886241500605324,-0.001751689579462317
6618,6923.354034044,-0.000748152153865701,-0.014879301472438593,-0.001496304307731402
6619,6924.145884037,-0.0006336345600232116,-0.014863037792113652,-0.0012672691200464232
6620,6924.460427819,-0.0005886546730964652,-0.014853972016383972,-0.0011773093461929303
6621,6926.654831367,-0.0002872302259053083,-0.014750619852238732,-0.0005744604518106166
6622,6927.286797838,-0.0002057324949640492,-0.014708308175341894,-0.0004114649899280984
6623,6928.071663257,-0.00010871475786145349,-0.01464836301771304,-0.00021742951572290697
6624,6928.719431898,-3.2550963392249295e-05,-0.01459295553153328,-6.510192678449859e-05
6625,6929.627051913,6.755541208319656e-05,-0.014506755375745056,0.00013511082416639312
6626,6930.52889005,0.00015861850923541538,-0.014411819581913796,0.00031723701847083077
6627,6931.345058649,0.00023315214420093923,-0.014318542071887801,0.00046630428840187846
6628,6932.023250808,0.0002889905654049456,-0.014236153359701098,0.0005779811308098912
6629,6933.304572523,0.00037835123184894924,-0.014069758679665223,0.0007567024636978985
6630,6934.184535983,0.00042678771268355256,-0.0139484655446874,0.0008535754253671051
6631,6935.045370895,0.0004634677432897059,-0.013825258458849075,0.0009269354865794118
6632,6936.108134342,0.0004936213993295114,-0.013668238260842111,0.0009872427986590228
6633,6936.73874903,0.0005034087268457297,-0.013573135408995168,0.0010068174536914593
6634,6938.14246007,0.0005030596348780209,-0.01335838371783019,0.0010061192697560417
6635,6938.676824999,0.0004948141579834439,-0.013276165445694066,0.0009896283159668878
6636,6939.728174417,0.0004654746619105808,-0.013114863875717093,0.0009309493238211617
6637,6940.311344605,0.0004417187091224707,-0.013026158084503182,0.0008834374182449414
6638,6940.802649582,0.0004175880260882679,-0.012952121747471164,0.0008351760521765359
6639,6942.049400325,0.00033966725838438207,-0.012768304230895996,0.0006793345167687641
6640,6942.947798551,0.0002689833296020049,-0.012640651314017082,0.0005379666592040098
6641,6944.312163921,0.00013923651379008577,-0.012456956510478887,0.00027847302758017155
6642,6945.071500565,5.5828627307993536e-05,-0.01236109735548503,0.00011165725461598707
6643,6946.311464558,-9.655043695246022e-05,-0.01221609126577397,-0.00019310087390492044
6644,6946.661391101,-0.0001429985387768177,-0.012178011837554275,-0.0002859970775536354
6645,6947.472631964,-0.0002561631097029386,-0.012094960776664995,-0.0005123262194058772
6646,6948.143968613,-0.0003552993168055708,-0.012032072199771877,-0.0007105986336111416
6647,6949.584246728,-0.0005831544309969242,-0.011916408798328204,-0.0011663088619938485
6648,6950.55803184,-0.0007475344282641167,-0.011854120473340425,-0.0014950688565282333
6649,6950.778718799,-0.0007858043352168117,-0.0118418763211222,-0.0015716086704336235
6650,6951.731756771,-0.000954877552762181,-0.01179720571425097,-0.001909755105524362
6651,6953.170717241,-0.0012198816697023783,-0.011755823339806534,-0.0024397633394047566
6652,6953.807636483,-0.0013400105866544366,-0.011747813110435951,-0.002680021173308873
6653,6955.261558552,-0.0016182599421727076,-0.01175375629086149,-0.0032365198843454152
6654,6955.788441535,-0.0017198353725944064,-0.011764303032516554,-0.0034396707451888127
6655,6956.546043636,-0.0018659540551263544,-0.011787317848020881,-0.003731908110252709
6656,6957.755993704,-0.0020980807433859574,-0.011843202595760279,-0.004196161486771915
6657,6958.03289166,-0.002150774264785808,-0.011859274304795471,-0.004301548529571616
6658,6958.980843289,-0.0023293109950778858,-0.011923425911345056,-0.0046586219901557716
6659,6959.816566485,-0.0024836353083229974,-0.011991514460230614,-0.004967270616645995
6660,6960.901479752,-0.00267836818853884,-0.012095558769815369,-0.00535673637707768
6661,6962.607412063,-0.0029681636988124465,-0.012293192028388075,-0.005936327397624893
6662,6962.870225996,-0.0030107143908445484,-0.012327150552178699,-0.006021428781689097
6663,6963.680284482,-0.0031379001452220704,-0.012437390251709103,-0.006275800290444141
6664,6964.53368408,-0.0032649407632589517,-0.012562217393302088,-0.0065298815265179035
6665,6965.796786755,-0.003438630800328095,-0.012762067940508262,-0.00687726160065619
6666,6966.478635399,-0.0035247396130013093,-0.012876793129741472,-0.0070494792260026185
6667,6967.140998081,-0.003602948106659222,-0.01299240398146166,-0.007205896213318444
6668,6968.316501087,-0.0037279348977194786,-0.013206623759533805,-0.007455869795438957
6669,6968.801828339,-0.0037742017666875616,-0.013298064862556207,-0.007548403533375123
6670,6969.932237761,-0.003869462215057842,-0.013516776349474504,-0.007738924430115684
6671,6970.535368744,-0.003912984014148784,-0.01363625587106991,-0.007825968028297568
6672,6972.095936146,-0.004001517361849256,-0.013951989237885183,-0.008003034723698512
6673,6973.262414597,-0.004044795284072968,-0.014191878741265943,-0.008089590568145935
6674,6973.654656489,-0.0040549454744215835,-0.014272874638639561,-0.008109890948843167
6675,6974.591510671,-0.004070286084952394,-0.014466329534239647,-0.008140572169904789
6676,6975.295197954,-0.004073641329501541,-0.014611135165969945,-0.008147282659003082
6677,6976.008257663,-0.004070014837043383,-0.01475693158383033,-0.008140029674086766
6678,6976.919054491,-0.0040553260121136,-0.014941082297695928,-0.0081106520242272
6679,6978.181615019,-0.004016970968541479,-0.015190945624724712,-0.008033941937082957
6680,6978.842393159,-0.003988924299890431,-0.015318533514682322,-0.007977848599780861
6681,6979.762843417,-0.003941206520506348,-0.015491885257748599,-0.007882413041012696
6682,6981.004332177,-0.003861900160360115,-0.015716391804210538,-0.00772380032072023
6683,6981.976866684,-0.0037887739588906943,-0.01588378507117743,-0.007577547917781389
6684,6982.39741558,-0.0037544036840141725,-0.01595365455874161,-0.007508807368028345
6685,6983.385289849,-0.0036677002712107937,-0.01611140567465865,-0.007335400542421587
6686,6984.843874844,-0.0035262098829681354,-0.01632692259502792,-0.007052419765936271
6687,6985.151721857,-0.0034945720545181322,-0.01636962516400255,-0.0069891441090362645
6688,6986.003674961,-0.0034042876952510705,-0.016482559854297814,-0.006808575390502141
6689,6986.850633675,-0.0033111285409294007,-0.016587041916035144,-0.006622257081858801
6690,6987.254126323,-0.0032657651388170185,-0.016634041239712856,-0.006531530277634037
6691,6989.031870465,-0.0030607162733307467,-0.01681951948813099,-0.006121432546661493
6692,6990.113171654,-0.002933899943658188,-0.01691510655475507,-0.005867799887316376
6693,6990.678711335,-0.002867579840899716,-0.01695996819385827,-0.005735159681799432
6694,6991.939520171,-0.002721056533051305,-0.017047573435608483,-0.00544211306610261
6695,6992.275498256,-0.002682543347307186,-0.01706809415623698,-0.005365086694614372
6696,6993.159083827,-0.0025828240651813105,-0.0171165817093519,-0.005165648130362621
6697,6994.109978418,-0.002478720482475618,-0.017160225628511272,-0.004957440964951236
6698,6995.039339733,-0.0023810172284683823,-0.01719482015723653,-0.0047620344569367645
6699,6995.819351876,-0.0023026698645914135,-0.01721811803877259,-0.004605339729182827
6700,6996.88697587,-0.0022016552962247217,-0.017242237257522504,-0.004403310592449443
6701,6997.808697349,-0.0021209166134259073,-0.017256572490194837,-0.004241833226851815
6702,6998.498795223,-0.002064756377848966,-0.017263834505191675,-0.004129512755697932
6703,6999.682678655,-0.001977624261346063,-0.01727040727410413,-0.003955248522692126
6704,7000.717687589,-0.0019115801228081538,-0.017271242834532918,-0.0038231602456163076
6705,7001.855900891,-0.0018504453474704593,-0.017268410894638583,-0.0037008906949409187
6706,7002.352835851,-0.00182764239086934,-0.017266358086128,-0.00365528478173868
6707,7002.69150868,-0.0018134762696139252,-0.01726478383701922,-0.0036269525392278504
6708,7004.043723499,-0.0017681214324526888,-0.01725807364427286,-0.0035362428649053776
6709,7005.062866175,-0.0017458067279027029,-0.017253872886435182,-0.0034916134558054058
6710,7005.100564674,-0.001745175955971436,-0.01725375076890499,-0.003490351911942872
6711,7006.739662384,-0.0017309485566100644,-0.017252203296851062,-0.003461897113220129
6712,7008.114742057,-0.0017382628621510719,-0.017259035511608962,-0.0034765257243021437
6713,7008.817473633,-0.0017484014518056334,-0.01726641732575721,-0.003496802903611267
6714,7009.367750707,-0.0017591985523583867,-0.0172743633468635,-0.0035183971047167734
6715,7010.354080472,-0.0017844691314150914,-0.017293953763466943,-0.0035689382628301828
6716,7011.000501881,-0.0018048749397990838,-0.01731089808779067,-0.0036097498795981675
6717,7012.236145979,-0.0018514530067590296,-0.01735336683892876,-0.0037029060135180592
6718,7013.158434224,-0.0018918648265483235,-0.01739448560922114,-0.003783729653096647
6719,7013.706426479,-0.0019178091438602795,-0.01742301351539981,-0.003835618287720559
6720,7014.629880155,-0.0019642239990679522,-0.017478371424932696,-0.0039284479981359045
6721,7015.280466924,-0.0019985571001501583,-0.017523083605236797,-0.003997114200300317
6722,7016.721610296,-0.00207766950454056,-0.01763972431535594,-0.00415533900908112
6723,7017.835435824,-0.0021398647388834856,-0.017747092226252148,-0.004279729477766971
6724,7018.482223808,-0.0021756424609013867,-0.01781650303075554,-0.004351284921802773
6725,7019.437796946,-0.002227157492818241,-0.017928657935151648,-0.004454314985636482
6726,7020.435877383,-0.0022781553199323523,-0.018058069920186538,-0.004556310639864705
6727,7021.023066109,-0.0023063025962802588,-0.01814003807640678,-0.0046126051925605175
6728,7021.657557247,-0.002334797755193895,-0.018233420096452974,-0.00466959551038779
6729,7022.295224444,-0.0023611003277670007,-0.01833224058497962,-0.004722200655534001
6730,7024.042832032,-0.0024185032472026032,-0.01862784543202845,-0.0048370064944052065
6731,7024.4551657,-0.002428390102991124,-0.018702687445868737,-0.004856780205982248
6732,7025.699304046,-0.002448345835733717,-0.01893960446787359,-0.004896691671467434
6733,7026.594723732,-0.0024525891100648785,-0.019119841401703044,-0.004905178220129757
6734,7027.308306663,-0.002449306411277669,-0.01926886038898315,-0.004898612822555338
6735,7028.454474427,-0.0024306585888478694,-0.019517309664033703,-0.004861317177695739
6736,7029.026736381,-0.002414796898529522,-0.019645150434380792,-0.004829593797059044
6737,7030.160937812,-0.0023696625597339743,-0.019904992708038197,-0.0047393251194679485
6738,7030.916480678,-0.0023290333953864175,-0.020082173332592896,-0.004658066790772835
6739,7031.735908086,-0.0022750152880450583,-0.020277314755555904,-0.004550030576090117
6740,7032.326789393,-0.002229454806402825,-0.02041956653083302,-0.00445890961280565
6741,7033.3748333,-0.0021346646293712757,-0.02067410786758568,-0.004269329258742551
6742,7034.292019875,-0.0020367283485872314,-0.02089815063113617,-0.004073456697174463
6743,7036.04298345,-0.001810153754680411,-0.021325083506080825,-0.003620307509360822
6744,7036.590328236,-0.0017285744620881643,-0.02145735598077002,-0.0034571489241763285
6745,7037.287650971,-0.0016172224979605998,-0.02162442120750983,-0.0032344449959211996
6746,7037.826378794,-0.0015255269967329958,-0.021752086654752287,-0.0030510539934659915
6747,7038.892159118,-0.0013297054545242121,-0.022000088721873447,-0.0026594109090484243
6748,7039.724690853,-0.001163619227725881,-0.0221886699124749,-0.002327238455451762
6749,7040.828312059,-0.0009261766016306293,-0.022430179587040695,-0.0018523532032612587
6750,7041.38046734,-0.0008001980894475613,-0.02254685577800082,-0.0016003961788951227
6751,7042.36719069,-0.0005635802964132666,-0.02274756001538582,-0.0011271605928265332
6752,7043.660231422,-0.0002322866044324901,-0.022993632708892098,-0.0004645732088649802
6753,7044.644895547,3.50563493249364e-05,-0.023166641284589885,7.01126986498728e-05
6754,7044.831635315,8.71377358913136e-05,-0.023197945943728312,0.0001742754717826272
6755,7046.487185182,0.0005665447822158088,-0.023452952192636066,0.0011330895644316176
6756,7047.225072049,0.0007895619758118716,-0.02355282526080822,0.0015791239516237431
6757,7047.948438454,0.0010130977057968538,-0.023641995199710084,0.0020261954115937076
6758,7048.949401864,0.0013294894534075041,-0.023750569736186947,0.0026589789068150083
6759,7049.280272517,0.001435671539078292,-0.023782572707935073,0.002871343078156584
6760,7050.297213171,0.0017662331801038952,-0.02386852644587281,0.0035324663602077904
6761,7051.126075603,0.002039544194933152,-0.02392445877683322,0.004079088389866304
6762,7052.731101998,0.0025753388805002356,-0.023995869275741825,0.005150677761000471
6763,7053.52983141,0.0028436086816767837,-0.02401303565600953,0.005687217363353567
6764,7054.229325776,0.0030786026623445335,-0.024017990821672226,0.006157205324689067
6765,7055.362254326,0.0034579040342847455,-0.024006098599268926,0.006915808068569491
6766,7055.986004943,0.0036653533159079705,-0.02398911153576909,0.007330706631815941
6767,7056.614758135,0.0038729951900284163,-0.023964569081115602,0.007745990380056833
6768,7057.640859333,0.004207716166165197,-0.02390876634626039,0.008415432332330395
6769,7058.629780454,0.004524154245321708,-0.023836932709003913,0.009048308490643416
6770,7059.889596893,0.004916323258823568,-0.023720707271167797,0.009832646517647136
6771,7060.046570772,0.004964205690778667,-0.02370434967326478,0.009928411381557334
6772,7060.897300347,0.005219495563942916,-0.02360873283396084,0.010438991127885832
6773,7062.396671827,0.005650292423560346,-0.023412940572711375,0.011300584847120692
6774,7063.516698792,0.005954191712943583,-0.023245704930588317,0.011908383425887166
6775,7064.111543391,0.006108786068186031,-0.023150201996223908,0.012217572136372062
6776,7065.149328526,0.00636645294235728,-0.022973422188630938,0.01273290588471456
6777,7065.783828581,0.006516105034036498,-0.02285948643124394,0.013032210068072996
6778,7066.700657475,0.0067213103230175176,-0.022687824000239696,0.013442620646035035
6779,7067.232275508,0.0068341446345149244,-0.022584848707496833,0.013668289269029849
6780,7068.407664648,0.0070670923594014145,-0.02234945946530176,0.014134184718802829
6781,7068.910823584,0.007159712965110048,-0.0222458978531454,0.014319425930220096
6782,7070.631775542,0.007443613038884156,-0.02188221746875112,0.014887226077768313
6783,7071.257549039,0.007534090329726845,-0.021747386052476544,0.01506818065945369
6784,7072.437115057,0.007686068483877139,-0.021491355005836658,0.015372136967754278
6785,7072.983187563,0.007748237888622093,-0.021372547909433104,0.015496475777244187
6786,7073.466662995,0.007798987405508675,-0.021267483795174926,0.01559797481101735
6787,7075.067136415,0.007938654454024266,-0.020922640300105277,0.015877308908048532
6788,7075.890873553,0.00799397179015804,-0.020748297910099453,0.01598794358031608
6789,7076.34246415,0.008019661665152346,-0.02065400639597646,0.01603932333030469
6790,7077.065912472,0.00805414965443274,-0.02050522601483613,0.01610829930886548
6791,7078.271618866,0.008094043161761445,-0.02026466367051711,0.01618808632352289
6792,7078.931890804,0.008106998643811236,-0.0201374888522886,0.016213997287622472
6793,7080.137304262,0.008115449053589005,-0.01991494598631384,0.01623089810717801
6794,7081.329045568,0.008105937832212261,-0.01970866524365539,0.016211875664424523
6795,7082.2786422,0.008086863133791,-0.019555131717024256,0.016173726267582
6796,7083.024206212,0.0080654419648084,-0.019441818952905743,0.0161308839296168
6797,7083.62073418,0.008044589459911395,-0.019355958553575865,0.01608917891982279
6798,7084.299067797,0.00801722966369523,-0.019263694053575968,0.01603445932739046
6799,7085.248728798,0.007973139738239614,-0.019144436191324762,0.01594627947647923
6800,7086.306731439,0.007917316902629912,-0.01902560795791891,0.015834633805259825
6801,7087.186239237,0.007866629010046007,-0.018938354072571315,0.015733258020092015
6802,7088.172775646,0.00780635653349493,-0.018853116056700755,0.01561271306698986
6803,7089.06248192,0.007749939111829496,-0.01878776132661922,0.015499878223658992
6804,7090.042338354,0.00768671639426835,-0.018728388438871674,0.0153734327885367
6805,7090.994773909,0.007625317137799393,-0.01868320075037415,0.015250634275598786
6806,7091.867503873,0.007570069615944791,-0.018652429815822123,0.015140139231889583
6807,7092.676342251,0.007520484969512132,-0.018632764176058365,0.015040969939024264
6808,7093.502511763,0.007472132073285034,-0.018621196452459673,0.014944264146570067
6809,7094.688695952,0.007408065760306814,-0.01861898622179289,0.014816131520613628
6810,7095.085720383,0.007388311943676207,-0.018621868995061484,0.014776623887352415
6811,7095.725602562,0.007358515738218982,-0.018630155831385043,0.014717031476437964
6812,7096.634105638,0.007320985920849998,-0.018649267250109524,0.014641971841699996
6813,7098.5430923,0.007263151056980096,-0.01871472594404861,0.014526302113960192
6814,7099.105747705,0.0072521632862335515,-0.01873979735254771,0.014504326572467103
6815,7100.148609518,0.007239757538006597,-0.018792195874085784,0.014479515076013194
6816,7100.374674131,0.0072384824296539306,-0.018804474114245177,0.014476964859307861
6817,7101.805060779,0.00724260859209179,-0.018888548455057982,0.01448521718418358
6818,7102.326350495,0.007249491605212171,-0.0189215007184252,0.014498983210424341
6819,7103.038586281,0.0072636586686896445,-0.018968058536719,0.014527317337379289
6820,7104.510386062,0.007310616219446647,-0.019068146594568822,0.014621232438893295
6821,7104.853653429,0.007325017413121929,-0.01909192597201372,0.014650034826243857
6822,7105.840204619,0.0073736556754525825,-0.019160450552165958,0.014747311350905165
6823,7107.089407119,0.007450502450991998,-0.019246185141089132,0.014901004901983997
6824,7107.734543392,0.007496725963654971,-0.01928932687572023,0.014993451927309942
6825,7108.776071696,0.007580444691767706,-0.019356375074313925,0.015160889383535412
6826,7110.001860581,0.007692732353979835,-0.01942971395769511,0.01538546470795967
6827,7110.890294249,0.007782855499674858,-0.019478091918720436,0.015565710999349716
6828,7111.196220368,0.007815492490986616,-0.019493678777690555,0.015630984981973232
6829,7112.280552946,0.007937367865943104,-0.01954398714640576,0.01587473573188621
6830,7112.700332234,0.007986993632465812,-0.019561233571716997,0.015973987264931624
6831,7113.874906599,0.008132385411756324,-0.01960222457242219,0.01626477082351265
6832,7115.004276076,0.008280171463517515,-0.019630725330105868,0.01656034292703503
6833,7115.666729177,0.008369929294761425,-0.01964210839360547,0.01673985858952285
6834,7117.412224325,0.008614726547817286,-0.01965201583813687,0.017229453095634572
6835,7117.750925735,0.008663270976956771,-0.019650443396528997,0.017326541953913543
6836,7118.533335836,0.00877624038929731,-0.019642352899541738,0.01755248077859462
6837,7119.283665361,0.008885260294327737,-0.019628688034074568,0.017770520588655473
6838,7120.250769053,0.009025972622515466,-0.019602485716542835,0.018051945245030933
6839,7121.421516882,0.009195232243093614,-0.019557848703710485,0.018390464486187228
6840,7122.205851774,0.009307114283989873,-0.01952012787459481,0.018614228567979747
6841,7122.716594278,0.009379012187287176,-0.019492255968875438,0.018758024374574352
6842,7123.681370583,0.009512175729939868,-0.019432662411687257,0.019024351459879737
6843,7124.489058108,0.009620409827233582,-0.019376015121855668,0.019240819654467164
6844,7125.915836857,0.009802628749696595,-0.019261779303320833,0.01960525749939319
6845,7127.035111899,0.009936014490970207,-0.019160501510832383,0.019872028981940414
6846,7127.569883238,0.009996367666216128,-0.019108821800396966,0.019992735332432256
6847,7128.564326582,0.010102241658409688,-0.01900761103293515,0.020204483316819375
6848,7129.114147837,0.010157007313946602,-0.018949060131334208,0.020314014627893204
6849,7130.329985124,0.010267905528117537,-0.0188139669366443,0.020535811056235073
6850,7130.710717139,0.010299611187943725,-0.018770290693415147,0.02059922237588745
6851,7131.460814545,0.010357683899564636,-0.01868267437164209,0.02071536779912927
6852,7132.874807758,0.010450753875205016,-0.018513280196434768,0.020901507750410032
6853,7134.003937657,0.010509167713162898,-0.018375835573479108,0.021018335426325797
6854,7134.723114155,0.010538857563142198,-0.018288131884342904,0.021077715126284396
6855,7135.384622833,0.010560966376681651,-0.018207806056124494,0.021121932753363302
6856,7136.640749183,0.010589252472946986,-0.018057461406097063,0.02117850494589397
6857,7137.288235954,0.010596886699511192,-0.017981716368503705,0.021193773399022384
6858,7138.467686063,0.01059890489881092,-0.017848125593040574,0.02119780979762184
6859,7139.026902843,0.010594628872725033,-0.01778721883301263,0.021189257745450066
6860,7139.857139272,0.010582286463404485,-0.017700249113951315,0.02116457292680897
6861,7140.793842097,0.010560104890515658,-0.017607799298742545,0.021120209781031317
6862,7141.546892189,0.010536256775989754,-0.017538412051620562,0.02107251355197951
6863,7142.172195161,0.010512614697214921,-0.01748448224805344,0.021025229394429842
6864,7143.97107707,0.010427049103664819,-0.017350208024170963,0.020854098207329638
6865,7144.642672074,0.010389200275837214,-0.01730877790601234,0.020778400551674427
6866,7145.706891491,0.01032373551140781,-0.01725367994745321,0.02064747102281562
6867,7146.385883317,0.010278965672171892,-0.017225619761722648,0.020557931344343784
6868,7147.152214247,0.010226154712964664,-0.017200872768106317,0.02045230942592933
6869,7147.421342256,0.010207127903591457,-0.01719396662911063,0.020414255807182913
6870,7149.102831304,0.01008442431371588,-0.017172485146438314,0.02016884862743176
6871,7149.690649366,0.010040688673607042,-0.01717398439944713,0.020081377347214085
6872,7150.675386373,0.009967536589427128,-0.017187157814498904,0.019935073178854255
6873,7151.241040723,0.009925996351947554,-0.017200801939020557,0.019851992703895108
6874,7152.673138349,0.00982429712744632,-0.017255188044973523,0.01964859425489264
6875,7153.629414431,0.009760669214812076,-0.0173072177863962,0.01952133842962415
6876,7154.183565147,0.00972591563718809,-0.017343034920624455,0.01945183127437618
6877,7155.223016559,0.009665847412541619,-0.017421186661712346,0.019331694825083238
6878,7156.483767097,0.009603737390915284,-0.01753453026157876,0.019207474781830568
6879,7157.0695737,0.009579540358590745,-0.017593817032806353,0.01915908071718149
6880,7157.560009134,0.009561807330880844,-0.017646544075490347,0.019123614661761688
6881,7158.479721559,0.009535259085527747,-0.01775268966226916,0.019070518171055494
6882,7159.230610393,0.009520576573411335,-0.017845998127843887,0.01904115314682267
6883,7160.332445434,0.009511408551568757,-0.017992856059804215,0.019022817103137513
6884,7161.815172321,0.009524365179410571,-0.01820693459142507,0.019048730358821143
6885,7162.637987017,0.009545012250647047,-0.018332662523249638,0.019090024501294094
6886,7163.137487199,0.00956246911291456,-0.01841102631715939,0.01912493822582912
6887,7164.371935919,0.009622164812545827,-0.018610131090244498,0.019244329625091653
6888,7164.711987143,0.009642855928185238,-0.018666092990620647,0.019285711856370475
6889,7166.042526862,0.009741953839044065,-0.018888209807243563,0.01948390767808813
6890,7166.532447391,0.009785838361514306,-0.018970807177211075,0.019571676723028612
6891,7167.595613911,0.009894971596673385,-0.019150410505546993,0.01978994319334677
6892,7168.643915101,0.010021341860866638,-0.019326582430457272,0.020042683721733276
6893,7169.192035856,0.010094845840078734,-0.019417761655802408,0.020189691680157468
6894,7170.161501605,0.010237287565029621,-0.019576530484100726,0.020474575130059243
6895,7171.135705961,0.01039626562973851,-0.019731702197468795,0.02079253125947702
6896,7172.806744273,0.010705016512364725,-0.019983804798814606,0.02141003302472945
6897,7173.355088188,0.010815948136074076,-0.020061744723374717,0.021631896272148152
6898,7173.622770906,0.010871773778090389,-0.020098808658009493,0.021743547556180777
6899,7174.907955976,0.011154589636521751,-0.020266845261882837,0.022309179273043503
6900,7175.547478521,0.011304089255103223,-0.020343772178389456,0.022608178510206446
6901,7176.380745981,0.011507129043388341,-0.0204366423453364,0.023014258086776682
6902,7177.135820087,0.011698745946026826,-0.020513088026832868,0.023397491892053653
6903,7178.280438269,0.012002009133445927,-0.02061392260494844,0.024004018266891854
6904,7179.36932656,0.01230342851648338,-0.02069181624463204,0.02460685703296676
6905,7180.557671965,0.012644856993503348,-0.02075540260347563,0.025289713987006697
6906,7181.140798189,0.012816517309048654,-0.020778049293331196,0.02563303461809731
6907,7181.855662359,0.013030134685572793,-0.020797872642706286,0.026060269371145587
6908,7182.761647877,0.013305128829896132,-0.020810129716811048,0.026610257659792264
6909,7183.850495117,0.013640516103981013,-0.020805385407499807,0.027281032207962026
6910,7184.720859712,0.013911240224802755,-0.020786029495621836,0.02782248044960551
6911,7185.725322573,0.014225187098078886,-0.020746309900136838,0.02845037419615777
6912,7186.027941312,0.01431987160400027,-0.02073067843488186,0.02863974320800054
6913,7186.689666429,0.01452675938088056,-0.020690584421149696,0.02905351876176112
6914,7188.322594511,0.015033933991347012,-0.020557114892154008,0.030067867982694025
6915,7189.145690498,0.015286200714477574,-0.020471452540222413,0.030572401428955148
6916,7190.294612843,0.015632550215905313,-0.02033178074158569,0.031265100431810626
6917,7191.067900939,0.015860908652983598,-0.02022493554837748,0.031721817305967195
6918,7191.983733313,0.01612541398402889,-0.020085490707576276,0.03225082796805778
6919,7192.682398728,0.01632227316050704,-0.019970029453314816,0.03264454632101408
6920,7193.221050147,0.016470835026853405,-0.019875839799843257,0.03294167005370681
6921,7194.053741291,0.016694520251688282,-0.019721723262616658,0.033389040503376564
6922,7195.421790712,0.017044724197961388,-0.019447427234008167,0.034089448395922775
6923,7196.187762765,0.017230573958185454,-0.019283252813976536,0.03446114791637091
6924,7196.9578142,0.017409470628299437,-0.01911118922888285,0.03481894125659887
6925,7198.143606364,0.017668501477658992,-0.0188337566602509,0.035337002955317984
6926,7198.993453207,0.01784128635886229,-0.01862664979681707,0.03568257271772458
6927,7199.744478634,0.01798469453961949,-0.018438615338694803,0.03596938907923898
6928,7201.057149778,0.018213777561650036,-0.018100474373072006,0.03642755512330007
6929,7201.577794024,0.018296879616761158,-0.017963589771338013,0.036593759233522316
6930,7202.481414821,0.018430488405540082,-0.017723115956072913,0.036860976811080165
6931,7203.172044687,0.01852345538160277,-0.017537398079745272,0.03704691076320554
6932,7204.265486358,0.018654387318173538,-0.017241197900927215,0.037308774636347075
6933,7204.764022449,0.01870748367927727,-0.017105701120552142,0.03741496735855454
6934,7205.523076977,0.018780443480569165,-0.016899385810021608,0.03756088696113833
6935,7207.445017115,0.018923399361255356,-0.016380695537788866,0.03784679872251071
6936,7208.190170854,0.018963168071063026,-0.01618254534063339,0.03792633614212605
6937,7208.927724212,0.01899424305569033,-0.01598883930802222,0.03798848611138066
6938,7209.383550026,0.019009437331435373,-0.015870545676571084,0.038018874662870746
6939,7210.413788577,0.019032896868539397,-0.015607851478662872,0.038065793737078794
6940,7211.335323497,0.01904167155856391,-0.015379163928982791,0.03808334311712782
6941,7212.363396769,0.01903872820995913,-0.015132082707164322,0.03807745641991826
6942,7212.963407702,0.019031201724049308,-0.014992198217398355,0.038062403448098615
6943,7213.836766767,0.019013144199093095,-0.014794743570830202,0.03802628839818619
6944,7215.101957543,0.018973397499506432,-0.014522603285998352,0.037946794999012864
6945,7215.532729522,0.018956551773819892,-0.014433913410828123,0.037913103547639784
6946,7216.953096055,0.018890708653048656,-0.014156541900229204,0.03778141730609731
6947,7217.710867057,0.018849997887608168,-0.014018345295844604,0.037699995775216336
6948,7218.731285314,0.018790252361161615,-0.013843336901651824,0.03758050472232323
6949,7219.713045158,0.018728587436334012,-0.013687165606346181,0.037457174872668024
6950,7220.432147547,0.018681527095329074,-0.013580431375738897,0.03736305419065815
6951,7220.784711973,0.01865803450069409,-0.01353046776658895,0.03731606900138818
6952,7221.858048232,0.018585507867925895,-0.013387900033738654,0.03717101573585179
6953,7222.538863253,0.01853924403429338,-0.013304842547391747,0.03707848806858676
6954,7223.961329509,0.018443869842038742,-0.01314934075778115,0.036887739684077485
6955,7224.960275793,0.018379410431899505,-0.013054223565307553,0.03675882086379901
6956,7225.664637285,0.01833591643501262,-0.01299382927999832,0.03667183287002524
6957,7226.826232421,0.018268825934498297,-0.012905650903987228,0.036537651868996594
6958,7227.670652098,0.018224442916087366,-0.01284993566830688,0.03644888583217473
6959,7228.104973436,0.01820326504819364,-0.01282385283502177,0.03640653009638728
6960,7228.963984593,0.01816502239892076,-0.012777078913634993,0.03633004479784152
6961,7230.57897985,0.018107731674892363,-0.012704671169998794,0.036215463349784725
6962,7230.781896556,0.018101997213950644,-0.012696847195408726,0.03620399442790129
6963,7231.712168225,0.018080183530105036,-0.012664122022727523,0.03616036706021007
6964,7232.507337222,0.018067588175515747,-0.012639768061104737,0.036135176351031494
6965,7233.305725602,0.018060784230357365,-0.01261808140079063,0.03612156846071473
6966,7235.032410358,0.01806684067518745,-0.012577917772441534,0.0361336813503749
6967,7235.5920476,0.018075028809941204,-0.012566117298622654,0.03615005761988241
6968,7236.715293142,0.018100737202824613,-0.012542978114091009,0.03620147440564923
6969,7237.292700988,0.018118753104698446,-0.01253093606482663,0.03623750620939689
6970,7237.923815551,0.018142134161535175,-0.012517317151777672,0.03628426832307035
6971,7239.107138358,0.01819615808437534,-0.012489523945849623,0.03639231616875068
6972,7239.492824903,0.01821656732557763,-0.0124795813916041,0.03643313465115526
6973,7240.744574581,0.018291897226132378,-0.012443278265915217,0.036583794452264756
6974,7241.383737523,0.018335491729157504,-0.012421886095544484,0.03667098345831501
6975,7242.813003429,0.018444544107593438,-0.012365455376539016,0.036889088215186876
6976,7243.908367803,0.01853791249812918,-0.01231284200016294,0.03707582499625836
6977,7244.194739884,0.01856357877030937,-0.012297590209385924,0.03712715754061874
6978,7245.048351171,0.01864286167315035,-0.01224816952578198,0.0372857233463007
6979,7246.521971662,0.01878813309178443,-0.012147882912271842,0.03757626618356886
6980,7247.172743213,0.01885500057628051,-0.012097146732292594,0.03771000115256102
6981,7247.980135165,0.018939675493716352,-0.012028417884665521,0.037879350987432704
6982,7248.558877326,0.019001245097169373,-0.011975100768398165,0.038002490194338746
6983,7249.575515822,0.019110447227106853,-0.011873037473870137,0.03822089445421371
6984,7250.311306882,0.01918974632803482,-0.011792368610909243,0.03837949265606964
6985,7251.235573153,0.019288884222530566,-0.011682845655989626,0.03857776844506113
6986,7252.579133336,0.0194302811314468,-0.011507333591453351,0.0388605622628936
6987,7253.77696772,0.01955158604710391,-0.011334741918280562,0.03910317209420782
6988,7254.381581373,0.019610455800432986,-0.011241980335886689,0.03922091160086597
6989,7255.040228435,0.019672400064924173,-0.01113673084738879,0.03934480012984835
6990,7255.894616493,0.01974885390578143,-0.010993872993514694,0.03949770781156286
6991,7256.728742506,0.01981865697099783,-0.010847784315556688,0.03963731394199566
6992,7257.358809297,0.019867846886235798,-0.010733307219008698,0.039735693772471596
6993,7258.884140088,0.01997273009670377,-0.010442577982598606,0.03994546019340754
6994,7259.519592697,0.02000991037395084,-0.010316275857211976,0.04001982074790168
6995,7259.970840182,0.020033804623214913,-0.010224914964447171,0.040067609246429825
6996,7261.333797703,0.020092552066126593,-0.00994147650774613,0.04018510413225319
6997,7262.445974055,0.020124624605538488,-0.009703188694392966,0.040249249211076976
6998,7263.122832007,0.02013678399230006,-0.009555762159907473,0.04027356798460012
6999,7264.272994053,0.02014417402301295,-0.00930222131057809,0.0402883480460259
7000,7264.74824809,0.020142232222898446,-0.009196689654107597,0.04028446444579689
7001,7265.962856286,0.020123711768562213,-0.008926106999479103,0.040247423537124426
7002,7266.825071623,0.020098595383098078,-0.008734197189941003,0.040197190766196156
7003,7267.022572811,0.02009143496002211,-0.008690355855755517,0.04018286992004422
7004,7267.851161907,0.020055675185020758,-0.008507238860403266,0.040111350370041515
7005,7269.281796531,0.01997230952502055,-0.008195816120756802,0.0399446190500411
7006,7270.665196022,0.019866138436286748,-0.00790332363742507,0.039732276872573496
7007,7271.162578225,0.019821994720817044,-0.007800870405996583,0.03964398944163409
7008,7272.293916095,0.019710249608871657,-0.007574263820055764,0.039420499217743314
7009,7272.756819679,0.019660131047733016,-0.007484416037939254,0.03932026209546603
7010,7273.701234076,0.019550323213790514,-0.007306904669954197,0.03910064642758103
7011,7274.639386094,0.019431710734781546,-0.007139001784335812,0.03886342146956309
7012,7275.692946628,0.019288024448111236,-0.006961486336502802,0.03857604889622247
7013,7276.18851098,0.019216891190398724,-0.006882324569784662,0.03843378238079745
7014,7277.313417506,0.019047798284802044,-0.006713622393390545,0.03809559656960409
7015,7277.911194921,0.018954035156933037,-0.006630479537875063,0.037908070313866074
7016,7279.226323516,0.01873963039950593,-0.00646433693965675,0.03747926079901186
7017,7279.768521281,0.018648468593503057,-0.006402801059853783,0.037296937187006114
7018,7281.316094067,0.018381638748147647,-0.00625040939126737,0.036763277496295294
7019,7282.176167151,0.018230402045255747,-0.006180971452362099,0.036460804090511494
7020,7282.817681698,0.018116867909007333,-0.006136400018366351,0.036233735818014666
7021,7283.495775764,0.017996615373362244,-0.006096040821329012,0.03599323074672449
7022,7284.023697897,0.01790308297896436,-0.006069436188279269,0.03580616595792872
7023,7285.27730237,0.017682523313650063,-0.006023119078592,0.035365046627300126
7024,7286.139694205,0.017533132249564952,-0.00600491448233577,0.035066264499129904
7025,7286.779238866,0.01742416212980825,-0.005998494510502198,0.0348483242596165
7026,7288.267170428,0.017178682133265115,-0.006006295353417733,0.03435736426653023
7027,7289.103758082,0.01704682062397341,-0.006024175084263879,0.03409364124794682
7028,7289.940276827,0.016920304078442343,-0.006051318702153742,0.03384060815688469
7029,7290.821429931,0.016793555226365824,-0.006089467060272082,0.03358711045273165
7030,7291.290043575,0.016729128391570158,-0.006113564322694475,0.033458256783140315
7031,7292.741249445,0.016544096854665322,-0.006203806158256693,0.033088193709330645
7032,7293.403109651,0.01646756424073499,-0.006252215887804796,0.03293512848146998
7033,7294.204147964,0.01638202871344781,-0.006316284480530927,0.03276405742689562
7034,7295.048894053,0.01630066627774144,-0.006389747012291733,0.03260133255548288
7035,7295.56484956,0.016255619427700364,-0.006437297072511101,0.03251123885540073
7036,7296.571619043,0.01617825635445582,-0.006535189509126174,0.03235651270891164
7037,7298.368684316,0.016076237318276853,-0.0067231316668941166,0.032152474636553706
7038,7299.138848602,0.01604713553733763,-0.00680729144115591,0.03209427107467526
7039,7299.336571426,0.016041103943756897,-0.006829127140604277,0.03208220788751379
7040,7300.763476875,0.016015149519474716,-0.006988205961307904,0.03203029903894943
7041,7301.581317104,0.016014222364710836,-0.007079526431887433,0.03202844472942167
7042,7301.848557609,0.01601611719629301,-0.007109219847936314,0.03203223439258602
7043,7302.917875819,0.016034448976365353,-0.007226596749733616,0.032068897952730706
7044,7303.843900683,0.016064041838414464,-0.007325429709851282,0.03212808367682893
7045,7305.060287115,0.016121746808181993,-0.007449399196908441,0.032243493616363986
7046,7305.818161576,0.01616815814395725,-0.007522329507165722,0.0323363162879145
7047,7306.637205578,0.016226980844514738,-0.007596665189937685,0.032453961689029476
7048,7307.660752634,0.016312562476115053,-0.007682030201571006,0.032625124952230106
7049,7308.671664974,0.016409459628102505,-0.007757008372771342,0.03281891925620501
7050,7309.497903971,0.01649713201604499,-0.007810624762301133,0.03299426403208998
7051,7310.501357046,0.016612994535305986,-0.0078656109780076,0.03322598907061197
7052,7311.190951721,0.01669805941156455,-0.00789651389238445,0.0333961188231291
7053,7311.881145969,0.01678720603784344,-0.007921516897273235,0.03357441207568688
7054,7312.724372392,0.01690098656089787,-0.00794366440949919,0.03380197312179574
7055,7313.555046084,0.01701762547699212,-0.007956094613340625,0.03403525095398424
7056,7314.449131441,0.01714736471532826,-0.00795869751463981,0.03429472943065652
7057,7315.755628547,0.01734283309986894,-0.007941778071617547,0.03468566619973788
7058,7317.100250555,0.01754841395953148,-0.00789804366858964,0.03509682791906296
7059,7317.553738652,0.017618169085950375,-0.00787720130039458,0.03523633817190075
7060,7318.35100251,0.01774071306947843,-0.007833089729016637,0.03548142613895686
7061,7318.871998939,0.01782044653857378,-0.007799130947255078,0.03564089307714756
7062,7319.8967571,0.017975613676838257,-0.007720590576057411,0.035951227353676514
7063,7321.23378157,0.018172662729738543,-0.007595105013804242,0.036345325459477086
7064,7321.717373427,0.018241864321541693,-0.007543457090376266,0.036483728643083385
7065,7322.568751053,0.01836035954753751,-0.007444693499163185,0.03672071909507502
7066,7323.243983123,0.01845087400350537,-0.007359459226453038,0.03690174800701074
7067,7324.849333142,0.018651441012309086,-0.007133612539490224,0.03730288202461817
7068,7325.22611515,0.018695148625019312,-0.0070761319371532615,0.037390297250038625
7069,7326.444102995,0.018826565185911713,-0.006879601967057591,0.037653130371823426
7070,7327.53449797,0.018930311845257394,-0.0066908833351118045,0.03786062369051479
7071,7328.283514383,0.01899333422077358,-0.006554999903464245,0.03798666844154716
7072,7328.861171711,0.01903710320051272,-0.006447077802782161,0.03807420640102544
7073,7329.815578232,0.01909979392106388,-0.00626346685133815,0.03819958784212776
7074,7330.586839534,0.019141371858351446,-0.006110896484035311,0.03828274371670289
7075,7330.970858436,0.019158960193452947,-0.006033731090733699,0.038317920386905895
7076,7332.652130476,0.019210875188794458,-0.00568866829047526,0.038421750377588916
7077,7333.517033388,0.019221323763194624,-0.005508021541734413,0.03844264752638925
7078,7334.639105971,0.019218154235118613,-0.0052723520486089755,0.038436308470237227
7079,7335.193963691,0.019209583667365093,-0.005155812099468799,0.038419167334730185
7080,7336.016820436,0.019188363611211977,-0.004983629939695463,0.038376727222423954
7081,7337.312223967,0.019134566231620236,-0.004715803593316511,0.03826913246324047
7082,7337.64920146,0.019116543415837378,-0.0046470853156103595,0.038233086831674756
7083,7338.621251439,0.019055440371387258,-0.004451792224623835,0.038110880742774515
7084,7339.763136524,0.01896684708798035,-0.0042292050726284785,0.0379336941759607
7085,7340.495964531,0.018900795323432196,-0.004091049472974891,0.03780159064686439
7086,7341.172411124,0.01883371775724135,-0.003967261672759029,0.0376674355144827
7087,7341.781448953,0.018768508111075673,-0.003859178208399204,0.037537016222151345
7088,7343.507522666,0.018560622911557086,-0.003572346118633423,0.03712124582311417
7089,7344.429407194,0.018436865595069026,-0.003432245417488713,0.03687373119013805
7090,7345.413384428,0.018296165171747,-0.0032937611505490664,0.036592330343494
7091,7345.737188185,0.018248094191224414,-0.003250807030205862,0.03649618838244883
7092,7346.698927085,0.01810069123953004,-0.00313119314327961,0.03620138247906008
7093,7347.601440601,0.017956807990103806,-0.003030153612630026,0.03591361598020761
7094,7348.226470588,0.01785449862024447,-0.002966745351053561,0.03570899724048894
7095,7349.249777629,0.01768320200250722,-0.002874830349305432,0.03536640400501444
7096,7350.347618714,0.017495574349913237,-0.0027929709074901595,0.034991148699826474
7097,7350.973256493,0.017387513507669906,-0.002754175989651055,0.03477502701533981
7098,7352.631847583,0.017099876535107143,-0.0026790655596569497,0.034199753070214285
7099,7352.880430232,0.017056885456843907,-0.0026712694325880097,0.034113770913687815
7100,7353.913947829,0.016879325354216126,-0.0026484268543311633,0.03375865070843225
7101,7354.58462558,0.01676559935612507,-0.0026417596305207554,0.03353119871225014
7102,7356.076801102,0.016518960974127462,-0.0026493201799089906,0.033037921948254924
7103,7356.713901535,0.016417109207337424,-0.0026616577057378284,0.03283421841467485
7104,7357.298064964,0.01632591312521585,-0.0026775759150043784,0.0326518262504317
7105,7357.829927025,0.01624490025138004,-0.0026957867435078078,0.03248980050276008
7106,7359.022424061,0.01607109475405349,-0.0027489173932202307,0.03214218950810698
7107,7359.818833444,0.01596172328434562,-0.002793338928458622,0.03192344656869124
7108,7361.267013426,0.015778318289658883,-0.002890794480950345,0.031556636579317766
7109,7362.058134432,0.015687298759599,-0.002952248552323149,0.031374597519198
7110,7363.102591149,0.015577816623430165,-0.003041173849486235,0.03115563324686033
7111,7363.822093867,0.015509803124468199,-0.0031069927739405595,0.031019606248936397
7112,7364.46976139,0.01545393553504135,-0.003169013839752993,0.0309078710700827
7113,7365.12005991,0.015403071540266522,-0.003233596196413372,0.030806143080533043
7114,7366.176826462,0.0153318441127396,-0.003342629281494803,0.0306636882254792
7115,7367.444805267,0.015265416280542968,-0.003478338340194996,0.030530832561085935
7116,7367.716583625,0.015253907667482533,-0.0035078958858302265,0.030507815334965067
7117,7369.211235569,0.015207873564238033,-0.0036717589051066955,0.030415747128476067
7118,7369.532613631,0.015201775642630616,-0.0037070320969872787,0.030403551285261232
7119,7370.778296044,0.015190680659097271,-0.003842673753172749,0.030381361318194543
7120,7371.987960978,0.015198584529809116,-0.003971119766526507,0.030397169059618232
7121,7372.805047996,0.01521398147115525,-0.0040550153510418175,0.0304279629423105
7122,7373.424035168,0.015230848705969512,-0.004116599776622941,0.030461697411939024
7123,7374.349391959,0.015264096943749743,-0.004204904751372783,0.030528193887499486
7124,7375.199243762,0.015302709159259723,-0.004281432358980709,0.030605418318519446
7125,7375.878151645,0.015338796989279034,-0.004339021042152737,0.030677593978558067
7126,7376.873649474,0.015399561664175037,-0.0044171573297221,0.030799123328350074
7127,7377.190089317,0.015420711743264776,-0.004440311778027858,0.030841423486529553
7128,7379.332785006,0.01558434842148943,-0.004573565938386563,0.03116869684297886
7129,7379.979603053,0.015639798944589094,-0.0046051605751515345,0.03127959788917819
7130,7380.464011573,0.015682849711792606,-0.00462604529837029,0.03136569942358521
7131,7381.536932091,0.015782172833427907,-0.004663589047760577,0.031564345666855814
7132,7382.222713357,0.01584801641072638,-0.004681151186250781,0.03169603282145276
7133,7383.173523724,0.0159415474522325,-0.00469703657980326,0.031883094904465
7134,7384.202396205,0.016044646764521886,-0.004703036841886766,0.03208929352904377
7135,7384.924513067,0.016117521176872932,-0.0047002885189389105,0.032235042353745864
7136,7385.752633652,0.016200979289061876,-0.004690113847964328,0.03240195857812375
7137,7386.461552514,0.016271860144514455,-0.004675513884656907,0.03254372028902891
7138,7387.542420642,0.01637798504359104,-0.004643022713918225,0.03275597008718208
7139,7388.629535056,0.016481126879043156,-0.004598297037161716,0.03296225375808631
7140,7389.584509292,0.016567697908753846,-0.004549518897130513,0.03313539581750769
7141,7390.66417774,0.01665990366654888,-0.004484344415582232,0.03331980733309776
7142,7391.440259728,0.01672184406139471,-0.004431375632496572,0.03344368812278942
7143,7392.160733369,0.016775701467950963,-0.0043779680516176905,0.033551402935901926
7144,7392.988605529,0.01683286264309823,-0.004311973821318972,0.03366572528619646
7145,7393.173269331,0.01684488409722287,-0.004296625588365561,0.03368976819444574
7146,7394.711617875,0.016933954879628677,-0.004160914744001703,0.03386790975925735
7147,7395.69396238,0.016979847668927912,-0.004068016269720567,0.033959695337855825
7148,7396.403273587,0.017007348316530866,-0.003998580311542768,0.03401469663306173
7149,7397.531933665,0.01704100304682135,-0.0038850682898647093,0.0340820060936427
7150,7398.751920762,0.01706304986773344,-0.003759815089910495,0.03412609973546688
7151,7399.22038682,0.01706750158395023,-0.0037114331420096255,0.03413500316790046
7152,7399.828819541,0.01706994390777683,-0.003648645755292863,0.03413988781555366
7153,7401.354181203,0.017059554394329015,-0.0034930995631145536,0.03411910878865803
7154,7401.670669619,0.01705447446721639,-0.00346143124610021,0.03410894893443278
7155,7403.018090818,0.017021896141678292,-0.0033302720285366422,0.034043792283356585
7156,7403.448923018,0.017007831184695784,-0.0032898811772114965,0.03401566236939157
7157,7404.10346867,0.016983203189328906,-0.00323026091476206,0.03396640637865781
7158,7405.071527891,0.01693985132134708,-0.0031464973269701027,0.03387970264269416
7159,7406.434875899,0.016865743052538643,-0.0030390296240914594,0.033731486105077285
7160,7407.78277252,0.016779070753409616,-0.002946919089873265,0.03355814150681923
7161,7408.318442248,0.016741369885623195,-0.00291467904290906,0.03348273977124639
7162,7408.961023091,0.016693987012072146,-0.0028795249730686934,0.03338797402414429
7163,7409.6979101,0.016637065233969052,-0.0028441637788548077,0.033274130467938104
7164,7410.875016639,0.01654138359202288,-0.002799249567302386,0.03308276718404576
7165,7411.475578801,0.016490790266333325,-0.002782060114004665,0.03298158053266665
7166,7412.213344652,0.016427455343256032,-0.0027664280213792075,0.032854910686512064
7167,7413.328582878,0.016330213877868864,-0.0027545780808185803,0.03266042775573773
7168,7414.418814788,0.01623480405823448,-0.00275700223516865,0.03246960811646896
7169,7415.180650159,0.016168773636207074,-0.002767019614294308,0.03233754727241415
7170,7416.269504359,0.01607652651212615,-0.002793251204877554,0.0321530530242523
7171,7416.713391717,0.01603995945182996,-0.0028079480530498907,0.03207991890365992
7172,7418.310509223,0.01591545429290419,-0.00287968080684982,0.03183090858580838
7173,7418.988098354,0.015866818530536404,-0.0029188145108110797,0.03173363706107281
7174,7419.537617023,0.015829584827813558,-0.0029542300630904725,0.031659169655627116
7175,7420.415913275,0.015774692573727878,-0.0030174508555253173,0.031549385147455755
7176,7421.420781814,0.015719719618307683,-0.0030993064940400233,0.031439439236615366
7177,7421.806962622,0.015701036009103785,-0.0031333306517120616,0.03140207201820757
7178,7422.910687408,0.015655821509803672,-0.003237905465198274,0.031311643019607344
7179,7424.220735433,0.015619315786327762,-0.0033748568458993634,0.031238631572655523
7180,7425.306205763,0.015604523858002392,-0.0034974357577415224,0.031209047716004783
7181,7426.042615765,0.01560301846589465,-0.003584563247279416,0.0312060369317893
7182,7427.010358315,0.015612056915355419,-0.003703075745275246,0.031224113830710838
7183,7427.618882172,0.015624371737565064,-0.003779495828351219,0.03124874347513013
7184,7428.124246614,0.01563859390415374,-0.00384383592304258,0.03127718780830748
7185,7429.350889133,0.015688552938659183,-0.004002256664490621,0.031377105877318366
7186,7430.555368895,0.015759361823327156,-0.004159046572956508,0.03151872364665431
7187,7431.156635122,0.015802897254243362,-0.004237038232933989,0.031605794508486725
7188,7431.634303467,0.015841392847577677,-0.004298600145354147,0.031682785695155355
7189,7432.740669968,0.015943855482689444,-0.004438962563271693,0.03188771096537889
7190,7434.041575198,0.01608794855130621,-0.004597961784557571,0.03217589710261242
7191,7435.05919159,0.01621815195029935,-0.004715945841311592,0.0324363039005987
7192,7435.590441588,0.016292087947449924,-0.004774784745208079,0.03258417589489985
7193,7436.766516776,0.01646988622579379,-0.004897118600501804,0.03293977245158758
7194,7437.658181522,0.016617187427414266,-0.004981572526492304,0.03323437485482853
7195,7438.125995043,0.016698600361392917,-0.005022686737456492,0.03339720072278583
7196,7438.872215941,0.016834105384747333,-0.005083339665999095,0.033668210769494666
7197,7439.737648718,0.016999533961739505,-0.005145541593475553,0.03399906792347901
7198,7440.703121048,0.017193871282199666,-0.00520379447202623,0.03438774256439933
7199,7441.969323389,0.017462898512850523,-0.0052609233112627,0.03492579702570105
7200,7443.171160863,0.017731217146853554,-0.005293389103708857,0.03546243429370711
7201,7443.628394354,0.017836172175834598,-0.005299878022814496,0.035672344351669195
7202,7444.423866229,0.01802202930509138,-0.00530317833820321,0.03604405861018276
7203,7445.518979786,0.018283605507558403,-0.0052906334942707965,0.036567211015116806
7204,7446.192112312,0.01844698033598044,-0.005272836253726054,0.03689396067196088
7205,7447.470379602,0.018760885396928426,-0.005217397008382434,0.03752177079385685
7206,7447.91599995,0.01887100477760444,-0.005191316139430087,0.03774200955520888
7207,7448.578846008,0.019035038530551242,-0.005146005740456878,0.038070077061102485
7208,7450.026851981,0.019392447130927592,-0.005019829188906924,0.038784894261855184
7209,7450.313414658,0.019462737018708424,-0.004990441022296988,0.03892547403741685
7210,7451.287377007,0.019699735723260274,-0.00487972036023412,0.03939947144652055
7211,7453.156333014,0.020142298023060334,-0.004621136508379889,0.04028459604612067
7212,7453.562255597,0.020235587998899178,-0.00455715555265068,0.040471175997798356
7213,7454.501150895,0.020446566980282247,-0.004398831426687818,0.040893133960564494
7214,7455.111599985,0.020579737026006795,-0.004288346380942237,0.04115947405201359
7215,7455.756248183,0.020716561973739386,-0.004165427141171075,0.04143312394747877
7216,7456.879264174,0.02094461443131359,-0.003936607113023063,0.04188922886262718
7217,7457.555015684,0.021074950282212852,-0.0037903646809591155,0.042149900564425705
7218,7458.758896548,0.021293081990291562,-0.0035150074835266724,0.042586163980583125
7219,7459.317916598,0.021387838278814415,-0.0033811157691768933,0.04277567655762883
7220,7460.742319219,0.021609173791484977,-0.0030243788105295878,0.043218347582969954
7221,7461.412836776,0.021702859818294413,-0.0028494586052851666,0.043405719636588826
7222,7462.34511923,0.021821405448234205,-0.0025997718378967098,0.04364281089646841
7223,7463.241034353,0.021922075130774207,-0.0023536273955695472,0.04384415026154841
7224,7463.953428493,0.021992608615514404,-0.002154229155459524,0.04398521723102881
7225,7465.235332546,0.02209782232651054,-0.0017889462087682575,0.04419564465302108
7226,7465.873648618,0.02213965775109522,-0.0016047119634557988,0.04427931550219044
7227,7466.5095674,0.02217429916767371,-0.0014201139847414153,0.04434859833534742
7228,7467.236892003,0.02220528765472687,-0.0012081652806003116,0.04441057530945374
7229,7467.893516231,0.022225358410516573,-0.001016508937884744,0.044450716821033145
7230,7469.742312776,0.022241929930218042,-0.0004788399324093368,0.044483859860436084
7231,7470.410694724,0.022233649559605956,-0.0002864138949727457,0.04446729911921191
7232,7471.316153957,0.022210660523156386,-2.8492782506957225e-05,0.04442132104631277
7233,7472.216337833,0.02217472516218212,0.0002239019641371416,0.04434945032436424
7234,7472.93845247,0.02213677058347805,0.0004228465468399784,0.0442735411669561
7235,7473.801923222,0.022081115023072886,0.0006559337140108636,0.04416223004614577
7236,7474.318375562,0.022042673907290148,0.0007925592199852644,0.044085347814580296
7237,7475.457148466,0.021944958459135914,0.0010855873322261592,0.04388991691827183
7238,7476.661685381,0.021823463584520288,0.0013818633427677143,0.043646927169040575
7239,7477.126117162,0.021772002971967387,0.0014920073817944958,0.043544005943934774
7240,7477.990220376,0.021669940819407228,0.0016904747933306338,0.043339881638814456
7241,7479.360803881,0.02149276785462813,0.001987025697113782,0.04298553570925626
7242,7479.826490149,0.021428754356493558,0.0020824449965799042,0.042857508712987116
7243,7481.270585133,0.02121979079831111,0.002360330772549008,0.04243958159662222
7244,7482.08835305,0.021095503222929135,0.0025052778374027697,0.04219100644585827
7245,7482.760970559,0.020990675710798243,0.002617622964939247,0.04198135142159649
7246,7483.222684507,0.020917578795099326,0.00269111690086278,0.04183515759019865
7247,7484.435406371,0.02072219681610148,0.0028700224789310886,0.04144439363220296
7248,7485.087260837,0.020615755653238522,0.002957725410033558,0.041231511306477044
7249,7485.836110098,0.020492833963890993,0.0030512156621221365,0.04098566792778199
7250,7486.980574711,0.020304800233269558,0.00317927488596366,0.040609600466539116
7251,7488.3413984,0.020083205384814708,0.0033087963145408813,0.040166410769629415
7252,7489.410793263,0.019912395299000307,0.0033939052977687255,0.03982479059800061
7253,7489.80164996,0.01985099623679185,0.0034214935936040655,0.0397019924735837
7254,7490.288466891,0.01977544224572111,0.003453306904901839,0.03955088449144222
7255,7491.480237437,0.01959547912972372,0.0035197351001772536,0.03919095825944744
7256,7492.871177011,0.019396144178580495,0.003578107939300417,0.03879228835716099
7257,7493.000605946,0.019378259522274257,0.003582564352615443,0.038756519044548514
7258,7494.155593665,0.019224183001485148,0.0036155779499840467,0.038448366002970295
7259,7494.893354721,0.019131290857810113,0.003630759791493342,0.03826258171562023
7260,7495.620535551,0.019044238880173685,0.0036416830888565932,0.03808847776034737
7261,7496.903234041,0.01890221490707321,0.0036524073560364216,0.03780442981414642
7262,7497.876666871,0.01880471791512959,0.003654449389932635,0.03760943583025918
7263,7499.018375213,0.018702095353279415,0.003651659599127646,0.03740419070655883
7264,7499.635017045,0.018652029708826685,0.0036483815674232616,0.03730405941765337
7265,7500.520758701,0.01858674760299661,0.003642163718009409,0.03717349520599322
7266,7501.39435654,0.01853001298658374,0.003634975475915163,0.03706002597316748
7267,7501.889601166,0.0185012014283479,0.003630720224357547,0.0370024028566958
7268,7502.606128497,0.0184637554564838,0.003624666246127662,0.0369275109129676
7269,7503.815822096,0.018411660660139315,0.0036157365018798845,0.03682332132027863
7270,7505.007627511,0.018373458434790664,0.0036100780474515267,0.03674691686958133
7271,7505.855760749,0.01835376807895545,0.0036088825252893588,0.0367075361579109
7272,7506.458777844,0.018343343767121885,0.0036098271965063315,0.03668668753424377
7273,7507.88158271,0.01832962421400677,0.0036191723696973863,0.03665924842801354
7274,7508.325357728,0.018328224515291168,0.003624408597145964,0.036656449030582336
7275,7509.362857972,0.01832970661209334,0.003641506984625127,0.03665941322418668
7276,7510.062014247,0.018334085054721887,0.0036571575496201747,0.03666817010944377
7277,7511.268152095,0.01834701406801365,0.0036926241779300984,0.0366940281360273
7278,7511.831550095,0.01835499442574704,0.0037130669633959152,0.03670998885149408
7279,7512.639108892,0.018368117914830333,0.0037468684080041855,0.036736235829660666
7280,7513.256478602,0.018379191885179336,0.0037763792687059827,0.03675838377035867
7281,7514.327458197,0.018399758953091688,0.0038352992121726283,0.036799517906183375
7282,7516.017338757,0.018432925748223715,0.0039485369657240406,0.03686585149644743
7283,7516.682865383,0.018445272001210808,0.003999956497594497,0.036890544002421616
7284,7517.316546883,0.01845621491852155,0.004052458362644022,0.0369124298370431
7285,7518.233922044,0.01847010019558143,0.00413447872567142,0.03694020039116286
7286,7518.988255293,0.01847928331117753,0.004207111695183903,0.03695856662235506
7287,7519.483808585,0.018483992598357552,0.004257295033200571,0.036967985196715104
7288,7521.095478308,0.018490478325807913,0.0044332860125989625,0.036980956651615826
7289,7521.418960159,0.018489916167796158,0.00447082790609783,0.036979832335592315
7290,7522.235955941,0.01848534357099751,0.004568681499957234,0.03697068714199502
7291,7523.583809963,0.018466937038528343,0.004738762719126276,0.036933874077056686
7292,7524.576063141,0.01844382283523462,0.004869890042600551,0.03688764567046924
7293,7525.117755067,0.018427511542310253,0.004943250241721863,0.036855023084620506
7294,7526.077888671,0.018391836831819653,0.005075804200389024,0.036783673663639306
7295,7527.3392439,0.01833117754118903,0.005253581770685423,0.03666235508237806
7296,7528.255945299,0.01827683613356352,0.005384298001708262,0.03655367226712704
7297,7528.618824836,0.018252876819667495,0.005436184347126939,0.03650575363933499
7298,7529.572439684,0.018183189979347432,0.005572406339234012,0.036366379958694864
7299,7530.024518137,0.018146721938607172,0.005636709260237471,0.036293443877214344
7300,7531.443037755,0.018017888720186802,0.005835912598573985,0.036035777440373604
7301,7531.918476004,0.01796983186566257,0.0059014070193352955,0.03593966373132514
7302,7533.70178886,0.01776813705515855,0.006138572323786773,0.0355362741103171
7303,7534.196176756,0.01770636773129409,0.0062013653144469124,0.03541273546258818
7304,7535.269416747,0.017563886361310385,0.006332227103941732,0.03512777272262077
7305,7535.795879638,0.01748993730853488,0.006393376130718298,0.03497987461706976
7306,7536.852140836,0.017333939893218922,0.006509255017795872,0.034667879786437844
7307,7537.312581104,0.01726290557082109,0.006556688712689088,0.03452581114164218
7308,7538.513844108,0.017069574732177527,0.00667078336004367,0.034139149464355055
7309,7539.507181192,0.016901755090838542,0.006753732693451318,0.033803510181677085
7310,7540.227539901,0.016776087476106,0.006806943261773374,0.033552174952212
7311,7540.9522124,0.01664671566334739,0.00685426730977932,0.03329343132669478
7312,7541.719927233,0.016506865863873895,0.006897330800924438,0.03301373172774779
7313,7543.274086808,0.016216959427818856,0.0069611806197724235,0.03243391885563771
7314,7544.143089598,0.016052183351545207,0.006982737246573108,0.032104366703090415
7315,7545.017282211,0.015885492328299906,0.006993880675976252,0.03177098465659981
7316,7545.469645336,0.015799140976508523,0.006995438815904133,0.031598281953017046
7317,7546.619778437,0.015580261700429223,0.006986352299570608,0.031160523400858446
7318,7547.346464375,0.015443139295117697,0.006970920304696719,0.030886278590235395
7319,7548.163928908,0.015290700781187593,0.006944606893682014,0.030581401562375186
7320,7548.467009257,0.015234805804136586,0.006932454404835034,0.030469611608273172
7321,7550.120472175,0.014937716823252544,0.006843661361726504,0.02987543364650509
7322,7551.093890397,0.01477059810668249,0.006774027215107999,0.02954119621336498
7323,7552.050977944,0.01461327109761969,0.006693515235885024,0.02922654219523938
7324,7552.91572272,0.014477957474442157,0.006610925822207685,0.028955914948884314
7325,7553.422599595,0.014401968984656894,0.006558351944282383,0.028803937969313787
7326,7554.415064431,0.014260950056833196,0.0064469478649924325,0.02852190011366639
7327,7555.636986998,0.014102727897963959,0.006295443600593918,0.028205455795927918
7328,7556.215633319,0.014034205717216352,0.006218628079335484,0.028068411434432703
7329,7557.12384847,0.013935506722207433,0.006092111746858234,0.027871013444414866
7330,7557.731650015,0.013875759061415933,0.006003733494960335,0.027751518122831866
7331,7558.618693145,0.013798033361859334,0.005870021053405654,0.027596066723718667
7332,7559.643376319,0.013722785991206752,0.005709563678525012,0.027445571982413503
7333,7560.829820025,0.013655892168606456,0.005517453488173447,0.027311784337212913
7334,7561.658959994,0.013622414073551489,0.0053802816802193286,0.027244828147102978
7335,7563.182814439,0.013590022866131432,0.0051247901385531175,0.027180045732262865
7336,7563.520415699,0.013588008700420687,0.005067984083988976,0.027176017400841374
7337,7563.769301891,0.013587728162809608,0.005026130150866931,0.027175456325619216
7338,7564.960243676,0.01360053391995151,0.004826859091871965,0.02720106783990302
7339,7565.732853404,0.013621313704146452,0.004699259312092979,0.027242627408292905
7340,7566.84532243,0.013668276024492816,0.004519350992150075,0.02733655204898563
7341,7567.866531116,0.013728761892597937,0.004359628610050971,0.027457523785195875
7342,7568.289067603,0.013758545190080958,0.004295413819388155,0.027517090380161917
7343,7569.797165106,0.013886776988347487,0.004077042041446519,0.027773553976694974
7344,7570.54713799,0.013962812739772963,0.003975700433515914,0.027925625479545926
7345,7571.281289378,0.01404473302055075,0.003881825800415962,0.0280894660411015
7346,7572.278993978,0.014167330504359348,0.0037635234445991712,0.028334661008718696
7347,7573.255184307,0.014299036704884504,0.003659052787058917,0.02859807340976901
7348,7574.046802049,0.014413719048577574,0.003583176236114878,0.02882743809715515
7349,7574.749888838,0.014521018764017913,0.003522825051684387,0.029042037528035827
7350,7575.696668165,0.014672860980687591,0.003452552989673957,0.029345721961375183
7351,7576.268605074,0.014768284104113337,0.0034164619361111005,0.029536568208226675
7352,7576.905770591,0.014877520087918247,0.0033820834564842967,0.029755040175836495
7353,7578.917486665,0.015238905986655851,0.003315459333785813,0.030477811973311703
7354,7579.597757316,0.015365396760438521,0.003307785849921677,0.030730793520877042
7355,7580.280088977,0.015493718131265707,0.0033077984335757823,0.030987436262531413
7356,7580.959830819,0.015622547213538753,0.0033155485649145992,0.031245094427077506
7357,7582.031705549,0.01582662762081293,0.00334353123007379,0.03165325524162586
7358,7582.802983861,0.015973328607832314,0.0033755950109162314,0.03194665721566463
7359,7583.462734775,0.016098159423641144,0.003410900987193075,0.03219631884728229
7360,7584.486959736,0.01628975999243339,0.003479947983759194,0.03257951998486678
7361,7585.469517629,0.01646984984977512,0.0035621734667072528,0.03293969969955024
7362,7586.234994584,0.01660679588551656,0.00363681417025596,0.03321359177103312
7363,7587.283239492,0.01678840666207336,0.003753578913412016,0.03357681332414672
7364,7587.890350603,0.016889949905387364,0.003828637075122095,0.03377989981077473
7365,7589.356254116,0.017122242379421726,0.004031159935903282,0.03424448475884345
7366,7590.120871487,0.01723527121298951,0.004148063207759749,0.03447054242597902
7367,7590.918224864,0.017346543999197567,0.0042776139502134405,0.034693087998395135
7368,7591.966193812,0.017481752878587338,0.004458892565335516,0.034963505757174676
7369,7592.269712606,0.01751844275884886,0.004513572454411319,0.03503688551769772
7370,7593.098313958,0.017612684285449667,0.004667440664432016,0.035225368570899335
7371,7594.102742542,0.01771483445397177,0.004862199447434004,0.03542966890794354
7372,7595.077658168,0.0178007474938276,0.0050587664665275,0.0356014949876552
7373,7596.016212838,0.017870686845422278,0.005253903673996,0.035741373690844555
7374,7597.414985717,0.017950974592033937,0.005553113290788525,0.035901949184067874
7375,7598.007882858,0.017976202296957462,0.005682202219444684,0.035952404593914924
7376,7598.982709953,0.018006175500393698,0.005896362750941942,0.036012351000787396
7377,7599.565154716,0.018017243152850186,0.00602502093288706,0.03603448630570037
7378,7600.130858727,0.018023104556825466,0.006150175293364618,0.03604620911365093
7379,7601.751366015,0.018013494657615328,0.0065075886271620175,0.036026989315230656
7380,7602.405163471,0.017998722093949458,0.006650411538289598,0.035997444187898915
7381,7603.022366327,0.01797916600152276,0.006784035174866766,0.03595833200304552
7382,7603.56067858,0.017957747583791754,0.006899393038778541,0.03591549516758351
7383,7604.831196491,0.01789158793668705,0.0071661745597699465,0.0357831758733741
7384,7605.857934325,0.017822812913839615,0.007374875943402463,0.03564562582767923
7385,7606.99488298,0.017731721925446916,0.00759729697499056,0.03546344385089383
7386,7608.021354123,0.017636988020629473,0.007789119154991273,0.035273976041258946
7387,7608.42080787,0.017597138813895137,0.0078612448875888,0.035194277627790274
7388,7609.67360781,0.017462225478509737,0.00807754276638121,0.03492445095701947
7389,7610.066214265,0.017417072554476873,0.008142074554000752,0.034834145108953746
7390,7610.85449032,0.01732267934667138,0.00826670874731569,0.03464535869334276
7391,7611.794530221,0.017204235148288595,0.00840640636469569,0.03440847029657719
7392,7612.682249516,0.01708732541364711,0.008529070967507331,0.03417465082729422
7393,7613.949125483,0.016913633830633712,0.008688037232997539,0.033827267661267424
7394,7614.911019081,0.016777715648919105,0.008795821173955854,0.03355543129783821
7395,7615.589706733,0.016680370879389155,0.008865090276722849,0.03336074175877831
7396,7616.36144179,0.016568774124807645,0.00893702701534927,0.03313754824961529
7397,7617.490687418,0.016404853151685567,0.009029261749388517,0.032809706303371135
7398,7618.50622553,0.016258058009899327,0.009099181023175707,0.03251611601979865
7399,7619.1092214,0.016171691868099154,0.009134983993316206,0.03234338373619831
7400,7619.749441833,0.016080981499755734,0.009168449578364773,0.03216196299951147
7401,7620.983924855,0.015909981235271733,0.009220199809314515,0.031819962470543466
7402,7621.693574971,0.01581462977447954,0.009242655108572532,0.03162925954895908
7403,7622.017492707,0.01577194852594914,0.009251212889898655,0.03154389705189828
7404,7623.423298548,0.015593745041912452,0.009276757922677268,0.031187490083824904
7405,7624.987382547,0.015411086135193866,0.009285027835328799,0.03082217227038773
7406,7625.594493501,0.015345218378706388,0.009283194225647511,0.030690436757412776
7407,7626.265292759,0.015275985728437502,0.009278266202665121,0.030551971456875004
7408,7627.127213556,0.01519276346555673,0.009267925661802697,0.03038552693111346
7409,7627.690979948,0.015141962177320997,0.00925900940216716,0.030283924354641993
7410,7628.742026442,0.015055221727448808,0.009238577700896965,0.030110443454897617
7411,7629.642702478,0.014989392109497825,0.009217920323758448,0.02997878421899565
7412,7630.569927977,0.014930012876049361,0.009194513657993491,0.029860025752098722
7413,7631.506758032,0.014878770116227048,0.00916955675010141,0.029757540232454097
7414,7632.009099304,0.014854927364169147,0.009155952359434488,0.029709854728338293
7415,7633.651861592,0.014794538065659264,0.009112396914423438,0.029589076131318528
7416,7634.312300239,0.014777722371201419,0.009096071323578047,0.029555444742402837
7417,7634.771788001,0.01476848429190382,0.009085369628233494,0.02953696858380764
7418,7636.387151487,0.014751449093263203,0.009053612763537899,0.029502898186526405
7419,7636.822989399,0.014750797287477203,0.009046984907534928,0.029501594574954406
7420,7637.940366203,0.014756274196432821,0.00903463595558922,0.029512548392865642
7421,7638.237099967,0.014759374419625049,0.009032596014442316,0.029518748839250097
7422,7639.039294911,0.014770986399641303,0.009029964504434223,0.029541972799282605
7423,7639.934790875,0.014789135758856485,0.009032403439835844,0.02957827151771297
7424,7641.505667573,0.014832440840991267,0.009051917623820663,0.029664881681982534
7425,7642.166837363,0.01485434508254329,0.009066427080316594,0.02970869016508658
7426,7643.295177167,0.014895670371010937,0.00910041406437422,0.029791340742021874
7427,7644.035703918,0.0149249035899959,0.009129298399499077,0.0298498071799918
7428,7644.927813314,0.014961640075773672,0.009171252690548293,0.029923280151547344
7429,7645.331599328,0.014978622711126308,0.009192860366345344,0.029957245422252615
7430,7646.560905686,0.015030763240148223,0.009268837285755609,0.030061526480296447
7431,7647.399804109,0.015065932390375672,0.009329552997794192,0.030131864780751343
7432,7648.197821585,0.015098384133734825,0.009393980365491028,0.03019676826746965
7433,7649.210368914,0.015137255343834147,0.009484993307077276,0.030274510687668295
7434,7649.787924743,0.015157872435890323,0.009541472490489759,0.030315744871780646
7435,7650.778131572,0.015189872649701413,0.00964582143001556,0.030379745299402825
7436,7651.918000849,0.01522032751295283,0.009777258970705407,0.03044065502590566
7437,7653.356680958,0.015246804638640107,0.009959321765607182,0.030493609277280214
7438,7653.702814986,0.015250896539019896,0.010005634847084152,0.030501793078039793
7439,7654.580638877,0.015256886106893294,0.010127122818554504,0.030513772213786587
7440,7655.121494573,0.015257253946480472,0.010204683507327873,0.030514507892960945
7441,7656.261966851,0.015249087251515676,0.01037432242183355,0.030498174503031352
7442,7656.956407645,0.015237811455857961,0.010481215210144864,0.030475622911715922
7443,7657.717933645,0.01521965215029679,0.010601111708095488,0.03043930430059358
7444,7658.652286327,0.01518873558967427,0.01075141250343874,0.03037747117934854
7445,7660.26442252,0.015111969005712642,0.011016627025415608,0.030223938011425283
7446,7660.874842472,0.015074903551152888,0.011118207385839502,0.030149807102305776
7447,7661.578687879,0.015026595617854913,0.011235613353588358,0.030053191235709827
7448,7662.331833438,0.014968238596890698,0.011361135412137157,0.029936477193781397
7449,7663.456194164,0.014868237011668442,0.011547255484254709,0.029736474023336883
7450,7664.203009254,0.014793306332797164,0.011669319033516206,0.029586612665594328
7451,7665.444059488,0.01465394721266441,0.011867907913302281,0.02930789442532882
7452,7665.801809429,0.014610388146174786,0.011923907474879895,0.029220776292349572
7453,7666.502822823,0.014520731777103769,0.01203169563294274,0.029041463554207538
7454,7667.549329156,0.014376557149386404,0.012187099851823098,0.02875311429877281
7455,7668.365665796,0.014255825445067406,0.01230303593367187,0.028511650890134813
7456,7669.936029947,0.014004503211329629,0.012510793357052819,0.028009006422659258
7457,7670.581042533,0.013894514536746366,0.01258959932246769,0.027789029073492733
7458,7671.447129921,0.013741174199430172,0.012688821279852045,0.027482348398860344
7459,7672.450691458,0.013556088749816406,0.01279368047787098,0.027112177499632812
7460,7673.103534095,0.013431851679885235,0.012855715963999877,0.02686370335977047
7461,7673.740632527,0.013308014999766207,0.012911340571200733,0.026616029999532415
7462,7674.241511065,0.01320903626031378,0.012951555583267693,0.02641807252062756
7463,7676.061473909,0.01283970832303205,0.013070494329474006,0.0256794166460641
7464,7676.404517064,0.01276877383459459,0.013087987961099914,0.02553754766918918
7465,7677.306367426,0.012580977139893193,0.013126321865624147,0.025161954279786385
7466,7678.489609006,0.012332930618574671,0.01315955574915101,0.024665861237149343
7467,7679.283816646,0.012166326468369636,0.013170894998618047,0.024332652936739273
7468,7680.369729689,0.011939699357058778,0.01317211397216737,0.023879398714117556
7469,7681.049611798,0.01179914460335682,0.013164520838617239,0.02359828920671364
7470,7681.945482259,0.011616294189983698,0.013144807067666311,0.023232588379967396
7471,7683.018167364,0.011402035557283014,0.013106957616354671,0.02280407111456603
7472,7683.593964874,0.01128961919022796,0.013080395092455416,0.02257923838045592
7473,7684.205667991,0.011172502863685565,0.013047528190326963,0.02234500572737113
7474,7685.305556834,0.010968731303403185,0.012976797291507332,0.02193746260680637
7475,7685.782993533,0.010883309799447191,0.012941619056787675,0.021766619598894383
7476,7687.513293018,0.010591321383070581,0.012793003215196302,0.021182642766141162
7477,7688.59169289,0.010424904157446919,0.012685047934176179,0.020849808314893838
7478,7689.156619858,0.010342962986328669,0.01262428718305213,0.020685925972657337
7479,7689.858001084,0.010246519981616934,0.012545180499067481,0.02049303996323387
7480,7690.429650783,0.010172414585607572,0.01247793983834697,0.020344829171215145
7481,7691.802176533,0.010011755644688045,0.012307686782141532,0.02002351128937609
7482,7692.342743389,0.009955416877168766,0.012237724758671515,0.019910833754337533
7483,7693.479401398,0.00985019596161797,0.012086442358744386,0.01970039192323594
7484,7693.897005961,0.009816131321314968,0.012029727565338929,0.019632262642629936
7485,7695.112272418,0.009731294480566042,0.011862397085139371,0.019462588961132083
7486,7696.136385041,0.009676485718288485,0.011720077666314546,0.01935297143657697
7487,7696.779476828,0.009649899642953116,0.011630777271464988,0.019299799285906232
7488,7697.898469111,0.009617984867318265,0.011476732986159085,0.01923596973463653
7489,7699.071025944,0.009603851994106242,0.011318870098895225,0.019207703988212484
7490,7700.036047546,0.009606708879063258,0.011193127988237586,0.019213417758126516
7491,7700.21672438,0.009608665484276836,0.011170106883312257,0.019217330968553673
7492,7701.157954572,0.009625928436110985,0.01105329191784073,0.01925185687222197
7493,7702.194731382,0.009658242505547492,0.010931549339911837,0.019316485011094984
7494,7702.589229876,0.009674053460276456,0.010887393881317644,0.019348106920552912
7495,7703.831003122,0.009735792935520059,0.010757208898211423,0.019471585871040118
7496,7705.213166786,0.009824327587890107,0.010629904814427006,0.019648655175780214
7497,7705.703216887,0.00986028697544339,0.010589678791754924,0.01972057395088678
7498,7706.962196191,0.009962458589129407,0.010499111763676735,0.019924917178258814
7499,7707.736760361,0.010031592111892865,0.010453041066983956,0.02006318422378573
7500,7708.220972632,0.010076944230986996,0.010428151106334743,0.020153888461973992
7501,7709.242640641,0.01017731826271155,0.010385854265438439,0.0203546365254231
7502,7710.123839878,0.01026816655819403,0.010360849848836562,0.02053633311638806
7503,7711.223648931,0.010385711898147123,0.01034499755427209,0.020771423796294246
7504,7711.9289338,0.010462775182746662,0.010343972958580262,0.020925550365493324
7505,7712.779308289,0.010556663132002327,0.010352346515010784,0.021113326264004653
7506,7712.90864889,0.010570988728194218,0.010354544201152954,0.021141977456388437
7507,7714.904975655,0.01079079458959481,0.010419388243609575,0.02158158917918962
7508,7715.806809193,0.010887527239494446,0.010467556188885806,0.021775054478988892
7509,7716.493161847,0.010959219255772859,0.010511928612576181,0.021918438511545717
7510,7717.430625539,0.011053624654115355,0.010583064498406116,0.02210724930823071
7511,7718.209439895,0.011128295624205232,0.010651152945995331,0.022256591248410465
7512,7718.87182801,0.011188659930829976,0.010715271397056114,0.02237731986165995
7513,7719.753486075,0.011263906984138405,0.01080912537974974,0.02252781396827681
7514,7720.412175075,0.011315905820153627,0.010885315204047886,0.022631811640307253
7515,7721.553996963,0.011396522197247908,0.011028943698537103,0.022793044394495816
7516,7722.557228802,0.011456393765509401,0.011166331119751632,0.022912787531018802
7517,7723.618282221,0.011507505577411523,0.01132187981295114,0.023015011154823045
7518,7724.440916672,0.011537893094883666,0.011448933349893787,0.02307578618976733
7519,7725.242870633,0.01155933309844814,0.011577566675977024,0.02311866619689628
7520,7725.881074559,0.011570405917827247,0.011682895782457589,0.023140811835654494
7521,7727.365067834,0.011574834165111793,0.01193608823807051,0.023149668330223586
7522,7728.154537019,0.01156468130924717,0.012074404292709296,0.02312936261849434
7523,7728.345321205,0.011560899771866983,0.012108108652918528,0.023121799543733966
7524,7729.508444298,0.011526544205718414,0.012315202514894215,0.02305308841143683
7525,7730.156710684,0.011498919245570553,0.012431315635911294,0.022997838491141107
7526,7731.326343495,0.011433695331478241,0.012640671580957654,0.022867390662956483
7527,7731.904604017,0.011394168505866312,0.012743580054183839,0.022788337011732624
7528,7733.551152378,0.011255645002896346,0.013031761017816685,0.022511290005792692
7529,7734.637209897,0.011143774830418568,0.013215853064226922,0.022287549660837135
7530,7734.799051748,0.01112575106377178,0.013242758515767677,0.02225150212754356
7531,7735.920191803,0.010991564427548367,0.013424714359281695,0.021983128855096734
7532,7736.398982954,0.010929429742586674,0.013499804774316455,0.021858859485173347
7533,7737.281516673,0.010807666450742494,0.013633567571265135,0.02161533290148499
7534,7738.683400516,0.010596116963321954,0.013832138389012733,0.02119223392664391
7535,7739.076079126,0.010533138143871405,0.013884395019145037,0.02106627628774281
7536,7740.113547443,0.01035955962381061,0.014014752452589346,0.02071911924762122
7537,7740.932128955,0.010215812335930843,0.014109258247677248,0.020431624671861687
7538,7742.093826817,0.010002751275661284,0.014229903492434366,0.02000550255132257
7539,7742.861768148,0.009856825136517224,0.014300555255154529,0.01971365027303445
7540,7744.168742339,0.009600868931196948,0.01440339518381823,0.019201737862393896
7541,7744.539185766,0.0095268830018472,0.014428451843608267,0.0190537660036944
7542,7745.564177666,0.009319644711486313,0.01448816273956688,0.018639289422972626
7543,7746.61797215,0.009103826449472135,0.014534638653993386,0.01820765289894427
7544,7747.262729143,0.008971022006007672,0.014555564128562164,0.017942044012015344
7545,7747.603843256,0.008900670977109244,0.01456432628217726,0.017801341954218487
7546,7748.560899267,0.008703458034601298,0.01458040799405908,0.017406916069202596
7547,7749.950340468,0.00841938885161265,0.01458168408398031,0.0168387777032253
7548,7751.417942591,0.008125429088373708,0.014555399498258232,0.016250858176747415
7549,7751.732240722,0.008063633597459763,0.014546197106482044,0.016127267194919526
7550,7752.412059064,0.007931679933028825,0.014522119096687054,0.01586335986605765
7551,7753.812564124,0.007668443696921498,0.014455218184084991,0.015336887393842997
7552,7754.165808072,0.007604134651395703,0.014434832831554131,0.015208269302791406
7553,7755.042744738,0.00744857366004654,0.014378461093818592,0.01489714732009308
7554,7756.140545943,0.007262795914827664,0.01429699599125615,0.014525591829655328
7555,7756.961660294,0.007130959196924891,0.014228789924651104,0.014261918393849783
7556,7757.748648753,0.007010742002168377,0.014158115070157653,0.014021484004336754
7557,7758.44196761,0.006910072722401246,0.014091943649441782,0.013820145444802492
7558,7759.592954771,0.006754320196203294,0.013974979364150672,0.013508640392406589
7559,7760.470136606,0.006645536117827386,0.013880753317444301,0.013291072235654773
7560,7761.852016417,0.006492218860500212,0.013725376262906703,0.012984437721000424
7561,7762.516669839,0.006426514874107468,0.013648380547004527,0.012853029748214936
7562,7763.365536637,0.0063502862326862645,0.013548626931842543,0.012700572465372529
7563,7763.887943627,0.0063076722946392915,0.013486729352122594,0.012615344589278583
7564,7764.629540609,0.006252795049458262,0.013398580491117428,0.012505590098916525
7565,7765.580549321,0.00619200059237547,0.01328574378849656,0.01238400118475094
7566,7766.648068549,0.006136381216205902,0.013160481852799942,0.012272762432411804
7567,7767.34736143,0.006107019372201733,0.013079850999373387,0.012214038744403466
7568,7768.417093856,0.006072582142060153,0.012959648977835839,0.012145164284120305
7569,7769.913327771,0.006044619541092993,0.012800030591771986,0.012089239082185985
7570,7770.261243683,0.00604130982584226,0.01276463871044895,0.01208261965168452
7571,7770.983886849,0.006038061767347761,0.01269350709754739,0.012076123534695522
7572,7771.801935594,0.006039997481338193,0.012617197389077647,0.012079994962676387
7573,7773.152164236,0.006055091515228174,0.012502134594284921,0.012110183030456348
7574,7774.018899976,0.006071741835649866,0.012436103214075385,0.012143483671299731
7575,7774.296269529,0.006078097777142686,0.012416347728937405,0.012156195554285373
7576,7775.448785292,0.006109228671771735,0.012341743706626768,0.01221845734354347
7577,7775.977608167,0.006125767185470599,0.012311685316322613,0.012251534370941198
7578,7776.955377123,0.0061594038355289515,0.012263278115349822,0.012318807671057903
7579,7778.619618818,0.00622329759009736,0.012202926441346143,0.01244659518019472
7580,7779.147738368,0.006244656755968983,0.012189686422754482,0.012489313511937966
7581,7780.29414376,0.006291645953873068,0.012170808469045502,0.012583291907746137
7582,7780.79163125,0.006311978493433678,0.01216680355997746,0.012623956986867356
7583,7781.703703738,0.0063485676348706615,0.012165970750549654,0.012697135269741323
7584,7782.448108668,0.006377296796643131,0.012171436233915145,0.012754593593286262
7585,7783.333189556,0.006409487920562221,0.012184936802487669,0.012818975841124442
7586,7783.869822963,0.00642768358240543,0.01219672095738682,0.01285536716481086
7587,7785.543212016,0.006476147820009025,0.0122499967227567,0.01295229564001805
7588,7785.972158398,0.006486183554524483,0.012267459908578493,0.012972367109048966
7589,7786.910885164,0.006504177387333034,0.012310676897214731,0.013008354774666067
7590,7787.847577242,0.006516157334957024,0.012360148602488479,0.013032314669914048
7591,7788.94203773,0.006521778868888553,0.01242511030370131,0.013043557737777106
7592,7789.846487232,0.006519028887873509,0.01248384956765067,0.013038057775747017
7593,7790.584748288,0.006511504135245872,0.012534676364040228,0.013023008270491744
7594,7791.498122458,0.006495311851321886,0.012600516866042874,0.012990623702643773
7595,7792.057000207,0.006481525180701747,0.012642110665719401,0.012963050361403494
7596,7793.208438103,0.00644355716773359,0.012730036234020293,0.01288711433546718
7597,7793.731179351,0.0064219912312986184,0.01277059789553532,0.012843982462597237
7598,7794.330647915,0.006393890243098318,0.012817332618217202,0.012787780486196635
7599,7796.167939908,0.006285223972539892,0.012959610902773581,0.012570447945079784
7600,7796.882750798,0.00623380928235309,0.013013523881328632,0.01246761856470618
7601,7797.939994786,0.006148566861007716,0.013090556949578822,0.012297133722015432
7602,7798.642876532,0.006085966816168369,0.01313943743829876,0.012171933632336738
7603,7799.027356176,0.0060497746372022276,0.013165230290516769,0.012099549274404455
7604,7800.0488667,0.005947142899873999,0.013229997467073302,0.011894285799747998
7605,7801.085965693,0.005833776474834635,0.013289307246453021,0.01166755294966927
7606,7802.278136743,0.00569292780967769,0.013348115527468965,0.01138585561935538
7607,7802.563043839,0.005657722601381239,0.013360530663552942,0.011315445202762477
7608,7803.341640437,0.005558712681661397,0.013390977453157944,0.011117425363322794
7609,7804.662539155,0.005382288009888043,0.013430138567648747,0.010764576019776087
7610,7805.651244456,0.005244335191690807,0.013448359884926485,0.010488670383381613
7611,7806.365526757,0.005142125172418244,0.01345524798406783,0.010284250344836487
7612,7807.453947055,0.0049832103759693165,0.01345516382729749,0.009966420751938633
7613,7808.521694541,0.00482478544073408,0.013442223123502099,0.00964957088146816
7614,7809.148095665,0.004731227494862485,0.013428551665904035,0.00946245498972497
7615,7809.949348552,0.004611433083138518,0.013404409371970193,0.009222866166277035
7616,7810.246422781,0.004567092160721196,0.013393547543469393,0.009134184321442392
7617,7811.425296755,0.004392304725344336,0.013340220536621969,0.008784609450688673
7618,7812.392880858,0.004251236327142842,0.013284281253996853,0.008502472654285683
7619,7813.48075125,0.004096621985142676,0.013208455323523298,0.008193243970285351
7620,7814.556090477,0.003949349844564638,0.01312037018599658,0.007898699689129277
7621,7815.586939345,0.003814673972001101,0.013024113217821157,0.007629347944002202
7622,7815.855841175,0.0037807430250722403,0.012997168063580143,0.007561486050144481
7623,7817.152637267,0.0036250159912971738,0.012857063173370632,0.0072500319825943476
7624,7817.79668574,0.003553013744785313,0.01278152942775879,0.007106027489570626
7625,7818.660115006,0.0034626388142727595,0.012674517843516508,0.006925277628545519
7626,7819.635648032,0.003369687727556018,0.01254630177221996,0.006739375455112036
7627,7820.586397431,0.0032891669634070387,0.012414647642166095,0.006578333926814077
7628,7821.053880222,0.00325342574573228,0.01234774584364093,0.00650685149146456
7629,7822.094093499,0.003183455689745064,0.012194417217098814,0.006366911379490128
7630,7822.719034352,0.003147993335305211,0.012099740970862532,0.006295986670610422
7631,7824.645471276,0.003071267333477039,0.011799180614358827,0.006142534666954078
7632,7825.27317726,0.0030572455662063315,0.011699424598968665,0.006114491132412663
7633,7825.827781341,0.0030494505786556455,0.011610961569726245,0.006098901157311291
7634,7826.471180297,0.003045853951253848,0.011508251100206122,0.006091707902507696
7635,7827.806459756,0.003057175009953437,0.011296234774689893,0.006114350019906874
7636,7828.125195235,0.0030636296906065884,0.0112461150779988,0.006127259381213177
7637,7828.993878289,0.003088530295201587,0.011111038149696158,0.006177060590403174
7638,7830.128538967,0.003136999233124757,0.010939087366808509,0.006273998466249514
7639,7830.877581938,0.0031787135994372946,0.010829186566914513,0.006357427198874589
7640,7832.274462693,0.003276497214090652,0.010633962096093352,0.006552994428181304
7641,7832.824494594,0.0033218965285124104,0.010561153093729838,0.006643793057024821
7642,7833.920755249,0.0034234399793234413,0.010423960663779491,0.0068468799586468825
7643,7834.383065915,0.003470497619046509,0.010369552829068552,0.006940995238093018
7644,7835.73325805,0.00362136586761609,0.010223636635257057,0.00724273173523218
7645,7836.463501639,0.003710730124454239,0.010153426315224928,0.007421460248908478
7646,7837.39694749,0.003832146547770773,0.01007330962384618,0.007664293095541546
7647,7838.064178061,0.003923442549029814,0.010023020028095821,0.007846885098059628
7648,7838.482550843,0.003982436241864809,0.009994575310246232,0.007964872483729618
7649,7839.568362839,0.004141147996586705,0.009932279223270772,0.00828229599317341
7650,7840.782349086,0.004326644378019781,0.009883123683689694,0.008653288756039563
7651,7841.828068609,0.004491580812062766,0.009858813670948848,0.008983161624125532
7652,7842.773773978,0.004643530359397631,0.009851600957249235,0.009287060718795263
7653,7843.741048099,0.004800457684784893,0.009858988598685323,0.009600915369569786
7654,7844.45742944,0.004916944927200679,0.009874170849508104,0.009833889854401359
7655,7845.080327764,0.005017972493918223,0.009894109064916298,0.010035944987836446
7656,7845.576147186,0.005097983014365473,0.009914455405032774,0.010195966028730945
7657,7847.000089159,0.005324169444155738,0.009994803823486874,0.010648338888311477
7658,7847.835966138,0.00545327695746933,0.01005691730229505,0.01090655391493866
7659,7848.647013324,0.005575037895343724,0.010127527360410749,0.011150075790687448
7660,7849.322974184,0.005673365695486891,0.010193985667804455,0.011346731390973782
7661,7850.381575865,0.0058206008140340455,0.010311540716528412,0.011641201628068091
7662,7851.749375194,0.00599653615478201,0.010486670785015171,0.01199307230956402
7663,7852.055533001,0.006033434131698663,0.01052928578375276,0.012066868263397326
7664,7853.53688711,0.006197616558735134,0.010751942938757558,0.012395233117470268
7665,7854.099209291,0.006253252800888454,0.010843187095604792,0.012506505601776907
7666,7854.705243499,0.006308794254967765,0.010945353604306788,0.01261758850993553
7667,7855.730232865,0.0063917639895699745,0.01112653294559041,0.012783527979139949
7668,7856.589741468,0.006450176953685902,0.011285824767331937,0.012900353907371804
7669,7857.00748021,0.006474742607590088,0.01136542799845926,0.012949485215180176
7670,7857.99824752,0.006522670573818535,0.011559291449364005,0.01304534114763707
7671,7859.863876592,0.006571955091214528,0.011939970380424844,0.013143910182429056
7672,7860.360848829,0.006575792040277057,0.012043959860864475,0.013151584080554115
7673,7861.074293126,0.0065743407276589675,0.01219455143696273,0.013148681455317935
7674,7861.968307522,0.006560857760370551,0.012384746485204079,0.013121715520741102
7675,7862.57680849,0.006544232374001194,0.012514688121322332,0.013088464748002389
7676,7863.886469839,0.006488014958606893,0.012794096040440635,0.012976029917213786
7677,7864.688424186,0.006439919682469999,0.012963975155954313,0.012879839364939997
7678,7865.04754855,0.006415054813723544,0.013039521407211494,0.012830109627447088
7679,7866.327295717,0.006310000213523199,0.013304965040696198,0.012620000427046398
7680,7867.142338042,0.006230003991853311,0.013470065197405352,0.012460007983706622
7681,7867.701391247,0.006169418171607507,0.013581111085468138,0.012338836343215014
7682,7869.054058998,0.006004317310087944,0.013841004236222825,0.012008634620175889
7683,7870.100532362,0.005859502860396016,0.014032150400874304,0.011719005720792031
7684,7871.026268505,0.005719785721330699,0.014192974667645316,0.011439571442661398
7685,7871.891593704,0.005579986458486357,0.014335582600160305,0.011159972916972714
7686,7872.42105136,0.005490340151479559,0.014418907270394379,0.010980680302959117
7687,7873.258974733,0.005342524565266192,0.01454433328040523,0.010685049130532384
7688,7873.857411725,0.00523279876655379,0.014628869031462505,0.01046559753310758
7689,7874.894281011,0.005035257075101096,0.014764930347745677,0.010070514150202192
7690,7876.081256282,0.004798982797964903,0.014903789341709685,0.009597965595929805
7691,7876.811378417,0.004649090236570014,0.01497992256846762,0.009298180473140029
7692,7877.833953051,0.00443438819703557,0.015074360116144268,0.00886877639407114
7693,7878.91061122,0.004203629469146247,0.015158168402371146,0.008407258938292495
7694,7879.774371318,0.004016040555735831,0.015213712438861545,0.008032081111471662
7695,7880.247924998,0.003912581369172273,0.015239739307922533,0.007825162738344545
7696,7881.172597091,0.0037099096115198495,0.015281559169350785,0.007419819223039699
7697,7882.440411049,0.003432114036124873,0.015319754018328642,0.006864228072249746
7698,7883.219132091,0.0032624699033872895,0.01533244571372482,0.006524939806774579
7699,7883.739288678,0.003149903913364062,0.015336461345974661,0.006299807826728124
7700,7884.386136361,0.0030110314790891953,0.015336577578669462,0.006022062958178391
7701,7885.310055571,0.0028153526051543252,0.015327625721066005,0.0056307052103086504
7702,7886.697844125,0.00252896462048443,0.015294964350192662,0.00505792924096886
7703,7887.902634545,0.002289410759453878,0.015249159011974583,0.004578821518907756
7704,7888.582508385,0.0021585541439570035,0.015216691458238868,0.004317108287914007
7705,7889.247759853,0.0020338303792544346,0.015180620574793056,0.004067660758508869
7706,7890.19988517,0.0018614474496072794,0.015122123467888273,0.0037228948992145587
7707,7890.829109254,0.001751719314905634,0.015079376167827317,0.003503438629811268
7708,7891.738485149,0.001599354929995552,0.015012417238342811,0.003198709859991104
7709,7892.471581268,0.0014820923888113346,0.014954444208830837,0.0029641847776226693
7710,7893.753775746,0.0012894205862113537,0.014845793934228337,0.0025788411724227073
7711,7894.146224242,0.0012336840408830967,0.014810974545473513,0.0024673680817661934
7712,7895.752701737,0.0010216534469787305,0.014662695166945648,0.002043306893957461
7713,7896.284146796,0.0009572525266206422,0.014612128125662375,0.0019145050532412844
7714,7896.810706211,0.0008962570943463065,0.014561550705456543,0.001792514188692613
7715,7898.443975526,0.000724682482468848,0.014403345267264252,0.001449364964937696
7716,7899.189387686,0.0006550496225308058,0.014331370051874199,0.0013100992450616115
7717,7899.737784134,0.0006071865868741912,0.01427886048262913,0.0012143731737483824
7718,7900.699743497,0.0005299020204585037,0.014188188715994967,0.0010598040409170073
7719,7901.203724772,0.00049268986666969,0.01414164803018488,0.00098537973333938
7720,7902.431940428,0.00041092787918576266,0.014031852205782479,0.0008218557583715253
7721,7902.845882349,0.00038607617258024383,0.013996210830423832,0.0007721523451604877
7722,7904.000011351,0.000323418859178818,0.013901126093583854,0.000646837718357636
7723,7905.495359794,0.0002552385218461575,0.01378873206637598,0.000510477043692315
7724,7906.307057653,0.00022349567486897848,0.013733495372801996,0.00044699134973795696
7725,7907.03327962,0.0001977436171405068,0.01368781327888504,0.0003954872342810136
7726,7907.462023027,0.0001835658500278796,0.013662572444026343,0.0003671317000557592
7727,7908.754089325,0.00014458624823579007,0.013594594673449535,0.00028917249647158013
7728,7909.071081108,0.00013571481597124033,0.013579822869922981,0.00027142963194248066
7729,7910.496345642,9.795267198198377e-05,0.013522934142528928,0.00019590534396396754
7730,7911.290474749,7.767408386101586e-05,0.013498073832487408,0.00015534816772203172
7731,7911.974654015,6.014750453133199e-05,0.013480585749019131,0.00012029500906266398
7732,7912.521894757,4.586335146952658e-05,0.013469198806149992,9.172670293905317e-05
7733,7913.958900163,5.972006077498015e-06,0.0134500885169667,1.194401215499603e-05
7734,7914.898228655,-2.3026712031290136e-05,0.013445758542298243,-4.605342406258027e-05
7735,7916.139083619,-6.640805906580976e-05,0.013449330567802642,-0.00013281611813161951
7736,7916.249620364,-7.060407856795632e-05,0.013450135648047416,-0.00014120815713591263
7737,7917.846984219,-0.00013843786292522348,0.0134699243834064,-0.00027687572585044696
7738,7918.206299766,-0.0001557459110853919,0.01347632617645512,-0.0003114918221707838
7739,7919.009503414,-0.00019748220402565476,0.013492933302963365,-0.0003949644080513095
7740,7919.702077253,-0.000237072056609161,0.01350956029614374,-0.000474144113218322
7741,7920.394917845,-0.0002802404672823692,0.01352805194386513,-0.0005604809345647385
7742,7922.053034575,-0.00039913789671589564,0.013578147740208523,-0.0007982757934317913
7743,7922.723312421,-0.0004538189593278235,0.013600016513822652,-0.000907637918655647
7744,7923.710141381,-0.0005416070977280862,0.013633034540564986,-0.0010832141954561724
7745,7924.582047218,-0.0006265819598784153,0.013662331196172479,-0.0012531639197568307
7746,7925.391338795,-0.0007117940720920839,0.013689000904265844,-0.0014235881441841678
7747,7926.044750272,-0.0007850866750062393,0.013709773730962499,-0.0015701733500124786
7748,7927.227859749,-0.0009280235556093811,0.013744635870358693,-0.0018560471112187623
7749,7928.00776463,-0.0010294015658344527,0.013764963657127836,-0.0020588031316689055
7750,7928.684234751,-0.0011218649660745855,0.013780425151011874,-0.002243729932149171
7751,7929.540229147,-0.001244766028820574,0.013796565879356043,-0.002489532057641148
7752,7930.604941257,-0.0014065178419247293,0.013810385863639467,-0.0028130356838494586
7753,7930.948076826,-0.001460667215308409,0.013813176795211705,-0.002921334430616818
7754,7932.471666174,-0.0017122594939414152,0.013814419529727043,-0.0034245189878828303
7755,7933.645643224,-0.0019175343018636786,0.013801474024650607,-0.0038350686037273572
7756,7934.49541531,-0.0020715862833620468,0.01378366896048939,-0.0041431725667240935
7757,7935.214648402,-0.0022051395722648905,0.013762652274174522,-0.004410279144529781
7758,7935.570718562,-0.002272224020994891,0.013750138898347909,-0.004544448041989782
7759,7936.442237035,-0.0024387966419490382,0.013713381680735296,-0.0048775932838980764
7760,7937.745180589,-0.002692938460681237,0.013641464569226262,-0.005385876921362474
7761,7938.31557408,-0.0028056148233326296,0.013603318713779029,-0.005611229646665259
7762,7939.086639386,-0.0029588103740553835,0.013545095609731338,-0.005917620748110767
7763,7940.354012879,-0.0032115304374391025,0.013432369849727373,-0.006423060874878205
7764,7941.26568375,-0.003392885315846197,0.013337933660186325,-0.006785770631692394
7765,7942.317604789,-0.003600352747957499,0.013214922050787663,-0.007200705495914998
7766,7942.745097903,-0.0036838123067465646,0.013160617572553043,-0.007367624613493129
7767,7943.785515988,-0.0038840861442724513,0.01301806835672736,-0.007768172288544903
7768,7944.959519127,-0.004103825906236496,0.012839716514661195,-0.008207651812472991
7769,7945.740693786,-0.004245441341776505,0.012710954331218265,-0.00849088268355301
7770,7946.220788193,-0.004330357531628692,0.01262790681325101,-0.008660715063257385
7771,7947.289771166,-0.004512885448322592,0.01243258195487221,-0.009025770896645184
7772,7947.729600273,-0.004585109163540133,0.012348160266697656,-0.009170218327080266
7773,7948.634211572,-0.004727835358522692,0.012167390142494882,-0.009455670717045384
7774,7950.26547054,-0.004963236355168236,0.011818594013862876,-0.009926472710336472
7775,7951.31403065,-0.005097946329186677,0.011580249118862017,-0.010195892658373354
7776,7951.584851706,-0.005130464127340133,0.011517049421582621,-0.010260928254680265
7777,7952.794489272,-0.005263665010255232,0.011227290644117803,-0.010527330020510465
7778,7953.594656973,-0.005340489463749229,0.011029550402828922,-0.010680978927498457
7779,7954.308997263,-0.005401134462412724,0.010849483738687398,-0.010802268924825447
7780,7954.747608585,-0.00543455695096978,0.010737459394153395,-0.01086911390193956
7781,7956.152267106,-0.005521469850885495,0.010372551008859152,-0.01104293970177099
7782,7956.98957825,-0.005558313423450918,0.01015162253555207,-0.011116626846901836
7783,7957.947945783,-0.0055864482381567365,0.009896811764380868,-0.011172896476313473
7784,7958.317455919,-0.005593251296163067,0.009798246357191441,-0.011186502592326134
7785,7959.688750438,-0.0055986721747729685,0.009432337703385927,-0.011197344349545937
7786,7960.661379308,-0.0055835537702297305,0.009174080899964986,-0.011167107540459461
7787,7961.649596877,-0.0055521640706076465,0.008914219954727763,-0.011104328141215293
7788,7962.562547059,-0.0055089826955443425,0.008677535913694653,-0.011017965391088685
7789,7962.95650779,-0.005486202383337876,0.008576665719095471,-0.010972404766675752
7790,7964.20360071,-0.005397967702684776,0.008263517505307825,-0.010795935405369552
7791,7964.684089865,-0.0053575789062516995,0.008145736349229807,-0.010715157812503399
7792,7965.315678843,-0.005299238634423007,0.0079936877995967,-0.010598477268846013
7793,7966.568849824,-0.005166454562553553,0.007702427557283347,-0.010332909125107106
7794,7967.266107539,-0.005083211234065424,0.0075470448576380215,-0.010166422468130848
7795,7968.909886517,-0.004862450251786827,0.0072020752150072295,-0.009724900503573655
7796,7969.629440351,-0.004755809848018204,0.007061350874051307,-0.009511619696036408
7797,7970.220548111,-0.004664042419544053,0.006950776261087127,-0.009328084839088107
7798,7970.847928249,-0.004562808194070807,0.006838580884061841,-0.009125616388141614
7799,7971.821330831,-0.004398577635450987,0.006675456607468787,-0.008797155270901974
7800,7972.995331892,-0.004190318860634964,0.006497198588949786,-0.008380637721269927
7801,7973.804869057,-0.004041217328995614,0.006386494218748352,-0.008082434657991229
7802,7974.458129758,-0.003918170730912611,0.006304620910422966,-0.007836341461825222
7803,7975.017853871,-0.003811106091936314,0.0062398540795414285,-0.007622212183872628
7804,7976.207792148,-0.003579593120272891,0.006118895867120761,-0.007159186240545782
7805,7977.291194444,-0.003365769211748765,0.006028749979196418,-0.00673153842349753
7806,7977.975322928,-0.003230066719399089,0.0059816705859472175,-0.006460133438798178
7807,7979.419830145,-0.0029440391134682798,0.005907170169942455,-0.0058880782269365595
7808,7980.244153621,-0.0027823539289934286,0.005879621904145327,-0.005564707857986857
7809,7980.592156636,-0.0027146662748055717,0.005871203933132799,-0.005429332549611143
7810,7981.677158958,-0.0025065580011903762,0.00585696379917596,-0.0050131160023807525
7811,7982.329229078,-0.002384115366988413,0.0058569607398311465,-0.004768230733976826
7812,7982.856726483,-0.0022867947180396546,0.00586152706491587,-0.004573589436079309
7813,7984.194787626,-0.002048095693641778,0.005890756965141726,-0.004096191387283556
7814,7985.078461489,-0.0018978792773627782,0.005923277607132766,-0.0037957585547255565
7815,7986.116271566,-0.001730129528065418,0.005974001125624948,-0.003460259056130836
7816,7986.98992128,-0.0015969171661877125,0.006026482653168871,-0.003193834332375425
7817,7987.776841672,-0.001483705654060437,0.006080828920657417,-0.002967411308120874
7818,7988.826884443,-0.0013433265107299019,0.0061628733006557895,-0.0026866530214598038
7819,7989.527182534,-0.0012568574915638234,0.0062230715201217895,-0.002513714983127647
7820,7990.464730054,-0.001150471971369569,0.006309737616980906,-0.002300943942739138
7821,7991.154615188,-0.0010792694007971725,0.006377432434892274,-0.002158538801594345
7822,7992.449601868,-0.0009623380470262703,0.006511952143923498,-0.0019246760940525407
7823,7992.775448789,-0.0009364162525265487,0.0065470777775592905,-0.0018728325050530975
7824,7993.535520097,-0.0008814963510431237,0.006630596233930554,-0.0017629927020862473
7825,7994.268276832,-0.0008359445150097275,0.006712793151563779,-0.001671889030019455
7826,7996.325873551,-0.0007469202844491134,0.006948123397100262,-0.0014938405688982269
7827,7996.702938036,-0.0007367791151669515,0.006991363541419628,-0.001473558230333903
7828,7997.562596961,-0.0007206859220623578,0.007089358639573887,-0.0014413718441247155
7829,7998.503621701,-0.0007140688535490527,0.007194955666145992,-0.0014281377070981054
7830,7998.960515917,-0.0007149062664305936,0.0072453136090745145,-0.0014298125328611872
7831,8000.086767552,-0.0007279114080222129,0.00736605126525516,-0.0014558228160444259
7832,8000.654289531,-0.0007401682257315227,0.007424686149502746,-0.0014803364514630454
7833,8001.827414146,-0.0007769904306380925,0.007540196830615267,-0.001553980861276185
7834,8002.504226796,-0.0008049109947470308,0.007602857735545637,-0.0016098219894940616
7835,8003.544020732,-0.000856637570784552,0.007692672784356792,-0.001713275141569104
7836,8004.486900354,-0.0009120706165529983,0.007766678629268256,-0.0018241412331059966
7837,8005.558741556,-0.0009839076272723439,0.007841404858155277,-0.0019678152545446878
7838,8006.089452662,-0.0010225943740249305,0.007874467384325973,-0.002045188748049861
7839,8007.166316113,-0.0011066373687404027,0.007933108194100596,-0.0022132747374808055
7840,8008.486686301,-0.0012181554811115563,0.007988865729556552,-0.0024363109622231125
7841,8009.024278313,-0.0012656928385545798,0.008006297538987364,-0.0025313856771091597
7842,8009.383936412,-0.0012980507344974208,0.008016224958083951,-0.0025961014689948416
7843,8010.212236322,-0.001373940578359667,0.008033746205734865,-0.002747881156719334
7844,8011.469380857,-0.0014915478210625035,0.008045998453510781,-0.002983095642125007
7845,8011.929391131,-0.0015349304663757161,0.008046154399985678,-0.0030698609327514323
7846,8013.442022089,-0.0016770812714083682,0.008030469641904832,-0.0033541625428167364
7847,8014.276774716,-0.0017541798613535543,0.008011363918476299,-0.0035083597227071085
7848,8015.371885937,-0.001852562285676604,0.007975400880648154,-0.003705124571353208
7849,8016.20173149,-0.0019242641170760656,0.007940218021415455,-0.003848528234152131
7850,8016.491199874,-0.0019485779316362948,0.007926395637755993,-0.0038971558632725895
7851,8017.361465468,-0.002019184022427435,0.00788020092162378,-0.00403836804485487
7852,8018.637826607,-0.00211497046723867,0.0078005663444154485,-0.00422994093447734
7853,8019.356639066,-0.0021642702591804846,0.00774997932746906,-0.004328540518360969
7854,8020.319689667,-0.00222445946547587,0.007676342857868395,-0.00444891893095174
7855,8020.837459741,-0.00225384807041674,0.007634214478999436,-0.00450769614083348
7856,8021.895481637,-0.0023069984287161114,0.007543235241933348,-0.004613996857432223
7857,8022.71748971,-0.0023415555563597004,0.007468592982865389,-0.004683111112719401
7858,8024.403582467,-0.0023928784411837017,0.007307126449530879,-0.0047857568823674035
7859,8024.670982459,-0.002398517049566115,0.0072807324029859535,-0.00479703409913223
7860,8025.752452902,-0.002414154046181392,0.007172557726531863,-0.004828308092362784
7861,8026.391854103,-0.0024179372828474995,0.007107911797280234,-0.004835874565694999
7862,8027.30587416,-0.0024162513861823907,0.007015276266663895,-0.004832502772364781
7863,8028.124025979,-0.002407672355722412,0.006932730541467819,-0.004815344711444824
7864,8028.746401312,-0.002396708466759301,0.006870546943089456,-0.004793416933518602
7865,8029.407822326,-0.0023809070512119243,0.006805351698145882,-0.0047618141024238485
7866,8031.058009787,-0.0023233587754621153,0.006648604325822474,-0.004646717550924231
7867,8031.951322173,-0.002281863273791965,0.006568474896080695,-0.00456372654758393
7868,8032.793383791,-0.002236486655080236,0.006496762808470268,-0.004472973310160472
7869,8033.269191958,-0.0022082895782640083,0.006458088580214225,-0.004416579156528017
7870,8034.386240873,-0.002135295184363054,0.006373145787527128,-0.004270590368726108
7871,8035.393242317,-0.0020619765196977823,0.006304337285139907,-0.004123953039395565
7872,8035.99951097,-0.002014739865231044,0.0062667866327459605,-0.004029479730462088
7873,8037.034489891,-0.0019293507914580198,0.006209903875427284,-0.0038587015829160396
7874,8037.803468787,-0.0018625228325424995,0.006173860682018575,-0.003725045665084999
7875,8038.428466931,-0.0018064094641017147,0.006148652746279813,-0.0036128189282034293
7876,8039.310951895,-0.0017249222700879828,0.006119517873946486,-0.0034498445401759657
7877,8040.363774176,-0.001625122597035059,0.006094955032111455,-0.003250245194070118
7878,8041.485092079,-0.0015170197188272172,0.006081311351840083,-0.0030340394376544345
7879,8042.752607556,-0.0013944056763994113,0.006081684157606889,-0.0027888113527988227
7880,8043.228211966,-0.0013487054956170333,0.006086164473689731,-0.0026974109912340665
7881,8044.222079324,-0.0012544591675887537,0.006103131043877119,-0.0025089183351775074
7882,8044.702036441,-0.0012097965473516004,0.00611497331830503,-0.002419593094703201
7883,8045.412198483,-0.0011450515775210668,0.006136787782697874,-0.0022901031550421336
7884,8046.349100763,-0.0010626449522047028,0.006173239517511397,-0.0021252899044094057
7885,8047.858586761,-0.0009390259150149243,0.006249565142333967,-0.0018780518300298486
7886,8048.092532351,-0.0009210539584828827,0.006263250977215728,-0.0018421079169657654
7887,8048.939018672,-0.0008590527345815977,0.00631671203028418,-0.0017181054691631954
7888,8050.707855426,-0.000746696903955189,0.006446913840560067,-0.001493393807910378
7889,8050.928553718,-0.0007344794459476064,0.006464763648483391,-0.0014689588918952129
7890,8051.826700973,-0.0006892414797388233,0.0065406905228109265,-0.0013784829594776465
7891,8052.854735734,-0.0006467646733496926,0.006633456589663807,-0.0012935293466993852
7892,8053.850683692,-0.0006156712278836863,0.0067283880774248375,-0.0012313424557673727
7893,8054.632075494,-0.0005985390520726635,0.006805722935585405,-0.001197078104145327
7894,8055.387536444,-0.0005882570611957551,0.00688237860808886,-0.0011765141223915102
7895,8056.043545404,-0.0005844563618199517,0.006950092186583366,-0.0011689127236399035
7896,8056.62856609,-0.0005851546373757802,0.007011119512860714,-0.0011703092747515605
7897,8057.849854097,-0.000599207325564323,0.00713947506652593,-0.001198414651128646
7898,8059.163910472,-0.0006335073321562581,0.007277093620475125,-0.0012670146643125161
7899,8060.410573958,-0.0006843723345859682,0.007404932377802975,-0.0013687446691719365
7900,8060.656750844,-0.0006965025418483959,0.007429670981559313,-0.0013930050836967918
7901,8061.432878645,-0.0007391791761276856,0.007506241591990666,-0.0014783583522553713
7902,8062.591530739,-0.0008151501777014156,0.007615644009430268,-0.0016303003554028312
7903,8063.105008848,-0.0008533751520178344,0.007661874934819408,-0.0017067503040356688
7904,8064.205515208,-0.0009443272936568995,0.007755451939363476,-0.001888654587313799
7905,8064.758371516,-0.0009944756167185474,0.007799300155524437,-0.001988951233437095
7906,8065.960611558,-0.001113163324206984,0.007886404097894383,-0.002226326648413968
7907,8066.852181449,-0.0012090996207267508,0.007942971902139277,-0.0024181992414535015
7908,8067.499979188,-0.0012826678987004649,0.00797940713244114,-0.0025653357974009298
7909,8068.480997184,-0.0013996781783884745,0.008026599847342886,-0.002799356356776949
7910,8069.620473526,-0.0015430014592220465,0.008068584554276923,-0.003086002918444093
7911,8070.895715104,-0.0017110888778995405,0.008098196666642604,-0.003422177755799081
7912,8071.223812048,-0.0017553927172055583,0.008102727569673385,-0.0035107854344111167
7913,8072.006261155,-0.0018624151575553835,0.00810829143162871,-0.003724830315110767
7914,8072.891660955,-0.0019852829101459,0.008105521490907626,-0.0039705658202918
7915,8073.661638199,-0.0020930566316938073,0.008095159285254528,-0.004186113263387615
7916,8074.476781796,-0.0022074625344251325,0.008076042418731121,-0.004414925068850265
7917,8075.212479534,-0.002310467756106396,0.008051564464256871,-0.004620935512212792
7918,8076.604646443,-0.0025030016516518713,0.007986539233177162,-0.0050060033033037426
7919,8077.693139054,-0.002649645547173833,0.007918863889696147,-0.005299291094347666
7920,8078.331290952,-0.00273335804912789,0.007872465595208303,-0.00546671609825578
7921,8079.345222789,-0.0028620505619008116,0.007788810097762292,-0.005724101123801623
7922,8080.039511696,-0.0029465996698862414,0.00772470796565391,-0.005893199339772483
7923,8080.37162367,-0.002985890496519232,0.0076921468354308326,-0.005971780993038464
7924,8082.095848369,-0.003176192938440383,0.0075043822231102425,-0.006352385876880766
7925,8082.727357334,-0.0032394920671511103,0.00742823346185422,-0.0064789841343022205
7926,8083.188121262,-0.0032832901895663916,0.007370362778524702,-0.006566580379132783
7927,8084.353898816,-0.0033844973724239365,0.007215860309846346,-0.006768994744847873
7928,8084.627810374,-0.003406178005786469,0.00717799240258825,-0.006812356011572938
7929,8086.389367184,-0.003525126355551376,0.006922116576506419,-0.007050252711102752
7930,8087.20133297,-0.003567386555815144,0.006798029556202976,-0.007134773111630288
7931,8087.989215923,-0.003600427142363629,0.006674700402991972,-0.007200854284727258
7932,8089.000277332,-0.0036309905261729396,0.00651314057710011,-0.007261981052345879
7933,8090.011702435,-0.0036479340709612454,0.006348964025377143,-0.007295868141922491
7934,8090.302075183,-0.0036502437176102816,0.0063015353861000665,-0.007300487435220563
7935,8091.013047476,-0.003651049083610188,0.006185147962453805,-0.007302098167220376
7936,8092.013186019,-0.0036404821415227267,0.006021513289949538,-0.007280964283045453
7937,8093.056821601,-0.0036148879794279357,0.0058521006431577665,-0.007229775958855871
7938,8093.960796849,-0.0035807991357373788,0.005707544491514615,-0.0071615982714747575
7939,8095.226429752,-0.003514838357584527,0.0055103784560566966,-0.007029676715169054
7940,8095.64464978,-0.0034884709062393236,0.005446933904950202,-0.006976941812478647
7941,8096.88120945,-0.0033976781132424435,0.005265481881590347,-0.006795356226484887
7942,8097.422804534,-0.003352065642628446,0.005189298435982016,-0.006704131285256892
7943,8098.601451658,-0.0032411256766799322,0.0050315256675140425,-0.0064822513533598644
7944,8099.48371302,-0.003148187831823294,0.004921438497706049,-0.006296375663646588
7945,8100.0339549,-0.003086211260694072,0.004856590395955122,-0.006172422521388144
7946,8100.893317321,-0.002983656008992184,0.004761591081420894,-0.005967312017984368
7947,8101.847479885,-0.00286220446747083,0.004665661449470432,-0.00572440893494166
7948,8102.652891917,-0.0027541000442263177,0.004592989425840339,-0.005508200088452635
7949,8103.081247386,-0.002694726252299611,0.004557571420034281,-0.005389452504599222
7950,8104.959580646,-0.00242149389945675,0.0044301229282788296,-0.0048429877989135
7951,8106.001082599,-0.0022629482263240583,0.004379848805384493,-0.004525896452648117
7952,8106.472478547,-0.0021900270718530333,0.004362034287210817,-0.0043800541437060666
7953,8106.981007273,-0.0021107597341695887,0.004346315453925542,-0.004221519468339177
7954,8107.990030628,-0.001952269638158765,0.004325975936718913,-0.00390453927631753
7955,8108.858614987,-0.001815379451518432,0.004320094312208187,-0.003630758903036864
7956,8109.690218972,-0.0016847364703812943,0.004324553136236858,-0.0033694729407625886
7957,8110.63768403,-0.001537341501875907,0.004341594117987469,-0.003074683003751814
7958,8111.447479981,-0.0014133643922039833,0.004366138421686898,-0.0028267287844079667
7959,8112.264753495,-0.0012908238955127139,0.0044000688374307385,-0.0025816477910254277
7960,8113.552643127,-0.0011045849563399532,0.0044716860837553845,-0.0022091699126799065
7961,8114.16701984,-0.0010193252569111414,0.00451341053627087,-0.002038650513822283
7962,8115.107358483,-0.0008940986839684115,0.0045863181061198965,-0.001788197367936823
7963,8116.251266964,-0.0007515055161922985,0.004689017012878349,-0.001503011032384597
7964,8116.864424632,-0.0006799683040380228,0.00475002104671406,-0.0013599366080760456
7965,8118.004737873,-0.0005569260065885212,0.004873696134772579,-0.0011138520131770424
7966,8118.437379653,-0.0005138631589631659,0.004923868657950803,-0.0010277263179263318
7967,8119.287139449,-0.0004354355594338572,0.005027182988109284,-0.0008708711188677144
7968,8119.648862099,-0.0004046144467222768,0.005072955172080931,-0.0008092288934445536
7969,8121.226751668,-0.0002890179965234231,0.005283603194806321,-0.0005780359930468462
7970,8122.361423445,-0.00022573707378477912,0.005444330913393297,-0.00045147414756955824
7971,8123.010669984,-0.00019729692455515763,0.005539011647977914,-0.00039459384911031526
7972,8124.184278678,-0.00016059234435116446,0.005713886840013884,-0.0003211846887023289
7973,8124.843587426,-0.00014839649889760866,0.005813611354493533,-0.0002967929977952173
7974,8125.501626937,-0.0001423188918196239,0.00591375634308691,-0.0002846377836392478
7975,8126.529528436,-0.00014503818072385984,0.006070560281731326,-0.0002900763614477197
7976,8126.964551002,-0.00015066538961986498,0.0061367750200079126,-0.00030133077923972997
7977,8128.59220878,-0.0001950821563448183,0.006381588786580284,-0.0003901643126896366
7978,8129.09763257,-0.0002162620998308044,0.006456100660853493,-0.0004325241996616088
7979,8129.501991537,-0.0002356761839714528,0.006515010788437182,-0.0004713523679429056
7980,8130.717735754,-0.0003069648243499041,0.0066875528756937044,-0.0006139296486998082
7981,8131.714724492,-0.00037939951775416814,0.0068228316622926215,-0.0007587990355083363
7982,8132.854767683,-0.0004768296281169035,0.00696918372697657,-0.000953659256233807
7983,8133.952804659,-0.0005844515085193941,0.007100396024690794,-0.0011689030170387881
7984,8134.457140991,-0.0006381205207144277,0.007157109806710414,-0.0012762410414288554
7985,8135.253151706,-0.0007278958699323291,0.007241712134123498,-0.0014557917398646582
7986,8135.925988506,-0.0008083168340291703,0.007308272890619419,-0.0016166336680583406
7987,8136.958578383,-0.0009391042827328439,0.007401061671410103,-0.0018782085654656879
7988,8137.609942436,-0.0010257521998943892,0.007453478551961902,-0.0020515043997887785
7989,8138.437429271,-0.0011399071918224857,0.007512949026770442,-0.0022798143836449715
7990,8139.566538052,-0.0013019682172643644,0.007580777141638619,-0.002603936434528729
7991,8140.950740591,-0.0015083380990152944,0.00764222029079647,-0.0030166761980305887
7992,8141.59575001,-0.0016065902004078385,0.007662498239116554,-0.003213180400815677
7993,8142.276001937,-0.0017111657649443695,0.007678064328367545,-0.003422331529888739
7994,8142.810496641,-0.0017937819386442033,0.007686089124869991,-0.0035875638772884066
7995,8144.35856354,-0.00203352386963127,0.007688481865723168,-0.00406704773926254
7996,8144.926296078,-0.0021209914586938134,0.0076816525631119474,-0.004241982917387627
7997,8145.927384408,-0.0022736833741209125,0.007659710262442152,-0.004547366748241825
7998,8146.251283809,-0.002322511836036402,0.00764994732892921,-0.004645023672072804
7999,8147.375558665,-0.0024890836088413246,0.007606211855488452,-0.004978167217682649
8000,8148.188405805,-0.00260606149022977,0.00756534599455779,-0.00521212298045954
8001,8148.986653563,-0.00271751551839649,0.0075179816582351565,-0.00543503103679298
8002,8150.740615482,-0.0029480891011263053,0.007390356954667729,-0.005896178202252611
8003,8151.026671305,-0.0029835797799753322,0.007366671920600878,-0.0059671595599506645
8004,8152.217728258,-0.003124205979793104,0.00726016006248951,-0.006248411959586208
8005,8152.965931128,-0.0032062557265118935,0.007187210312877496,-0.006412511453023787
8006,8153.488253661,-0.0032604752017764416,0.007133770439364836,-0.006520950403552883
8007,8154.272979427,-0.0033369946688822784,0.007049936847528715,-0.006673989337764557
8008,8155.128933993,-0.0034134313446950505,0.006954142736980538,-0.006826862689390101
8009,8156.304912385,-0.003505991140302038,0.006816287643778024,-0.007011982280604076
8010,8157.19476462,-0.0035661382682562587,0.006708120314158963,-0.0071322765365125175
8011,8157.981568492,-0.0036120653404928056,0.006610393925793065,-0.007224130680985611
8012,8158.767638744,-0.0036510733555429153,0.006511361333370583,-0.007302146711085831
8013,8160.07820081,-0.003700761005323162,0.006344600146250225,-0.007401522010646324
8014,8160.95012259,-0.003723237123559441,0.00623354232672685,-0.007446474247118882
8015,8161.346145633,-0.003730683837823826,0.00618330511034187,-0.007461367675647652
8016,8162.592140587,-0.0037430658642064363,0.00602699011273409,-0.007486131728412873
8017,8163.454284501,-0.003742066629545228,0.005921165454884213,-0.007484133259090456
8018,8164.106957147,-0.003736289767362447,0.005842778614709731,-0.007472579534724894
8019,8164.870257333,-0.0037242455195796893,0.0057533862671248345,-0.007448491039159379
8020,8165.448818475,-0.0037114603213867048,0.005687505361497167,-0.0074229206427734095
8021,8166.44808924,-0.0036823328312407164,0.005578066387734753,-0.007364665662481433
8022,8168.29510413,-0.003607105969922876,0.005392688177725253,-0.007214211939845752
8023,8168.668480129,-0.003588868507373145,0.005358204193473748,-0.00717773701474629
8024,8169.593836204,-0.003539805367277568,0.005277481654329286,-0.007079610734555136
8025,8170.415779002,-0.003492061917246933,0.005211728188561862,-0.006984123834493866
8026,8171.095110982,-0.0034500293309355015,0.005161809646446855,-0.006900058661871003
8027,8171.823553153,-0.0034027384085521927,0.005112891488129694,-0.006805476817104385
8028,8173.111533981,-0.003314659894006944,0.005038453380081759,-0.006629319788013888
8029,8173.738292658,-0.003270273993926867,0.005007929592569329,-0.006540547987853734
8030,8174.366180916,-0.0032251508623795857,0.00498114512367551,-0.006450301724759171
8031,8175.531628952,-0.003140527610884446,0.0049415484145254665,-0.006281055221768892
8032,8176.449213454,-0.003074003753584945,0.004919605007478322,-0.00614800750716989
8033,8177.331542719,-0.0030109286279948262,0.004906082013116974,-0.0060218572559896525
8034,8178.104666953,-0.0029569354628169622,0.004900221150820095,-0.0059138709256339244
8035,8179.690387023,-0.002851904856094064,0.0049050552393005665,-0.005703809712188128
8036,8180.035752136,-0.0028303332698920904,0.0049089909211434335,-0.005660666539784181
8037,8181.013209816,-0.0027723769313952695,0.004925409367634271,-0.005544753862790539
8038,8181.282044614,-0.0027573159614714257,0.00493124284683484,-0.005514631922942851
8039,8182.430116793,-0.0026977992881712398,0.004962148561590225,-0.0053955985763424795
8040,8183.129990253,-0.002665687270526671,0.0049854410753398855,-0.005331374541053342
8041,8184.254600673,-0.0026214267147169528,0.005029173166805763,-0.0052428534294339055
8042,8185.03868317,-0.002596336995115477,0.005063732996245435,-0.005192673990230954
8043,8186.60522828,-0.0025615764112050686,0.005140928060901291,-0.005123152822410137
8044,8187.019086128,-0.0025559878895189316,0.005162785254954636,-0.005111975779037863
8045,8187.927398545,-0.002549206230267666,0.005212341430957884,-0.005098412460535332
8046,8188.675092155,-0.0025493991879518706,0.005254341968598963,-0.005098798375903741
8047,8189.458001684,-0.0025552941452436748,0.005298993116955431,-0.0051105882904873496
8048,8190.538859646,-0.0025731091629677748,0.005360859368143321,-0.0051462183259355495
8049,8191.317359422,-0.002592914666063759,0.00540491327551937,-0.005185829332127518
8050,8192.334649942,-0.002627540997608174,0.005460925547499358,-0.005255081995216348
8051,8192.995406727,-0.0026552687429342876,0.005495891901467744,-0.005310537485868575
8052,8193.233410994,-0.0026662510871701735,0.00550814349237654,-0.005332502174340347
8053,8194.929408138,-0.0027593106620883464,0.005588755309831286,-0.005518621324176693
8054,8196.067584918,-0.0028356344043758393,0.005634661258283463,-0.005671268808751679
8055,8196.948324752,-0.002901780115516467,0.005664640701444821,-0.005803560231032934
8056,8197.513353943,-0.002947255735092078,0.005681017898170644,-0.005894511470184156
8057,8198.242611792,-0.003009228672520174,0.005698571948102689,-0.006018457345040348
8058,8199.585117178,-0.003132057218859099,0.005719388395211283,-0.006264114437718198
8059,8199.884773863,-0.0031608620814029807,0.005721861278448496,-0.006321724162805961
8060,8200.341952209,-0.0032056808699204783,0.005724026024311535,-0.006411361739840957
8061,8201.755260359,-0.0033500140516627567,0.005717873286327388,-0.006700028103325513
8062,8202.87664617,-0.0034693786541970303,0.005698458032101416,-0.0069387573083940605
8063,8203.529203739,-0.0035401879639651696,0.005680980579933974,-0.007080375927930339
8064,8204.76172933,-0.0036754009304135137,0.005635202463067428,-0.007350801860827027
8065,8205.259250532,-0.0037301534610360803,0.005611917669142648,-0.007460306922072161
8066,8206.228375058,-0.0038363815910143636,0.005558539064092453,-0.007672763182028727
8067,8207.281175265,-0.003950141712565396,0.00548850829431126,-0.007900283425130793
8068,8208.167607524,-0.004043661375428349,0.005419868606267524,-0.008087322750856697
8069,8208.846424314,-0.004113357119756729,0.005361398207257328,-0.008226714239513457
8070,8209.530685579,-0.004181536845694639,0.00529736017354605,-0.008363073691389278
8071,8210.510348799,-0.0042748262334041855,0.0051969786534483385,-0.008549652466808371
8072,8211.030888883,-0.004322017947802905,0.005139591494855741,-0.00864403589560581
8073,8212.265612419,-0.00442632909670607,0.004992723281903742,-0.00885265819341214
8074,8213.253267547,-0.004501039008570324,0.004864956133985814,-0.009002078017140648
8075,8214.668747955,-0.004592642166208971,0.004667330566300896,-0.009185284332417942
8076,8215.237624959,-0.004623835047776997,0.004583529969510231,-0.009247670095553995
8077,8215.96262847,-0.004658575250354408,0.004473461566332812,-0.009317150500708816
8078,8216.502661261,-0.004680646201685431,0.004389288553682178,-0.009361292403370861
8079,8217.268004087,-0.004706127787261692,0.004267130189282408,-0.009412255574523383
8080,8218.61957333,-0.004733752291183924,0.0040445007631047325,-0.009467504582367848
8081,8219.346543828,-0.004739056728220146,0.003921885229958613,-0.009478113456440292
8082,8220.050014501,-0.004737622684404214,0.0038018488557465153,-0.009475245368808428
8083,8220.85288245,-0.004727938327668573,0.003663713269703268,-0.009455876655337146
8084,8222.153933482,-0.004693711229593995,0.003438819239344095,-0.00938742245918799
8085,8222.908793156,-0.004663234428321038,0.00330864603876927,-0.009326468856642076
8086,8223.804093212,-0.00461694701646054,0.0031554437827984298,-0.00923389403292108
8087,8224.783041493,-0.004553796144080977,0.0029904000442629226,-0.009107592288161954
8088,8225.662484685,-0.004486021579208186,0.0028452593213739827,-0.008972043158416373
8089,8226.606391578,-0.004401870416001348,0.0026937531668020966,-0.008803740832002697
8090,8227.022032307,-0.004361146169986187,0.0026286951533802385,-0.008722292339972374
8091,8227.898063963,-0.0042681558521741455,0.002495387091660418,-0.008536311704348291
8092,8228.756591821,-0.004167889235563828,0.002370370988646941,-0.008335778471127656
8093,8229.309424343,-0.004098718550392031,0.0022931492311867086,-0.008197437100784062
8094,8231.318604911,-0.0038190355192604343,0.0020372253310522097,-0.0076380710385208685
8095,8231.752039396,-0.003753306922286138,0.0019876238960461036,-0.007506613844572276
8096,8232.534397486,-0.0036302750329215636,0.0019036011321851196,-0.007260550065843127
8097,8233.385017837,-0.0034905634395546127,0.0018206924077368175,-0.006981126879109225
8098,8234.463093964,-0.003305565819500437,0.001728976526522897,-0.006611131639000874
8099,8234.940463387,-0.0032211429702570064,0.0016933430549568318,-0.006442285940514013
8100,8235.903077656,-0.003046889850414766,0.0016311358755166827,-0.006093779700829532
8101,8236.852837632,-0.0028705629875571165,0.0015827766603930499,-0.005741125975114233
8102,8237.661239321,-0.0027178257930827077,0.0015520807427291947,-0.005435651586165415
8103,8238.643824854,-0.002529904993969009,0.0015279949553782342,-0.005059809987938018
8104,8239.166099548,-0.0024293923983775487,0.001521170808799867,-0.004858784796755097
8105,8240.107660165,-0.002247817962548286,0.0015194328580508101,-0.004495635925096572
8106,8241.810539848,-0.0019213279464211325,0.001550860894997463,-0.003842655892842265
8107,8242.26298338,-0.0018356509660468108,0.0015666556218101597,-0.0036713019320936215
8108,8243.126125161,-0.0016741874793208683,0.0016053429749821328,-0.0033483749586417366
8109,8244.126672343,-0.0014911979132672527,0.0016640113178272439,-0.0029823958265345054
8110,8244.522473036,-0.0014203092323855865,0.0016912348240248705,-0.002840618464771173
8111,8245.291902817,-0.001285331127061821,0.0017505164986692252,-0.002570662254123642
8112,8246.414750235,-0.001096018547657535,0.0018516418822972969,-0.00219203709531507
8113,8247.104523645,-0.0009848492840065738,0.0019220182383804223,-0.0019696985680131476
8114,8248.198015438,-0.0008176387271574825,0.002045765926635266,-0.001635277454314965
8115,8249.182211674,-0.0006775687251874532,0.002169140006149927,-0.0013551374503749064
8116,8250.476640454,-0.0005099487530375638,0.002347191358182767,-0.0010198975060751276
8117,8250.90512843,-0.00045890440888884774,0.002409752931275768,-0.0009178088177776955
8118,8251.591930805,-0.00038193756896873367,0.0025134647914937898,-0.0007638751379374673
8119,8252.495963346,-0.00029007191324668437,0.0026558945123505207,-0.0005801438264933687
8120,8253.795261751,-0.0001776927328999209,0.002870783643045987,-0.0003553854657998418
8121,8254.542110873,-0.00012397791846693282,0.0029988425621675827,-0.00024795583693386564
8122,8255.238100661,-8.126493039826466e-05,0.00312059782716198,-0.00016252986079652931
8123,8255.519078692,-6.605530882807186e-05,0.003170313272200986,-0.0001321106176561437
8124,8256.777714952,-1.2464248736852555e-05,0.0033960581389872193,-2.492849747370511e-05
8125,8257.752236884,1.2555548918726419e-05,0.0035730937198209436,2.5111097837452838e-05
8126,8258.997998913,2.3521323718968905e-05,0.003800193877736796,4.704264743793781e-05
8127,8259.868525257,1.7256921718179932e-05,0.003958197059825356,3.4513843436359864e-05
8128,8260.782502763,-1.4933542133051809e-06,0.004122429860786627,-2.9867084266103618e-06
8129,8261.566253508,-2.7333862978883016e-05,0.004261202828125239,-5.466772595776603e-05
8130,8262.002122421,-4.553286994605697e-05,0.004337326284624424,-9.106573989211394e-05
8131,8263.168899726,-0.0001073685802755491,0.004536520484268121,-0.0002147371605510982
8132,8263.541048292,-0.00013100781737093194,0.004598435441979143,-0.0002620156347418639
8133,8264.79883293,-0.00022433264404416714,0.004800849965417178,-0.0004486652880883343
8134,8265.847428255,-0.00031721386593090483,0.004960406102705638,-0.0006344277318618097
8135,8266.459167726,-0.0003773468374262844,0.005049146079484657,-0.0007546936748525688
8136,8267.620802306,-0.000502759670970512,0.005207978213343637,-0.001005519341941024
8137,8268.30679708,-0.0005832468665407178,0.0052953958332399775,-0.0011664937330814356
8138,8269.293837369,-0.0007066599758827725,0.005412286734965894,-0.001413319951765545
8139,8270.597375144,-0.0008818515568943956,0.005549637295066284,-0.0017637031137887913
8140,8271.102988989,-0.0009530814932435176,0.005597462519248086,-0.0019061629864870352
8141,8271.527124563,-0.001014081623910543,0.005635162617252434,-0.002028163247821086
8142,8273.02372702,-0.0012370964296544791,0.005750135057654167,-0.0024741928593089582
8143,8273.359088658,-0.001288462263247677,0.005771971620074933,-0.002576924526495354
8144,8274.260748916,-0.0014284965374646906,0.005823448277129586,-0.0028569930749293812
8145,8274.761296174,-0.0015072104054638788,0.005847449376902483,-0.0030144208109277575
8146,8276.532087622,-0.0017887621560465673,0.005906094857409532,-0.0035775243120931347
8147,8277.550531732,-0.001951057696890605,0.005921421519981399,-0.00390211539378121
8148,8278.311044894,-0.002071510577311429,0.005924264380343057,-0.004143021154622858
8149,8278.724155122,-0.0021364787272061697,0.005922780177970044,-0.004272957454412339
8150,8279.658220294,-0.002281700149825869,0.005911734483355795,-0.004563400299651738
8151,8280.576684591,-0.002421561671001837,0.0058907700650427395,-0.004843123342003674
8152,8281.427733833,-0.0025478825934226873,0.005862762627274251,-0.005095765186845375
8153,8282.325186835,-0.0026770213317803314,0.005824711525530178,-0.005354042663560663
8154,8283.364230098,-0.0028204945021819343,0.005770378381830472,-0.0056409890043638685
8155,8283.682719744,-0.0028630411801140255,0.0057516365151611005,-0.005726082360228051
8156,8284.837059155,-0.003011086762963463,0.0056760721434746435,-0.006022173525926926
8157,8286.156465378,-0.0031674602257794407,0.005576354910511482,-0.006334920451558881
8158,8286.666088558,-0.0032239178373619564,0.005534448082159748,-0.006447835674723913
8159,8287.736512264,-0.003334945053478211,0.005441053743338302,-0.006669890106956422
8160,8288.980436058,-0.003450571829280352,0.0053247209868943724,-0.006901143658560704
8161,8289.38800123,-0.003485229368138046,0.005285090830225394,-0.006970458736276092
8162,8290.178026756,-0.003547788898145227,0.005206539504864004,-0.007095577796290454
8163,8290.941297006,-0.0036023865583541172,0.005128880088323628,-0.0072047731167082345
8164,8291.360592491,-0.003629923312717212,0.005085648492707616,-0.007259846625434424
8165,8292.962945185,-0.0037191382771100965,0.004918268496373386,-0.007438276554220193
8166,8293.588170376,-0.003747127636066611,0.0048526540642556265,-0.007494255272133222
8167,8294.846862903,-0.0037921423162678514,0.004721420491480582,-0.007584284632535703
8168,8295.568517316,-0.0038113114442638618,0.004647297679929789,-0.0076226228885277235
8169,8296.693739595,-0.0038319706663773423,0.004534346646616703,-0.0076639413327546846
8170,8297.2169606,-0.0038379087595123633,0.004483214340059013,-0.0076758175190247266
8171,8297.84703514,-0.0038421181165849937,0.004423041639508038,-0.007684236233169987
8172,8299.092930897,-0.0038415517219568067,0.00430929858783806,-0.0076831034439136135
8173,8300.01243501,-0.0038341842557381017,0.004230490235511102,-0.0076683685114762035
8174,8300.536369898,-0.0038275938328431124,0.00418776059510447,-0.007655187665686225
8175,8301.505488875,-0.0038112831716450093,0.004113227968854201,-0.007622566343290019
8176,8302.243478657,-0.003795662910073098,0.004060636049516236,-0.007591325820146196
8177,8302.932610094,-0.0037789179428311314,0.004014955784790706,-0.007557835885662263
8178,8304.590585714,-0.003731894934443072,0.003919344051806465,-0.007463789868886144
8179,8305.587635161,-0.0037004103372195035,0.0038719514212152187,-0.007400820674439007
8180,8306.142916438,-0.003682270960435923,0.003848923153546279,-0.007364541920871846
8181,8306.723994988,-0.0036630517420524933,0.0038274194593272753,-0.007326103484104987
8182,8307.761913372,-0.0036287066667581107,0.003795604783526687,-0.0072574133335162215
8183,8308.422654234,-0.003607241686244304,0.003779720865941496,-0.007214483372488608
8184,8309.351684271,-0.003578200818168681,0.003763030968941598,-0.007156401636337362
8185,8310.142625948,-0.0035550294196167844,0.003753885827471409,-0.007110058839233569
8186,8310.895266168,-0.0035347414279086526,0.0037493527687722686,-0.007069482855817305
8187,8312.487888176,-0.0034991723025997483,0.0037523453265598835,-0.0069983446051994965
8188,8313.14421139,-0.00348803268582985,0.00375817897181842,-0.0069760653716597
8189,8313.584885345,-0.00348187431744315,0.0037634771652085147,-0.0069637486348863
8190,8314.936714629,-0.003470312485871155,0.00378600185321759,-0.00694062497174231
8191,8315.508934703,-0.00346903659686755,0.003798075532330862,-0.0069380731937351
8192,8316.99169701,-0.0034767652553502914,0.003835037908843911,-0.006953530510700583
8193,8317.1380316,-0.003478436663369444,0.003839056785024876,-0.006956873326738888
8194,8318.217082256,-0.0034960682536955235,0.0038702242686751804,-0.006992136507391047
8195,8318.75935584,-0.003508554436331049,0.003886668720061896,-0.007017108872662098
8196,8319.747436441,-0.0035377439931979977,0.003917353978266425,-0.007075487986395995
8197,8320.463512545,-0.0035641982174771073,0.00393972958167056,-0.0071283964349542145
8198,8321.895686241,-0.003630689458724747,0.003983226542036679,-0.007261378917449494
8199,8322.995964073,-0.003694115227433818,0.00401398077881988,-0.007388230454867636
8200,8323.508788174,-0.0037273128479150624,0.00402709762039296,-0.007454625695830125
8201,8324.656429208,-0.0038098254088711407,0.004052760523630131,-0.007619650817742281
8202,8325.300636981,-0.003861004398249555,0.004064487035234548,-0.00772200879649911
8203,8325.708797278,-0.0038951873184901445,0.004070764924293711,-0.007790374636980289
8204,8326.61973816,-0.0039762300710002585,0.004081175751822397,-0.007952460142000517
8205,8328.079211692,-0.004118964016143374,0.004086002292770125,-0.008237928032286748
8206,8328.715589743,-0.004185785837582831,0.004082942574091969,-0.008371571675165662
8207,8329.271340699,-0.004246227107126773,0.004077458678130809,-0.008492454214253545
8208,8330.212048925,-0.004352599276939736,0.0040618077034145,-0.008705198553879473
8209,8331.59350285,-0.004516835322285375,0.004023193580946687,-0.00903367064457075
8210,8332.263071024,-0.004599278261727425,0.003997335377434478,-0.00919855652345485
8211,8333.237664714,-0.004721835989990789,0.003950896419788805,-0.009443671979981577
8212,8334.052726657,-0.004826065825912844,0.0039037527819509267,-0.009652131651825688
8213,8335.03729236,-0.004953226486144858,0.003836377717708422,-0.009906452972289715
8214,8335.626392666,-0.0050295704179357335,0.003790487506518892,-0.010059140835871467
8215,8336.461889739,-0.005137650217208936,0.003718123926063424,-0.010275300434417873
8216,8337.076040924,-0.005216609109706981,0.0036594352577749628,-0.010433218219413962
8217,8337.871295467,-0.00531775834553213,0.0035764814927712065,-0.01063551669106426
8218,8339.257480606,-0.005489491268196172,0.0034131190363600673,-0.010978982536392344
8219,8340.393714333,-0.005624083710750229,0.003261601130937585,-0.011248167421500458
8220,8341.281554843,-0.005724205457827885,0.003132394485825272,-0.01144841091565577
8221,8341.924980694,-0.005793500477930751,0.003032976582420148,-0.011587000955861501
8222,8342.350313542,-0.005837636387797521,0.002964651962151019,-0.011675272775595042
8223,8343.649101637,-0.005963217395428124,0.0027436305234882895,-0.011926434790856248
8224,8344.66163867,-0.00605039434056024,0.0025590067075148583,-0.01210078868112048
8225,8345.053008323,-0.006081322175559748,0.002484919221663989,-0.012162644351119497
8226,8346.083112882,-0.006154781359464029,0.0022831019403956035,-0.012309562718928057
8227,8346.963463359,-0.006207855401334349,0.00210333245289998,-0.012415710802668699
8228,8347.710096767,-0.006245403616020818,0.0019460833724612122,-0.012490807232041636
8229,8348.747559864,-0.006285570786172281,0.0017210878081074465,-0.012571141572344562
8230,8349.534979215,-0.006306307003209542,0.001545912435965459,-0.012612614006419083
8231,8351.134421812,-0.0063212180869773905,0.0011807715314183945,-0.012642436173954781
8232,8351.661547503,-0.00631786963983274,0.0010583246777812803,-0.01263573927966548
8233,8352.417119848,-0.006305736676111629,0.0008815459146628124,-0.012611473352223257
8234,8352.958073703,-0.006291675787629472,0.0007543268723488048,-0.012583351575258944
8235,8353.845609049,-0.006258779960685075,0.0005449952958376702,-0.01251755992137015
8236,8354.918549437,-0.006202577541434009,0.00029204300862930156,-0.012405155082868017
8237,8355.268913975,-0.006180315304968504,0.00020971378854822567,-0.012360630609937008
8238,8356.904040991,-0.006051038315800749,-0.00017061820084651063,-0.012102076631601498
8239,8357.317471404,-0.0060117787383288535,-0.00026533297840736485,-0.012023557476657707
8240,8358.619425855,-0.005871121820013644,-0.0005581992075172889,-0.011742243640027288
8241,8359.658407185,-0.005740752289756958,-0.0007846375381126013,-0.011481504579513916
8242,8359.97076563,-0.005698498086348555,-0.0008512241766276342,-0.01139699617269711
8243,8361.073625395,-0.005538349957209751,-0.0010800649309117365,-0.011076699914419503
8244,8361.854099315,-0.005415040095877784,-0.0012355042751118067,-0.010830080191755569
8245,8362.910269692,-0.005235693095540921,-0.0014362288218261335,-0.010471386191081842
8246,8363.896584173,-0.005056021217470025,-0.0016127134668509503,-0.01011204243494005
8247,8364.270313084,-0.004985047444225421,-0.0016766222415567043,-0.009970094888450841
8248,8364.921654252,-0.004857765121642335,-0.0017839080900848448,-0.00971553024328467
8249,8365.842461795,-0.004670518367034128,-0.001926304662938519,-0.009341036734068256
8250,8367.570202901,-0.0042987835535753085,-0.0021622687948544403,-0.008597567107150617
8251,8368.30017109,-0.004134875597034326,-0.0022490593801283557,-0.008269751194068652
8252,8368.924192692,-0.0039920466112385415,-0.0023169353294719805,-0.007984093222477083
8253,8369.980516632,-0.0037454564199085236,-0.002418244392287417,-0.007490912839817047
8254,8370.774259906,-0.003556944980461154,-0.0024829124776457765,-0.007113889960922308
8255,8371.308043549,-0.003428980815753362,-0.0025207961221444092,-0.006857961631506724
8256,8372.087574386,-0.0032408470497860623,-0.0025679585490763503,-0.0064816940995721245
8257,8373.14744544,-0.0029836679530169307,-0.0026164704240993616,-0.0059673359060338615
8258,8374.076460465,-0.0027580384891426357,-0.0026442029592806567,-0.005516076978285271
8259,8374.967512124,-0.0025424609415008953,-0.0026579086431529004,-0.005084921883001791
8260,8375.843575317,-0.002332194428769676,-0.0026592289773978975,-0.004664388857539352
8261,8376.964785295,-0.0020668783527478477,-0.0026436891246005654,-0.004133756705495695
8262,8377.391886567,-0.001967257618270145,-0.0026327932259890357,-0.00393451523654029
8263,8378.850000556,-0.0016347888809095793,-0.0025756256919314056,-0.0032695777618191586
8264,8379.465601295,-0.0014985704976723394,-0.002542542025518937,-0.0029971409953446788
8265,8380.556228744,-0.0012643371876908626,-0.0024715711295856336,-0.002528674375381725
8266,8380.966154321,-0.0011788632154342317,-0.0024409799019208785,-0.0023577264308684634
8267,8381.564090255,-0.0010569025613033818,-0.002392698163214386,-0.0021138051226067636
8268,8382.905500682,-0.0007959226673838177,-0.0022695057852183276,-0.0015918453347676354
8269,8383.402690457,-0.000703934577976758,-0.002218972613798711,-0.001407869155953516
8270,8384.243264856,-0.0005546259440155037,-0.002128053257397971,-0.0011092518880310074
8271,8386.020866345,-0.00026612936671629816,-0.0019156784522343256,-0.0005322587334325963
8272,8386.716772954,-0.00016378183812402992,-0.0018261672337849641,-0.00032756367624805984
8273,8387.240328395,-9.085216559155393e-05,-0.0017568317832430287,-0.00018170433118310785
8274,8388.19982752,3.356028657638234e-05,-0.0016259353227377057,6.712057315276468e-05
8275,8388.635538222,8.605723559918288e-05,-0.0015650930066143007,0.00017211447119836577
8276,8389.785194387,0.0002124503786472197,-0.0014012883249995773,0.0004249007572944394
8277,8391.043045052,0.0003304981838966236,-0.0012183804281569008,0.0006609963677932472
8278,8391.345769447,0.0003557554358355064,-0.001174043174193425,0.0007115108716710128
8279,8392.202609093,0.00042066099351450157,-0.001048361979550561,0.0008413219870290031
8280,8393.253383485,0.00048713390099813813,-0.0008947248887600588,0.0009742678019962763
8281,8394.048747019,0.0005280308562085281,-0.0007795544611385063,0.0010560617124170562
8282,8395.258153894,0.0005751540715359303,-0.0006076585999745259,0.0011503081430718606
8283,8396.238183232,0.0006005377765514479,-0.00047235887193289343,0.0012010755531028957
8284,8396.956726475,0.0006122113346318974,-0.0003760292869532061,0.0012244226692637947
8285,8397.801538603,0.0006188015571428866,-0.0002664097094506343,0.0012376031142857732
8286,8398.740715655,0.0006175916802283159,-0.00014978050948078313,0.0012351833604566317
8287,8399.525152211,0.000610155021677806,-5.70675022205842e-05,0.001220310043355612
8288,8399.733280377,0.0006072564418214207,-3.323766883159382e-05,0.0012145128836428415
8289,8400.790029634,0.000586959686559482,8.246164004286468e-05,0.001173919373118964
8290,8402.07124948,0.0005510450927703003,0.00021008368876296473,0.0011020901855406007
8291,8403.287132731,0.0005072763235238273,0.00031741909847758155,0.0010145526470476546
8292,8403.814434923,0.0004858383816037409,0.0003595987148138596,0.0009716767632074818
8293,8404.739289499,0.00044527946451369403,0.0004270004353453415,0.0008905589290273881
8294,8405.70519548,0.00039968851186089827,0.0004882788502110811,0.0007993770237217965
8295,8406.569355488,0.00035688799240127803,0.0005351056317378703,0.0007137759848025561
8296,8407.084863514,0.0003307526299530017,0.0005594279942661975,0.0006615052599060034
8297,8408.331513209,0.0002667252989912136,0.0006071289478538039,0.0005334505979824272
8298,8408.928736383,0.0002361013475390403,0.0006244614796494526,0.0004722026950780806
8299,8410.102479273,0.0001771022932428758,0.0006483325936921478,0.0003542045864857516
8300,8410.365241307,0.0001642406372471482,0.0006518637276012759,0.0003284812744942964
8301,8411.254384289,0.00012205271794413644,0.000659040217478831,0.00024410543588827287
8302,8412.634141842,6.191726828045633e-05,0.0006561928745676101,0.00012383453656091266
8303,8413.680979399,2.1881512051854005e-05,0.000643438122993267,4.376302410370801e-05
8304,8414.783450749,-1.3909720954689137e-05,0.000620998487495736,-2.7819441909378274e-05
8305,8415.403499857,-3.079350778798694e-05,0.000604667091115758,-6.158701557597388e-05
8306,8415.723254018,-3.8515623616508245e-05,0.0005952789376959009,-7.703124723301649e-05
8307,8416.838129918,-5.9851728358629066e-05,0.0005578478194581679,-0.00011970345671725813
8308,8417.556527395,-6.872729028652262e-05,0.0005302623350808327,-0.00013745458057304525
8309,8418.52723923,-7.426766727506101e-05,0.0004893562276419843,-0.00014853533455012202
8310,8419.569109017,-7.156788332997885e-05,0.00044169638051761687,-0.0001431357666599577
8311,8420.005248982,-6.76910600627043e-05,0.00042084348829334126,-0.0001353821201254086
8312,8421.508390248,-4.15637378793282e-05,0.00034632370701064247,-8.31274757586564e-05
8313,8422.378527635,-1.7259069789843215e-05,0.0003022758420694857,-3.451813957968643e-05
8314,8423.240648285,1.3498506204153092e-05,0.0002587872227094165,2.6997012408306183e-05
8315,8423.389063749,1.9462155942694973e-05,0.0002513633360898325,3.8924311885389946e-05
8316,8425.25097177,0.00011072514285130358,0.0001615807691841829,0.00022145028570260715
8317,8425.839729271,0.00014578557516560042,0.00013509475000046504,0.00029157115033120085
8318,8426.287467348,0.00017437681201802098,0.00011578010613640375,0.00034875362403604196
8319,8427.28334887,0.00024375575879028184,7.583314294427549e-05,0.0004875115175805637
8320,8428.018573119,0.0002998878440045548,4.942312549671577e-05,0.0005997756880091096
8321,8428.624830032,0.00034914942295055786,2.9887297162231125e-05,0.0006982988459011157
8322,8429.995855684,0.0004697448525789607,-5.830370251516326e-06,0.0009394897051579214
8323,8431.177000629,0.0005827977279338053,-2.6009163231472373e-05,0.0011655954558676105
8324,8431.95536042,0.0006613052724926986,-3.337581466162565e-05,0.0013226105449853972
8325,8432.975958833,0.0007683292948183927,-3.535685350050712e-05,0.0015366585896367854
8326,8433.312480291,0.0008044943615961249,-3.4015369244353604e-05,0.0016089887231922498
8327,8434.415421302,0.0009254841252889445,-2.2391482975360314e-05,0.001850968250577889
8328,8435.058137203,0.0009973629860935151,-1.0363022420987173e-05,0.0019947259721870302
8329,8435.811385399,0.0010824713918859876,8.795471225655935e-06,0.0021649427837719753
8330,8437.043923774,0.0012226969978851685,5.2162602383245024e-05,0.002445393995770337
8331,8437.890770506,0.001318900994038732,9.07173587916946e-05,0.002637801988077464
8332,8438.581508721,0.0013967881255428042,0.00012746959690675252,0.0027935762510856083
8333,8439.280453877,0.0014746997915018791,0.00016949447312040737,0.0029493995830037582
8334,8440.622495639,0.001620496265959717,0.00026365722707596235,0.003240992531919434
8335,8441.680875472,0.0017306427303420211,0.00035011155785125294,0.0034612854606840423
8336,8442.342548491,0.0017967726529029312,0.00040943659465070487,0.0035935453058058625
8337,8443.184375821,0.0018773619310426697,0.0004905566682081228,0.0037547238620853395
8338,8443.859358821,0.0019387731648454693,0.0005599809457760948,0.0038775463296909386
8339,8445.019550656,0.002036839430484097,0.0006878850247664973,0.004073678860968194
8340,8445.343743347,0.0020624063328535678,0.0007254540928252783,0.0041248126657071355
8341,8446.186349822,0.0021248097638139076,0.0008265721337498185,0.004249619527627815
8342,8447.097012279,0.002185280869508152,0.0009410802554525579,0.004370561739016304
8343,8448.634176636,0.002269569740563912,0.001144989028220684,0.004539139481127824
8344,8449.496018879,0.002306404266073467,0.0012641456263013365,0.004612808532146934
8345,8450.17045078,0.0023297479775373975,0.001359314544319957,0.004659495955074795
8346,8451.011051486,0.0023519067220336043,0.001479799147807967,0.004703813444067209
8347,8451.672354838,0.002363813164524862,0.001575676199189799,0.004727626329049724
8348,8452.526787587,0.0023718651407148767,0.00170044894150056,0.0047437302814297535
8349,8453.840544327,0.002367911265801222,0.0018928435172938351,0.004735822531602444
8350,8454.38559387,0.0023604295051515437,0.001972367339872431,0.004720859010303087
8351,8455.129114745,0.002344708057127861,0.0020801202114317714,0.004689416114255722
8352,8455.682201312,0.0023289075969560157,0.002159492668151257,0.0046578151939120314
8353,8457.256933895,0.002265044597210929,0.0023801125886328336,0.004530089194421858
8354,8457.584956675,0.00224829549061286,0.002424799711445284,0.00449659098122572
8355,8459.077902975,0.0021576282501567607,0.0026210804812845153,0.0043152565003135215
8356,8459.817317811,0.0021042927113623273,0.00271328195064278,0.004208585422724655
8357,8460.913889073,0.002015538872908294,0.00284284992588407,0.004031077745816588
8358,8461.562867847,0.001957884489139072,0.002915078693936899,0.003915768978278144
8359,8462.069886427,0.0019103460556421075,0.002969017645882913,0.003820692111284215
8360,8462.646579164,0.0018537533407703157,0.0030275693241108,0.0037075066815406314
8361,8463.899499846,0.0017222916103348123,0.0031438456163476926,0.0034445832206696247
8362,8464.878542531,0.0016123635492469562,0.0032235892391634935,0.0032247270984939124
8363,8465.537510486,0.0015353065580172767,0.0032714572334333783,0.0030706131160345533
8364,8466.826335992,0.0013786901572791358,0.003350951611872452,0.0027573803145582716
8365,8467.635630189,0.001277167273438796,0.0033909842274400387,0.002554334546877592
8366,8468.444307123,0.0011739581541540653,0.003423158586573977,0.0023479163083081306
8367,8469.241866818,0.001071013653742526,0.003447103647617215,0.002142027307485052
8368,8470.285462154,0.0009355389712936996,0.0034666309828589917,0.0018710779425873993
8369,8470.855567882,0.0008615816257581232,0.0034716238063965,0.0017231632515162464
8370,8472.106756705,0.0007006414736084413,0.003468565072298511,0.0014012829472168826
8371,8472.581593586,0.0006404141382189199,0.003462402949513464,0.0012808282764378398
8372,8473.422142531,0.0005354831499676673,0.0034448476112135633,0.0010709662999353346
8373,8474.178986718,0.00044330627922103423,0.0034218968816035695,0.0008866125584420685
8374,8474.840320404,0.00036493598086882593,0.003396431442120541,0.0007298719617376519
8375,8476.904664917,0.00013678787143703544,0.0032860474467711993,0.0002735757428740709
8376,8477.388694102,8.757149385569265e-05,0.0032537740370427097,0.0001751429877113853
8377,8477.921861025,3.550557553578882e-05,0.0032155993282773974,7.101115107157764e-05
8378,8478.842816768,-4.8742748118884836e-05,0.0031435032734831014,-9.748549623776967e-05
8379,8479.721517906,-0.00012189332417201018,0.0030679454478408975,-0.00024378664834402036
8380,8480.498098396,-0.00018023221483868515,0.002996147405847199,-0.0003604644296773703
8381,8481.30191757,-0.00023401071350352543,0.0029173545391685094,-0.00046802142700705086
8382,8481.987757045,-0.00027433472060145876,0.002846906228803207,-0.0005486694412029175
8383,8483.482314466,-0.00034357037646457356,0.0026848003590274603,-0.0006871407529291471
8384,8483.709365227,-0.00035177830044870565,0.002659312718937259,-0.0007035566008974113
8385,8485.134315483,-0.0003889102893256982,0.002495552924010782,-0.0007778205786513964
8386,8485.73159582,-0.000396969088883146,0.002425482010491368,-0.000793938177766292
8387,8486.69552439,-0.0004004784091176901,0.00231149228520901,-0.0008009568182353802
8388,8487.794494039,-0.0003900907305856759,0.002181361599969589,-0.0007801814611713518
8389,8488.692418611,-0.00037023741412330036,0.0020759539919038106,-0.0007404748282466007
8390,8489.335843596,-0.0003497751723737215,0.0020014471123937145,-0.000699550344747443
8391,8490.035611176,-0.00032168393286797223,0.0019218000778746182,-0.0006433678657359445
8392,8490.800705907,-0.0002841240510406546,0.0018368247637309066,-0.0005682481020813092
8393,8491.507454767,-0.00024321171483635107,0.0017607144655181904,-0.00048642342967270214
8394,8492.596487047,-0.0001688581333690335,0.0016488457035535998,-0.000337716266738067
8395,8493.823574635,-6.942319264114754e-05,0.001532185235328879,-0.0001388463852822951
8396,8494.55201803,-3.009511827168022e-06,0.0014683725209295952,-6.019023654336044e-06
8397,8496.029850064,0.00014724773029178262,0.0013531304081736868,0.00029449546058356524
8398,8496.290002226,0.00017569804607161374,0.001334978808347726,0.0003513960921432275
8399,8497.053886707,0.00026240724304428146,0.0012856408655952324,0.0005248144860885629
8400,8497.637356296,0.0003316251682057823,0.0012520944016147794,0.0006632503364115646
8401,8498.95506549,0.000496364702666636,0.0011902868571960837,0.000992729405333272
8402,8499.848538085,0.0006137424540957353,0.0011599379755569622,0.0012274849081914706
8403,8500.58762333,0.0007136566587950863,0.001142199794423344,0.0014273133175901726
8404,8501.302755465,0.0008123010724248442,0.0011315577753743282,0.0016246021448496884
8405,8501.908544843,0.000897058728062296,0.001127655496521882,0.001794117456124592
8406,8503.528225473,0.0011269656789129204,0.0011406852350323864,0.002253931357825841
8407,8504.088873614,0.0012069820674348167,0.001153236836599951,0.0024139641348696335
8408,8505.263513055,0.001373973281146308,0.0011929870307266087,0.002747946562292616
8409,8506.18446709,0.0015032465139083288,0.001236820590589718,0.0030064930278166577
8410,8506.655630251,0.0015684844333095705,0.001263504266818365,0.003136968866619141
8411,8507.568430665,0.0016925667559247477,0.001323272840763691,0.0033851335118494953
8412,8508.341839185,0.0017947759471066082,0.0013820859505541227,0.0035895518942132163
8413,8509.20509276,0.0019050085825762922,0.0014563278548949835,0.0038100171651525845
8414,8509.605168069,0.0019545293605487827,0.0014937242793281922,0.003909058721097565
8415,8511.168181149,0.0021369580762344896,0.0016571135086139526,0.004273916152468979
8416,8512.237298971,0.0022501956885667986,0.0017837563362394693,0.004500391377133597
8417,8513.180504245,0.0023412553797375816,0.0019046486333168739,0.004682510759475163
8418,8513.428366856,0.0023637137445906356,0.0019377483492501615,0.004727427489181271
8419,8514.603122415,0.002461307907892933,0.0021015549296582903,0.004922615815785866
8420,8515.510306167,0.0025261463382501848,0.002235168760286203,0.0050522926765003695
8421,8516.520710986,0.002586922540142599,0.0023902638199948694,0.005173845080285198
8422,8517.066793399,0.0026145580760412483,0.0024764658179059176,0.005229116152082497
8423,8517.836912408,0.002647131060551103,0.0026004340378706363,0.005294262121102206
8424,8518.99422923,0.0026816459607809833,0.0027909618526000936,0.0053632919215619666
8425,8519.543241913,0.0026918411133440754,0.0028826710805930048,0.005383682226688151
8426,8520.204192768,0.0026987730019296637,0.0029938370867440447,0.005397546003859327
8427,8521.698529413,0.0026927740079029532,0.0032464873162328716,0.0053855480158059065
8428,8522.883461467,0.002666653157194425,0.0034460040170823363,0.00533330631438885
8429,8523.581766093,0.0026424914982101674,0.0035623603402446477,0.005284982996420335
8430,8524.072959893,0.002621650208355869,0.003643391111503315,0.005243300416711738
8431,8525.192740842,0.0025624787861449343,0.003824800037527271,0.005124957572289869
8432,8525.580145938,0.0025383075102228584,0.003886267428285961,0.005076615020445717
8433,8526.384967076,0.002482178843795367,0.004011430458253604,0.004964357687590734
8434,8527.801285476,0.0023647580865734526,0.0042219408368654576,0.004729516173146905
8435,8528.335279661,0.002314608883876355,0.004297597473171406,0.00462921776775271
8436,8529.165725245,0.0022305894377073867,0.004410715030355179,0.004461178875414773
8437,8530.392088475,0.002093940571318887,0.004566690391582232,0.004187881142637774
8438,8531.215969405,0.0019944044513978206,0.004663398167671777,0.003988808902795641
8439,8532.311647984,0.0018534090731447278,0.004781141385945108,0.0037068181462894556
8440,8532.610707275,0.001813364415454021,0.00481102178904772,0.003626728830908042
8441,8533.780194487,0.001651085005844998,0.00491815292425075,0.003302170011689996
8442,8535.042150484,0.0014672978882027347,0.005015715858484166,0.0029345957764054693
8443,8535.467449845,0.0014037007706270885,0.005044239066699626,0.002807401541254177
8444,8536.033310081,0.0013180233941136302,0.005078717071207864,0.0026360467882272603
8445,8536.749664145,0.0012081162967662214,0.005116616157338603,0.0024162325935324427
8446,8537.778374014,0.0010482521326043357,0.005159691191029821,0.0020965042652086713
8447,8539.057118234,0.0008478901535619882,0.005194478145282763,0.0016957803071239765
8448,8540.19259572,0.0006702439252558476,0.005208006438061238,0.0013404878505116952
8449,8540.966649371,0.0005501711264434957,0.005207988000787137,0.0011003422528869913
8450,8541.539982809,0.00046212480539735234,0.005203225031216669,0.0009242496107947047
8451,8542.565392468,0.00030724014767285254,0.005184847872279386,0.0006144802953457051
8452,8543.339096415,0.00019314543758674045,0.005162840211524118,0.0003862908751734809
8453,8543.751519718,0.00013348315478863365,0.005148334874916382,0.0002669663095772673
8454,8545.303334074,-8.246893113136301e-05,0.00507726011080983,-0.00016493786226272602
8455,8545.618122407,-0.00012442565976127147,0.005059803909936767,-0.00024885131952254294
8456,8546.691491453,-0.00026217497387676623,0.004993087941157122,-0.0005243499477535325
8457,8547.709108139,-0.00038451072302946336,0.004920225022646544,-0.0007690214460589267
8458,8548.380388381,-0.00046043371728144897,0.004867470046397463,-0.0009208674345628979
8459,8549.305495771,-0.0005584284425196831,0.004789225153619788,-0.0011168568850393663
8460,8550.742265128,-0.0006944255938576207,0.0046565742422284215,-0.0013888511877152413
8461,8551.451183852,-0.0007539066858025916,0.004586893609031657,-0.0015078133716051832
8462,8552.036847252,-0.0007991178447078708,0.004527568063701625,-0.0015982356894157417
8463,8552.704688818,-0.0008462559947903929,0.004458257581704787,-0.0016925119895807859
8464,8553.657695232,-0.0009052490988499717,0.004356881746106276,-0.0018104981976999435
8465,8554.540035259,-0.0009511021430293378,0.004261145718053948,-0.0019022042860586757
8466,8555.129548601,-0.0009770208015815718,0.004196547039186384,-0.0019540416031631437
8467,8556.062209076,-0.0010103247980811614,0.004093907087022288,-0.002020649596162323
8468,8557.527026799,-0.0010438011944494138,0.003933436313680263,-0.0020876023888988277
8469,8558.612656242,-0.001054131805339071,0.003816719649004933,-0.002108263610678142
8470,8558.923460876,-0.0010548858008638017,0.0037838563851097717,-0.0021097716017276034
8471,8559.960124311,-0.0010505413850825645,0.0036765561419142487,-0.002101082770165129
8472,8560.426167012,-0.0010452500933050858,0.003629671058698561,-0.0020905001866101717
8473,8561.800541027,-0.0010182484245816568,0.00349734705416253,-0.0020364968491633135
8474,8562.354829385,-0.0010028030788383714,0.0034468405033503922,-0.002005606157676743
8475,8563.582511285,-0.0009600543673575474,0.003341697699492602,-0.0019201087347150948
8476,8563.910392634,-0.0009467793897912686,0.003315308428247871,-0.0018935587795825372
8477,8564.757382722,-0.0009091760220573901,0.0032506920422659376,-0.0018183520441147803
8478,8565.618743676,-0.0008664544930931413,0.0031905158633774803,-0.0017329089861862826
8479,8567.20460715,-0.0007778525636632915,0.0030953629386631172,-0.001555705127326583
8480,8567.744539731,-0.0007452686279300862,0.0030678193034087884,-0.0014905372558601724
8481,8568.746748321,-0.0006822955214703973,0.0030234727504412392,-0.0013645910429407947
8482,8569.695230959,-0.0006204617378788147,0.0029897761062013454,-0.0012409234757576294
8483,8570.473144255,-0.000568724516011281,0.002968219499418695,-0.001137449032022562
8484,8570.946215416,-0.0005370249672603303,0.0029577991437844246,-0.0010740499345206606
8485,8571.818896201,-0.00047848858446512496,0.002943898751613251,-0.0009569771689302499
8486,8572.426464757,-0.0004379760976705009,0.0029382673237244635,-0.0008759521953410018
8487,8573.882934741,-0.00034308514035579857,0.0029380208907717805,-0.0006861702807115971
8488,8574.91300332,-0.0002791125505514044,0.0029487686260387266,-0.0005582251011028088
8489,8575.175968707,-0.0002633396155063883,0.0029529064536492227,-0.0005266792310127766
8490,8576.708934631,-0.00017703653183539562,0.002987725177279097,-0.00035407306367079124
8491,8577.398701996,-0.00014186966891162136,0.0030090123136213135,-0.0002837393378232427
8492,8577.971246764,-0.00011466893910294654,0.0030291317014667887,-0.00022933787820589307
8493,8579.236900976,-6.16423793565465e-05,0.003080837276433807,-0.000123284758713093
8494,8579.917964133,-3.752034834899623e-05,0.003112377102955807,-7.504069669799246e-05
8495,8580.702003921,-1.3883025572863743e-05,0.0031514988239560045,-2.7766051145727486e-05
8496,8581.556354735,6.558405380319224e-06,0.003197107841532419,1.3116810760638448e-05
8497,8582.296736736,1.9577292246368675e-05,0.0032387390333634466,3.915458449273735e-05
8498,8582.982426418,2.7602865604032592e-05,0.0032787041376898373,5.5205731208065184e-05
8499,8583.913021381,3.211071084487083e-05,0.003334560789910347,6.422142168974166e-05
8500,8585.65146315,2.0289638278930335e-05,0.0034414058132444005,4.057927655786067e-05
8501,8586.174833981,1.1493541615660817e-05,0.0034735939249686426,2.2987083231321634e-05
8502,8587.197320927,-1.2693459305558028e-05,0.0035356525595057445,-2.5386918611116055e-05
8503,8587.711288195,-2.832697707807136e-05,0.0035661667219840654,-5.665395415614272e-05
8504,8588.094852601,-4.149311546196108e-05,0.003588533937984201,-8.298623092392216e-05
8505,8589.64247671,-0.00010734915087791,0.0036740861081035305,-0.00021469830175582
8506,8590.127188414,-0.00013205141253971742,0.003698955361197014,-0.00026410282507943484
8507,8591.095567302,-0.00018695472918726311,0.0037452384157379143,-0.00037390945837452623
8508,8591.803792343,-0.00023159182028175163,0.0037758362860617197,-0.00046318364056350327
8509,8592.920901774,-0.00030918176599616754,0.0038177080086364158,-0.0006183635319923351
8510,8594.055748659,-0.00039621297352135875,0.00385122899299189,-0.0007924259470427175
8511,8594.502062461,-0.0004324864039702498,0.0038616864525457973,-0.0008649728079404996
8512,8595.55090947,-0.0005217484462489399,0.003879737427065228,-0.0010434968924978797
8513,8596.787241215,-0.0006331352067708378,0.0038884814112331613,-0.0012662704135416756
8514,8597.384498851,-0.0006888710106368602,0.0038875641558625868,-0.0013777420212737204
8515,8598.230072428,-0.0007694160494818793,0.00388028876051965,-0.0015388320989637586
8516,8599.006813111,-0.0008446399561598098,0.003867256093908126,-0.0016892799123196195
8517,8599.431780759,-0.0008861223031810036,0.00385749747253636,-0.0017722446063620071
8518,8600.495518301,-0.0009903533987351487,0.0038247775690377597,-0.0019807067974702973
8519,8601.336163044,-0.0010724740266019024,0.0037904356293681305,-0.002144948053203805
8520,8602.800930633,-0.0012130171937202812,0.003712578244873557,-0.0024260343874405624
8521,8603.667158055,-0.0012934635263108683,0.0036558093244783733,-0.0025869270526217365
8522,8604.204875746,-0.0013420174038610525,0.0036166105141830756,-0.002684034807722105
8523,8605.372037846,-0.001442856870888572,0.0035213010385453016,-0.002885713741777144
8524,8606.065011944,-0.0014992428977729413,0.0034582598683472474,-0.0029984857955458826
8525,8606.596847048,-0.001540490980322277,0.0034067217089695295,-0.003080981960644554
8526,8607.469584159,-0.0016039401980129846,0.0033164168322341128,-0.003207880396025969
8527,8608.874054413,-0.0016935608203643604,0.003156991545149018,-0.003387121640728721
8528,8609.476576481,-0.0017267596468157284,0.0030836425605733518,-0.0034535192936314568
8529,8609.969946523,-0.0017514037677850678,0.00302152873971327,-0.0035028075355701357
8530,8610.900549174,-0.001791302146584587,0.002899693405598934,-0.003582604293169174
8531,8612.007241032,-0.001826835795564299,0.002747663137607805,-0.003653671591128598
8532,8613.34909257,-0.0018513207300938574,0.002554632438772572,-0.0037026414601877148
8533,8614.153530621,-0.0018556837810492371,0.002435269625321211,-0.0037113675620984742
8534,8614.570297617,-0.0018547957192670667,0.002372583173399837,-0.0037095914385341334
8535,8615.778990895,-0.001839744842007136,0.0021883815302152403,-0.003679489684014272
8536,8616.334145127,-0.0018264970168080312,0.0021029794614951954,-0.0036529940336160623
8537,8617.170423147,-0.001798885850627101,0.001973959552722488,-0.003597771701254202
8538,8617.682388006,-0.0017774045751469995,0.001895009164079106,-0.003554809150293999
8539,8619.00461024,-0.0017057523625527754,0.0016925038352188515,-0.003411504725105551
8540,8619.610075257,-0.0016651609057414646,0.0016010085102830772,-0.0033303218114829293
8541,8621.154330974,-0.0015397208181170989,0.0013734395322580124,-0.0030794416362341977
8542,8621.952650157,-0.001462742769831124,0.0012601394894481124,-0.002925485539662248
8543,8622.39031462,-0.0014171129607086178,0.001199572074617249,-0.0028342259214172356
8544,8623.28460367,-0.0013165061121142457,0.0010797003100698147,-0.0026330122242284914
8545,8624.220096516,-0.0012009954337006009,0.0009606065650448005,-0.0024019908674012018
8546,8625.481069983,-0.0010295207704953961,0.0008117931112315986,-0.0020590415409907923
8547,8626.016582944,-0.0009515154846403771,0.0007531099744371751,-0.0019030309692807542
8548,8626.570046899,-0.0008678259305958567,0.0006955170121000662,-0.0017356518611917134
8549,8627.469440409,-0.0007255304516554146,0.0006089506693019596,-0.0014510609033108292
8550,8628.431748373,-0.000565284852242703,0.0005265776599475515,-0.001130569704485406
8551,8629.276843948,-0.00041839342943469194,0.0004635224439790442,-0.0008367868588693839
8552,8630.330799696,-0.00022808927988476663,0.000397729547483431,-0.00045617855976953325
8553,8631.669465393,2.313342293903067e-05,0.0003357837830718689,4.626684587806134e-05
8554,8632.398793413,0.00016359345533848457,0.00031262215577924863,0.00032718691067696915
8555,8633.071914191,0.00029496836048688893,0.000298053960917167,0.0005899367209737779
8556,8633.59139334,0.0003972590595337924,0.0002913456906386731,0.0007945181190675848
8557,8634.592755997,0.0005959729325698357,0.0002897043268493413,0.0011919458651396713
8558,8635.206921732,0.0007184121516929799,0.00029611621389629306,0.0014368243033859598
8559,8636.439865708,0.000964145978908671,0.00032610809578367074,0.001928291957817342
8560,8637.187563979,0.0011123205782039125,0.000355419008060885,0.002224641156407825
8561,8638.150805592,0.0013012554761103606,0.0004054646880630583,0.0026025109522207213
8562,8638.929026205,0.0014515949133306375,0.00045587714619441534,0.002903189826661275
8563,8640.056739782,0.0016645435142946107,0.0005444302849855874,0.0033290870285892214
8564,8640.930858834,0.001824647180867657,0.0006253508211587526,0.003649294361735314
8565,8641.656960762,0.0019537393352151663,0.000700454453717934,0.003907478670430333
8566,8642.64342272,0.002122643802680819,0.0008135146186398088,0.004245287605361638
8567,8643.454487335,0.002255279413206798,0.0009155684278626939,0.004510558826413596
8568,8644.166494253,0.0023666214163906183,0.0010115804679451117,0.004733242832781237
8569,8645.314890919,0.002535276313891514,0.0011782959716964167,0.005070552627783028
8570,8645.629539138,0.002578984371874859,0.0012263796559371005,0.005157968743749718
8571,8646.021671928,0.0026318790117188227,0.001287671637870067,0.005263758023437645
8572,8648.180817663,0.0028898453151847843,0.0016496697275031676,0.005779690630369569
8573,8648.774619217,0.002950352896484762,0.0017555892711319245,0.005900705792969524
8574,8649.780880844,0.003042051698978704,0.001940223344471874,0.006084103397957408
8575,8650.239461089,0.0030792171199811994,0.0020262435170739163,0.006158434239962399
8576,8651.375577781,0.0031585389496822727,0.002243486623993932,0.0063170778993645454
8577,8651.868483746,0.0031872232035241033,0.0023392315479800834,0.0063744464070482065
8578,8652.86153442,0.0032343597567486694,0.0025340857923283034,0.006468719513497339
8579,8653.778576965,0.00326517671902966,0.0027154892822406846,0.00653035343805932
8580,8654.501099441,0.003280856007118984,0.0028587656974380345,0.006561712014237968
8581,8655.647399978,0.0032902736933069026,0.003085500593205191,0.006580547386613805
8582,8656.072710342,0.0032889916058686437,0.0031691377006361474,0.006577983211737287
8583,8657.338800754,0.003270154740771852,0.0034153531477545285,0.006540309481543704
8584,8658.222107504,0.0032440018066343195,0.003583744835537839,0.006488003613268639
8585,8659.065463815,0.003209386968440929,0.003741116803759073,0.006418773936881858
8586,8660.464749769,0.0031320951805143887,0.0039931662138418585,0.006264190361028777
8587,8660.894985319,0.0031035757850941,0.0040680395753412025,0.0062071515701882
8588,8661.469178733,0.0030621952861303783,0.004165824444345538,0.0061243905722607565
8589,8662.186065275,0.003005412388051462,0.004284237101115623,0.006010824776102924
8590,8663.160874844,0.0029195951886642514,0.004438187304076254,0.005839190377328503
8591,8664.068204986,0.00283146029597852,0.0045735937567337155,0.00566292059195704
8592,8664.933277767,0.002740672401688294,0.004695125021226634,0.005481344803376588
8593,8666.00829674,0.0026196356411433606,0.004835255254029029,0.005239271282286721
8594,8667.232034709,0.002472305230652307,0.004979322497100644,0.004944610461304614
8595,8668.106266274,0.002361863037430766,0.005071776953230917,0.004723726074861532
8596,8668.375532887,0.0023271076776075704,0.005098457607145335,0.004654215355215141
8597,8669.317504226,0.0022032248309530812,0.005185048470566959,0.0044064496619061625
8598,8670.233446196,0.0020800086613929226,0.005259093295465306,0.004160017322785845
8599,8671.639127702,0.0018876032222204114,0.005353151630476495,0.003775206444440823
8600,8671.820091555,0.0018626752792718867,0.005363541689078505,0.0037253505585437734
8601,8672.776806952,0.001730793092804635,0.005412011474342374,0.00346158618560927
8602,8673.5240061,0.0016281137070531392,0.005442391543410487,0.0032562274141062783
8603,8674.349201865,0.0015156211506794372,0.005468472919907921,0.0030312423013588745
8604,8675.596120099,0.0013486791149373864,0.00549344806708947,0.002697358229874773
8605,8676.924281051,0.0011767671081014564,0.00550182841564355,0.002353534216202913
8606,8677.519367828,0.0011022719741801833,0.005499814329956178,0.0022045439483603666
8607,8677.98774653,0.0010449105754126453,0.0054958410562330525,0.0020898211508252906
8608,8679.291278168,0.0008918922458989905,0.005474335905614025,0.001783784491797981
8609,8679.748657452,0.0008407329649516186,0.005463367540497475,0.0016814659299032371
8610,8680.584051407,0.0007510041576652665,0.005439111141485438,0.001502008315330533
8611,8681.161852779,0.0006919066028621533,0.0054193526529968975,0.0013838132057243065
8612,8682.385865916,0.000575248700472186,0.005370285645818463,0.001150497400944372
8613,8683.501223958,0.0004796280302597565,0.005318196297729496,0.000959256060519513
8614,8684.345138141,0.00041437377470751466,0.005274933860970668,0.0008287475494150293
8615,8685.162576755,0.0003571673236189816,0.005230473831307221,0.0007143346472379632
8616,8685.791259887,0.00031725398781761404,0.005194910015501156,0.0006345079756352281
8617,8687.189699002,0.00024133772769525488,0.005112856934739378,0.00048267545539050976
8618,8687.777364109,0.00021474040134111515,0.0050776650046326765,0.0004294808026822303
8619,8688.479057297,0.00018706704182400727,0.005035490374332109,0.00037413408364801455
8620,8689.551335129,0.00015324779070532776,0.004971438658211295,0.0003064955814106555
8621,8690.36481787,0.00013426574507575487,0.004923788909099447,0.00026853149015150973
8622,8690.662797622,0.00012871732701719586,0.004906649089955698,0.0002574346540343917
8623,8691.926226852,0.00011326323238915615,0.0048365395590770355,0.0002265264647783123
8624,8692.523178294,0.00011032796861377384,0.004805196218815286,0.00022065593722754768
8625,8694.228413296,0.00011616099744475438,0.0047238226016491575,0.00023232199488950876
8626,8694.902289443,0.00012379319068103872,0.0046955806334600635,0.00024758638136207744
8627,8695.905093298,0.0001401010679850411,0.004658289145700296,0.0002802021359700822
8628,8696.258314853,0.00014713708483987418,0.004646599317404898,0.00029427416967974836
8629,8697.336511435,0.00017229229551013093,0.004615907922415155,0.00034458459102026186
8630,8697.610485681,0.0001794821416881506,0.004609357417606132,0.0003589642833763012
8631,8699.09121971,0.00022290315423616102,0.004583209067351149,0.00044580630847232205
8632,8699.936426458,0.0002503945210882607,0.004575562360294078,0.0005007890421765214
8633,8700.597521995,0.00027282322203172173,0.004573391744601683,0.0005456464440634435
8634,8701.161157565,0.00029236889787827134,0.00457422180210213,0.0005847377957565427
8635,8702.804254878,0.00034996574597134463,0.004590853158899413,0.0006999314919426893
8636,8703.417101022,0.00037108003378680455,0.004602469687501329,0.0007421600675736091
8637,8704.079332239,0.00039329094248954314,0.004618290473024663,0.0007865818849790863
8638,8705.318810429,0.00043227474610354674,0.0046568349930869975,0.0008645494922070935
8639,8706.154650753,0.00045595421170898547,0.004689187159946206,0.0009119084234179709
8640,8707.005236582,0.0004772903272853841,0.004727122274258161,0.0009545806545707682
8641,8707.597537701,0.0004902336781203948,0.004756384457366215,0.0009804673562407895
8642,8708.113872195,0.0005000861006863231,0.004783708234350189,0.0010001722013726461
8643,8709.159693739,0.0005155138584960356,0.004843906910253659,0.0010310277169920713
8644,8709.949365151,0.0005227397113269689,0.004893322348833374,0.0010454794226539379
8645,8711.450294477,0.0005247353550898361,0.004995343086387586,0.0010494707101796723
8646,8712.275399475,0.0005187035652129474,0.005055201109335396,0.0010374071304258949
8647,8712.986720708,0.0005091653202167328,0.005108508574252331,0.0010183306404334656
8648,8714.030953901,0.00048755547910244904,0.005188947263898358,0.0009751109582048981
8649,8714.366502801,0.0004786327840952288,0.005215202670482543,0.0009572655681904576
8650,8715.58577995,0.0004378781163539897,0.005311519863872635,0.0008757562327079794
8651,8716.356426968,0.0004052588068756501,0.0053725745453209,0.0008105176137513002
8652,8717.003515228,0.00037371277457622944,0.005423558503790354,0.0007474255491524589
8653,8718.139853934,0.0003090999361946676,0.005511626619567528,0.0006181998723893352
8654,8719.090250677,0.0002460846383790601,0.005582965813709129,0.0004921692767581202
8655,8719.382554053,0.00022507746074253596,0.005604341311634952,0.0004501549214850719
8656,8720.447893299,0.00014215418506841176,0.005679455607350014,0.0002843083701368235
8657,8721.974942172,6.458720343716023e-06,0.005777672005465681,1.2917440687432045e-05
8658,8722.755721398,-7.019093540322306e-05,0.005822649885352428,-0.00014038187080644613
8659,8723.599098642,-0.00015816122987719666,0.0058666120155055155,-0.0003163224597543933
8660,8724.108198074,-0.0002137262200887277,0.005890619105761185,-0.0004274524401774554
8661,8724.859676038,-0.00029892343442274424,0.005922306074204167,-0.0005978468688454885
8662,8725.956761585,-0.00042955266165494425,0.005959932143856369,-0.0008591053233098885
8663,8726.53684221,-0.000501324148554211,0.005975404261589205,-0.001002648297108422
8664,8727.253773684,-0.0005923095707235706,0.005990055686402921,-0.0011846191414471411
8665,8728.498800855,-0.0007554090248307695,0.0060031470571673,-0.001510818049661539
8666,8729.62800699,-0.0009076492534360101,0.006000756801419218,-0.0018152985068720202
8667,8730.322892933,-0.0010027418039956794,0.005992264487401528,-0.002005483607991359
8668,8731.474828184,-0.0011616652926167853,0.0059660529947333785,-0.0023233305852335706
8669,8731.879802246,-0.0012176686667468364,0.005953183123840015,-0.002435337333493673
8670,8732.623377537,-0.0013203249048816177,0.00592454477280357,-0.0026406498097632353
8671,8734.081398173,-0.0015194488376540454,0.005849456841097222,-0.0030388976753080907
8672,8734.675973837,-0.001599201602577471,0.005811639855453097,-0.003198403205154942
8673,8735.414586538,-0.0016966001247203056,0.0057588988458924725,-0.0033932002494406113
8674,8736.080091412,-0.0017824271708885106,0.005705967239770267,-0.0035648543417770213
8675,8736.767658873,-0.0018688236089165105,0.00564597661268601,-0.003737647217833021
8676,8737.886599701,-0.0020035854744737936,0.005537105028739488,-0.004007170948947587
8677,8739.38950817,-0.002170940465607577,0.005369908929323775,-0.004341880931215154
8678,8739.71481452,-0.002204809448424522,0.005330709049675868,-0.004409618896849044
8679,8741.112495669,-0.002339550464013449,0.005150914657623283,-0.004679100928026898
8680,8741.683325896,-0.0023891627309486295,0.005072485975689535,-0.004778325461897259
8681,8742.525510715,-0.0024561449706956323,0.004951917983612319,-0.004912289941391265
8682,8742.997118096,-0.0024902629955854006,0.00488203887850825,-0.004980525991170801
8683,8743.74904893,-0.002539388984194457,0.004767399394682197,-0.005078777968388914
8684,8745.053827139,-0.0026084885479783384,0.00456015240756785,-0.005216977095956677
8685,8745.977161412,-0.002644391440517444,0.004408149959346866,-0.005288782881034888
8686,8746.443532494,-0.002658278510529032,0.004330000524714342,-0.005316557021058064
8687,8747.807308512,-0.0026820404043854046,0.004097457128279322,-0.005364080808770809
8688,8748.384570856,-0.002684380213705131,0.003997737697968082,-0.005368760427410262
8689,8749.516423499,-0.002675392109512742,0.0038011552745410566,-0.005350784219025484
8690,8750.330086645,-0.0026577216500740966,0.003659766052172437,-0.005315443300148193
8691,8751.346430864,-0.0026224295272485034,0.0034841847406776247,-0.005244859054497007
8692,8751.999141009,-0.0025920409271470235,0.0033725733162161403,-0.005184081854294047
8693,8752.67276359,-0.002554389893603975,0.003258751229332439,-0.00510877978720795
8694,8753.775489789,-0.0024791446141258708,0.003076369682974206,-0.0049582892282517416
8695,8754.258907092,-0.0024409180278835555,0.00299830414313684,-0.004881836055767111
8696,8755.009176121,-0.0023754020684799543,0.002879844689599943,-0.004750804136959909
8697,8756.043831127,-0.0022730346962325926,0.0027226632324997106,-0.004546069392465185
8698,8757.903052121,-0.0020559486240084896,0.0024617848697480313,-0.004111897248016979
8699,8758.330109659,-0.0020004343054292385,0.0024063362655017406,-0.004000868610858477
8700,8758.806686424,-0.0019361411685823722,0.0023466257754157466,-0.0038722823371647444
8701,8759.59198137,-0.0018250448104800145,0.002253479642840844,-0.003650089620960029
8702,8760.79776069,-0.0016428544695274827,0.002124014732137989,-0.0032857089390549653
8703,8761.335651596,-0.0015574212196572056,0.002071874031642302,-0.0031148424393144113
8704,8762.328890281,-0.0013936219692343486,0.0019851983269499884,-0.0027872439384686973
8705,8763.396469367,-0.0012098389793396636,0.0019065377978538577,-0.002419677958679327
8706,8763.655686196,-0.0011641548472453725,0.0018897812020020658,-0.002328309694490745
8707,8765.005865643,-0.0009206178754157096,0.0018177662410324064,-0.0018412357508314193
8708,8765.741131577,-0.0007847648821120873,0.0017895537616680693,-0.0015695297642241747
8709,8766.709274468,-0.00060342366709402,0.0017644936076600447,-0.00120684733418804
8710,8767.79789285,-0.0003974578785072785,0.001752922768553669,-0.000794915757014557
8711,8768.800400514,-0.0002071827246814827,0.001757906500842824,-0.0004143654493629654
8712,8769.371308012,-9.906230786764207e-05,0.001767439400622275,-0.00019812461573528415
8713,8770.321068743,7.967451226851416e-05,0.0017939919630605469,0.00015934902453702832
8714,8771.029690956,0.0002115761116273726,0.001822415008063642,0.0004231522232547452
8715,8771.396367345,0.000279179685761445,0.0018399754873977105,0.00055835937152289
8716,8772.413788999,0.0004638609467660077,0.0018987160621669744,0.0009277218935320154
8717,8773.892563781,0.0007226621068568365,0.0020095587877156417,0.001445324213713673
8718,8774.336921666,0.0007977359733332956,0.002048539904457554,0.0015954719466665913
8719,8775.643665409,0.0010099999551486988,0.0021775901495654565,0.0020199999102973975
8720,8776.412826979,0.0011283391180849178,0.0022631273365758577,0.0022566782361698357
8721,8777.325477643,0.0012616988163513462,0.0023732230092654892,0.0025233976327026925
8722,8778.016754196,0.0013572374304590801,0.002462448573146844,0.0027144748609181603
8723,8778.547501529,0.0014272042571634924,0.002534156229150771,0.0028544085143269848
8724,8779.874152389,0.0015884744252308962,0.0027245461065820986,0.0031769488504617923
8725,8780.751048628,0.0016838270716346476,0.002858237018292192,0.003367654143269295
8726,8781.39984307,0.0017483521407735067,0.002960671614409147,0.0034967042815470134
8727,8781.99940525,0.0018033000966738294,0.0030577036267790073,0.003606600193347659
8728,8782.763532849,0.001866673370348528,0.0031842762937986614,0.003733346740697056
8729,8784.098180393,0.0019590754915608626,0.0034117258995038447,0.003918150983121725
8730,8785.34900562,0.0020241862823946292,0.0036301522219471254,0.0040483725647892585
8731,8786.00141692,0.0020498295036950236,0.00374531652896919,0.004099659007390047
8732,8786.925723642,0.002076405087739987,0.003909125458855538,0.004152810175479974
8733,8787.516533268,0.0020874335860002814,0.004013855304394665,0.004174867172000563
8734,8788.234123962,0.0020946411848775286,0.004140685091266046,0.004189282369755057
8735,8789.166704652,0.0020940155182363404,0.004304255169928736,0.004188031036472681
8736,8790.055912969,0.002083131831339314,0.004458143039203335,0.004166263662678628
8737,8790.605373031,0.00207151586555763,0.004551888906664001,0.00414303173111526
8738,8791.865750061,0.002031269030874465,0.004762002462040929,0.00406253806174893
8739,8792.938115377,0.001982808723811244,0.0049342129376315,0.003965617447622488
8740,8793.748087606,0.0019380667966132224,0.0050595646503386145,0.003876133593226445
8741,8794.528210803,0.0018887556144544474,0.00517599564703206,0.0037775112289088948
8742,8795.102194578,0.0018488001806552812,0.005258749139275205,0.0036976003613105623
8743,8796.605348615,0.0017306673822152358,0.005462730480997928,0.0034613347644304716
8744,8797.281339331,0.001671780836487244,0.005548036639593126,0.003343561672974488
8745,8797.933469184,0.00161197022354092,0.005626331026130659,0.00322394044708184
8746,8798.459711537,0.001561742597304491,0.005686558293459476,0.003123485194608982
8747,8799.627566552,0.001444787124630445,0.005810493444462684,0.00288957424926089
8748,8800.402790798,0.0013636058808179797,0.005885165566681149,0.0027272117616359594
8749,8800.875335741,0.001312978760853705,0.005927652744753898,0.00262595752170741
8750,8802.633957952,0.0011190180933720916,0.006065351054420921,0.002238036186744183
8751,8803.428243939,0.001029617820633907,0.0061169534321539095,0.002059235641267814
8752,8804.220472214,0.0009400618797675578,0.006161901505645447,0.0018801237595351156
8753,8805.171186875,0.0008327930001738069,0.006207362996982994,0.0016655860003476138
8754,8805.599435361,0.0007847594629563195,0.006224870945435673,0.001569518925912639
8755,8806.272540599,0.0007098677472608333,0.006248738942832922,0.0014197354945216665
8756,8807.488748834,0.0005772613728563234,0.006280890882833773,0.0011545227457126469
8757,8808.223313838,0.0004994285878976819,0.006293748642032705,0.0009988571757953639
8758,8809.413500174,0.00037795316513157507,0.006304728668454656,0.0007559063302631501
8759,8809.849477655,0.00033511231799548334,0.006305869155005679,0.0006702246359909667
8760,8810.602647387,0.00026346095072675733,0.006304432906781728,0.0005269219014535147
8761,8812.16777458,0.00012524042873784084,0.006288853723565922,0.0002504808574756817
8762,8812.725714809,7.979758667924022e-05,0.006279627664345977,0.00015959517335848044
8763,8813.832162751,-3.84447491784443e-06,0.006256441174481587,-7.68894983568886e-06
8764,8814.311277666,-3.727157877496765e-05,0.006244619197132224,-7.45431575499353e-05
8765,8815.594893298,-0.00011811695662900426,0.006208612521621947,-0.00023623391325800852
8766,8816.33368604,-0.00015872107583672886,0.006185603108856792,-0.00031744215167345773
8767,8816.597902425,-0.00017216949825927397,0.006177063760045819,-0.00034433899651854793
8768,8817.604528339,-0.00021816888765639815,0.006143439481452103,-0.0004363377753127963
8769,8818.267042194,-0.00024389149856774719,0.0061207076826328265,-0.00048778299713549437
8770,8819.823257464,-0.0002901278809818822,0.0060672060349600794,-0.0005802557619637644
8771,8820.831983669,-0.00030963266503557,0.006033763022777983,-0.00061926533007114
8772,8821.428062324,-0.0003173945826155558,0.006014925170541845,-0.0006347891652311116
8773,8822.438231461,-0.00032438073728029127,0.005985203924413738,-0.0006487614745605825
8774,8822.982439196,-0.0003250432359029112,0.005970604388382091,-0.0006500864718058224
8775,8823.926324359,-0.0003213028546302347,0.00594811642204111,-0.0006426057092604695
8776,8824.8215966,-0.0003123601567191452,0.005930627617953518,-0.0006247203134382903
8777,8825.747064034,-0.00029804490572236643,0.0059170593641726076,-0.0005960898114447329
8778,8826.471286824,-0.0002835734329113733,0.005909990143446821,-0.0005671468658227466
8779,8827.196344366,-0.00026650103769023623,0.005906298230278187,-0.0005330020753804725
8780,8828.126900137,-0.00024126010413507562,0.005906874545813481,-0.00048252020827015124
8781,8829.200853015,-0.0002082595515831894,0.005915461508818762,-0.0004165191031663788
8782,8829.757344108,-0.0001898537112019516,0.005923419418086635,-0.0003797074224039032
8783,8831.476274008,-0.00012929967847979466,0.005963875469053935,-0.0002585993569595893
8784,8832.095903441,-0.00010674046617981732,0.005984517469813365,-0.00021348093235963464
8785,8832.667733534,-8.588714366909683e-05,0.006006472741606285,-0.00017177428733819366
8786,8833.353272701,-6.109999614997209e-05,0.006036493316254956,-0.00012219999229994417
8787,8834.227333954,-3.0296093066957257e-05,0.0060806298697535285,-6.0592186133914514e-05
8788,8834.898748526,-7.611889422718158e-06,0.0061189760870967525,-1.5223778845436315e-05
8789,8836.174940859,3.2050477482122444e-05,0.006202349069355608,6.410095496424489e-05
8790,8836.623445374,4.46238546183224e-05,0.0062348479789556925,8.92477092366448e-05
8791,8837.776447826,7.287222305184044e-05,0.006325769025843431,0.00014574444610368088
8792,8839.103878636,9.670119653653349e-05,0.006442963692597807,0.00019340239307306698
8793,8839.786452489,0.00010471597791854537,0.006508101221687344,0.00020943195583709073
8794,8840.18384885,0.00010791689626557493,0.00654745518815642,0.00021583379253114986
8795,8841.401930089,0.00011043632825497764,0.006674172925787318,0.00022087265650995528
8796,8842.186429294,0.00010578895401579418,0.00676022121662613,0.00021157790803158835
8797,8843.085298045,9.394355709774722e-05,0.006862546827805171,0.00018788711419549445
8798,8844.209896067,6.86947981017172e-05,0.006995326439999951,0.0001373895962034344
8799,8844.421280321,6.259944535919766e-05,0.0070207854231626255,0.0001251988907183953
8800,8845.399046171,2.8643361534121657e-05,0.007140210849348108,5.7286723068243315e-05
8801,8845.929067542,6.185456267948031e-06,0.007205880335314759,1.2370912535896062e-05
8802,8847.52997081,-7.951058229422619e-05,0.007406519881562944,-0.00015902116458845237
8803,8848.664758578,-0.00015688792971079642,0.007549151648563831,-0.00031377585942159283
8804,8849.293012163,-0.0002057409793596775,0.007627635206691443,-0.000411481958719355
8805,8849.94085944,-0.00026061703192005095,0.007707866297598835,-0.0005212340638401019
8806,8850.968666279,-0.0003570149339927834,0.007833013521490668,-0.0007140298679855668
8807,8851.906343481,-0.0004548430923561151,0.007944074234714748,-0.0009096861847122301
8808,8852.149291308,-0.00048170639294717413,0.007972257743168268,-0.0009634127858943483
8809,8853.023070043,-0.0005833870103473809,0.008071272999412842,-0.0011667740206947619
8810,8854.558251386,-0.000780628844014591,0.008234734006270466,-0.001561257688029182
8811,8854.955551217,-0.0008353768248363653,0.008274513998792234,-0.0016707536496727306
8812,8856.079945292,-0.0009981077660227227,0.008380675992053608,-0.0019962155320454454
8813,8856.734523784,-0.0010978866773523395,0.00843774439874526,-0.002195773354704679
8814,8857.963064805,-0.0012943856527858765,0.008534496998477104,-0.002588771305571753
8815,8858.680999708,-0.0014143341155607712,0.008584322494794,-0.0028286682311215424
8816,8859.693494673,-0.001589205558401635,0.008645572292342564,-0.00317841111680327
8817,8860.675496387,-0.0017644106510390565,0.008694348553266998,-0.003528821302078113
8818,8861.046695267,-0.001831890771124317,0.008709950405580685,-0.003663781542248634
8819,8861.974859877,-0.0020031818843963644,0.008741932375684876,-0.004006363768792729
8820,8862.808651074,-0.002159648650214862,0.008761884365855486,-0.004319297300429724
8821,8863.498357024,-0.0022904858339332056,0.008771961878636913,-0.004580971667866411
8822,8864.378003968,-0.0024586179556425115,0.008776225420880863,-0.004917235911285023
8823,8865.753819372,-0.002722770855799785,0.008763327639353407,-0.00544554171159957
8824,8866.791201368,-0.0029213894824514884,0.008737723262825266,-0.005842778964902977
8825,8867.75378714,-0.0031040620363645684,0.008701797747954373,-0.006208124072729137
8826,8868.092270037,-0.0031677358171322604,0.008686405000574087,-0.006335471634264521
8827,8868.750967015,-0.0032905754210355896,0.008652379640413248,-0.006581150842071179
8828,8869.691904789,-0.0034630704627373397,0.0085945865704623,-0.006926140925474679
8829,8871.078180954,-0.003709126310657971,0.00849034001933189,-0.007418252621315942
8830,8871.689920886,-0.00381403299223354,0.00843737540171706,-0.00762806598446708
8831,8872.005432888,-0.003867149072348112,0.008408452110162465,-0.007734298144696224
8832,8873.297980869,-0.004076984516392874,0.008279026202171644,-0.008153969032785749
8833,8874.050059551,-0.004192791413763684,0.008196039501923184,-0.008385582827527369
8834,8875.172814315,-0.0043561328151473675,0.008062475345404078,-0.008712265630294735
8835,8876.122838582,-0.004484704513536122,0.007941178206203553,-0.008969409027072245
8836,8876.890060628,-0.004581650966541535,0.007838237521843452,-0.00916330193308307
8837,8878.289574607,-0.004741686898578989,0.007640501626055042,-0.009483373797157978
8838,8878.48087811,-0.004761811942021955,0.007612593277859471,-0.00952362388404391
8839,8879.175609723,-0.004831247654429008,0.007509707924855528,-0.009662495308858016
8840,8880.343782097,-0.004934816324466755,0.0073320866797530965,-0.00986963264893351
8841,8880.621668525,-0.004956972606271945,0.007289137506985338,-0.00991394521254389
8842,8881.72607819,-0.005035449554461489,0.007116523591214331,-0.010070899108922978
8843,8883.028741255,-0.005108145151412607,0.006910573269282721,-0.010216290302825214
8844,8884.165749605,-0.005153958256415391,0.006730607857320055,-0.010307916512830782
8845,8884.446684815,-0.005162756519988265,0.006686318750640062,-0.01032551303997653
8846,8885.602305365,-0.005188558625094803,0.006505683548397612,-0.010377117250189607
8847,8886.584181469,-0.005197566089511549,0.006355108187265322,-0.010395132179023098
8848,8887.058666341,-0.005197766736417219,0.006283629691694023,-0.010395533472834438
8849,8888.146956751,-0.005188315087933466,0.00612361966661166,-0.010376630175866932
8850,8888.83119678,-0.005175533590017914,0.006026291760244103,-0.010351067180035829
8851,8889.952996221,-0.00514372481267595,0.005873163161829904,-0.0102874496253519
8852,8890.537948369,-0.005122053307379088,0.005796862710973868,-0.010244106614758176
8853,8891.306737048,-0.005088583086001339,0.005700662567035313,-0.010177166172002677
8854,8891.874379357,-0.005060426239101083,0.005632809320350044,-0.010120852478202167
8855,8893.684840402,-0.004953016229874171,0.005436153558950892,-0.009906032459748342
8856,8894.604473094,-0.004889469228582406,0.005348721879211769,-0.009778938457164812
8857,8895.038202754,-0.004857701098280328,0.005310584493318932,-0.009715402196560656
8858,8896.103336815,-0.004775465358609701,0.005225676360911039,-0.009550930717219403
8859,8896.531323011,-0.004740951341225609,0.005195148817653554,-0.009481902682451217
8860,8897.673494067,-0.004645578889099155,0.005124031645254215,-0.00929115777819831
8861,8898.051507139,-0.004613176726894989,0.005103863093605548,-0.009226353453789977
8862,8899.302724467,-0.004504021721029003,0.005049234891314801,-0.009008043442058007
8863,8900.126946768,-0.004431320328388853,0.005023495011927418,-0.008862640656777707
8864,8900.854875978,-0.004367192513012612,0.005007535576868158,-0.008734385026025224
8865,8902.243765062,-0.004246692912722157,0.004994565492722778,-0.008493385825444314
8866,8903.054487162,-0.004178464071445416,0.0049974240346329826,-0.008356928142890832
8867,8903.453422786,-0.00414569338719108,0.005001593231989898,-0.00829138677438216
8868,8904.497639306,-0.004063036340103353,0.005020918593027426,-0.008126072680206707
8869,8905.78005762,-0.0039691213459957546,0.005060677164107906,-0.007938242691991509
8870,8906.334722625,-0.00393158943384055,0.00508307976488944,-0.0078631788676811
8871,8907.29643918,-0.0038715826419888923,0.005128944753792727,-0.007743165283977785
8872,8907.620487928,-0.00385292742270743,0.005146315713030947,-0.00770585484541486
8873,8908.365865373,-0.0038132414974708533,0.005189736779122808,-0.007626482994941707
8874,8909.714669788,-0.0037537654186611657,0.005279656370621328,-0.007507530837322331
8875,8910.428989515,-0.003729213255122878,0.005332596008177789,-0.007458426510245756
8876,8911.756517262,-0.003697355386677835,0.005439328388177333,-0.00739471077335567
8877,8912.717343388,-0.0036860746135469915,0.005522251144716163,-0.007372149227093983
8878,8913.324972961,-0.0036842594754822483,0.005576672630345945,-0.0073685189509644965
8879,8914.111116782,-0.0036881871916360606,0.005648897742007232,-0.007376374383272121
8880,8914.741188912,-0.0036965362371544712,0.005707932119358819,-0.0073930724743089425
8881,8915.623803672,-0.003716128304272085,0.005791776138280306,-0.00743225660854417
8882,8916.514178386,-0.003745318321764043,0.005877002170633462,-0.007490636643528086
8883,8917.67807816,-0.0037978063116829736,0.005988060892410555,-0.007595612623365947
8884,8918.302168644,-0.003832615416432553,0.0060468848169528576,-0.007665230832865106
8885,8918.917303083,-0.0038714371620462316,0.006104025246750625,-0.007742874324092463
8886,8920.276287089,-0.003972816019144192,0.006226023608301275,-0.007945632038288384
8887,8920.807424922,-0.0040181504552975296,0.00627166369380783,-0.008036300910595059
8888,8922.348329237,-0.00416709004637341,0.006395665143271131,-0.00833418009274682
8889,8922.962986122,-0.004233428957538968,0.00644104398489385,-0.008466857915077937
8890,8923.430369164,-0.004286389526491222,0.0064737777837191425,-0.008572779052982444
8891,8924.452124841,-0.004409389335103886,0.006539520638632233,-0.008818778670207772
8892,8925.469534406,-0.004541089511940419,0.006596307741986685,-0.009082179023880838
8893,8925.913861821,-0.00460128523803155,0.006618175206101942,-0.0092025704760631
8894,8926.590671427,-0.004695881831188575,0.006647856032526869,-0.00939176366237715
8895,8927.54391028,-0.004834589920222839,0.00668186272766008,-0.009669179840445678
8896,8929.299323788,-0.005104268668223507,0.006719018033125907,-0.010208537336447015
8897,8929.808678924,-0.005185366276544062,0.006723303325513353,-0.010370732553088124
8898,8930.622184355,-0.005316979159531598,0.006723857663164641,-0.010633958319063197
8899,8931.360853743,-0.005438294733502111,0.0067175324541913824,-0.010876589467004222
8900,8932.151532174,-0.005569554071314374,0.006703441151386128,-0.011139108142628747
8901,8933.161556856,-0.005738498510938549,0.006674301413108066,-0.011476997021877098
8902,8934.023589736,-0.005883033353757183,0.0066394902453016415,-0.011766066707514365
8903,8934.749925304,-0.006004515664757883,0.006603055433898737,-0.012009031329515765
8904,8935.684604088,-0.006159729814804688,0.00654667368429488,-0.012319459629609376
8905,8936.253765071,-0.0062532891467718356,0.006507161027829683,-0.012506578293543671
8906,8937.198156762,-0.006406316053062165,0.006433096547376397,-0.01281263210612433
8907,8938.346035492,-0.006587501593411865,0.0063291500194705514,-0.01317500318682373
8908,8939.308181977,-0.006734275989846396,0.006230691636257661,-0.013468551979692793
8909,8940.290249828,-0.0068783692114300216,0.006120044249960557,-0.013756738422860043
8910,8941.181572192,-0.007003444201352752,0.006011216181707248,-0.014006888402705505
8911,8942.04771243,-0.007119208938236399,0.005898267161608137,-0.014238417876472799
8912,8942.474071166,-0.00717394748337759,0.005840209074747799,-0.01434789496675518
8913,8942.901797183,-0.007227295907056392,0.005780415822576725,-0.014454591814112783
8914,8944.315501548,-0.007391808828641319,0.0055725600586258054,-0.014783617657282639
8915,8945.056384875,-0.00747036733181333,0.00545794971468932,-0.01494073466362666
8916,8946.156952172,-0.007576765467444336,0.005281488488980188,-0.015153530934888672
8917,8946.789546432,-0.007632153092699944,0.005177130560624668,-0.015264306185399888
8918,8948.094866137,-0.007732686517021904,0.004956291000852651,-0.015465373034043809
8919,8948.871203068,-0.007783503357902343,0.004822165119274655,-0.015567006715804686
8920,8949.659174963,-0.007828135332053222,0.004684507182452822,-0.015656270664106443
8921,8950.0854384,-0.007849347310780465,0.004609576211502974,-0.01569869462156093
8922,8951.679585355,-0.007910426824579273,0.00432800874659808,-0.015820853649158546
8923,8952.132146366,-0.007922548210351122,0.004248077559970777,-0.015845096420702243
8924,8952.910570342,-0.007938069656376856,0.004111047909790496,-0.015876139312753713
8925,8953.663140522,-0.007946761359931422,0.003979490873693699,-0.015893522719862843
8926,8954.570266106,-0.007949175909985808,0.0038227065356111144,-0.015898351819971616
8927,8955.021105983,-0.007947177890457647,0.003745713718619491,-0.015894355780915293
8928,8956.904086111,-0.007916967121058414,0.003432914446535668,-0.015833934242116827
8929,8957.719764459,-0.00789355303202558,0.0033027682305185155,-0.01578710606405116
8930,8958.329612995,-0.007872262271736622,0.003207949265928044,-0.015744524543473245
8931,8959.083915903,-0.007841703937520378,0.0030938773821365968,-0.015683407875040755
8932,8959.872529807,-0.007805079216025285,0.0029786938666246134,-0.01561015843205057
8933,8960.757465937,-0.007758753386181823,0.0028547604518694186,-0.015517506772363646
8934,8961.514277567,-0.0077151594289278595,0.0027534994553394085,-0.015430318857855719
8935,8962.37609841,-0.007661549873533519,0.0026437650886394384,-0.015323099747067038
8936,8963.122595274,-0.007612118189424177,0.002553698221115573,-0.015224236378848354
8937,8964.501768867,-0.007514807556131845,0.0023999080776183415,-0.01502961511226369
8938,8965.042322645,-0.007474978932839799,0.0023441971235783937,-0.014949957865679597
8939,8965.90913269,-0.00740966107996972,0.002260306200318647,-0.01481932215993944
8940,8966.831852557,-0.007338775973575454,0.0021784054202602346,-0.014677551947150909
8941,8968.083142598,-0.00724172326130245,0.002079482856494141,-0.0144834465226049
8942,8968.730830805,-0.00719160979412643,0.002033696931184976,-0.01438321958825286
8943,8969.576813396,-0.007126810331669034,0.001979338386317748,-0.014253620663338068
8944,8970.156460463,-0.007083096293258335,0.0019455725137221146,-0.01416619258651667
8945,8971.008144512,-0.007020279537325284,0.0019009302477864245,-0.014040559074650568
8946,8971.90034157,-0.006956782375710024,0.0018602560761127405,-0.013913564751420048
8947,8972.398475359,-0.006922565653769796,0.0018401349236645535,-0.013845131307539593
8948,8973.827888983,-0.0068302697168208795,0.0017919824052575284,-0.013660539433641759
8949,8974.779544771,-0.006774423751075669,0.0017671359273160208,-0.013548847502151337
8950,8976.046813315,-0.006708078794792516,0.0017418244721591493,-0.013416157589585032
8951,8976.339748018,-0.006694152695923171,0.0017370945186371775,-0.013388305391846341
8952,8977.26775447,-0.006653758785500429,0.0017245167238913416,-0.013307517571000857
8953,8978.139157901,-0.0066212090840979815,0.001715581901353826,-0.013242418168195963
8954,8978.484856067,-0.0066097945652409795,0.001712680251973752,-0.013219589130481959
8955,8980.105035039,-0.006568061904612406,0.001702611718516939,-0.013136123809224812
8956,8980.789975097,-0.00655638880436129,0.0016994708503124843,-0.01311277760872258
8957,8981.36459845,-0.006549374922660918,0.001697026296125003,-0.013098749845321837
8958,8981.893809433,-0.0065451656567359325,0.0016947660908549819,-0.013090331313471865
8959,8983.298016882,-0.006544415757999503,0.0016876667416067948,-0.013088831515999006
8960,8984.458470335,-0.00655502960178187,0.001679165517252536,-0.01311005920356374
8961,8984.976927663,-0.006562963934630436,0.0016741870176134011,-0.013125927869260872
8962,8986.278143617,-0.006591196258120933,0.0016574330372602767,-0.013182392516241866
8963,8986.765638639,-0.006604706490181773,0.001649298227178578,-0.013209412980363546
8964,8987.708763258,-0.006635099399080132,0.001630174787146452,-0.013270198798160264
8965,8988.513243869,-0.006665178266801804,0.001609921143106892,-0.013330356533603607
8966,8988.936179401,-0.006682414605307101,0.0015976762505343011,-0.013364829210614201
8967,8989.73724662,-0.006717535010115167,0.0015712314115337385,-0.013435070020230333
8968,8991.143647231,-0.006786062494503299,0.0015136139790246108,-0.013572124989006598
8969,8991.847222467,-0.006823078205832706,0.0014790100277618915,-0.013646156411665411
8970,8993.20652275,-0.006898412604501832,0.001400404200220974,-0.013796825209003664
8971,8993.843872417,-0.006934963806998088,0.001357968173549684,-0.013869927613996176
8972,8994.285296829,-0.006960560912205153,0.001326419491326003,-0.013921121824410305
8973,8995.438088515,-0.00702784557957816,0.0012355101832169214,-0.01405569115915632
8974,8996.520060324,-0.007090517866567037,0.0011387589385048937,-0.014181035733134074
8975,8997.025737752,-0.007119284741533604,0.001089700316585272,-0.014238569483067207
8976,8997.967571698,-0.007171393405168211,0.000991785590768531,-0.014342786810336423
8977,8998.648899442,-0.0072074981015214186,0.0009156636885120344,-0.014414996203042837
8978,8999.718728032,-0.007260641939027538,0.0007872783792809447,-0.014521283878055076
8979,9000.243406943,-0.007284801137006268,0.0007204228417526491,-0.014569602274012536
8980,9001.129405308,-0.007322238430760841,0.0006018591717934423,-0.014644476861521682
8981,9002.623776993,-0.007374150646248071,0.0003864015617874747,-0.014748301292496142
8982,9003.873677517,-0.007404800524444856,0.00019224972155287227,-0.014809601048889712
8983,9004.052178244,-0.00740811739061204,0.0001635560374641381,-0.01481623478122408
8984,9004.80511117,-0.007418975602513878,4.002903154668114e-05,-0.014837951205027755
8985,9005.606797077,-0.007424679943972896,-9.5675223814961e-05,-0.014849359887945793
8986,9006.565630589,-0.007423030795240839,-0.0002631037392460916,-0.014846061590481678
8987,9007.260756057,-0.007415732748718934,-0.00038758849399490815,-0.014831465497437867
8988,9008.304703038,-0.007394612829439328,-0.0005787247295651939,-0.014789225658878656
8989,9009.070075285,-0.007371049102042849,-0.0007215078428532546,-0.014742098204085698
8990,9010.088962864,-0.00732864880454136,-0.0009142224318165764,-0.01465729760908272
8991,9011.033504193,-0.007277742930986033,-0.0010946964054199938,-0.014555485861972067
8992,9012.042284017,-0.007210736532209967,-0.0012883369388539824,-0.014421473064419934
8993,9012.644453438,-0.007164419984796151,-0.0014039122852281267,-0.014328839969592302
8994,9013.551021067,-0.007085697176519141,-0.0015772489339933534,-0.014171394353038281
8995,9014.565229679,-0.0069847729137019025,-0.001769294791728862,-0.013969545827403805
8996,9015.596687046,-0.006868247260505308,-0.0019613956664154496,-0.013736494521010617
8997,9015.977933055,-0.006821659966119765,-0.002031331786963537,-0.01364331993223953
8998,9016.814019973,-0.006712925271100923,-0.0021822539482838706,-0.013425850542201846
8999,9017.345160194,-0.006639223443581946,-0.0022761443665931507,-0.013278446887163892
9000,9018.42447561,-0.006478633791225646,-0.0024613998485601683,-0.012957267582451292
9001,9020.072493602,-0.006206557006922565,-0.002727332337994767,-0.01241311401384513
9002,9020.646017116,-0.006104640340210936,-0.002814353222118596,-0.012209280680421873
9003,9021.257036937,-0.005992171554387047,-0.00290358723516462,-0.011984343108774094
9004,9022.745934353,-0.005702342357958469,-0.003104723269333057,-0.011404684715916939
9005,9022.965488033,-0.005657827549587077,-0.0031322996632711215,-0.011315655099174154
9006,9023.565193774,-0.005534071397110055,-0.0032047391516029033,-0.01106814279422011
9007,9024.667245993,-0.005298938344747911,-0.0033263894013385873,-0.010597876689495822
9008,9025.628559534,-0.005086529213592695,-0.003419756954909567,-0.01017305842718539
9009,9026.52171397,-0.004883916601489258,-0.003495350672470013,-0.009767833202978516
9010,9027.231504803,-0.004719806616737038,-0.0035475005581008644,-0.009439613233474076
9011,9028.106836457,-0.004514288315425498,-0.003601886628454957,-0.009028576630850996
9012,9028.987081386,-0.004304854953531939,-0.00364528469644755,-0.008609709907063877
9013,9030.147631957,-0.00402585081814735,-0.003684870046298553,-0.0080517016362947
9014,9031.032976777,-0.003811864089646464,-0.0037014230132619208,-0.007623728179292928
9015,9032.14973885,-0.003541958546057695,-0.0037053716264530334,-0.00708391709211539
9016,9032.444258623,-0.0034709731484511876,-0.0037032684353878603,-0.006941946296902375
9017,9033.51572083,-0.003214151052779354,-0.0036846103242986123,-0.006428302105558708
9018,9033.854034846,-0.003133685933957618,-0.0036751571933954907,-0.006267371867915236
9019,9035.168949368,-0.002824971367747403,-0.0036224421732264736,-0.005649942735494806
9020,9035.749059048,-0.002691286525239387,-0.0035912506724772378,-0.005382573050478774
9021,9036.429306615,-0.0025369042051366416,-0.0035486425700183644,-0.005073808410273283
9022,9038.302210472,-0.002127842431562036,-0.003399017542431374,-0.004255684863124072
9023,9038.744798376,-0.0020351390550094896,-0.0033570500226754864,-0.004070278110018979
9024,9039.773178758,-0.0018264163560810294,-0.003250375560597044,-0.003652832712162059
9025,9040.140208824,-0.0017543292487958368,-0.0032093250495194383,-0.0035086584975916736
9026,9040.975491232,-0.0015953190092074022,-0.003110375312443613,-0.0031906380184148044
9027,9042.313865996,-0.0013561401340971154,-0.0029369265403795743,-0.002712280268194231
9028,9043.01942132,-0.0012382951872743709,-0.0028387631538119807,-0.0024765903745487417
9029,9043.610772971,-0.001144130967668421,-0.00275325114165865,-0.002288261935336842
9030,9044.618071148,-0.0009937590939134843,-0.002601445361464412,-0.0019875181878269686
9031,9045.108590882,-0.0009252369016455691,-0.002524994752777589,-0.0018504738032911383
9032,9046.315029702,-0.0007702040976160735,-0.002330954276338354,-0.001540408195232147
9033,9047.178898922,-0.0006712390839277386,-0.0021876348499657136,-0.0013424781678554772
9034,9048.588554505,-0.0005317614084741905,-0.0019480864291280774,-0.001063522816948381
9035,9049.087937802,-0.0004889531551510686,-0.001862052011345014,-0.0009779063103021372
9036,9049.992714868,-0.0004202093830347587,-0.001705314751238813,-0.0008404187660695174
9037,9050.882205632,-0.00036365900097151194,-0.0015508578382082232,-0.0007273180019430239
9038,9051.428508999,-0.0003343049739052839,-0.0014561682219832697,-0.0006686099478105678
9039,9052.224339386,-0.0002987772532112717,-0.0013189192767483965,-0.0005975545064225434
9040,9052.755417231,-0.0002797765755120889,-0.0012280320716953274,-0.0005595531510241778
9041,9054.400106783,-0.0002441662684603922,-0.0009520622960100323,-0.0004883325369207844
9042,9054.931264072,-0.00023992762888793524,-0.0008652604046159486,-0.0004798552577758705
9043,9055.905240586,-0.00024094602953652304,-0.0007098115947160472,-0.0004818920590730461
9044,9056.785351957,-0.00025124124802983325,-0.000574095061597962,-0.0005024824960596665
9045,9057.930288444,-0.00027714101060965775,-0.0004053165929207495,-0.0005542820212193155
9046,9058.352731342,-0.000290062129505731,-0.0003454854330363781,-0.000580124259011462
9047,9059.695201794,-0.00034221310171540336,-0.00016494827412782566,-0.0006844262034308067
9048,9059.901550741,-0.00035163302600165803,-0.00013856465319937614,-0.0007032660520033161
9049,9061.261010259,-0.00042209439869102033,2.5524499897840064e-05,-0.0008441887973820407
9050,9062.010375428,-0.0004665848101549682,0.00010842956947971011,-0.0009331696203099364
9051,9062.556640823,-0.000501237748487398,0.00016534221341607056,-0.001002475496974796
9052,9063.065987666,-0.0005350715287203434,0.00021567042702122133,-0.0010701430574406867
9053,9064.398647015,-0.0006295362948880585,0.0003345503226803189,-0.001259072589776117
9054,9065.676445012,-0.0007263670559412462,0.0004307729185116284,-0.0014527341118824924
9055,9066.715937219,-0.0008081087081556978,0.0004960618953151109,-0.0016162174163113956
9056,9067.344319124,-0.000858272224341583,0.0005298771995446962,-0.001716544448683166
9057,9067.890693026,-0.0009021012112275349,0.0005558376708954962,-0.0018042024224550698
9058,9068.707565891,-0.0009676168762263653,0.0005887379467262803,-0.0019352337524527305
9059,9069.651864012,-0.001042688850365137,0.0006180864717157005,-0.002085377700730274
9060,9070.419820652,-0.0011026719079066827,0.0006352547631012318,-0.0022053438158133654
9061,9071.485275093,-0.0011834462713266054,0.0006494661212164244,-0.0023668925426532108
9062,9072.068890118,-0.0012261348717063061,0.0006526929322198282,-0.0024522697434126123
9063,9072.950481989,-0.0012880601700632772,0.0006517343331735447,-0.0025761203401265544
9064,9074.381551781,-0.00138074516655685,0.0006361872357173509,-0.0027614903331137
9065,9074.869755815,-0.0014098197163662138,0.0006272096061252758,-0.0028196394327324277
9066,9075.539800391,-0.0014473876172994905,0.0006120840924863919,-0.002894775234598981
9067,9076.905342563,-0.0015148762651727152,0.0005721159961375303,-0.0030297525303454305
9068,9077.941193163,-0.0015572737211030387,0.0005346533967071078,-0.0031145474422060774
9069,9078.388813149,-0.001573102866170043,0.000516826381585718,-0.003146205732340086
9070,9078.88506881,-0.0015888351853997097,0.0004960431002836891,-0.0031776703707994194
9071,9079.958594689,-0.0016161557052512114,0.0004479288223840236,-0.0032323114105024227
9072,9080.600278838,-0.0016280010626429564,0.00041748141064050986,-0.0032560021252859127
9073,9081.525029641,-0.0016390570599782175,0.00037197424860417567,-0.003278114119956435
9074,9082.687459166,-0.001642786600995872,0.0003130772382230761,-0.003285573201991744
9075,9083.817684468,-0.0016355619081490009,0.00025530207040538205,-0.0032711238162980018
9076,9084.719189339,-0.0016222296662392684,0.0002097588548252935,-0.0032444593324785368
9077,9085.261991006,-0.0016110259543289974,0.00018287277370209324,-0.003222051908657995
9078,9086.216791442,-0.0015856786425125962,0.00013706039607211255,-0.0031713572850251923
9079,9086.854064628,-0.0015648800526663165,0.00010784245530459576,-0.003129760105332633
9080,9087.619989059,-0.0015359390894784124,7.451393784333275e-05,-0.0030718781789568247
9081,9088.908988498,-0.0014780717629579044,2.3758231161824998e-05,-0.002956143525915809
9082,9089.425998602,-0.0014518441953698415,5.575584882695398e-06,-0.002903688390739683
9083,9090.498988662,-0.0013923861411273065,-2.7627873146875682e-05,-0.002784772282254613
9084,9090.953967031,-0.0013652801959049838,-3.9711743141585025e-05,-0.0027305603918099676
9085,9091.778385808,-0.0013135772787434589,-5.834226389815914e-05,-0.0026271545574869178
9086,9093.554540593,-0.001192617088012274,-8.301161364330777e-05,-0.002385234176024548
9087,9094.080653739,-0.001154776249939358,-8.599440085924498e-05,-0.002309552499878716
9088,9094.817936162,-0.001100590386655531,-8.668676497142337e-05,-0.002201180773311062
9089,9095.707283365,-0.0010338772119874347,-8.197182003289804e-05,-0.0020677544239748693
9090,9096.611589238,-0.0009651246692189616,-7.082557401611279e-05,-0.0019302493384379233
9091,9097.164150723,-0.0009229382692865079,-6.082511032079511e-05,-0.0018458765385730158
9092,9098.092115415,-0.0008522778708839237,-3.8563360189995305e-05,-0.0017045557417678474
9093,9098.532042167,-0.0008190335253264914,-2.561930849242546e-05,-0.0016380670506529829
9094,9099.836635635,-0.000722311007253315,2.1707320209427615e-05,-0.00144462201450663
9095,9101.042374241,-0.0006366989132137518,7.706231671555568e-05,-0.0012733978264275036
9096,9101.88525083,-0.0005798334003842794,0.00012212249617959864,-0.0011596668007685588
9097,9102.497480971,-0.0005403929832072519,0.00015799417363396092,-0.0010807859664145039
9098,9103.493787095,-0.0004800806201642711,0.00022173654263118667,-0.0009601612403285422
9099,9104.193256144,-0.0004409459945000832,0.00027023234707507454,-0.0008818919890001664
9100,9105.07492083,-0.0003958145272512099,0.000335425707795352,-0.0007916290545024198
9101,9106.474161546,-0.00033483227339365664,0.00044719666717195366,-0.0006696645467873133
9102,9106.705267548,-0.00032611141928398527,0.0004665298355581873,-0.0006522228385679705
9103,9107.191202664,-0.0003090915641868904,0.000507897620640215,-0.0006181831283737808
9104,9108.613643184,-0.00026999824628410316,0.0006338191579502287,-0.0005399964925682063
9105,9109.023970775,-0.0002618185704086055,0.00067124484999836,-0.000523637140817211
9106,9110.230386515,-0.00024615747465041613,0.0007832962117532552,-0.0004923149493008323
9107,9111.375084879,-0.00024320444235884553,0.0008912934741938956,-0.00048640888471769106
9108,9112.38158261,-0.00025040967782513445,0.0009864928225005029,-0.0005008193556502689
9109,9113.302297847,-0.00026511084339096854,0.001072925431170565,-0.0005302216867819371
9110,9113.658797282,-0.0002728849849491956,0.001106060645097008,-0.0005457699698983912
9111,9114.444853437,-0.0002941117980882148,0.0011781753403122285,-0.0005882235961764296
9112,9115.042930639,-0.0003139964992484345,0.0012319454744881852,-0.000627992998496869
9113,9116.424405315,-0.0003720047096954023,0.0013513372518549162,-0.0007440094193908046
9114,9117.13705833,-0.00040832826810762633,0.0014096866040019416,-0.0008166565362152527
9115,9117.860968025,-0.00044950662609700705,0.001466261214777833,-0.0008990132521940141
9116,9118.810944247,-0.000509806430618562,0.0015358329215621682,-0.001019612861237124
9117,9120.116281593,-0.0006034835706253245,0.0016215756879702937,-0.001206967141250649
9118,9120.569264317,-0.0006387038342905553,0.001648382787387403,-0.0012774076685811105
9119,9121.584902245,-0.0007222870169902193,0.0017024632980461695,-0.0014445740339804386
9120,9122.504965211,-0.0008029911340059103,0.0017437854659303222,-0.0016059822680118206
9121,9123.393854939,-0.0008848611626751895,0.0017763181225365242,-0.001769722325350379
9122,9124.084874392,-0.0009507683992111703,0.00179634215478788,-0.0019015367984223405
9123,9125.059677153,-0.0010464855506317745,0.0018164248861580745,-0.002092971101263549
9124,9125.604247738,-0.0011010703637225415,0.0018233579695637102,-0.002202140727445083
9125,9126.235472798,-0.0011650819867605761,0.0018274564146790243,-0.0023301639735211523
9126,9127.121392691,-0.0012558045607531255,0.001825947500201121,-0.002511609121506251
9127,9128.945962237,-0.0014430827085087057,0.001795602020816766,-0.0028861654170174115
9128,9129.473000955,-0.001496591233875727,0.0017799466439582092,-0.002993182467751454
9129,9130.446701654,-0.0015939014715337684,0.0017429069509015138,-0.003187802943067537
9130,9130.768159171,-0.0016254533404602143,0.0017283787167104796,-0.0032509066809204286
9131,9131.957373713,-0.001738918355098001,0.001664837734619317,-0.003477836710196002
9132,9132.877022276,-0.0018223283179878585,0.0016053297407180723,-0.003644656635975717
9133,9133.253132722,-0.0018551443871643728,0.001578452946706696,-0.0037102887743287456
9134,9134.29913695,-0.0019418722282516978,0.0014961937174866287,-0.0038837444565033956
9135,9135.427457334,-0.0020269322546816533,0.0013955882291905085,-0.004053864509363307
9136,9136.139601994,-0.0020754930159371516,0.001326106749851818,-0.004150986031874303
9137,9136.679196436,-0.002109408212296903,0.0012705495346910542,-0.004218816424593806
9138,9138.105910777,-0.002186078097242975,0.0011124704589342697,-0.00437215619448595
9139,9138.60038279,-0.002207942423829442,0.0010542028250409563,-0.004415884847658884
9140,9140.231969818,-0.002261441439956297,0.0008509988323043095,-0.004522882879912594
9141,9140.578259697,-0.0022689362227101767,0.0008059715295456275,-0.0045378724454203535
9142,9141.357179362,-0.0022806281432150724,0.0007026524246218782,-0.004561256286430145
9143,9142.26652322,-0.002284977037823668,0.0005789959111388449,-0.004569954075647336
9144,9142.836907709,-0.0022824573785894444,0.0005000970364576992,-0.004564914757178889
9145,9143.596977939,-0.0022726803056143927,0.0003937682794820491,-0.0045453606112287855
9146,9144.61998082,-0.002247748094210172,0.0002493015878144932,-0.004495496188420344
9147,9145.638522322,-0.00220932395578626,0.00010501740031516799,-0.00441864791157252
9148,9146.526358406,-0.002164685293335196,-2.0168579163660522e-05,-0.004329370586670392
9149,9147.808894963,-0.0020818998829103914,-0.00019834228182093349,-0.004163799765820783
9150,9148.555047142,-0.0020238738374857962,-0.00029970295585780496,-0.0040477476749715925
9151,9149.117996849,-0.0019753603605699587,-0.00037469468649334607,-0.003950720721139917
9152,9149.558123853,-0.0019346324714868677,-0.00043229197959917105,-0.0038692649429737354
9153,9151.026455173,-0.001781420920117014,-0.0006166114958792569,-0.003562841840234028
9154,9151.817672101,-0.0016881653664238808,-0.0007100674288306397,-0.0033763307328477615
9155,9152.649018567,-0.0015824826388580817,-0.0008031140241605281,-0.0031649652777161635
9156,9153.267808749,-0.00149890916838926,-0.0008686114627568402,-0.00299781833677852
9157,9153.740200096,-0.0014323999253546913,-0.00091629528279624,-0.0028647998507093826
9158,9155.111134265,-0.001226886483981248,-0.0010423774866234487,-0.002453772967962496
9159,9156.088026234,-0.0010699878592471891,-0.0011201430971440034,-0.0021399757184943783
9160,9157.20085386,-0.0008818552484462708,-0.0011954495488204226,-0.0017637104968925416
9161,9157.957603483,-0.0007488480726919239,-0.0012381202655830758,-0.0014976961453838477
9162,9158.830116897,-0.0005910592789797741,-0.00127834622836797,-0.0011821185579595482
9163,9159.438824975,-0.0004785223409970407,-0.0013005421316902885,-0.0009570446819940814
9164,9160.353847712,-0.0003061675310678343,-0.0013245831163068678,-0.0006123350621356686
9165,9160.796139419,-0.00022170564031882885,-0.0013321140972028002,-0.0004434112806376577
9166,9161.92643234,-3.2963067445773313e-06,-0.0013390286067686368,-6.592613489154663e-06
9167,9162.627075285,0.0001333748514976336,-0.0013343084455665808,0.0002667497029952672
9168,9164.011258569,0.0004044482497617117,-0.0013045317658835368,0.0008088964995234234
9169,9164.765021491,0.0005517559630710014,-0.001276881322844419,0.0011035119261420029
9170,9165.448663414,0.0006846274363907569,-0.001244864045894609,0.0013692548727815138
9171,9166.381734371,0.0008641560367221639,-0.0011906154290365922,0.0017283120734443277
9172,9167.382447423,0.0010533904989263295,-0.0011191193517588124,0.002106780997852659
9173,9168.304925879,0.0012238464870643314,-0.0010413006939685493,0.0024476929741286627
9174,9169.005615314,0.0013502223234347335,-0.0009747722622986367,0.002700444646869467
9175,9169.68967231,0.0014706335534957185,-0.0009038312564331551,0.002941267106991437
9176,9170.658946114,0.0016355970658736686,-0.0007935456819764648,0.0032711941317473373
9177,9171.40201382,0.0017570813873161032,-0.0007015784587256995,0.0035141627746322064
9178,9172.213321782,0.0018842999173031268,-0.0005941954440205268,0.0037685998346062535
9179,9172.683910448,0.0019553215866446026,-0.0005287344479475203,0.003910643173289205
9180,9174.799448249,0.0022470495063646504,-0.00020830977557605734,0.004494099012729301
9181,9175.208835881,0.002297933327012691,-0.00014183630168371528,0.004595866654025382
9182,9175.927458355,0.0023826108791359314,-2.207338051288176e-05,0.004765221758271863
9183,9176.891017124,0.002486569615702348,0.00014408793372464244,0.004973139231404696
9184,9177.479208893,0.0025444745928586976,0.00024829824172917876,0.005088949185717395
9185,9178.130377599,0.0026035509067934655,0.00036580582907935923,0.005207101813586931
9186,9179.285979756,0.00269512402163835,0.0005789643460736627,0.0053902480432767
9187,9180.321113396,0.002762502503267042,0.000773728843428437,0.005525005006534084
9188,9180.739286974,0.0027857597076051776,0.0008531394831189583,0.005571519415210355
9189,9181.702974296,0.0028306486299444975,0.0010371387995118094,0.005661297259888995
9190,9182.811173985,0.0028672965900489963,0.0012493828177507868,0.005734593180097993
9191,9183.699837538,0.002885225720855172,0.0014191170529703604,0.005770451441710344
9192,9184.767194412,0.002893522755368505,0.0016212810295641443,0.00578704551073701
9193,9185.136000609,0.002893095450572873,0.0016904868854942191,0.005786190901145746
9194,9186.578146636,0.0028756833502578054,0.00195662885718694,0.005751366700515611
9195,9187.345086892,0.002856562837506177,0.002094550762928415,0.005713125675012354
9196,9187.811497032,0.0028417271858999756,0.0021769600710825547,0.005683454371799951
9197,9188.464829563,0.0028170080991633296,0.002290326710525134,0.005634016198326659
9198,9189.187313215,0.0027845251877831705,0.002412622690581337,0.005569050375566341
9199,9190.366779364,0.0027205662812502607,0.002604589253963496,0.005441132562500521
9200,9191.463118656,0.0026499293471422725,0.002773580235340687,0.005299858694284545
9201,9192.438691654,0.0025789282069663107,0.002915600695013026,0.005157856413932621
9202,9193.368911875,0.0025048732371007625,0.0030432006071008967,0.005009746474201525
9203,9194.036497583,0.0024483280417901742,0.0031298552399644836,0.0048966560835803485
9204,9194.99861807,0.0023624810989379356,0.0032472504673692238,0.004724962197875871
9205,9195.415993341,0.0023238334208129717,0.00329536430326277,0.004647666841625943
9206,9196.541376822,0.0022161056384202866,0.0034164375772557207,0.004432211276840573
9207,9197.375793024,0.0021335656150055777,0.0034979491202482087,0.0042671312300111555
9208,9198.428751555,0.0020271743208378824,0.0035906970519531934,0.004054348641675765
9209,9198.789347491,0.0019903587638099283,0.003619866921480337,0.003980717527619857
9210,9200.006746344,0.001865469571470698,0.003708651000128924,0.003730939142941396
9211,9200.451077572,0.0018199014850991163,0.0037373697191807388,0.0036398029701982327
9212,9201.837434832,0.0016790087779348102,0.003814616371807406,0.0033580175558696203
9213,9203.050941491,0.0015587518058511325,0.003867409153887073,0.003117503611702265
9214,9203.761790101,0.0014903022160523886,0.0038922227266315946,0.0029806044321047773
9215,9204.449930356,0.001425790555898903,0.003912151967477265,0.002851581111797806
9216,9204.760708258,0.0013972902012815683,0.003919882134488859,0.0027945804025631365
9217,9206.165350792,0.0012741121863760695,0.0039455514196126565,0.002548224372752139
9218,9206.847375416,0.0012180224928764962,0.003952917450405508,0.0024360449857529923
9219,9207.189750329,0.0011908726170565217,0.003955459046721645,0.0023817452341130434
9220,9208.520414153,0.0010922383087568555,0.0039586609040273965,0.002184476617513711
9221,9209.480933056,0.0010283277108111063,0.003955143481025014,0.0020566554216222125
9222,9210.873978974,0.0009473228680304492,0.003943048315087718,0.0018946457360608984
9223,9211.220220623,0.0009294229298587789,0.003938993964342714,0.0018588458597175578
9224,9211.878326614,0.000897917258811547,0.003930373537146314,0.001795834517623094
9225,9212.942543018,0.0008540551531504824,0.003914472430509886,0.0017081103063009647
9226,9213.953457243,0.0008205902107648994,0.0038979982998005305,0.0016411804215297988
9227,9214.809815383,0.0007985013037775748,0.0038837156238550677,0.0015970026075551496
9228,9215.383063607,0.000786899611030002,0.0038742911242815423,0.001573799222060004
9229,9216.396499883,0.0007725397898175092,0.00385848655881942,0.0015450795796350184
9230,9216.889162999,0.000768341520394395,0.003851426317555165,0.00153668304078879
9231,9217.632413627,0.0007653564147169969,0.0038418439799715065,0.0015307128294339938
9232,9219.125065266,0.0007709814490863528,0.0038277473630440265,0.0015419628981727055
9233,9220.020083392,0.0007813102595387166,0.0038234760147088528,0.0015626205190774332
9234,9220.852137982,0.0007951950436464766,0.0038228910993554858,0.0015903900872929532
9235,9222.000798288,0.0008204983309382943,0.0038281885544564956,0.0016409966618765885
9236,9222.35404756,0.00082957723006235,0.003831371533242336,0.0016591544601247
9237,9223.237859071,0.000854663158492272,0.003842787514718804,0.001709326316984544
9238,9223.870046096,0.0008744649024852647,0.003854134939535218,0.0017489298049705294
9239,9224.578163424,0.0008982134526368746,0.0038701615539662865,0.0017964269052737492
9240,9226.173215901,0.0009563162035153382,0.003919804823717087,0.0019126324070306764
9241,9226.6257628,0.0009736036510452204,0.003937442404896714,0.0019472073020904408
9242,9227.262194971,0.000998245646575849,0.003964980753585905,0.001996491293151698
9243,9228.502157992,0.00104655662799868,0.004027956154660348,0.00209311325599736
9244,9229.558364129,0.001086948538906834,0.004091413402716506,0.002173897077813668
9245,9230.160704777,0.001109230869816378,0.004131645290898324,0.002218461739632756
9246,9231.116341547,0.0011428708589537918,0.004201442624428856,0.0022857417179075836
9247,9232.082594098,0.0011740460114200856,0.004279325140934097,0.002348092022840171
9248,9232.764557617,0.0011938986033181976,0.0043385985680286536,0.002387797206636395
9249,9233.690366509,0.0012174508207173492,0.004424561108526604,0.0024349016414346985
9250,9234.08640168,0.0012261836045400606,0.004463198283313306,0.0024523672090801213
9251,9235.309074306,0.00124739163994953,0.004589149692358819,0.00249478327989906
9252,9235.520669017,0.0012501078488365252,0.004611921729376656,0.0025002156976730505
9253,9237.255825766,0.0012604588991761223,0.004808476275654618,0.0025209177983522447
9254,9238.525524178,0.0012532060227617148,0.004962038281716237,0.0025064120455234296
9255,9238.873162118,0.0012488445220792687,0.005005290934695234,0.0024976890441585375
9256,9239.599760445,0.001236267565644558,0.005097131739985325,0.002472535131289116
9257,9240.463318407,0.0012150213928930006,0.005208448287188999,0.0024300427857860013
9258,9241.168927234,0.0011924050180865287,0.005300786206031595,0.0023848100361730574
9259,9242.438747056,0.0011393876484959843,0.005469026563245196,0.0022787752969919686
9260,9243.002727145,0.0011106441470327473,0.005544197155628274,0.0022212882940654947
9261,9243.629625414,0.0010748822930193836,0.005627787367564904,0.002149764586038767
9262,9244.722256155,0.0010028765267308434,0.005772872331745598,0.0020057530534616868
9263,9245.73031726,0.0009255005557335491,0.0059051061989670505,0.0018510011114670983
9264,9246.372479218,0.0008707533329504771,0.005988056725161129,0.0017415066659009543
9265,9247.32368201,0.000781939201536384,0.006108445953657326,0.001563878403072768
9266,9248.859664428,0.0006195160847850164,0.00629467225741946,0.0012390321695700329
9267,9249.097134245,0.0005923676060369053,0.0063223812576825075,0.0011847352120738107
9268,9250.217232552,0.00045724600548943716,0.0064484961924907575,0.0009144920109788743
9269,9250.850268732,0.0003758956969502677,0.00651609966311674,0.0007517913939005354
9270,9251.325332009,0.0003125841278582042,0.006564922713881466,0.0006251682557164084
9271,9252.30198266,0.00017662449742005093,0.006659744918574978,0.00035324899484010186
9272,9253.266895877,3.512383798723645e-05,0.006745505287320903,7.02476759744729e-05
9273,9254.03996375,-8.295726501404336e-05,0.006808088122082223,-0.0001659145300280867
9274,9255.629242735,-0.0003372470493966068,0.006918254410453737,-0.0006744940987932136
9275,9255.870307159,-0.0003770130061921375,0.0069326777631213855,-0.000754026012384275
9276,9257.09097637,-0.0005823941146616049,0.00699599524929933,-0.0011647882293232099
9277,9257.922851052,-0.0007255904902086624,0.007029561829022105,-0.0014511809804173248
9278,9258.513197989,-0.0008284398654192826,0.0070485323254072425,-0.0016568797308385652
9279,9259.199490497,-0.0009489781860283301,0.007065433203028339,-0.0018979563720566601
9280,9260.46268609,-0.0011725077265350226,0.00708183149147071,-0.0023450154530700452
9281,9261.410917752,-0.0013406633591277386,0.007081480140670751,-0.002681326718255477
9282,9261.83261553,-0.0014152774268083753,0.007077822519605632,-0.0028305548536167505
9283,9262.571905341,-0.0015455157827631196,0.007066217263155446,-0.0030910315655262393
9284,9263.278863899,-0.0016690430547679305,0.007048965298856174,-0.003338086109535861
9285,9264.808555511,-0.0019311479495207973,0.00699135347745363,-0.0038622958990415946
9286,9265.914999338,-0.002114641442201035,0.006932850738130031,-0.00422928288440207
9287,9266.523355584,-0.002212787287949703,0.006894876894306044,-0.004425574575899406
9288,9267.157637377,-0.0023127430387963853,0.0068510413398740685,-0.004625486077592771
9289,9268.359885083,-0.00249472049052614,0.006756557825415139,-0.00498944098105228
9290,9268.846663836,-0.0025653306329030366,0.006714253008507467,-0.005130661265806073
9291,9269.385312605,-0.002641227078411172,0.006664857017380803,-0.005282454156822344
9292,9270.504925931,-0.0027909296896076624,0.006553988392648129,-0.005581859379215325
9293,9271.301028119,-0.0028902936591296414,0.00646891379960803,-0.005780587318259283
9294,9272.394102687,-0.0030164264481476206,0.0063445304735058935,-0.006032852896295241
9295,9273.266843199,-0.0031081003748605436,0.006239644068529182,-0.006216200749721087
9296,9274.338133837,-0.0032091107965360258,0.006105138688542913,-0.0064182215930720515
9297,9274.986375913,-0.003263854004731713,0.0060211500541915855,-0.006527708009463426
9298,9275.555512462,-0.0033078545809876025,0.005946068180024997,-0.006615709161975205
9299,9277.160514444,-0.003411028053263996,0.00572931621637253,-0.006822056106527992
9300,9277.608768375,-0.003434249190944267,0.005667892648545366,-0.006868498381888534
9301,9278.356214546,-0.00346749182001005,0.005565065863725204,-0.0069349836400201
9302,9279.040933079,-0.003491927420237073,0.0054707624578256365,-0.006983854840474146
9303,9279.938256161,-0.003515266089074603,0.005347631497363585,-0.007030532178149206
9304,9280.769267593,-0.003528168104546633,0.0052346918061623405,-0.007056336209093266
9305,9281.537438795,-0.0035327496393765573,0.00513178069343938,-0.007065499278753115
9306,9282.734288937,-0.0035261550836887933,0.004975454276925956,-0.007052310167377587
9307,9284.093681675,-0.0034991448124395788,0.0048058116452836565,-0.0069982896248791575
9308,9284.762478437,-0.0034785963565312104,0.004726161109607954,-0.006957192713062421
9309,9285.344159689,-0.0034570145776908977,0.004659227364120518,-0.0069140291553817955
9310,9285.849431119,-0.00343557035856527,0.004602998763886648,-0.00687114071713054
9311,9286.901569163,-0.0033832787926631864,0.004492119478639097,-0.006766557585326373
9312,9287.799427531,-0.0033310389102308383,0.004404707184601488,-0.006662077820461677
9313,9288.657678861,-0.00327512532102763,0.004327880953072729,-0.00655025064205526
9314,9289.634716493,-0.0032050804718305207,0.004248975591500033,-0.0064101609436610415
9315,9290.238472558,-0.0031587550242998352,0.004205002043031616,-0.0063175100485996704
9316,9291.071149949,-0.0030915210716878903,0.004150606851594272,-0.006183042143375781
9317,9292.450151019,-0.002973100813380506,0.0040770937260978645,-0.005946201626761012
9318,9293.020371573,-0.002922094690538027,0.004052920222796332,-0.005844189381076054
9319,9294.077099796,-0.0028253408180760266,0.004017978528422602,-0.005650681636152053
9320,9294.994414286,-0.0027398419414933067,0.003998156389022498,-0.0054796838829866135
9321,9295.564223472,-0.0026864216367943976,0.003990793073347082,-0.005372843273588795
9322,9296.607047273,-0.0025888215635148765,0.00398713756793593,-0.005177643127029753
9323,9297.328597822,-0.002521960574058776,0.003991999520586115,-0.005043921148117552
9324,9297.791417095,-0.0024795851851129,0.0039982684358295315,-0.0049591703702258
9325,9298.415822954,-0.002423268394660457,0.00401058073009865,-0.004846536789320914
9326,9300.174304705,-0.002272029204043247,0.004068417349201498,-0.004544058408086494
9327,9301.095504972,-0.002198526869135763,0.0041118067944771386,-0.004397053738271526
9328,9301.630677862,-0.0021580429379864196,0.004140940032994481,-0.004316085875972839
9329,9302.761169162,-0.0020786333034296723,0.004211484990040529,-0.004157266606859345
9330,9303.238852585,-0.0020478124689309813,0.004244786783149752,-0.0040956249378619625
9331,9304.478169098,-0.0019762541003890406,0.004340133244797063,-0.003952508200778081
9332,9304.747219153,-0.001962425329869053,0.0043624342034591776,-0.003924850659738106
9333,9306.002925381,-0.001906558403398281,0.004473337545103084,-0.003813116806796562
9334,9306.808098668,-0.0018786636262261192,0.004549788353121307,-0.0037573272524522383
9335,9307.501144154,-0.001859886474244569,0.004618489578720671,-0.003719772948489138
9336,9308.397687579,-0.001843056930506498,0.004710785060369981,-0.003686113861012996
9337,9309.059307209,-0.001836196572350794,0.004780982076857941,-0.003672393144701588
9338,9310.294182823,-0.00183638718096717,0.0049156110978311246,-0.00367277436193434
9339,9311.394263391,-0.0018511182407764523,0.005038145047221668,-0.0037022364815529046
9340,9312.287090012,-0.001873297848323752,0.005138366080195538,-0.003746595696647504
9341,9313.137110977,-0.001902954974430084,0.005233665359125885,-0.003805909948860168
9342,9313.642041787,-0.0019245050411783916,0.005289944155218864,-0.003849010082356783
9343,9314.191767556,-0.0019512789576477698,0.005350737353230012,-0.0039025579152955395
9344,9315.257777093,-0.0020129231581540083,0.005466557156112968,-0.004025846316308017
9345,9316.091993797,-0.0020699456960769653,0.005554612538949812,-0.0041398913921539306
9346,9317.221478363,-0.002159052007603868,0.005669083204831384,-0.004318104015207736
9347,9317.520864383,-0.002184897998827934,0.005698349490054501,-0.004369795997655868
9348,9319.337900164,-0.0023607148933608504,0.00586434470435985,-0.004721429786721701
9349,9319.827795195,-0.0024133961447586443,0.005905244531802909,-0.0048267922895172885
9350,9320.592913364,-0.0024998347261674793,0.00596543398078493,-0.0049996694523349585
9351,9321.355037465,-0.002590692860897872,0.006020613765050835,-0.005181385721795744
9352,9322.199858978,-0.002696540846529957,0.006075823790681267,-0.005393081693059914
9353,9323.579903835,-0.0028797710140079846,0.0061515412898099165,-0.005759542028015969
9354,9324.038643,-0.002943180403925018,0.006172515877439148,-0.005886360807850036
9355,9324.662478031,-0.0030311566688546476,0.006197539290298722,-0.006062313337709295
9356,9325.359891018,-0.0031316297267680896,0.00622061879435675,-0.006263259453536179
9357,9326.49659379,-0.003299345300861944,0.0062468418099543765,-0.006598690601723888
9358,9327.029340176,-0.0033792840875856794,0.006254165356526522,-0.006758568175171359
9359,9328.937276209,-0.003669701967564849,0.006253836562693126,-0.007339403935129698
9360,9329.23594041,-0.003715435284944215,0.0062499951428460696,-0.00743087056988843
9361,9330.230659584,-0.0038675685681600854,0.006229793181600519,-0.007735137136320171
9362,9330.921834157,-0.003972711146378392,0.006209077988365344,-0.007945422292756785
9363,9331.875838211,-0.004116364809334188,0.006171595982073367,-0.008232729618668376
9364,9332.545535708,-0.004215765673078494,0.006139222187368799,-0.008431531346156988
9365,9332.990177777,-0.004280936389416798,0.006115016015965214,-0.008561872778833596
9366,9334.305898777,-0.004469019418145647,0.006031061239747373,-0.008938038836291294
9367,9335.206489196,-0.004592838454292021,0.005963365654974038,-0.009185676908584042
9368,9336.03151111,-0.004702121670582212,0.005894427075872539,-0.009404243341164424
9369,9336.966415722,-0.004820565172091322,0.0058087398634094,-0.009641130344182644
9370,9337.535506027,-0.004889599106356023,0.005752862187566936,-0.009779198212712045
9371,9338.970532756,-0.005052375808743935,0.005600477778836419,-0.01010475161748787
9372,9339.734206712,-0.005131903628781856,0.005513280686933407,-0.010263807257563711
9373,9340.33600501,-0.005190879095401508,0.005441895119932087,-0.010381758190803015
9374,9341.340822196,-0.0052817722177689284,0.005318008132910962,-0.010563544435537857
9375,9341.999574596,-0.005336037311818084,0.005233973131011695,-0.010672074623636167
9376,9342.923902156,-0.0054048407120778855,0.005112884605465891,-0.010809681424155771
9377,9343.478761545,-0.005441940568600989,0.005038693403284267,-0.010883881137201979
9378,9344.189903972,-0.005484806406401115,0.004942272218437005,-0.01096961281280223
9379,9345.47393499,-0.005548718467373703,0.00476544230506699,-0.011097436934747407
9380,9346.909626243,-0.005599509117172874,0.00456574593282986,-0.011199018234345747
9381,9347.350886762,-0.005610752440705505,0.00450437446193818,-0.01122150488141101
9382,9348.412153406,-0.005629492768394908,0.004357532510774295,-0.011258985536789817
9383,9348.84743879,-0.005633833336802258,0.0042978140269269,-0.011267666673604517
9384,9349.534174826,-0.005636800310780321,0.004204460587374006,-0.011273600621560641
9385,9350.701823059,-0.005631225123558785,0.004048898221071369,-0.01126245024711757
9386,9351.640126344,-0.005617433835519946,0.0039275740915574835,-0.011234867671039893
9387,9352.399663268,-0.005600492137092292,0.003832274614194657,-0.011200984274184584
9388,9353.014453103,-0.0055831727893506985,0.0037572955560372175,-0.011166345578701397
9389,9353.743506761,-0.005558660602205835,0.0036711349990528144,-0.01111732120441167
9390,9355.235106158,-0.005496114138186455,0.0035052162661569925,-0.01099222827637291
9391,9355.820175979,-0.005467439932650634,0.0034442828244888725,-0.010934879865301268
9392,9356.673033797,-0.0054219195036472765,0.0033599699927193212,-0.010843839007294553
9393,9357.97051389,-0.005345233910421512,0.0032425440061330645,-0.010690467820843024
9394,9358.838675558,-0.005289714041709728,0.0031716394260419786,-0.010579428083419455
9395,9359.076903405,-0.005273981266096472,0.0031532904852439635,-0.010547962532192943
9396,9360.025057414,-0.0052095835131824725,0.003085079389425049,-0.010419167026364945
9397,9360.682314261,-0.0051635659906520545,0.0030423722437726967,-0.010327131981304109
9398,9361.527052532,-0.005103238366335698,0.002993045167321641,-0.010206476732671397
9399,9362.648214728,-0.005021995513926265,0.0029372703778755144,-0.01004399102785253
9400,9363.690016545,-0.004946332466593971,0.002895295746778135,-0.009892664933187943
9401,9364.532422656,-0.004885745842364212,0.002868184348802151,-0.009771491684728423
9402,9365.565561379,-0.004812995532358519,0.002843056400402947,-0.009625991064717038
9403,9366.263485245,-0.004765260549253927,0.002830986404754713,-0.009530521098507855
9404,9366.856452107,-0.004725842121886619,0.002823728433937322,-0.009451684243773238
9405,9367.994621558,-0.004653737033178864,0.0028171577275741115,-0.009307474066357728
9406,9368.900918158,-0.004600272940929994,0.002818434503416518,-0.009200545881859989
9407,9369.264875034,-0.004579918972870152,0.0028204670340786003,-0.009159837945740304
9408,9370.763366233,-0.00450368626738979,0.0028372014539635756,-0.00900737253477958
9409,9371.178734815,-0.00448488944741616,0.002844018700954216,-0.00896977889483232
9410,9371.587599991,-0.004467447260265846,0.002851559394286941,-0.008934894520531691
9411,9372.784751975,-0.004422734764752087,0.0028778816556993456,-0.008845469529504175
9412,9374.379510451,-0.004378855433665437,0.0029208699029413428,-0.008757710867330874
9413,9375.170795001,-0.004364095430344528,0.002944615036557318,-0.008728190860689057
9414,9375.736537522,-0.004356480907655589,0.0029622462372334377,-0.008712961815311178
9415,9376.328130231,-0.004351172710771319,0.0029810692677071124,-0.008702345421542638
9416,9377.450651134,-0.004348619874495736,0.003017214818668123,-0.008697239748991472
9417,9377.983702594,-0.004350862163963347,0.003034278403183448,-0.008701724327926694
9418,9379.018437924,-0.004361523096902246,0.0030665606767860186,-0.008723046193804491
9419,9379.494344123,-0.004369190119299777,0.0030808164251975604,-0.008738380238599554
9420,9380.793873689,-0.004398772900509374,0.0031168905868693406,-0.008797545801018748
9421,9381.675840486,-0.004425814958252701,0.0031382598885485355,-0.008851629916505403
9422,9382.560440805,-0.0044583026372763184,0.003156497637392808,-0.008916605274552637
9423,9383.568374418,-0.0045014704429492906,0.0031726758652906597,-0.009002940885898581
9424,9384.090451459,-0.004526239100259768,0.00317888483374092,-0.009052478200519536
9425,9385.110359164,-0.004578979343398647,0.0031862639264933637,-0.009157958686797293
9426,9386.234914019,-0.004643110329940942,0.003186409927415465,-0.009286220659881885
9427,9386.888612208,-0.004682889568962111,0.003182315588943727,-0.009365779137924222
9428,9387.733832772,-0.004736627120508615,0.0031721675254543532,-0.00947325424101723
9429,9388.121802784,-0.004762042773449868,0.003165603477857212,-0.009524085546899735
9430,9388.979169604,-0.004819569079950034,0.0031466846507817304,-0.009639138159900067
9431,9390.090466519,-0.004896172279433359,0.0031128081236447133,-0.009792344558866718
9432,9391.049764368,-0.004963274205698621,0.0030747896179539155,-0.009926548411397241
9433,9392.305852528,-0.005051063374756672,0.0030124097961593452,-0.010102126749513343
9434,9392.964477181,-0.005096485484712857,0.002973927551863874,-0.010192970969425714
9435,9393.984756239,-0.005165210912304083,0.0029064599633132305,-0.010330421824608166
9436,9394.689784015,-0.005211069030245852,0.002854296087010711,-0.010422138060491705
9437,9395.103416037,-0.005237193005138424,0.0028216065235296102,-0.010474386010276848
9438,9395.826310147,-0.005281221222471055,0.0027608247771462265,-0.01056244244494211
9439,9397.472564245,-0.005372050309817385,0.0026055959847948356,-0.01074410061963477
9440,9397.818267625,-0.005389169534836258,0.0025701434271500445,-0.010778339069672516
9441,9398.61886889,-0.005425827787481842,0.0024844230309511656,-0.010851655574963684
9442,9399.494206832,-0.0054607073455429575,0.002385176214808772,-0.010921414691085915
9443,9400.580871304,-0.00549564119876727,0.0022545164406312956,-0.01099128239753454
9444,9401.427516666,-0.005515842435068388,0.0021475002879310537,-0.011031684870136777
9445,9402.552909282,-0.005532373082426911,0.0019990084775124784,-0.011064746164853822
9446,9403.382930754,-0.005536525342019166,0.0018855329214636652,-0.011073050684038332
9447,9403.920835264,-0.005535392022210959,0.0018104615402417899,-0.011070784044421918
9448,9405.062878279,-0.005522601403490247,0.0016478085681402431,-0.011045202806980493
9449,9405.517985108,-0.005513452970346158,0.0015819982904109178,-0.011026905940692316
9450,9406.317820402,-0.005491624541537513,0.0014653611213624866,-0.010983249083075027
9451,9407.247627536,-0.0054568522012290585,0.001328797164751477,-0.010913704402458117
9452,9407.745436536,-0.005434016872463884,0.001255525134465308,-0.010868033744927768
9453,9409.471336661,-0.005331751187906304,0.0010027805631632994,-0.010663502375812609
9454,9410.603937082,-0.005245066252003392,0.0008399572042866256,-0.010490132504006783
9455,9410.808666731,-0.0052277469791333344,0.0008109334000988904,-0.010455493958266669
9456,9411.457048112,-0.005169586975837609,0.0007200377007759704,-0.010339173951675218
9457,9412.787360568,-0.00503471215499774,0.0005394410632479756,-0.01006942430999548
9458,9413.355204753,-0.004970904149320464,0.00046525478111153967,-0.009941808298640928
9459,9414.366649963,-0.004848292031327908,0.00033822085011957833,-0.009696584062655816
9460,9415.106792479,-0.00475152725738893,0.00024991382722377005,-0.00950305451477786
9461,9415.823151301,-0.004652430936166468,0.00016861039291054218,-0.009304861872332936
9462,9416.804191133,-0.004508445192270861,6.455337036080892e-05,-0.009016890384541723
9463,9417.532924978,-0.004395636838503578,-6.83640642949777e-06,-0.008791273677007156
9464,9418.349184603,-0.004263747303304757,-8.037078730478536e-05,-0.008527494606609514
9465,9419.744269401,-0.004026029797197171,-0.00018913165310025063,-0.008052059594394341
9466,9420.582583619,-0.0038765557831087153,-0.0002435362701350967,-0.007753111566217431
9467,9421.52689205,-0.0037030656979958982,-0.00029440523762133897,-0.0074061313959917965
9468,9422.040011769,-0.003606806680822438,-0.00031725947797736875,-0.007213613361644876
9469,9422.8107437,-0.0034599715355612005,-0.00034507288930067973,-0.006919943071122401
9470,9423.591008663,-0.003309014665124449,-0.00036508662703456276,-0.006618029330248898
9471,9424.174561789,-0.0031949090774214626,-0.00037459738768768675,-0.006389818154842925
9472,9425.411963547,-0.002950631922576366,-0.0003790431337391279,-0.005901263845152732
9473,9426.506903688,-0.0027332648645227073,-0.0003649298317579334,-0.005466529729045415
9474,9426.87453397,-0.002660306785956302,-0.00035636702641548575,-0.005320613571912604
9475,9428.235207717,-0.002391662208995944,-0.0003079518875682058,-0.004783324417991888
9476,9429.37914412,-0.00216908725338884,-0.0002470189846341747,-0.00433817450677768
9477,9429.57402527,-0.002131602691635693,-0.00023481777048280525,-0.004263205383271386
9478,9430.535514117,-0.0019489932083800337,-0.00016697945630799358,-0.0038979864167600674
9479,9431.485551951,-0.001773069375329777,-8.769606433969985e-05,-0.003546138750659554
9480,9432.713826105,-0.0015537802406831594,3.224731405576341e-05,-0.003107560481366319
9481,9433.125018232,-0.0014827268590866065,7.664384570336565e-05,-0.002965453718173213
9482,9433.82671594,-0.0013645118969226177,0.00015713989838996094,-0.0027290237938452353
9483,9434.666665735,-0.0012284455852750481,0.0002610651624819565,-0.0024568911705500963
9484,9435.196314277,-0.001145923628752437,0.0003306589137000399,-0.002291847257504874
9485,9437.178849319,-0.000861902928601729,0.0006168355851537177,-0.001723805857203458
9486,9437.419496808,-0.0008302911287518763,0.0006541209685236519,-0.0016605822575037526
9487,9438.835191548,-0.0006578703614315933,0.0008833209192196475,-0.0013157407228631865
9488,9439.288351899,-0.0006077541147907888,0.0009599544034597947,-0.0012155082295815776
9489,9439.97862885,-0.0005363296941826341,0.0010793893083236676,-0.0010726593883652682
9490,9440.80406991,-0.00045890446907655857,0.0012260632708088867,-0.0009178089381531171
9491,9441.857096239,-0.00037309441651974705,0.0014183539875245721,-0.0007461888330394941
9492,9442.274634496,-0.0003431699319098841,0.0014959479508329834,-0.0006863398638197682
9493,9443.449249712,-0.0002716728575813971,0.0017174181859736931,-0.0005433457151627942
9494,9444.311353869,-0.000231217382357215,0.0018821418623493514,-0.00046243476471443
9495,9445.247610817,-0.00019886239333463568,0.002062173748365389,-0.00039772478666927135
9496,9446.162804214,-0.00017886376742927453,0.0022384343618525693,-0.00035772753485854906
9497,9446.796122037,-0.00017170729249010115,0.0023601128625006006,-0.0003434145849802023
9498,9447.907524955,-0.00017218444511374627,0.002572112492759638,-0.00034436889022749253
9499,9449.201580602,-0.00019319087273583606,0.002814794389775425,-0.0003863817454716721
9500,9449.609725389,-0.00020425610234828972,0.002890067226244259,-0.00040851220469657944
9501,9450.152313576,-0.00022217435059090747,0.002988997863946684,-0.00044434870118181493
9502,9451.044025469,-0.00025936914158514835,0.0031483837998490787,-0.0005187382831702967
9503,9452.148976997,-0.0003182739361104759,0.0033394954203067703,-0.0006365478722209518
9504,9452.581214093,-0.0003450023149351639,0.003412092933565553,-0.0006900046298703278
9505,9453.38446673,-0.000399905643087961,0.0035434548976272166,-0.000799811286175922
9506,9454.941836695,-0.0005244179030829135,0.0037836913815834467,-0.001048835806165827
9507,9455.879794582,-0.0006098440645534554,0.0039182947545245,-0.0012196881291069107
9508,9456.638848993,-0.0006841042803463486,0.004021253446872806,-0.0013682085606926972
9509,9457.289938949,-0.0007511245054707335,0.004105125929050403,-0.001502249010941467
9510,9457.972397295,-0.0008243640544990867,0.004188493647530278,-0.0016487281089981735
9511,9458.826684386,-0.0009198896280173639,0.00428611198654256,-0.0018397792560347279
9512,9459.769410652,-0.001029569644933971,0.004384923911103043,-0.002059139289867942
9513,9460.903772502,-0.0011663133840360668,0.004491172207465567,-0.0023326267680721336
9514,9461.404922056,-0.0012280252281161596,0.004533662312635924,-0.0024560504562323193
9515,9462.13798988,-0.0013193661732434432,0.004590883245761274,-0.0026387323464868865
9516,9462.936516168,-0.001419889828879335,0.004646553348437437,-0.00283977965775867
9517,9464.217904345,-0.0015821825862948214,0.004721492169101915,-0.003164365172589643
9518,9465.261895535,-0.001714062359793454,0.0047696697317716665,-0.003428124719586908
9519,9465.991177189,-0.0018053752908343966,0.004796643532657247,-0.0036107505816687932
9520,9466.722587065,-0.0018958746046566057,0.004818335035992905,-0.0037917492093132114
9521,9467.860632792,-0.0020337294671958126,0.004841806537169619,-0.004067458934391625
9522,9468.494804378,-0.0021085942310227245,0.004849687018652511,-0.004217188462045449
9523,9469.132039337,-0.0021821549240457934,0.00485403731718253,-0.004364309848091587
9524,9469.456006505,-0.0022188507418583092,0.004854927171928267,-0.0044377014837166185
9525,9470.882771001,-0.0023741366432520647,0.004848887983621415,-0.004748273286504129
9526,9471.819269687,-0.0024698288727991887,0.004836792489058156,-0.004939657745598377
9527,9472.907942702,-0.002574143853436504,0.0048155793040029265,-0.005148287706873008
9528,9473.723079553,-0.0026470218789963343,0.004795246628953342,-0.005294043757992669
9529,9474.392245664,-0.002703331245176108,0.0047760603497102256,-0.005406662490352216
9530,9475.56552114,-0.002794094349486487,0.004737811202146378,-0.005588188698972974
9531,9475.919635501,-0.002819444135093856,0.004725286739238529,-0.005638888270187712
9532,9477.137885719,-0.002899257630706677,0.00467950476763686,-0.005798515261413354
9533,9477.827320466,-0.0029392967597702047,0.004652188618083664,-0.0058785935195404095
9534,9478.855699955,-0.0029921076388681996,0.004610325199040467,-0.005984215277736399
9535,9479.229478691,-0.00300926043104269,0.004594939872520391,-0.00601852086208538
9536,9480.235271345,-0.0030500752597385694,0.004553579264140746,-0.006100150519477139
9537,9481.143882259,-0.003080376615266792,0.004516834255564825,-0.006160753230533584
9538,9481.839788621,-0.003099490344368483,0.004489495867563451,-0.006198980688736966
9539,9483.688815646,-0.00313395753401104,0.0044224105230686594,-0.00626791506802208
9540,9484.207298377,-0.003139630914206544,0.004405520797898522,-0.006279261828413088
9541,9484.640388958,-0.0031431236804256362,0.004392194627688444,-0.0062862473608512725
9542,9485.753856656,-0.0031472253402648554,0.004361588861424588,-0.006294450680529711
9543,9486.03086886,-0.003147224054570414,0.004354864788889694,-0.006294448109140828
9544,9487.215810246,-0.0031430976884870895,0.004330528560161442,-0.006286195376974179
9545,9488.107214894,-0.0031360877346050652,0.0043173190705233615,-0.0062721754692101304
9546,9488.903784852,-0.0031274512545917247,0.0043095075238682445,-0.006254902509183449
9547,9489.546258565,-0.0031191270179565106,0.0043060889834729155,-0.006238254035913021
9548,9491.036789278,-0.003096372965432719,0.00430853678333228,-0.006192745930865438
9549,9491.622337135,-0.0030865673536563595,0.004313592216128562,-0.006173134707312719
9550,9492.559851589,-0.0030704471734827356,0.004326601576349595,-0.006140894346965471
9551,9493.134847953,-0.0030605608846681603,0.0043375953853459015,-0.0061211217693363205
9552,9494.478852245,-0.003038493964395638,0.004372225606058469,-0.006076987928791276
9553,9495.156477924,-0.003028421311433585,0.004394380277887036,-0.00605684262286717
9554,9495.860072043,-0.0030190778685791407,0.004420645032655441,-0.006038155737158281
9555,9496.823908855,-0.0030086357772500087,0.004461868534000217,-0.006017271554500017
9556,9497.255442783,-0.0030050120592144077,0.00448222778950064,-0.0060100241184288155
9557,9497.951007264,-0.0030007523613503275,0.00451742390573401,-0.006001504722700655
9558,9499.137222929,-0.0029986315585780175,0.004583863355365323,-0.005997263117156035
9559,9500.595321345,-0.003006417578192204,0.004675557868376716,-0.006012835156384408
9560,9501.217267715,-0.0030136844507967966,0.004717637497758901,-0.006027368901593593
9561,9501.922520025,-0.0030250373464442253,0.0047672269184600505,-0.0060500746928884505
9562,9503.042498301,-0.0030503060793078567,0.0048494942175765126,-0.0061006121586157135
9563,9503.601117761,-0.0030664081749203725,0.004891867981349214,-0.006132816349840745
9564,9504.264017632,-0.00308867024746846,0.004943066548024859,-0.00617734049493692
9565,9505.086080347,-0.0031211816760450795,0.005007602389223583,-0.006242363352090159
9566,9506.113854055,-0.0031697026509688504,0.00508925054424102,-0.006339405301937701
9567,9507.223790581,-0.003232186655307487,0.005177619136836746,-0.006464373310614974
9568,9507.961501776,-0.0032796002689486096,0.005235886442727893,-0.006559200537897219
9569,9508.12963745,-0.003291067732271489,0.005249068466749468,-0.006582135464542978
9570,9509.769913843,-0.0034158046160762782,0.005374620264224479,-0.0068316092321525565
9571,9510.615551925,-0.0034891477213608575,0.0054363456293524,-0.006978295442721715
9572,9511.550977666,-0.0035772788799682243,0.00550139021909972,-0.007154557759936449
9573,9512.380208554,-0.0036613853218066556,0.00555564631081929,-0.007322770643613311
9574,9513.335229213,-0.0037649492567813,0.00561350132440037,-0.0075298985135626
9575,9513.533893338,-0.003787362963216064,0.005624849644527499,-0.007574725926432128
9576,9514.814322806,-0.003938649665473642,0.005691693658097877,-0.007877299330947284
9577,9515.333335579,-0.004003172225368111,0.005715440033491536,-0.008006344450736221
9578,9516.04785177,-0.0040948015516007585,0.005744695643615318,-0.008189603103201517
9579,9517.248001841,-0.004255401043799006,0.005784229842762718,-0.008510802087598012
9580,9518.40146228,-0.004416660002670296,0.00580998921383587,-0.008833320005340591
9581,9519.480657353,-0.004572583085381429,0.005822444372482347,-0.009145166170762858
9582,9520.014543685,-0.004651188479877349,0.005824246466681149,-0.009302376959754699
9583,9520.830643942,-0.004772827850764478,0.005821234141193619,-0.009545655701528957
9584,9521.162437132,-0.004822695953880845,0.005817976471090464,-0.00964539190776169
9585,9522.916082652,-0.00508856324284008,0.005780717288445394,-0.01017712648568016
9586,9523.293287274,-0.005145932882653474,0.0057682253752736785,-0.010291865765306949
9587,9524.172145197,-0.005279297646638015,0.005732890795942505,-0.01055859529327603
9588,9524.673999747,-0.005355057690264319,0.005708790906569757,-0.010710115380528637
9589,9525.837508223,-0.005528757974057847,0.005641953761438593,-0.011057515948115694
9590,9526.527981213,-0.0056300414603096625,0.005595089398488991,-0.011260082920619325
9591,9527.680937491,-0.005795097993371827,0.005505059787692961,-0.011590195986743655
9592,9528.632397361,-0.005926540677689279,0.005419916554176366,-0.011853081355378558
9593,9529.771681928,-0.006076995514732026,0.0053055184774168105,-0.012153991029464052
9594,9530.405942179,-0.006156994970547209,0.005236179911154815,-0.012313989941094419
9595,9531.147923592,-0.006246773777454156,0.00515015846205401,-0.012493547554908313
9596,9531.625571622,-0.006302237287868272,0.005092088784966158,-0.012604474575736544
9597,9532.674849338,-0.006417152850282497,0.004957506937288239,-0.012834305700564994
9598,9533.237985855,-0.00647464764625569,0.0048815237429399244,-0.01294929529251138
9599,9534.471660705,-0.006589608206653007,0.004706703998496387,-0.013179216413306013
9600,9535.377269525,-0.0066637880680587595,0.0045717894989785665,-0.013327576136117519
9601,9536.209876871,-0.0067239154494762405,0.004443467602336764,-0.013447830898952481
9602,9537.253631706,-0.006787875100631497,0.0042776648533108625,-0.013575750201262993
9603,9537.834915535,-0.006817807401973901,0.0041833261503579355,-0.013635614803947801
9604,9539.18279645,-0.0068710617125284455,0.003960389551482615,-0.013742123425056891
9605,9539.514744273,-0.006880648303915799,0.0039048108246635955,-0.013761296607831599
9606,9540.396197263,-0.006899230071081895,0.003756424543172585,-0.01379846014216379
9607,9541.667102046,-0.006908282151529326,0.0035416678817312562,-0.013816564303058653
9608,9542.028340453,-0.006907014471995356,0.003480725279013768,-0.013814028943990713
9609,9543.161504407,-0.006892024277756646,0.003290708743385578,-0.013784048555513292
9610,9543.327342114,-0.0068884350861679496,0.0032631129764861756,-0.013776870172335899
9611,9544.333386339,-0.006859098266957227,0.0030973716429473722,-0.013718196533914455
9612,9546.148062139,-0.006774017091939171,0.002808421247320285,-0.013548034183878342
9613,9546.850958231,-0.006730309829710222,0.002701066046653351,-0.013460619659420444
9614,9547.451494517,-0.006688395178357566,0.0026117836500567596,-0.013376790356715133
9615,9548.20269975,-0.0066302209815095395,0.0025036093948424395,-0.013260441963019079
9616,9549.109408072,-0.0065518442025845934,0.0023787751990244927,-0.013103688405169187
9617,9550.023825187,-0.006464240977052899,0.0022598785657703736,-0.012928481954105798
9618,9550.297435818,-0.006436440283600587,0.0022257667562920655,-0.012872880567201175
9619,9551.802310113,-0.006271415420389492,0.0020511714586962768,-0.012542830840778984
9620,9552.369737288,-0.006204258962259903,0.001991401734311658,-0.012408517924519805
9621,9553.055529832,-0.006119845163182495,0.0019238660366166793,-0.01223969032636499
9622,9554.438731024,-0.00593998058065942,0.0018040603691672494,-0.01187996116131884
9623,9555.132351126,-0.005845615652011654,0.0017525909717260144,-0.011691231304023308
9624,9555.765517186,-0.005757438376869521,0.0017107975483913575,-0.011514876753739042
9625,9557.033450243,-0.005576137989948628,0.0016423654472432988,-0.011152275979897257
9626,9557.864073546,-0.005454825132831411,0.0016087851626794068,-0.010909650265662822
9627,9558.778597586,-0.005319825238185442,0.001582256664040426,-0.010639650476370884
9628,9559.497877392,-0.005213135430981064,0.001569122999705164,-0.010426270861962128
9629,9559.651002787,-0.005190409347781553,0.0015672066246310288,-0.010380818695563105
9630,9560.804275858,-0.005019670925821661,0.0015626658010357722,-0.010039341851643322
9631,9561.826855174,-0.0048698745117867785,0.0015731348946236312,-0.009739749023573557
9632,9562.595160266,-0.004759057944600012,0.0015898238464875432,-0.009518115889200023
9633,9563.767484768,-0.004594043082059382,0.0016295299101868478,-0.009188086164118764
9634,9564.941586598,-0.004435205127550343,0.0016859591879129008,-0.008870410255100686
9635,9565.719270209,-0.00433432882123895,0.001732125068812792,-0.0086686576424779
9636,9565.998473755,-0.004299059691329954,0.001750345686290591,-0.008598119382659909
9637,9567.084762809,-0.004167084428721429,0.0018291727578712228,-0.008334168857442857
9638,9567.680668643,-0.00409851605806663,0.001877551814895773,-0.00819703211613326
9639,9568.920136749,-0.0039654871983338,0.001989005006554736,-0.0079309743966676
9640,9569.757583805,-0.0038835164992133296,0.0020719546763352335,-0.007767032998426659
9641,9570.2829287,-0.0038355626355003505,0.0021268696026494035,-0.007671125271000701
9642,9571.225835961,-0.003756522731580938,0.0022305147044586826,-0.007513045463161876
9643,9571.872993121,-0.0037076965547789575,0.0023050837596666667,-0.007415393109557915
9644,9573.170828779,-0.0036236474521083874,0.0024618531208512773,-0.007247294904216775
9645,9574.260212103,-0.0035678787398221203,0.0025995478798329606,-0.0071357574796442405
9646,9575.159596765,-0.003532277508119258,0.0027164045420460825,-0.007064555016238516
9647,9575.627693113,-0.0035175344719720397,0.0027780835231172155,-0.007035068943944079
9648,9576.504120426,-0.0034969478348106054,0.0028946786363638244,-0.006993895669621211
9649,9577.462720728,-0.0034849252986794955,0.0030231453426139148,-0.006969850597358991
9650,9578.08226899,-0.003482970937435819,0.003106271374698258,-0.006965941874871638
9651,9578.75293735,-0.0034859638575519126,0.003196001073563566,-0.006971927715103825
9652,9579.449577444,-0.003494636364324586,0.0032885971783058747,-0.006989272728649172
9653,9581.125284055,-0.003538162967144331,0.0035067480547387392,-0.007076325934288662
9654,9581.813931393,-0.003565035251719852,0.00359370903974513,-0.007130070503439704
9655,9582.531012949,-0.0035983507216213123,0.003682108700290319,-0.007196701443242625
9656,9583.488437066,-0.003650983557864784,0.0037961530597707236,-0.007301967115729568
9657,9584.163335287,-0.0036934338746179318,0.0038734416258845985,-0.0073868677492358635
9658,9585.143063862,-0.0037624730940941475,0.003980513547992348,-0.007524946188188295
9659,9586.255233921,-0.0038507278907861367,0.004093920434701706,-0.007701455781572273
9660,9586.57222239,-0.0038776689996495124,0.004124536032850231,-0.007755337999299025
9661,9587.581534661,-0.003968294266369134,0.0042166424262809095,-0.007936588532738268
9662,9588.562422368,-0.004062795252497034,0.004297911904282294,-0.008125590504994068
9663,9588.897946176,-0.004096425143782045,0.004323763579439312,-0.00819285028756409
9664,9589.946539842,-0.004205296477536965,0.004397923645699015,-0.00841059295507393
9665,9591.313819409,-0.004354423993402671,0.004479036349629124,-0.008708847986805343
9666,9592.130272135,-0.004446430035809235,0.004518826797638341,-0.00889286007161847
9667,9593.205180494,-0.004569868849367222,0.0045611992025308135,-0.009139737698734444
9668,9593.910165406,-0.004651726008230113,0.004582782148377102,-0.009303452016460226
9669,9594.431429784,-0.004712472847065775,0.004595584393200491,-0.00942494569413155
9670,9594.988285873,-0.004777405333079674,0.004606312487056068,-0.009554810666159349
9671,9595.993695247,-0.004894226384687995,0.0046180524262408205,-0.00978845276937599
9672,9597.34024623,-0.00504843353944525,0.004618745607083332,-0.0100968670788905
9673,9597.618342097,-0.005079782283086703,0.004616803931754093,-0.010159564566173406
9674,9598.766169772,-0.005206715088980577,0.004601523949715985,-0.010413430177961154
9675,9599.449375096,-0.005280027994134432,0.004587072831081877,-0.010560055988268865
9676,9601.023594443,-0.005441033165145762,0.004539603294998704,-0.010882066330291524
9677,9601.374051673,-0.005475162874790129,0.004526516779303415,-0.010950325749580258
9678,9601.972952765,-0.00553188365075887,0.004502182129399061,-0.01106376730151774
9679,9603.387320429,-0.005657131779641715,0.004435621837587022,-0.01131426355928343
9680,9604.113455999,-0.0057162992860673376,0.0043970090821005775,-0.011432598572134675
9681,9604.831331502,-0.0057711352446330145,0.004356256983587302,-0.011542270489266029
9682,9605.509080557,-0.005819433412062604,0.004315701337449418,-0.011638866824125208
9683,9606.208589672,-0.005865630027445693,0.004272004557242805,-0.011731260054891385
9684,9606.94884212,-0.005910371152408959,0.0042240496230391165,-0.011820742304817918
9685,9608.036444606,-0.005968195563104118,0.004151127154375639,-0.011936391126208236
9686,9609.580310488,-0.006033836807441372,0.004044592754536316,-0.012067673614882745
9687,9610.210766395,-0.006055071705294421,0.004000731341018396,-0.012110143410588843
9688,9610.802823322,-0.006072090586624514,0.003959648297743596,-0.012144181173249028
9689,9611.665887778,-0.006091888007773711,0.003900327038201901,-0.012183776015547421
9690,9612.606349755,-0.006106829116287472,0.0038370337090621147,-0.012213658232574944
9691,9613.167963418,-0.006112541462242047,0.003800186587157099,-0.012225082924484093
9692,9614.252323364,-0.0061170386944888544,0.0037316762823709723,-0.012234077388977709
9693,9614.790927447,-0.006116200617488895,0.0036991857657640427,-0.01223240123497779
9694,9616.0801251,-0.006106447314647022,0.003626413190704368,-0.012212894629294044
9695,9616.576304356,-0.006099962306862589,0.00360052277788675,-0.012199924613725177
9696,9617.711563455,-0.006079943640331288,0.0035462978147566713,-0.012159887280662576
9697,9618.147803719,-0.0060704846651193,0.0035274570948386694,-0.0121409693302386
9698,9619.662657557,-0.006031072732027731,0.003471450337992044,-0.012062145464055462
9699,9620.711570048,-0.0059988087031150735,0.0034418561334166628,-0.011997617406230147
9700,9621.165759367,-0.005983843267879517,0.003431508154093628,-0.011967686535759034
9701,9621.757407602,-0.005963622853757637,0.003420332985982968,-0.011927245707515273
9702,9622.960401195,-0.005920655274971133,0.0034058539466150116,-0.011841310549942266
9703,9623.378434431,-0.005905355958456127,0.003403458177273884,-0.011810711916912254
9704,9624.134944535,-0.005877491312111577,0.0034026236632070583,-0.011754982624223155
9705,9625.222075596,-0.0058377102105891775,0.003409360847132358,-0.011675420421178355
9706,9626.015526809,-0.005809446507433826,0.0034201760095120986,-0.011618893014867652
9707,9627.41092259,-0.005762776249590204,0.003451092575986301,-0.011525552499180408
9708,9628.224711924,-0.005738119421969841,0.0034759495461230768,-0.011476238843939682
9709,9628.814176044,-0.005721762505205315,0.0034969900020704273,-0.01144352501041063
9710,9629.724366466,-0.005699415304917443,0.003534302509320277,-0.011398830609834886
9711,9630.301966898,-0.005687300538104091,0.0035608956195402634,-0.011374601076208182
9712,9631.28020929,-0.00567091664049488,0.003610802404933011,-0.01134183328098976
9713,9632.562265478,-0.005658291737665697,0.0036847348840752894,-0.011316583475331394
9714,9633.111145441,-0.005656268359213281,0.003719061000510034,-0.011312536718426563
9715,9633.589919581,-0.005656275863630331,0.00375018752801524,-0.011312551727260662
9716,9634.275150158,-0.005659289349918136,0.003796496939854265,-0.011318578699836272
9717,9635.65173953,-0.00567664646704676,0.003894897827866375,-0.01135329293409352
9718,9636.586190719,-0.0056975139453113765,0.003964925869759865,-0.011395027890622753
9719,9637.636829869,-0.005730182759367638,0.004045806751289852,-0.011460365518735275
9720,9638.333970206,-0.005757394593432929,0.004100252913893365,-0.011514789186865859
9721,9639.400372273,-0.005807744637905143,0.004183947098900237,-0.011615489275810286
9722,9639.941632652,-0.005837381216237246,0.0042263096118213125,-0.011674762432474492
9723,9640.667624445,-0.005881470562347052,0.004282674826953406,-0.011762941124694105
9724,9641.271927638,-0.005921959604127531,0.004328960276113619,-0.011843919208255062
9725,9642.172583674,-0.005988661714411209,0.004396408161646308,-0.011977323428822418
9726,9643.651510537,-0.006114433558694525,0.00450154930512163,-0.01222886711738905
9727,9643.850300727,-0.0061328468110640865,0.004515018578245844,-0.012265693622128173
9728,9645.268004101,-0.006274156177579381,0.00460545982456761,-0.012548312355158762
9729,9646.033601389,-0.006357493569911005,0.004649627834520174,-0.01271498713982201
9730,9646.682120242,-0.006431743516526879,0.004684114429142142,-0.012863487033053757
9731,9647.776874287,-0.006564264527739333,0.004735603528374623,-0.013128529055478667
9732,9648.593127495,-0.00666854161868978,0.004767993465371327,-0.01333708323737956
9733,9649.6976276,-0.0068163679320446474,0.004802911796183493,-0.013632735864089295
9734,9649.853790959,-0.006837843721170325,0.00480697757365302,-0.01367568744234065
9735,9650.999123888,-0.006999242120288686,0.00482984256032291,-0.013998484240577373
9736,9651.871456187,-0.007126240530278449,0.004838703359417017,-0.014252481060556897
9737,9652.538464028,-0.007225327643219463,0.004840266612825202,-0.014450655286438926
9738,9653.014874565,-0.007296987840567975,0.004838541284089565,-0.01459397568113595
9739,9654.963345357,-0.007595493264426433,0.004806019847140963,-0.015190986528852866
9740,9655.670242557,-0.0077050001759972515,0.0047838583154646485,-0.015410000351994503
9741,9656.509156429,-0.00783504895908407,0.004750277034554096,-0.01567009791816814
9742,9657.006073676,-0.007911901198190453,0.0047266432937679145,-0.015823802396380905
9743,9657.625816864,-0.008007334372850972,0.0046932648914185604,-0.016014668745701944
9744,9658.780678229,-0.008183157670059121,0.004619560033238175,-0.016366315340118242
9745,9659.637116337,-0.008311098019108582,0.004555337129051485,-0.016622196038217164
9746,9660.202999377,-0.008394145497565371,0.004508508636728394,-0.016788290995130743
9747,9661.371533562,-0.008561037242561523,0.004401010476398506,-0.017122074485123047
9748,9661.957836041,-0.008642060194956098,0.00434174180377853,-0.017284120389912196
9749,9663.085768152,-0.00879197697844297,0.004218119209541085,-0.01758395395688594
9750,9663.88107655,-0.00889240797419869,0.004123696763402016,-0.01778481594839738
9751,9665.039454449,-0.009029909239809602,0.0039761372125686695,-0.018059818479619204
9752,9665.485661647,-0.009079872458686597,0.003916316361498138,-0.018159744917373193
9753,9666.807212489,-0.009217225669355148,0.003730259684478238,-0.018434451338710297
9754,9667.5642273,-0.009288309083183262,0.0036182302391885015,-0.018576618166366524
9755,9668.135428971,-0.009338079406458186,0.003531354791660079,-0.01867615881291637
9756,9668.700128123,-0.009383905344804027,0.0034436672538374837,-0.018767810689608054
9757,9669.745616207,-0.009459588221755823,0.00327716432888596,-0.018919176443511647
9758,9670.162113846,-0.009486337822926245,0.0032095268594014175,-0.01897267564585249
9759,9671.949512727,-0.009578407801905732,0.002912927843203177,-0.019156815603811463
9760,9672.494340341,-0.00959899448676797,0.002821071758975759,-0.01919798897353594
9761,9673.396190895,-0.009625276584883118,0.0026682682685988846,-0.019250553169766236
9762,9674.547299393,-0.009644641493974322,0.0024729450119982148,-0.019289282987948644
9763,9675.122226685,-0.009648365552534607,0.002375729026414884,-0.019296731105069215
9764,9675.73427208,-0.009648002656923404,0.0022727838004898845,-0.019296005313846808
9765,9676.482970443,-0.009641546070017472,0.0021479652837121024,-0.019283092140034944
9766,9677.762490774,-0.009615477913976803,0.0019386620156821737,-0.019230955827953606
9767,9678.441444797,-0.009594137361438809,0.0018302610588956788,-0.019188274722877617
9768,9679.30964602,-0.009559522106835552,0.0016949559586132957,-0.019119044213671103
9769,9679.806168479,-0.009536141071205848,0.0016194646353489283,-0.019072282142411696
9770,9680.76283361,-0.009484031736089516,0.0014783814733959682,-0.018968063472179032
9771,9681.933181545,-0.009408313742812341,0.001314552754052029,-0.018816627485624682
9772,9683.097742919,-0.00932092739648921,0.0011623207481535297,-0.01864185479297842
9773,9683.867021673,-0.009257202110596404,0.0010682342327829884,-0.01851440422119281
9774,9684.589585902,-0.009193393820865906,0.000984873914823717,-0.01838678764173181
9775,9685.308004229,-0.009126490306449204,0.0009070380092685434,-0.018252980612898408
9776,9685.960000518,-0.009063070424729461,0.0008409250383626884,-0.018126140849458922
9777,9686.938901706,-0.008963619903290903,0.0007500536897224478,-0.017927239806581806
9778,9687.635650375,-0.008890184769180666,0.0006916983606868728,-0.017780369538361332
9779,9688.452504118,-0.008801804307189763,0.0006301570245806849,-0.017603608614379526
9780,9689.424900299,-0.008694123115856324,0.0005667578812926961,-0.01738824623171265
9781,9691.007692605,-0.008515498111632321,0.0004868546493802808,-0.017030996223264643
9782,9691.345099413,-0.008477215936999237,0.0004735758080042424,-0.016954431873998473
9783,9692.129608963,-0.008388350840670442,0.00044779433184960504,-0.016776701681340885
9784,9692.775465088,-0.008315633134346823,0.0004318883988092689,-0.016631266268693646
9785,9694.160018793,-0.008162473217158997,0.0004137439486878222,-0.016324946434317995
9786,9694.810249049,-0.008092438795376206,0.00041257825329208173,-0.016184877590752413
9787,9695.587265123,-0.008010860074817168,0.00041717383186590533,-0.016021720149634336
9788,9696.340584322,-0.00793437296542569,0.00042767794476643837,-0.01586874593085138
9789,9696.969092912,-0.007872815313337833,0.0004408474464874889,-0.015745630626675666
9790,9697.964078698,-0.007780142383165813,0.00046953815175297003,-0.015560284766331626
9791,9698.735918072,-0.007712757586543398,0.0004980804213278344,-0.015425515173086796
9792,9699.909751127,-0.007618726512508355,0.0005512520761733538,-0.01523745302501671
9793,9701.268636038,-0.007523999912310538,0.0006260827908733051,-0.015047999824621076
9794,9701.750955885,-0.00749432065879234,0.0006557035717657144,-0.01498864131758468
9795,9702.343670705,-0.007460831192701106,0.0006940750344017271,-0.014921662385402212
9796,9703.640136865,-0.007399544866884004,0.0007846945429658359,-0.014799089733768008
9797,9703.837388247,-0.007391707205785871,0.0007991896040185786,-0.014783414411571742
9798,9704.480325775,-0.007368963310248107,0.0008475466376658252,-0.014737926620496214
9799,9705.87621599,-0.007334688582917134,0.0009573266099169442,-0.014669377165834267
9800,9706.802865518,-0.007323618027880587,0.0010327435134306652,-0.014647236055761174
9801,9707.414647043,-0.0073214911760714945,0.0010831697919540596,-0.014642982352142989
9802,9708.186078194,-0.007324712841840937,0.001147047801546296,-0.014649425683681874
9803,9709.502438605,-0.007345392545782582,0.0012555141637984213,-0.014690785091565165
9804,9710.185679568,-0.007363610364633665,0.0013108938069435832,-0.01472722072926733
9805,9711.156381036,-0.007398137763408099,0.001387683214219017,-0.014796275526816198
9806,9711.887312337,-0.007430697563524281,0.0014435472548920945,-0.014861395127048562
9807,9712.668956896,-0.0074715828924250445,0.0015009498307885277,-0.014943165784850089
9808,9713.803909573,-0.007541699810213181,0.0015790973221388276,-0.015083399620426362
9809,9714.47637268,-0.0075889905532365905,0.0016220211801697695,-0.015177981106473181
9810,9714.689105561,-0.007604806051622522,0.0016350217415918855,-0.015209612103245044
9811,9715.654426519,-0.00768152159508326,0.001690233246042246,-0.01536304319016652
9812,9716.864893948,-0.007788481585177804,0.0017498954440512368,-0.015576963170355607
9813,9718.21732392,-0.007920660570767738,0.0018025084513359111,-0.015841321141535476
9814,9719.003948229,-0.008002945966408808,0.001825696900707844,-0.016005891932817616
9815,9719.584605409,-0.008065930818576244,0.0018391159084774676,-0.016131861637152488
9816,9720.464454076,-0.00816457420749576,0.001853232348930666,-0.01632914841499152
9817,9721.104473047,-0.008238442250455438,0.001858652103856689,-0.016476884500910876
9818,9721.99675331,-0.008343876098008123,0.0018591988612742325,-0.016687752196016245
9819,9723.058455125,-0.008472181021136862,0.0018489684805191179,-0.016944362042273724
9820,9723.737313266,-0.00855533492471766,0.0018361267764306338,-0.01711066984943532
9821,9724.373873217,-0.008633768702062597,0.001819579901627629,-0.017267537404125195
9822,9725.549128994,-0.008778870004235528,0.0017775387619800634,-0.017557740008471056
9823,9726.187902554,-0.008857424128053357,0.0017484515359377061,-0.017714848256106714
9824,9727.403728478,-0.009005217050966751,0.0016810867378392773,-0.018010434101933502
9825,9727.880335352,-0.009062232006007247,0.0016504491576716349,-0.018124464012014493
9826,9729.496025751,-0.009249901902805094,0.0015293951942783402,-0.01849980380561019
9827,9730.119586179,-0.009319441058108958,0.0014758094719484333,-0.018638882116217916
9828,9730.576904309,-0.009369223660959242,0.0014341765067015751,-0.018738447321918483
9829,9731.372827729,-0.009453149966284052,0.0013571677726141682,-0.018906299932568104
9830,9732.006893647,-0.009517312518328075,0.001291841633378106,-0.01903462503665615
9831,9733.3038598,-0.009640251185882933,0.0011479273061735353,-0.019280502371765866
9832,9733.61046409,-0.009667554780819307,0.0011120068752199553,-0.019335109561638614
9833,9734.855515621,-0.00977092522859843,0.0009593367886657716,-0.01954185045719686
9834,9736.090792316,-0.009860774389176917,0.0007981701785746813,-0.019721548778353835
9835,9736.730369149,-0.009902007371588297,0.0007114366036947663,-0.019804014743176595
9836,9737.85558295,-0.0099653804429619,0.0005542496928924985,-0.0199307608859238
9837,9738.24042132,-0.009984300197821308,0.0004993286602456963,-0.019968600395642615
9838,9739.021072199,-0.010018269089117019,0.0003864163078064042,-0.020036538178234038
9839,9740.135575737,-0.01005636300966608,0.0002224618032108889,-0.02011272601933216
9840,9741.076087748,-0.010078870482247851,8.243121674510706e-05,-0.020157740964495702
9841,9741.657972105,-0.010088356058163347,-4.607205238531461e-06,-0.020176712116326694
9842,9742.623564744,-0.010096624359051828,-0.00014914387314691937,-0.020193248718103657
9843,9743.232096252,-0.010097077772627427,-0.0002399813645286336,-0.020194155545254854
9844,9743.733762359,-0.010094715215445303,-0.00031454444271642026,-0.020189430430890606
9845,9745.639066617,-0.010063764864488126,-0.0005930281947288549,-0.020127529728976253
9846,9746.440268751,-0.010040729482692782,-0.000706913520280429,-0.020081458965385563
9847,9746.825728282,-0.010027626082688326,-0.0007608301574813444,-0.020055252165376652
9848,9748.00269706,-0.009979834834931435,-0.0009213846899032952,-0.01995966966986287
9849,9748.639282223,-0.009949324952162233,-0.0010053529600876066,-0.019898649904324467
9850,9749.482254349,-0.009904208606199179,-0.0011130602833493853,-0.019808417212398358
9851,9750.07474214,-0.009869468949653072,-0.0011861981274825855,-0.019738937899306145
9852,9750.773005613,-0.00982553267821817,-0.001269483733741544,-0.01965106535643634
9853,9751.983307432,-0.009742393506109647,-0.0014058685397161607,-0.019484787012219295
9854,9753.034700475,-0.009663870566307686,-0.0015155848966035216,-0.019327741132615373
9855,9753.717213061,-0.009610224230702938,-0.001582215110434402,-0.019220448461405876
9856,9754.68049929,-0.00953151772887951,-0.0016698760947483904,-0.01906303545775902
9857,9755.495112248,-0.009462731322898913,-0.0017380337099125636,-0.018925462645797825
9858,9756.380104702,-0.00938626636574242,-0.001805760162854475,-0.01877253273148484
9859,9757.260899469,-0.00930895461489726,-0.0018665666345855502,-0.01861790922979452
9860,9758.307454097,-0.009216354428155285,-0.0019302433022131995,-0.01843270885631057
9861,9758.814665165,-0.009171466737378899,-0.0019577726369963415,-0.018342933474757798
9862,9759.592246659,-0.009102975754950149,-0.0019958025775800685,-0.018205951509900297
9863,9760.270891381,-0.009043795522222044,-0.0020249266377059924,-0.018087591044444087
9864,9761.363189251,-0.008950394633373502,-0.0020640519934311545,-0.017900789266747003
9865,9761.887569295,-0.008906629530873112,-0.002079541643627976,-0.017813259061746224
9866,9763.294099802,-0.008793740275749808,-0.0021110755694923812,-0.017587480551499616
9867,9764.416349966,-0.008709422334408915,-0.002126451783749301,-0.01741884466881783
9868,9765.298077292,-0.008647438745084557,-0.00213298271787194,-0.017294877490169114
9869,9765.798045052,-0.00861413764091195,-0.0021346903608424777,-0.0172282752818239
9870,9766.238754743,-0.008585963334819998,-0.0021350796722780924,-0.017171926669639997
9871,9767.289858684,-0.008523502704511377,-0.002132145647976561,-0.017047005409022754
9872,9768.168596165,-0.008476723596523605,-0.002126000949417911,-0.01695344719304721
9873,9769.341847582,-0.008422493402198023,-0.0021135069186609913,-0.016844986804396046
9874,9769.963460334,-0.00839773924978532,-0.0021052967310979756,-0.01679547849957064
9875,9770.298585891,-0.008385567782644548,-0.0021005070578958766,-0.016771135565289096
9876,9771.8722798,-0.008339656291732268,-0.0020756828321330622,-0.016679312583464535
9877,9772.654168676,-0.008323839216528267,-0.0020626288571146617,-0.016647678433056534
9878,9773.284337855,-0.008314491846761064,-0.002052144480626754,-0.01662898369352213
9879,9774.703617455,-0.008304488645375719,-0.002029845619257978,-0.016608977290751437
9880,9775.088283541,-0.008304379779974846,-0.002024359110414182,-0.01660875955994969
9881,9776.251533919,-0.008310626858383213,-0.002009972746427943,-0.016621253716766426
9882,9776.730381886,-0.008315997981892554,-0.0020052353904147393,-0.016631995963785107
9883,9777.692679376,-0.008331527665783735,-0.001998294618392081,-0.01666305533156747
9884,9778.148806606,-0.008341016688422452,-0.001996369318177935,-0.016682033376844905
9885,9778.880763275,-0.008358963885102058,-0.0019953514238406083,-0.016717927770204116
9886,9780.313329425,-0.008403086025357515,-0.0020017222086296813,-0.01680617205071503
9887,9781.383732403,-0.008442982063748035,-0.002014678765943262,-0.01688596412749607
9888,9782.385525671,-0.008484894068834667,-0.0020338942189785368,-0.016969788137669334
9889,9782.61081634,-0.008494853071347298,-0.002039217689780309,-0.016989706142694596
9890,9783.722534562,-0.008546424700422465,-0.0020711579941363727,-0.01709284940084493
9891,9784.680677563,-0.00859350395390164,-0.0021065761160481747,-0.01718700790780328
9892,9785.381062852,-0.00862901245068305,-0.0021372843432081417,-0.0172580249013661
9893,9785.900034117,-0.008655721082857953,-0.0021627321515082358,-0.017311442165715906
9894,9787.276920187,-0.00872721414559255,-0.00224161215981534,-0.0174544282911851
9895,9787.953486118,-0.00876213752780626,-0.002286510650997402,-0.01752427505561252
9896,9788.47775939,-0.008788856091949035,-0.0023241069774759034,-0.01757771218389807
9897,9789.4023706,-0.008834802647502528,-0.002396381123563391,-0.017669605295005057
9898,9790.364384932,-0.00888033438489503,-0.0024796170507230195,-0.01776066876979006
9899,9791.983400039,-0.008949457240978925,-0.0026378169051579133,-0.01789891448195785
9900,9792.246728932,-0.008959594220532899,-0.002665639456398317,-0.017919188441065798
9901,9793.549999292,-0.009004240627438894,-0.0028115894183934954,-0.01800848125487779
9902,9793.647618793,-0.009007181822032403,-0.00282305866782268,-0.018014363644064807
9903,9794.761051811,-0.009036278016667522,-0.002958906405572609,-0.018072556033335043
9904,9795.420031376,-0.009049348221460154,-0.0030434708748234116,-0.01809869644292031
9905,9796.201811062,-0.009060478373162434,-0.0031475279945856922,-0.018120956746324867
9906,9797.293024611,-0.009067445031591397,-0.003298982154939711,-0.018134890063182793
9907,9798.034191398,-0.009066080743196227,-0.00340555628499866,-0.018132161486392455
9908,9799.096192515,-0.009054958446712759,-0.0035627717744372285,-0.018109916893425518
9909,9800.348712493,-0.0090271597585158,-0.003753780021351154,-0.0180543195170316
9910,9800.831815356,-0.00901200560988587,-0.0038287236932615823,-0.01802401121977174
9911,9801.527598489,-0.008985710134945375,-0.0039375961240239,-0.01797142026989075
9912,9802.247218201,-0.008952854853053782,-0.004051051760287484,-0.017905709706107564
9913,9803.782724366,-0.008863067512472006,-0.004294363030746028,-0.017726135024944013
9914,9804.339386747,-0.008823799473836715,-0.004382430503861263,-0.01764759894767343
9915,9804.771010774,-0.008790872688312112,-0.004450481203780362,-0.017581745376624224
9916,9805.672191923,-0.008715135885367363,-0.004591510179619358,-0.017430271770734727
9917,9806.373069562,-0.008649713597538284,-0.004699813339271642,-0.01729942719507657
9918,9807.415268673,-0.008541973842345568,-0.004857796791034156,-0.017083947684691136
9919,9808.579426843,-0.008407094019997058,-0.005028657708180421,-0.016814188039994116
9920,9809.662905148,-0.008268181608037157,-0.005181009332452466,-0.016536363216074313
9921,9810.291826876,-0.008181831425755367,-0.005265986756298342,-0.016363662851510734
9922,9811.323107615,-0.00803152388030672,-0.005399088140521103,-0.01606304776061344
9923,9812.026190727,-0.007923109798980156,-0.005484946614354072,-0.01584621959796031
9924,9812.268979446,-0.007884599382434037,-0.005513608576672373,-0.015769198764868073
9925,9813.488974531,-0.007683183096909968,-0.005649424182267149,-0.015366366193819935
9926,9814.292509388,-0.007543768503275018,-0.0057309100999975195,-0.015087537006550036
9927,9815.145409877,-0.00739045203990705,-0.005809975566205754,-0.0147809040798141
9928,9816.280725472,-0.007178737046201396,-0.005902649128161239,-0.014357474092402792
9929,9816.937616013,-0.007052728265089719,-0.005949397848887523,-0.014105456530179437
9930,9817.665816071,-0.006910435090380969,-0.0059951060464587935,-0.013820870180761937
9931,9818.915101402,-0.006661017854344985,-0.006058047738524009,-0.01332203570868997
9932,9819.703209235,-0.00650098965997313,-0.006087415026182517,-0.01300197931994626
9933,9820.652109744,-0.006306426214319946,-0.006111919000211305,-0.012612852428639892
9934,9821.39931263,-0.006152337578208626,-0.006122760136969552,-0.012304675156417252
9935,9821.902829739,-0.006048317108195071,-0.0061258337697641975,-0.012096634216390142
9936,9823.078061393,-0.005805830964983252,-0.006119709590897112,-0.011611661929966504
9937,9823.7028957,-0.005677559053673753,-0.006108882909708882,-0.011355118107347507
9938,9824.29534671,-0.005556669788688628,-0.006093790587235662,-0.011113339577377255
9939,9825.034070225,-0.005407286980914963,-0.006068445814345068,-0.010814573961829926
9940,9826.946695211,-0.005030453639011064,-0.005969900444722767,-0.010060907278022129
9941,9827.547832227,-0.004915836233447738,-0.005929408728558241,-0.009831672466895477
9942,9828.155753564,-0.004802173032890894,-0.005884000521162264,-0.009604346065781788
9943,9828.973287305,-0.004653266324054416,-0.0058160749405846614,-0.009306532648108832
9944,9829.933473337,-0.004484795584613728,-0.005726653037829434,-0.008969591169227456
9945,9830.307902372,-0.004421139974509979,-0.0056890762377894205,-0.008842279949019958
9946,9831.760429332,-0.004186074817755187,-0.005529822465941566,-0.008372149635510374
9947,9832.237602065,-0.004113252274282941,-0.005473103715462464,-0.008226504548565883
9948,9833.139694318,-0.0039819549038211015,-0.0053604187441951626,-0.007963909807642203
9949,9833.89835038,-0.003878284729360141,-0.005260522512778773,-0.007756569458720282
9950,9834.670764973,-0.003779359007552063,-0.005154445768315665,-0.007558718015104126
9951,9836.112660501,-0.003613395141274108,-0.004946174440719933,-0.007226790282548216
9952,9836.48590652,-0.003574532669766822,-0.0048903805154452695,-0.007149065339533644
9953,9837.7566549,-0.0034552412968118684,-0.004695741625942389,-0.006910482593623737
9954,9838.631071531,-0.003385050734745742,-0.004558441004986829,-0.006770101469491484
9955,9839.435359541,-0.003329171661729505,-0.004430443560501813,-0.00665834332345901
9956,9840.038249689,-0.0032927710052289808,-0.004333774241073516,-0.0065855420104579615
9957,9840.729469973,-0.0032568286332024777,-0.004222519502791685,-0.006513657266404955
9958,9841.165565424,-0.003237329691195578,-0.004152249795255066,-0.006474659382391156
9959,9842.661664685,-0.0031889705663884623,-0.003912075499004746,-0.006377941132776925
9960,9843.426278641,-0.0031751857051553665,-0.0037906888138387437,-0.006350371410310733
9961,9844.269014988,-0.003168361654709367,-0.0036586909055570244,-0.006336723309418734
9962,9845.514484923,-0.003173878422181142,-0.0034682866146279125,-0.006347756844362284
9963,9846.234022221,-0.003185246486617909,-0.0033614620522028345,-0.006370492973235818
9964,9846.883790561,-0.0032004562895407364,-0.0032673505251435953,-0.006400912579081473
9965,9847.700262245,-0.0032259618064441557,-0.0031526423011852844,-0.006451923612888311
9966,9848.56359713,-0.0032603109276308933,-0.0030361127597269017,-0.006520621855261787
9967,9849.559686381,-0.003308783562588655,-0.0029083822327082647,-0.00661756712517731
9968,9850.340915387,-0.0033529641140934217,-0.002813671896258022,-0.0067059282281868434
9969,9851.168115715,-0.0034051830615136652,-0.0027189986561373396,-0.0068103661230273305
9970,9851.623956976,-0.0034361790673453816,-0.0026694105521534004,-0.006872358134690763
9971,9852.552236727,-0.003503758859036174,-0.0025743487893472097,-0.007007517718072348
9972,9853.637530407,-0.003589532190074854,-0.0024736791441930263,-0.007179064380149708
9973,9855.045803748,-0.0037098102517603053,-0.0023606011247403087,-0.007419620503520611
9974,9856.031387,-0.0037986967278072375,-0.0022936126229079435,-0.007597393455614475
9975,9856.177060905,-0.0038120951888003635,-0.0022845724308190947,-0.007624190377600727
9976,9856.910175667,-0.0038803456174169725,-0.002242463592476883,-0.007760691234833945
9977,9858.164581113,-0.0039994341500485114,-0.0021835450019006782,-0.007998868300097023
9978,9858.732414134,-0.004053868724354356,-0.0021623104031847063,-0.008107737448708713
9979,9859.381159522,-0.004116147161063844,-0.0021421623836522757,-0.008232294322127688
9980,9860.360205325,-0.00420975658832352,-0.002119953938584689,-0.00841951317664704
9981,9861.363515493,-0.004304407064188243,-0.0021072063593164524,-0.008608814128376486
9982,9862.379013197,-0.004397972766319333,-0.002104286841213467,-0.008795945532638665
9983,9863.480482965,-0.004495886262579426,-0.002111976790151228,-0.008991772525158852
9984,9863.698339983,-0.004514721226224177,-0.002114782953831011,-0.009029442452448353
9985,9864.789829098,-0.004606007559222491,-0.002134924799040683,-0.009212015118444982
9986,9866.121993984,-0.004709462899861953,-0.002172400549976712,-0.009418925799723907
9987,9866.515268109,-0.004738122474493908,-0.002185968478222656,-0.009476244948987815
9988,9867.444225598,-0.004802092252996419,-0.0022221730090094638,-0.009604184505992838
9989,9868.274452688,-0.004854555890343507,-0.0022590841485254946,-0.009709111780687014
9990,9868.714659331,-0.004880473488791535,-0.0022802422543137498,-0.00976094697758307
9991,9869.812878324,-0.004939119941781154,-0.002337289836349094,-0.009878239883562309
9992,9870.332258557,-0.004963765339862493,-0.0023661530206920247,-0.009927530679724987
9993,9872.000623378,-0.005028967263213942,-0.002465370270938107,-0.010057934526427883
9994,9872.558666059,-0.005045916612608596,-0.0025002831416405338,-0.010091833225217192
9995,9873.802220904,-0.005074794439589996,-0.0025800764981019205,-0.010149588879179992
9996,9874.323957629,-0.005083250010411709,-0.002614064946508768,-0.010166500020823418
9997,9875.218994098,-0.005092748214742009,-0.0026725931888488,-0.010185496429484018
9998,9875.600956249,-0.005094893448749263,-0.0026975317614612547,-0.010189786897498526
9999,9876.479017064,-0.005095567706749554,-0.002754442278306022,-0.010191135413499109
10000,9877.782654004,-0.005085928184404952,-0.0028368766208160577,-0.010171856368809904
10001,9878.654772383,-0.0050726873418654285,-0.002889897349191157,-0.010145374683730857
10002,9879.036733397,-0.005065251945982385,-0.002912429692932787,-0.01013050389196477
10003,9879.884490597,-0.005045350547217721,-0.0029606823596670397,-0.010090701094435443
10004,9881.102360866,-0.005009074105436693,-0.0030250802191894273,-0.010018148210873386
10005,9882.192215966,-0.004969663275726921,-0.003076981030867976,-0.009939326551453843
10006,9882.831960845,-0.004943805375353022,-0.0031046272088621203,-0.009887610750706044
10007,9883.648049437,-0.004908228466260153,-0.003136620845143528,-0.009816456932520305
10008,9884.8209805,-0.004852725063931682,-0.003175747641414193,-0.009705450127863363
10009,9885.417235786,-0.004822867639555406,-0.003192374481714391,-0.009645735279110812
10010,9885.831209005,-0.004801602238739736,-0.0032025790667266065,-0.009603204477479471
10011,9886.927710736,-0.0047436080220170295,-0.003224168799231274,-0.009487216044034059
10012,9887.495618736,-0.004712879151227263,-0.003232188141056435,-0.009425758302454526
10013,9888.361557892,-0.0046655360869403235,-0.003240200886779233,-0.009331072173880647
10014,9890.123508399,-0.004569385752249506,-0.0032407239192871608,-0.009138771504499012
10015,9890.457523943,-0.004551465422343942,-0.003238454235215891,-0.009102930844687884
10016,9891.628625208,-0.0044901753421959355,-0.003224663781742368,-0.008980350684391871
10017,9892.01778466,-0.004470489727037458,-0.0032181128343612636,-0.008940979454074916
10018,9892.882951596,-0.00442827962361144,-0.003200149224315759,-0.00885655924722288
10019,9893.964140444,-0.004379151360243078,-0.003171385400212998,-0.008758302720486156
10020,9894.773148319,-0.0043455221331011405,-0.0031455542079915915,-0.008691044266202281
10021,9895.597360102,-0.0043144274960880335,-0.003115728127584591,-0.008628854992176067
10022,9896.0233388,-0.004299725651157927,-0.0030990196931030656,-0.008599451302315854
10023,9897.287439089,-0.004262116771107958,-0.0030447627256873534,-0.008524233542215915
10024,9898.182959746,-0.004241371069218099,-0.0030026161539134155,-0.008482742138436198
10025,9898.405455795,-0.0042370239383983,-0.0029917332663885036,-0.0084740478767966
10026,9900.125286818,-0.004214928742662375,-0.0029032207469234235,-0.00842985748532475
10027,9901.066140006,-0.004211887888011019,-0.0028524207828452284,-0.008423775776022038
10028,9901.825966237,-0.004214309117698106,-0.00281075076586741,-0.008428618235396212
10029,9902.414483538,-0.004219239940558732,-0.0027783287714750705,-0.008438479881117464
10030,9903.156618969,-0.004229307456756165,-0.0027375497698084446,-0.00845861491351233
10031,9903.791439395,-0.004241349365618399,-0.0027030047923858234,-0.008482698731236799
10032,9904.892760734,-0.004269753803140764,-0.0026444895803221114,-0.008539507606281528
10033,9905.493254379,-0.0042892355683678725,-0.0026136833340515493,-0.008578471136735745
10034,9906.664873062,-0.004335232032838052,-0.002556663596014757,-0.008670464065676104
10035,9907.434385038,-0.004371055166402777,-0.0025219703896774952,-0.008742110332805555
10036,9908.602150117,-0.004433581091084581,-0.002474471589204985,-0.008867162182169161
10037,9909.272060614,-0.004473695666800826,-0.002450456545033869,-0.008947391333601652
10038,9910.349448026,-0.004544297387736634,-0.002417487611556175,-0.009088594775473267
10039,9910.681429652,-0.00456748314924764,-0.002408854162698809,-0.00913496629849528
10040,9911.831981666,-0.0046526420207284175,-0.002385006955644219,-0.009305284041456835
10041,9912.73846753,-0.004724520757414416,-0.002373347071240387,-0.009449041514828832
10042,9913.738705139,-0.004808061193982186,-0.0023683635403331242,-0.009616122387964372
10043,9914.211424575,-0.004848882149164053,-0.00236903839947906,-0.009697764298328106
10044,9914.653565232,-0.004887739686474225,-0.0023714948434839724,-0.00977547937294845
10045,9915.596173634,-0.004972435440688011,-0.0023828039198996584,-0.009944870881376022
10046,9917.067913424,-0.005108274742229474,-0.0024176452767604444,-0.010216549484458949
10047,9918.138431254,-0.005208423505748535,-0.0024566349804868094,-0.01041684701149707
10048,9918.705972906,-0.005261528855395772,-0.002482073925236517,-0.010523057710791544
10049,9919.625835248,-0.005347061042843049,-0.0025304001858893104,-0.010694122085686097
10050,9920.376610699,-0.0054159232917607835,-0.002576375134218543,-0.010831846583521567
10051,9921.243519427,-0.005493800003213251,-0.0026367578365956972,-0.010987600006426502
10052,9921.715530357,-0.005535249057343052,-0.002672904946546196,-0.011070498114686104
10053,9922.554020207,-0.005606834567705444,-0.002742744167646042,-0.011213669135410888
10054,9923.879935139,-0.005713475012316121,-0.002867588756821602,-0.011426950024632242
10055,9924.433066154,-0.005755139330104374,-0.002924746090646177,-0.011510278660208748
10056,9925.273041647,-0.005814739636889753,-0.003017057300336814,-0.011629479273779506
10057,9926.413061809,-0.005887694741492421,-0.0031525343064917203,-0.011775389482984842
10058,9927.151435147,-0.005929528243747479,-0.0032462075780645356,-0.011859056487494957
10059,9927.864383711,-0.005965510771139726,-0.0033408074406680965,-0.011931021542279452
10060,9929.442999753,-0.006028361923729617,-0.0035635392309282697,-0.012056723847459235
10061,9929.761473067,-0.006038043834599937,-0.003610494133363075,-0.012076087669199874
10062,9930.426213379,-0.006054824704134722,-0.0037104646083364434,-0.012109649408269444
10063,9931.256052743,-0.006069042693296839,-0.0038386699206986096,-0.012138085386593679
10064,9932.269131842,-0.00607584018848697,-0.003999615465671879,-0.01215168037697394
10065,9932.650954758,-0.006075292694552132,-0.004061355268411703,-0.012150585389104265
10066,9933.826454084,-0.006062590233475919,-0.004254385052072766,-0.012125180466951838
10067,9934.527161785,-0.006046933868517146,-0.004371075751363193,-0.012093867737034292
10068,9936.29721532,-0.00597980481693891,-0.00466851737585402,-0.01195960963387782
10069,9936.799862766,-0.005953446371848594,-0.004753082328538664,-0.011906892743697188
10070,9937.375081777,-0.005919299852121988,-0.004849595903441417,-0.011838599704243976
10071,9938.090292199,-0.0058709169991396784,-0.0049689129590850065,-0.011741833998279357
10072,9938.884224451,-0.005809544602191961,-0.005100025495775689,-0.011619089204383922
10073,9940.057687845,-0.005704219369239659,-0.005290132137014876,-0.011408438738479318
10074,9940.795859599,-0.005629177920545813,-0.005406794262483251,-0.011258355841091626
10075,9941.500484514,-0.005551354551341048,-0.005515585443308343,-0.011102709102682096
10076,9942.487113472,-0.0054324874241832525,-0.005663013821252601,-0.010864974848366505
10077,9942.896982125,-0.00537980403894786,-0.005722378610039248,-0.01075960807789572
10078,9944.19597381,-0.005200555617034643,-0.005902278296935841,-0.010401111234069286
10079,9945.165420247,-0.005055213824355798,-0.00602747826461802,-0.010110427648711597
10080,9946.088848612,-0.0049082097009002165,-0.006138735081874962,-0.009816419401800433
10081,9947.064628747,-0.004744465874414606,-0.006247114303023158,-0.009488931748829211
10082,9947.591101987,-0.004652793085595626,-0.00630143437883589,-0.009305586171191252
10083,9948.742044738,-0.004445008814135593,-0.006409472481597499,-0.008890017628271185
10084,9949.102999741,-0.00437792919152545,-0.006440213874770872,-0.0087558583830509
10085,9949.990912111,-0.004209451721308636,-0.006509208638250412,-0.008418903442617273
10086,9950.398845533,-0.004130538530996523,-0.006537676972124991,-0.008261077061993046
10087,9951.907364928,-0.0038318385808362274,-0.006624722922197044,-0.007663677161672455
10088,9952.854372744,-0.003639948581161076,-0.006664337800423286,-0.007279897162322152
10089,9953.866783603,-0.00343230178661309,-0.0066935914555555,-0.00686460357322618
10090,9954.182584369,-0.0033671738841910574,-0.00669992345275378,-0.006734347768382115
10091,9955.724033589,-0.0030483413328122465,-0.006711689176221929,-0.006096682665624493
10092,9956.068336691,-0.002977173575687575,-0.006709981223890559,-0.00595434715137515
10093,9956.810139922,-0.00282428524902091,-0.006700953632073847,-0.00564857049804182
10094,9958.007999457,-0.0025796296939830333,-0.0066711169591038445,-0.005159259387966067
10095,9958.64969845,-0.002450235456261063,-0.0066475096848024945,-0.004900470912522126
10096,9959.512987188,-0.0022786004465830696,-0.006607554654181198,-0.004557200893166139
10097,9960.295355628,-0.002125964400191091,-0.006563425103248305,-0.004251928800382182
10098,9960.856547843,-0.002018452610505538,-0.006527264389838959,-0.004036905221011076
10099,9961.770868304,-0.0018472950364170084,-0.006460559734181145,-0.003694590072834017
10100,9963.326931991,-0.001569128970160487,-0.006326032803169529,-0.003138257940320974
10101,9964.155267427,-0.0014286876056608965,-0.006244373041716456,-0.002857375211321793
10102,9964.838469803,-0.0013172422812338656,-0.0061721653161006425,-0.002634484562467731
10103,9965.726087173,-0.0011787579698194362,-0.006072251143766696,-0.0023575159396388725
10104,9966.208217678,-0.0011066645813273975,-0.006015283324312621,-0.002213329162654795
10105,9966.866343385,-0.001011952841448784,-0.005934680693965057,-0.002023905682897568
10106,9968.062474136,-0.0008511790227896378,-0.005780592463788592,-0.0017023580455792755
10107,9969.033371789,-0.0007318820734562937,-0.005649260405812046,-0.0014637641469125873
10108,9969.310627782,-0.0006997079762202539,-0.0056108648339269545,-0.0013994159524405077
10109,9970.570859935,-0.0005642854533468684,-0.005432161268779022,-0.0011285709066937368
10110,9971.790012201,-0.0004504162359358611,-0.005254168500257114,-0.0009008324718717222
10111,9972.396338091,-0.0004001215600752053,-0.005164354843833548,-0.0008002431201504106
10112,9973.115830366,-0.0003459074713087959,-0.005057077801590079,-0.0006918149426175919
10113,9973.988018905,-0.0002881127013221638,-0.004926530045425634,-0.0005762254026443276
10114,9975.18514863,-0.00022276453132455274,-0.004747598790704552,-0.0004455290626491055
10115,9976.076448638,-0.00018440755117100362,-0.004615468129702659,-0.00036881510234200725
10116,9976.556270168,-0.00016731294524244082,-0.00454499026578413,-0.00033462589048488165
10117,9976.956671511,-0.00015491405427004286,-0.004486624160801905,-0.0003098281085400857
10118,9978.332770906,-0.00012485131127764948,-0.004289946244664886,-0.00024970262255529895
10119,9978.625188498,-0.00012088701978793943,-0.004249078758055392,-0.00024177403957587886
10120,9979.889859833,-0.00011300292142872099,-0.004076854465943012,-0.00022600584285744198
10121,9981.329076419,-0.00012112946811325164,-0.003891254884896251,-0.00024225893622650328
10122,9981.831091565,-0.00012789485708074338,-0.0038294788450684816,-0.00025578971416148676
10123,9982.732872816,-0.00014471355057997593,-0.0037227294374316874,-0.00028942710115995187
10124,9983.553013139,-0.00016480621663303078,-0.0036306397754059484,-0.00032961243326606155
10125,9984.152707833,-0.0001821227839981807,-0.003566477120032751,-0.0003642455679963614
10126,9985.067624896,-0.00021235865246367857,-0.0034739838070962474,-0.00042471730492735715
10127,9985.625469844,-0.0002328113696154307,-0.003420891056119094,-0.0004656227392308614
10128,9986.981163499,-0.0002878001858881937,-0.0033026458108571725,-0.0005756003717763873
10129,9987.702430928,-0.00031951243195704857,-0.00324610182331166,-0.0006390248639140971
10130,9988.313141534,-0.0003473651012033252,-0.0032017324171617016,-0.0006947302024066504
10131,9989.133283482,-0.00038582803418080907,-0.0031472327749910885,-0.0007716560683616181
10132,9990.230332884,-0.0004383654814289682,-0.0030834359491091336,-0.0008767309628579364
10133,9991.445890976,-0.0004967077031044833,-0.003024775621637594,-0.0009934154062089665
10134,9992.25315032,-0.0005347778088182696,-0.002992652546159235,-0.0010695556176365392
10135,9992.735143503,-0.0005570283438568928,-0.0029760065353386794,-0.0011140566877137856
10136,9993.666948285,-0.0005986205969000443,-0.0029490379070910176,-0.0011972411938000885
10137,9994.620085473,-0.0006386577086396181,-0.002928283456361516,-0.0012773154172792361
10138,9995.190600851,-0.0006611370842004475,-0.0029190075296593753,-0.001322274168400895
10139,9995.877231961,-0.0006864858389287938,-0.00291080915892332,-0.0013729716778575875
10140,9996.556933962,-0.0007095381751157016,-0.002905718939673564,-0.0014190763502314031
10141,9998.094860335,-0.0007531607965502422,-0.002904313376809455,-0.0015063215931004844
10142,9998.85039709,-0.0007697636942664147,-0.002908196029535927,-0.0015395273885328293
